time,measurement,field,value,application,batchId,configurationId,executionCounter,host,projectId,userId
2026-06-04 07:50:00+00:00,system,load1,0.32,dbms,tpc-ds,postgresql-plain-100gb-load,1,ip-172-31-23-167,olap,benchANT
2026-06-04 07:50:10+00:00,system,load1,1.04,dbms,tpc-ds,postgresql-plain-100gb-load,1,ip-172-31-23-167,olap,benchANT
2026-06-04 07:50:20+00:00,system,load1,1.65,dbms,tpc-ds,postgresql-plain-100gb-load,1,ip-172-31-23-167,olap,benchANT
2026-06-04 07:50:30+00:00,system,load1,2.16,dbms,tpc-ds,postgresql-plain-100gb-load,1,ip-172-31-23-167,olap,benchANT
2026-06-04 07:50:40+00:00,system,load1,2.6,dbms,tpc-ds,postgresql-plain-100gb-load,1,ip-172-31-23-167,olap,benchANT
2026-06-04 07:50:50+00:00,system,load1,2.97,dbms,tpc-ds,postgresql-plain-100gb-load,1,ip-172-31-23-167,olap,benchANT
2026-06-04 07:51:00+00:00,system,load1,3.28,dbms,tpc-ds,postgresql-plain-100gb-load,1,ip-172-31-23-167,olap,benchANT
2026-06-04 07:51:10+00:00,system,load1,3.55,dbms,tpc-ds,postgresql-plain-100gb-load,1,ip-172-31-23-167,olap,benchANT
2026-06-04 07:51:20+00:00,system,load1,3.77,dbms,tpc-ds,postgresql-plain-100gb-load,1,ip-172-31-23-167,olap,benchANT
2026-06-04 07:51:30+00:00,system,load1,3.96,dbms,tpc-ds,postgresql-plain-100gb-load,1,ip-172-31-23-167,olap,benchANT
2026-06-04 07:51:40+00:00,system,load1,4.12,dbms,tpc-ds,postgresql-plain-100gb-load,1,ip-172-31-23-167,olap,benchANT
2026-06-04 07:51:50+00:00,system,load1,4.26,dbms,tpc-ds,postgresql-plain-100gb-load,1,ip-172-31-23-167,olap,benchANT
2026-06-04 07:52:00+00:00,system,load1,4.37,dbms,tpc-ds,postgresql-plain-100gb-load,1,ip-172-31-23-167,olap,benchANT
2026-06-04 07:52:10+00:00,system,load1,4.47,dbms,tpc-ds,postgresql-plain-100gb-load,1,ip-172-31-23-167,olap,benchANT
2026-06-04 07:52:20+00:00,system,load1,4.62,dbms,tpc-ds,postgresql-plain-100gb-load,1,ip-172-31-23-167,olap,benchANT
2026-06-04 07:52:30+00:00,system,load1,4.68,dbms,tpc-ds,postgresql-plain-100gb-load,1,ip-172-31-23-167,olap,benchANT
2026-06-04 07:52:40+00:00,system,load1,4.73,dbms,tpc-ds,postgresql-plain-100gb-load,1,ip-172-31-23-167,olap,benchANT
2026-06-04 07:52:50+00:00,system,load1,4.77,dbms,tpc-ds,postgresql-plain-100gb-load,1,ip-172-31-23-167,olap,benchANT
2026-06-04 07:53:00+00:00,system,load1,4.81,dbms,tpc-ds,postgresql-plain-100gb-load,1,ip-172-31-23-167,olap,benchANT
2026-06-04 07:53:10+00:00,system,load1,4.84,dbms,tpc-ds,postgresql-plain-100gb-load,1,ip-172-31-23-167,olap,benchANT
2026-06-04 07:53:20+00:00,system,load1,4.86,dbms,tpc-ds,postgresql-plain-100gb-load,1,ip-172-31-23-167,olap,benchANT
2026-06-04 07:53:30+00:00,system,load1,4.89,dbms,tpc-ds,postgresql-plain-100gb-load,1,ip-172-31-23-167,olap,benchANT
2026-06-04 07:53:40+00:00,system,load1,4.9,dbms,tpc-ds,postgresql-plain-100gb-load,1,ip-172-31-23-167,olap,benchANT
2026-06-04 07:53:50+00:00,system,load1,4.92,dbms,tpc-ds,postgresql-plain-100gb-load,1,ip-172-31-23-167,olap,benchANT
2026-06-04 07:54:00+00:00,system,load1,4.93,dbms,tpc-ds,postgresql-plain-100gb-load,1,ip-172-31-23-167,olap,benchANT
2026-06-04 07:54:10+00:00,system,load1,4.94,dbms,tpc-ds,postgresql-plain-100gb-load,1,ip-172-31-23-167,olap,benchANT
2026-06-04 07:54:20+00:00,system,load1,4.95,dbms,tpc-ds,postgresql-plain-100gb-load,1,ip-172-31-23-167,olap,benchANT
2026-06-04 07:54:30+00:00,system,load1,5.03,dbms,tpc-ds,postgresql-plain-100gb-load,1,ip-172-31-23-167,olap,benchANT
2026-06-04 07:54:40+00:00,system,load1,5.03,dbms,tpc-ds,postgresql-plain-100gb-load,1,ip-172-31-23-167,olap,benchANT
2026-06-04 07:54:50+00:00,system,load1,5.02,dbms,tpc-ds,postgresql-plain-100gb-load,1,ip-172-31-23-167,olap,benchANT
2026-06-04 07:55:00+00:00,system,load1,5.02,dbms,tpc-ds,postgresql-plain-100gb-load,1,ip-172-31-23-167,olap,benchANT
2026-06-04 07:55:10+00:00,system,load1,5.02,dbms,tpc-ds,postgresql-plain-100gb-load,1,ip-172-31-23-167,olap,benchANT
2026-06-04 07:55:20+00:00,system,load1,5.01,dbms,tpc-ds,postgresql-plain-100gb-load,1,ip-172-31-23-167,olap,benchANT
2026-06-04 07:55:30+00:00,system,load1,4.69,dbms,tpc-ds,postgresql-plain-100gb-load,1,ip-172-31-23-167,olap,benchANT
2026-06-04 07:55:40+00:00,system,load1,4.58,dbms,tpc-ds,postgresql-plain-100gb-load,1,ip-172-31-23-167,olap,benchANT
2026-06-04 07:55:50+00:00,system,load1,4.49,dbms,tpc-ds,postgresql-plain-100gb-load,1,ip-172-31-23-167,olap,benchANT
2026-06-04 07:56:00+00:00,system,load1,4.42,dbms,tpc-ds,postgresql-plain-100gb-load,1,ip-172-31-23-167,olap,benchANT
2026-06-04 07:56:10+00:00,system,load1,4.35,dbms,tpc-ds,postgresql-plain-100gb-load,1,ip-172-31-23-167,olap,benchANT
2026-06-04 07:56:20+00:00,system,load1,4.3,dbms,tpc-ds,postgresql-plain-100gb-load,1,ip-172-31-23-167,olap,benchANT
2026-06-04 07:56:30+00:00,system,load1,4.33,dbms,tpc-ds,postgresql-plain-100gb-load,1,ip-172-31-23-167,olap,benchANT
2026-06-04 07:56:40+00:00,system,load1,4.36,dbms,tpc-ds,postgresql-plain-100gb-load,1,ip-172-31-23-167,olap,benchANT
2026-06-04 07:56:50+00:00,system,load1,4.3,dbms,tpc-ds,postgresql-plain-100gb-load,1,ip-172-31-23-167,olap,benchANT
2026-06-04 07:57:00+00:00,system,load1,4.25,dbms,tpc-ds,postgresql-plain-100gb-load,1,ip-172-31-23-167,olap,benchANT
2026-06-04 07:57:10+00:00,system,load1,4.21,dbms,tpc-ds,postgresql-plain-100gb-load,1,ip-172-31-23-167,olap,benchANT
2026-06-04 07:57:20+00:00,system,load1,4.18,dbms,tpc-ds,postgresql-plain-100gb-load,1,ip-172-31-23-167,olap,benchANT
2026-06-04 07:57:30+00:00,system,load1,4.15,dbms,tpc-ds,postgresql-plain-100gb-load,1,ip-172-31-23-167,olap,benchANT
2026-06-04 07:57:40+00:00,system,load1,4.13,dbms,tpc-ds,postgresql-plain-100gb-load,1,ip-172-31-23-167,olap,benchANT
2026-06-04 07:57:50+00:00,system,load1,4.11,dbms,tpc-ds,postgresql-plain-100gb-load,1,ip-172-31-23-167,olap,benchANT
2026-06-04 07:58:00+00:00,system,load1,4.09,dbms,tpc-ds,postgresql-plain-100gb-load,1,ip-172-31-23-167,olap,benchANT
2026-06-04 07:58:10+00:00,system,load1,4.08,dbms,tpc-ds,postgresql-plain-100gb-load,1,ip-172-31-23-167,olap,benchANT
2026-06-04 07:58:20+00:00,system,load1,4.06,dbms,tpc-ds,postgresql-plain-100gb-load,1,ip-172-31-23-167,olap,benchANT
2026-06-04 07:58:30+00:00,system,load1,4.05,dbms,tpc-ds,postgresql-plain-100gb-load,1,ip-172-31-23-167,olap,benchANT
2026-06-04 07:58:40+00:00,system,load1,4.05,dbms,tpc-ds,postgresql-plain-100gb-load,1,ip-172-31-23-167,olap,benchANT
2026-06-04 07:58:50+00:00,system,load1,4.04,dbms,tpc-ds,postgresql-plain-100gb-load,1,ip-172-31-23-167,olap,benchANT
2026-06-04 07:59:00+00:00,system,load1,4.03,dbms,tpc-ds,postgresql-plain-100gb-load,1,ip-172-31-23-167,olap,benchANT
2026-06-04 07:59:10+00:00,system,load1,4.03,dbms,tpc-ds,postgresql-plain-100gb-load,1,ip-172-31-23-167,olap,benchANT
2026-06-04 07:59:20+00:00,system,load1,4.02,dbms,tpc-ds,postgresql-plain-100gb-load,1,ip-172-31-23-167,olap,benchANT
2026-06-04 07:59:30+00:00,system,load1,4.02,dbms,tpc-ds,postgresql-plain-100gb-load,1,ip-172-31-23-167,olap,benchANT
2026-06-04 07:59:40+00:00,system,load1,4.02,dbms,tpc-ds,postgresql-plain-100gb-load,1,ip-172-31-23-167,olap,benchANT
2026-06-04 07:59:50+00:00,system,load1,4.01,dbms,tpc-ds,postgresql-plain-100gb-load,1,ip-172-31-23-167,olap,benchANT
2026-06-04 08:00:00+00:00,system,load1,4.01,dbms,tpc-ds,postgresql-plain-100gb-load,1,ip-172-31-23-167,olap,benchANT
2026-06-04 08:00:10+00:00,system,load1,4.01,dbms,tpc-ds,postgresql-plain-100gb-load,1,ip-172-31-23-167,olap,benchANT
2026-06-04 08:00:20+00:00,system,load1,4.01,dbms,tpc-ds,postgresql-plain-100gb-load,1,ip-172-31-23-167,olap,benchANT
2026-06-04 08:00:30+00:00,system,load1,4.0,dbms,tpc-ds,postgresql-plain-100gb-load,1,ip-172-31-23-167,olap,benchANT
2026-06-04 08:00:40+00:00,system,load1,4.0,dbms,tpc-ds,postgresql-plain-100gb-load,1,ip-172-31-23-167,olap,benchANT
2026-06-04 08:00:50+00:00,system,load1,4.0,dbms,tpc-ds,postgresql-plain-100gb-load,1,ip-172-31-23-167,olap,benchANT
2026-06-04 08:01:00+00:00,system,load1,4.0,dbms,tpc-ds,postgresql-plain-100gb-load,1,ip-172-31-23-167,olap,benchANT
2026-06-04 08:01:10+00:00,system,load1,4.0,dbms,tpc-ds,postgresql-plain-100gb-load,1,ip-172-31-23-167,olap,benchANT
2026-06-04 08:01:20+00:00,system,load1,4.0,dbms,tpc-ds,postgresql-plain-100gb-load,1,ip-172-31-23-167,olap,benchANT
2026-06-04 08:01:30+00:00,system,load1,4.0,dbms,tpc-ds,postgresql-plain-100gb-load,1,ip-172-31-23-167,olap,benchANT
2026-06-04 08:01:40+00:00,system,load1,4.0,dbms,tpc-ds,postgresql-plain-100gb-load,1,ip-172-31-23-167,olap,benchANT
2026-06-04 08:01:50+00:00,system,load1,4.0,dbms,tpc-ds,postgresql-plain-100gb-load,1,ip-172-31-23-167,olap,benchANT
2026-06-04 08:02:00+00:00,system,load1,4.0,dbms,tpc-ds,postgresql-plain-100gb-load,1,ip-172-31-23-167,olap,benchANT
2026-06-04 08:02:10+00:00,system,load1,4.0,dbms,tpc-ds,postgresql-plain-100gb-load,1,ip-172-31-23-167,olap,benchANT
2026-06-04 08:02:20+00:00,system,load1,4.0,dbms,tpc-ds,postgresql-plain-100gb-load,1,ip-172-31-23-167,olap,benchANT
2026-06-04 08:02:30+00:00,system,load1,4.0,dbms,tpc-ds,postgresql-plain-100gb-load,1,ip-172-31-23-167,olap,benchANT
2026-06-04 08:02:40+00:00,system,load1,4.0,dbms,tpc-ds,postgresql-plain-100gb-load,1,ip-172-31-23-167,olap,benchANT
2026-06-04 08:02:50+00:00,system,load1,4.0,dbms,tpc-ds,postgresql-plain-100gb-load,1,ip-172-31-23-167,olap,benchANT
2026-06-04 08:03:00+00:00,system,load1,4.0,dbms,tpc-ds,postgresql-plain-100gb-load,1,ip-172-31-23-167,olap,benchANT
2026-06-04 08:03:10+00:00,system,load1,4.0,dbms,tpc-ds,postgresql-plain-100gb-load,1,ip-172-31-23-167,olap,benchANT
2026-06-04 08:03:20+00:00,system,load1,4.0,dbms,tpc-ds,postgresql-plain-100gb-load,1,ip-172-31-23-167,olap,benchANT
2026-06-04 08:03:30+00:00,system,load1,4.0,dbms,tpc-ds,postgresql-plain-100gb-load,1,ip-172-31-23-167,olap,benchANT
2026-06-04 08:03:40+00:00,system,load1,4.0,dbms,tpc-ds,postgresql-plain-100gb-load,1,ip-172-31-23-167,olap,benchANT
2026-06-04 08:03:50+00:00,system,load1,4.0,dbms,tpc-ds,postgresql-plain-100gb-load,1,ip-172-31-23-167,olap,benchANT
2026-06-04 08:04:00+00:00,system,load1,4.0,dbms,tpc-ds,postgresql-plain-100gb-load,1,ip-172-31-23-167,olap,benchANT
2026-06-04 08:04:10+00:00,system,load1,4.0,dbms,tpc-ds,postgresql-plain-100gb-load,1,ip-172-31-23-167,olap,benchANT
2026-06-04 08:04:20+00:00,system,load1,4.0,dbms,tpc-ds,postgresql-plain-100gb-load,1,ip-172-31-23-167,olap,benchANT
2026-06-04 08:04:30+00:00,system,load1,4.0,dbms,tpc-ds,postgresql-plain-100gb-load,1,ip-172-31-23-167,olap,benchANT
2026-06-04 08:04:40+00:00,system,load1,4.0,dbms,tpc-ds,postgresql-plain-100gb-load,1,ip-172-31-23-167,olap,benchANT
2026-06-04 08:04:50+00:00,system,load1,4.0,dbms,tpc-ds,postgresql-plain-100gb-load,1,ip-172-31-23-167,olap,benchANT
2026-06-04 08:05:00+00:00,system,load1,4.0,dbms,tpc-ds,postgresql-plain-100gb-load,1,ip-172-31-23-167,olap,benchANT
2026-06-04 08:05:10+00:00,system,load1,4.0,dbms,tpc-ds,postgresql-plain-100gb-load,1,ip-172-31-23-167,olap,benchANT
2026-06-04 08:05:20+00:00,system,load1,4.0,dbms,tpc-ds,postgresql-plain-100gb-load,1,ip-172-31-23-167,olap,benchANT
2026-06-04 08:05:30+00:00,system,load1,4.0,dbms,tpc-ds,postgresql-plain-100gb-load,1,ip-172-31-23-167,olap,benchANT
2026-06-04 08:05:40+00:00,system,load1,4.0,dbms,tpc-ds,postgresql-plain-100gb-load,1,ip-172-31-23-167,olap,benchANT
2026-06-04 08:05:50+00:00,system,load1,4.0,dbms,tpc-ds,postgresql-plain-100gb-load,1,ip-172-31-23-167,olap,benchANT
2026-06-04 08:06:00+00:00,system,load1,4.0,dbms,tpc-ds,postgresql-plain-100gb-load,1,ip-172-31-23-167,olap,benchANT
2026-06-04 08:06:10+00:00,system,load1,4.0,dbms,tpc-ds,postgresql-plain-100gb-load,1,ip-172-31-23-167,olap,benchANT
2026-06-04 08:06:20+00:00,system,load1,3.69,dbms,tpc-ds,postgresql-plain-100gb-load,1,ip-172-31-23-167,olap,benchANT
2026-06-04 08:06:30+00:00,system,load1,3.73,dbms,tpc-ds,postgresql-plain-100gb-load,1,ip-172-31-23-167,olap,benchANT
2026-06-04 08:06:40+00:00,system,load1,3.78,dbms,tpc-ds,postgresql-plain-100gb-load,1,ip-172-31-23-167,olap,benchANT
2026-06-04 08:06:50+00:00,system,load1,3.81,dbms,tpc-ds,postgresql-plain-100gb-load,1,ip-172-31-23-167,olap,benchANT
2026-06-04 08:07:00+00:00,system,load1,3.84,dbms,tpc-ds,postgresql-plain-100gb-load,1,ip-172-31-23-167,olap,benchANT
2026-06-04 08:07:10+00:00,system,load1,3.87,dbms,tpc-ds,postgresql-plain-100gb-load,1,ip-172-31-23-167,olap,benchANT
2026-06-04 08:07:20+00:00,system,load1,3.89,dbms,tpc-ds,postgresql-plain-100gb-load,1,ip-172-31-23-167,olap,benchANT
2026-06-04 08:07:30+00:00,system,load1,3.9,dbms,tpc-ds,postgresql-plain-100gb-load,1,ip-172-31-23-167,olap,benchANT
2026-06-04 08:07:40+00:00,system,load1,3.92,dbms,tpc-ds,postgresql-plain-100gb-load,1,ip-172-31-23-167,olap,benchANT
2026-06-04 08:07:50+00:00,system,load1,3.93,dbms,tpc-ds,postgresql-plain-100gb-load,1,ip-172-31-23-167,olap,benchANT
2026-06-04 08:08:00+00:00,system,load1,3.94,dbms,tpc-ds,postgresql-plain-100gb-load,1,ip-172-31-23-167,olap,benchANT
2026-06-04 08:08:10+00:00,system,load1,3.95,dbms,tpc-ds,postgresql-plain-100gb-load,1,ip-172-31-23-167,olap,benchANT
2026-06-04 08:08:20+00:00,system,load1,3.96,dbms,tpc-ds,postgresql-plain-100gb-load,1,ip-172-31-23-167,olap,benchANT
2026-06-04 08:08:30+00:00,system,load1,3.97,dbms,tpc-ds,postgresql-plain-100gb-load,1,ip-172-31-23-167,olap,benchANT
2026-06-04 08:08:40+00:00,system,load1,3.97,dbms,tpc-ds,postgresql-plain-100gb-load,1,ip-172-31-23-167,olap,benchANT
2026-06-04 08:08:50+00:00,system,load1,3.98,dbms,tpc-ds,postgresql-plain-100gb-load,1,ip-172-31-23-167,olap,benchANT
2026-06-04 08:09:00+00:00,system,load1,3.98,dbms,tpc-ds,postgresql-plain-100gb-load,1,ip-172-31-23-167,olap,benchANT
2026-06-04 08:09:10+00:00,system,load1,3.98,dbms,tpc-ds,postgresql-plain-100gb-load,1,ip-172-31-23-167,olap,benchANT
2026-06-04 08:09:20+00:00,system,load1,3.99,dbms,tpc-ds,postgresql-plain-100gb-load,1,ip-172-31-23-167,olap,benchANT
2026-06-04 08:09:30+00:00,system,load1,3.99,dbms,tpc-ds,postgresql-plain-100gb-load,1,ip-172-31-23-167,olap,benchANT
2026-06-04 08:09:40+00:00,system,load1,3.99,dbms,tpc-ds,postgresql-plain-100gb-load,1,ip-172-31-23-167,olap,benchANT
2026-06-04 08:09:50+00:00,system,load1,3.99,dbms,tpc-ds,postgresql-plain-100gb-load,1,ip-172-31-23-167,olap,benchANT
2026-06-04 08:10:00+00:00,system,load1,4.0,dbms,tpc-ds,postgresql-plain-100gb-load,1,ip-172-31-23-167,olap,benchANT
2026-06-04 08:10:10+00:00,system,load1,4.0,dbms,tpc-ds,postgresql-plain-100gb-load,1,ip-172-31-23-167,olap,benchANT
2026-06-04 08:10:20+00:00,system,load1,4.0,dbms,tpc-ds,postgresql-plain-100gb-load,1,ip-172-31-23-167,olap,benchANT
2026-06-04 08:10:30+00:00,system,load1,4.0,dbms,tpc-ds,postgresql-plain-100gb-load,1,ip-172-31-23-167,olap,benchANT
2026-06-04 08:10:40+00:00,system,load1,4.0,dbms,tpc-ds,postgresql-plain-100gb-load,1,ip-172-31-23-167,olap,benchANT
2026-06-04 08:10:50+00:00,system,load1,4.0,dbms,tpc-ds,postgresql-plain-100gb-load,1,ip-172-31-23-167,olap,benchANT
2026-06-04 08:11:00+00:00,system,load1,4.0,dbms,tpc-ds,postgresql-plain-100gb-load,1,ip-172-31-23-167,olap,benchANT
2026-06-04 08:11:10+00:00,system,load1,4.0,dbms,tpc-ds,postgresql-plain-100gb-load,1,ip-172-31-23-167,olap,benchANT
2026-06-04 08:11:20+00:00,system,load1,4.0,dbms,tpc-ds,postgresql-plain-100gb-load,1,ip-172-31-23-167,olap,benchANT
2026-06-04 08:11:30+00:00,system,load1,4.0,dbms,tpc-ds,postgresql-plain-100gb-load,1,ip-172-31-23-167,olap,benchANT
2026-06-04 08:11:40+00:00,system,load1,4.0,dbms,tpc-ds,postgresql-plain-100gb-load,1,ip-172-31-23-167,olap,benchANT
2026-06-04 08:11:50+00:00,system,load1,4.0,dbms,tpc-ds,postgresql-plain-100gb-load,1,ip-172-31-23-167,olap,benchANT
2026-06-04 08:12:00+00:00,system,load1,4.07,dbms,tpc-ds,postgresql-plain-100gb-load,1,ip-172-31-23-167,olap,benchANT
2026-06-04 08:12:10+00:00,system,load1,4.06,dbms,tpc-ds,postgresql-plain-100gb-load,1,ip-172-31-23-167,olap,benchANT
2026-06-04 08:12:20+00:00,system,load1,4.05,dbms,tpc-ds,postgresql-plain-100gb-load,1,ip-172-31-23-167,olap,benchANT
2026-06-04 08:12:30+00:00,system,load1,4.04,dbms,tpc-ds,postgresql-plain-100gb-load,1,ip-172-31-23-167,olap,benchANT
2026-06-04 08:12:40+00:00,system,load1,4.04,dbms,tpc-ds,postgresql-plain-100gb-load,1,ip-172-31-23-167,olap,benchANT
2026-06-04 08:12:50+00:00,system,load1,4.03,dbms,tpc-ds,postgresql-plain-100gb-load,1,ip-172-31-23-167,olap,benchANT
2026-06-04 08:13:00+00:00,system,load1,4.02,dbms,tpc-ds,postgresql-plain-100gb-load,1,ip-172-31-23-167,olap,benchANT
2026-06-04 08:13:10+00:00,system,load1,4.02,dbms,tpc-ds,postgresql-plain-100gb-load,1,ip-172-31-23-167,olap,benchANT
2026-06-04 08:13:20+00:00,system,load1,4.02,dbms,tpc-ds,postgresql-plain-100gb-load,1,ip-172-31-23-167,olap,benchANT
2026-06-04 08:13:30+00:00,system,load1,4.01,dbms,tpc-ds,postgresql-plain-100gb-load,1,ip-172-31-23-167,olap,benchANT
2026-06-04 08:13:40+00:00,system,load1,4.01,dbms,tpc-ds,postgresql-plain-100gb-load,1,ip-172-31-23-167,olap,benchANT
2026-06-04 08:13:50+00:00,system,load1,4.01,dbms,tpc-ds,postgresql-plain-100gb-load,1,ip-172-31-23-167,olap,benchANT
2026-06-04 08:14:00+00:00,system,load1,4.01,dbms,tpc-ds,postgresql-plain-100gb-load,1,ip-172-31-23-167,olap,benchANT
2026-06-04 08:14:10+00:00,system,load1,4.01,dbms,tpc-ds,postgresql-plain-100gb-load,1,ip-172-31-23-167,olap,benchANT
2026-06-04 08:14:20+00:00,system,load1,4.0,dbms,tpc-ds,postgresql-plain-100gb-load,1,ip-172-31-23-167,olap,benchANT
2026-06-04 08:14:30+00:00,system,load1,4.0,dbms,tpc-ds,postgresql-plain-100gb-load,1,ip-172-31-23-167,olap,benchANT
2026-06-04 08:14:40+00:00,system,load1,4.0,dbms,tpc-ds,postgresql-plain-100gb-load,1,ip-172-31-23-167,olap,benchANT
2026-06-04 08:14:50+00:00,system,load1,4.0,dbms,tpc-ds,postgresql-plain-100gb-load,1,ip-172-31-23-167,olap,benchANT
2026-06-04 08:15:00+00:00,system,load1,4.0,dbms,tpc-ds,postgresql-plain-100gb-load,1,ip-172-31-23-167,olap,benchANT
2026-06-04 08:15:10+00:00,system,load1,4.0,dbms,tpc-ds,postgresql-plain-100gb-load,1,ip-172-31-23-167,olap,benchANT
2026-06-04 08:15:20+00:00,system,load1,4.0,dbms,tpc-ds,postgresql-plain-100gb-load,1,ip-172-31-23-167,olap,benchANT
2026-06-04 08:15:30+00:00,system,load1,4.0,dbms,tpc-ds,postgresql-plain-100gb-load,1,ip-172-31-23-167,olap,benchANT
2026-06-04 08:15:40+00:00,system,load1,4.0,dbms,tpc-ds,postgresql-plain-100gb-load,1,ip-172-31-23-167,olap,benchANT
2026-06-04 08:15:50+00:00,system,load1,4.0,dbms,tpc-ds,postgresql-plain-100gb-load,1,ip-172-31-23-167,olap,benchANT
2026-06-04 08:16:00+00:00,system,load1,4.07,dbms,tpc-ds,postgresql-plain-100gb-load,1,ip-172-31-23-167,olap,benchANT
2026-06-04 08:16:10+00:00,system,load1,4.06,dbms,tpc-ds,postgresql-plain-100gb-load,1,ip-172-31-23-167,olap,benchANT
2026-06-04 08:16:20+00:00,system,load1,4.05,dbms,tpc-ds,postgresql-plain-100gb-load,1,ip-172-31-23-167,olap,benchANT
2026-06-04 08:16:30+00:00,system,load1,4.04,dbms,tpc-ds,postgresql-plain-100gb-load,1,ip-172-31-23-167,olap,benchANT
2026-06-04 08:16:40+00:00,system,load1,4.04,dbms,tpc-ds,postgresql-plain-100gb-load,1,ip-172-31-23-167,olap,benchANT
2026-06-04 08:16:50+00:00,system,load1,4.03,dbms,tpc-ds,postgresql-plain-100gb-load,1,ip-172-31-23-167,olap,benchANT
2026-06-04 08:17:00+00:00,system,load1,4.02,dbms,tpc-ds,postgresql-plain-100gb-load,1,ip-172-31-23-167,olap,benchANT
2026-06-04 08:17:10+00:00,system,load1,4.02,dbms,tpc-ds,postgresql-plain-100gb-load,1,ip-172-31-23-167,olap,benchANT
2026-06-04 08:17:20+00:00,system,load1,4.02,dbms,tpc-ds,postgresql-plain-100gb-load,1,ip-172-31-23-167,olap,benchANT
2026-06-04 08:17:30+00:00,system,load1,4.01,dbms,tpc-ds,postgresql-plain-100gb-load,1,ip-172-31-23-167,olap,benchANT
2026-06-04 08:17:40+00:00,system,load1,4.01,dbms,tpc-ds,postgresql-plain-100gb-load,1,ip-172-31-23-167,olap,benchANT
2026-06-04 08:17:50+00:00,system,load1,4.01,dbms,tpc-ds,postgresql-plain-100gb-load,1,ip-172-31-23-167,olap,benchANT
2026-06-04 08:18:00+00:00,system,load1,4.01,dbms,tpc-ds,postgresql-plain-100gb-load,1,ip-172-31-23-167,olap,benchANT
2026-06-04 08:18:10+00:00,system,load1,4.01,dbms,tpc-ds,postgresql-plain-100gb-load,1,ip-172-31-23-167,olap,benchANT
2026-06-04 08:18:20+00:00,system,load1,4.0,dbms,tpc-ds,postgresql-plain-100gb-load,1,ip-172-31-23-167,olap,benchANT
2026-06-04 08:18:30+00:00,system,load1,4.0,dbms,tpc-ds,postgresql-plain-100gb-load,1,ip-172-31-23-167,olap,benchANT
2026-06-04 08:18:40+00:00,system,load1,4.0,dbms,tpc-ds,postgresql-plain-100gb-load,1,ip-172-31-23-167,olap,benchANT
2026-06-04 08:18:50+00:00,system,load1,4.0,dbms,tpc-ds,postgresql-plain-100gb-load,1,ip-172-31-23-167,olap,benchANT
2026-06-04 08:19:00+00:00,system,load1,4.08,dbms,tpc-ds,postgresql-plain-100gb-load,1,ip-172-31-23-167,olap,benchANT
2026-06-04 08:19:10+00:00,system,load1,4.07,dbms,tpc-ds,postgresql-plain-100gb-load,1,ip-172-31-23-167,olap,benchANT
2026-06-04 08:19:20+00:00,system,load1,4.06,dbms,tpc-ds,postgresql-plain-100gb-load,1,ip-172-31-23-167,olap,benchANT
2026-06-04 08:19:30+00:00,system,load1,4.05,dbms,tpc-ds,postgresql-plain-100gb-load,1,ip-172-31-23-167,olap,benchANT
2026-06-04 08:19:40+00:00,system,load1,4.04,dbms,tpc-ds,postgresql-plain-100gb-load,1,ip-172-31-23-167,olap,benchANT
2026-06-04 08:19:50+00:00,system,load1,4.03,dbms,tpc-ds,postgresql-plain-100gb-load,1,ip-172-31-23-167,olap,benchANT
2026-06-04 08:20:00+00:00,system,load1,4.03,dbms,tpc-ds,postgresql-plain-100gb-load,1,ip-172-31-23-167,olap,benchANT
2026-06-04 08:20:10+00:00,system,load1,4.02,dbms,tpc-ds,postgresql-plain-100gb-load,1,ip-172-31-23-167,olap,benchANT
2026-06-04 08:20:20+00:00,system,load1,4.02,dbms,tpc-ds,postgresql-plain-100gb-load,1,ip-172-31-23-167,olap,benchANT
2026-06-04 08:20:30+00:00,system,load1,4.02,dbms,tpc-ds,postgresql-plain-100gb-load,1,ip-172-31-23-167,olap,benchANT
2026-06-04 08:20:40+00:00,system,load1,4.01,dbms,tpc-ds,postgresql-plain-100gb-load,1,ip-172-31-23-167,olap,benchANT
2026-06-04 08:20:50+00:00,system,load1,4.09,dbms,tpc-ds,postgresql-plain-100gb-load,1,ip-172-31-23-167,olap,benchANT
2026-06-04 08:21:00+00:00,system,load1,4.08,dbms,tpc-ds,postgresql-plain-100gb-load,1,ip-172-31-23-167,olap,benchANT
2026-06-04 08:21:10+00:00,system,load1,4.06,dbms,tpc-ds,postgresql-plain-100gb-load,1,ip-172-31-23-167,olap,benchANT
2026-06-04 08:21:20+00:00,system,load1,4.05,dbms,tpc-ds,postgresql-plain-100gb-load,1,ip-172-31-23-167,olap,benchANT
2026-06-04 08:21:30+00:00,system,load1,4.05,dbms,tpc-ds,postgresql-plain-100gb-load,1,ip-172-31-23-167,olap,benchANT
2026-06-04 08:21:40+00:00,system,load1,4.04,dbms,tpc-ds,postgresql-plain-100gb-load,1,ip-172-31-23-167,olap,benchANT
2026-06-04 08:21:50+00:00,system,load1,4.03,dbms,tpc-ds,postgresql-plain-100gb-load,1,ip-172-31-23-167,olap,benchANT
2026-06-04 08:22:00+00:00,system,load1,4.03,dbms,tpc-ds,postgresql-plain-100gb-load,1,ip-172-31-23-167,olap,benchANT
2026-06-04 08:22:10+00:00,system,load1,4.02,dbms,tpc-ds,postgresql-plain-100gb-load,1,ip-172-31-23-167,olap,benchANT
2026-06-04 08:22:20+00:00,system,load1,4.1,dbms,tpc-ds,postgresql-plain-100gb-load,1,ip-172-31-23-167,olap,benchANT
2026-06-04 08:22:30+00:00,system,load1,4.16,dbms,tpc-ds,postgresql-plain-100gb-load,1,ip-172-31-23-167,olap,benchANT
2026-06-04 08:22:40+00:00,system,load1,4.14,dbms,tpc-ds,postgresql-plain-100gb-load,1,ip-172-31-23-167,olap,benchANT
2026-06-04 08:22:50+00:00,system,load1,4.12,dbms,tpc-ds,postgresql-plain-100gb-load,1,ip-172-31-23-167,olap,benchANT
2026-06-04 08:23:00+00:00,system,load1,4.1,dbms,tpc-ds,postgresql-plain-100gb-load,1,ip-172-31-23-167,olap,benchANT
2026-06-04 08:23:10+00:00,system,load1,4.08,dbms,tpc-ds,postgresql-plain-100gb-load,1,ip-172-31-23-167,olap,benchANT
2026-06-04 08:23:20+00:00,system,load1,4.07,dbms,tpc-ds,postgresql-plain-100gb-load,1,ip-172-31-23-167,olap,benchANT
2026-06-04 08:23:30+00:00,system,load1,4.06,dbms,tpc-ds,postgresql-plain-100gb-load,1,ip-172-31-23-167,olap,benchANT
2026-06-04 08:23:40+00:00,system,load1,4.05,dbms,tpc-ds,postgresql-plain-100gb-load,1,ip-172-31-23-167,olap,benchANT
2026-06-04 08:23:50+00:00,system,load1,4.04,dbms,tpc-ds,postgresql-plain-100gb-load,1,ip-172-31-23-167,olap,benchANT
2026-06-04 08:24:00+00:00,system,load1,4.03,dbms,tpc-ds,postgresql-plain-100gb-load,1,ip-172-31-23-167,olap,benchANT
2026-06-04 08:24:10+00:00,system,load1,4.03,dbms,tpc-ds,postgresql-plain-100gb-load,1,ip-172-31-23-167,olap,benchANT
2026-06-04 08:24:20+00:00,system,load1,4.02,dbms,tpc-ds,postgresql-plain-100gb-load,1,ip-172-31-23-167,olap,benchANT
2026-06-04 08:24:30+00:00,system,load1,4.02,dbms,tpc-ds,postgresql-plain-100gb-load,1,ip-172-31-23-167,olap,benchANT
2026-06-04 08:24:40+00:00,system,load1,4.02,dbms,tpc-ds,postgresql-plain-100gb-load,1,ip-172-31-23-167,olap,benchANT
2026-06-04 08:24:50+00:00,system,load1,4.01,dbms,tpc-ds,postgresql-plain-100gb-load,1,ip-172-31-23-167,olap,benchANT
2026-06-04 08:25:00+00:00,system,load1,4.01,dbms,tpc-ds,postgresql-plain-100gb-load,1,ip-172-31-23-167,olap,benchANT
2026-06-04 08:25:10+00:00,system,load1,4.01,dbms,tpc-ds,postgresql-plain-100gb-load,1,ip-172-31-23-167,olap,benchANT
2026-06-04 08:25:20+00:00,system,load1,4.01,dbms,tpc-ds,postgresql-plain-100gb-load,1,ip-172-31-23-167,olap,benchANT
2026-06-04 08:25:30+00:00,system,load1,4.0,dbms,tpc-ds,postgresql-plain-100gb-load,1,ip-172-31-23-167,olap,benchANT
2026-06-04 08:25:40+00:00,system,load1,4.0,dbms,tpc-ds,postgresql-plain-100gb-load,1,ip-172-31-23-167,olap,benchANT
2026-06-04 08:25:50+00:00,system,load1,4.0,dbms,tpc-ds,postgresql-plain-100gb-load,1,ip-172-31-23-167,olap,benchANT
2026-06-04 08:26:00+00:00,system,load1,4.0,dbms,tpc-ds,postgresql-plain-100gb-load,1,ip-172-31-23-167,olap,benchANT
2026-06-04 08:26:10+00:00,system,load1,4.0,dbms,tpc-ds,postgresql-plain-100gb-load,1,ip-172-31-23-167,olap,benchANT
2026-06-04 08:26:20+00:00,system,load1,4.0,dbms,tpc-ds,postgresql-plain-100gb-load,1,ip-172-31-23-167,olap,benchANT
2026-06-04 08:26:30+00:00,system,load1,4.0,dbms,tpc-ds,postgresql-plain-100gb-load,1,ip-172-31-23-167,olap,benchANT
2026-06-04 08:26:40+00:00,system,load1,3.85,dbms,tpc-ds,postgresql-plain-100gb-load,1,ip-172-31-23-167,olap,benchANT
2026-06-04 08:26:50+00:00,system,load1,3.88,dbms,tpc-ds,postgresql-plain-100gb-load,1,ip-172-31-23-167,olap,benchANT
2026-06-04 08:27:00+00:00,system,load1,3.9,dbms,tpc-ds,postgresql-plain-100gb-load,1,ip-172-31-23-167,olap,benchANT
2026-06-04 08:27:10+00:00,system,load1,3.91,dbms,tpc-ds,postgresql-plain-100gb-load,1,ip-172-31-23-167,olap,benchANT
2026-06-04 08:27:20+00:00,system,load1,3.93,dbms,tpc-ds,postgresql-plain-100gb-load,1,ip-172-31-23-167,olap,benchANT
2026-06-04 08:27:30+00:00,system,load1,3.94,dbms,tpc-ds,postgresql-plain-100gb-load,1,ip-172-31-23-167,olap,benchANT
2026-06-04 08:27:40+00:00,system,load1,3.95,dbms,tpc-ds,postgresql-plain-100gb-load,1,ip-172-31-23-167,olap,benchANT
2026-06-04 08:27:50+00:00,system,load1,3.96,dbms,tpc-ds,postgresql-plain-100gb-load,1,ip-172-31-23-167,olap,benchANT
2026-06-04 08:28:00+00:00,system,load1,3.96,dbms,tpc-ds,postgresql-plain-100gb-load,1,ip-172-31-23-167,olap,benchANT
2026-06-04 08:28:10+00:00,system,load1,3.97,dbms,tpc-ds,postgresql-plain-100gb-load,1,ip-172-31-23-167,olap,benchANT
2026-06-04 08:28:20+00:00,system,load1,3.97,dbms,tpc-ds,postgresql-plain-100gb-load,1,ip-172-31-23-167,olap,benchANT
2026-06-04 08:28:30+00:00,system,load1,4.06,dbms,tpc-ds,postgresql-plain-100gb-load,1,ip-172-31-23-167,olap,benchANT
2026-06-04 08:28:40+00:00,system,load1,4.2,dbms,tpc-ds,postgresql-plain-100gb-load,1,ip-172-31-23-167,olap,benchANT
2026-06-04 08:28:50+00:00,system,load1,4.33,dbms,tpc-ds,postgresql-plain-100gb-load,1,ip-172-31-23-167,olap,benchANT
2026-06-04 08:29:00+00:00,system,load1,4.43,dbms,tpc-ds,postgresql-plain-100gb-load,1,ip-172-31-23-167,olap,benchANT
2026-06-04 08:29:10+00:00,system,load1,4.52,dbms,tpc-ds,postgresql-plain-100gb-load,1,ip-172-31-23-167,olap,benchANT
2026-06-04 08:29:20+00:00,system,load1,4.59,dbms,tpc-ds,postgresql-plain-100gb-load,1,ip-172-31-23-167,olap,benchANT
2026-06-04 08:29:30+00:00,system,load1,4.66,dbms,tpc-ds,postgresql-plain-100gb-load,1,ip-172-31-23-167,olap,benchANT
2026-06-04 08:29:40+00:00,system,load1,4.71,dbms,tpc-ds,postgresql-plain-100gb-load,1,ip-172-31-23-167,olap,benchANT
2026-06-04 08:29:50+00:00,system,load1,4.75,dbms,tpc-ds,postgresql-plain-100gb-load,1,ip-172-31-23-167,olap,benchANT
2026-06-04 08:30:00+00:00,system,load1,4.79,dbms,tpc-ds,postgresql-plain-100gb-load,1,ip-172-31-23-167,olap,benchANT
2026-06-04 08:30:10+00:00,system,load1,4.83,dbms,tpc-ds,postgresql-plain-100gb-load,1,ip-172-31-23-167,olap,benchANT
2026-06-04 08:30:20+00:00,system,load1,4.85,dbms,tpc-ds,postgresql-plain-100gb-load,1,ip-172-31-23-167,olap,benchANT
2026-06-04 08:30:30+00:00,system,load1,4.88,dbms,tpc-ds,postgresql-plain-100gb-load,1,ip-172-31-23-167,olap,benchANT
2026-06-04 08:30:40+00:00,system,load1,4.9,dbms,tpc-ds,postgresql-plain-100gb-load,1,ip-172-31-23-167,olap,benchANT
2026-06-04 08:30:50+00:00,system,load1,4.91,dbms,tpc-ds,postgresql-plain-100gb-load,1,ip-172-31-23-167,olap,benchANT
2026-06-04 08:31:00+00:00,system,load1,4.93,dbms,tpc-ds,postgresql-plain-100gb-load,1,ip-172-31-23-167,olap,benchANT
2026-06-04 08:31:10+00:00,system,load1,4.94,dbms,tpc-ds,postgresql-plain-100gb-load,1,ip-172-31-23-167,olap,benchANT
2026-06-04 08:31:20+00:00,system,load1,4.95,dbms,tpc-ds,postgresql-plain-100gb-load,1,ip-172-31-23-167,olap,benchANT
2026-06-04 08:31:30+00:00,system,load1,4.96,dbms,tpc-ds,postgresql-plain-100gb-load,1,ip-172-31-23-167,olap,benchANT
2026-06-04 08:31:40+00:00,system,load1,4.96,dbms,tpc-ds,postgresql-plain-100gb-load,1,ip-172-31-23-167,olap,benchANT
2026-06-04 08:31:50+00:00,system,load1,4.97,dbms,tpc-ds,postgresql-plain-100gb-load,1,ip-172-31-23-167,olap,benchANT
2026-06-04 08:32:00+00:00,system,load1,5.05,dbms,tpc-ds,postgresql-plain-100gb-load,1,ip-172-31-23-167,olap,benchANT
2026-06-04 08:32:10+00:00,system,load1,5.04,dbms,tpc-ds,postgresql-plain-100gb-load,1,ip-172-31-23-167,olap,benchANT
2026-06-04 08:32:20+00:00,system,load1,5.11,dbms,tpc-ds,postgresql-plain-100gb-load,1,ip-172-31-23-167,olap,benchANT
2026-06-04 08:32:30+00:00,system,load1,5.1,dbms,tpc-ds,postgresql-plain-100gb-load,1,ip-172-31-23-167,olap,benchANT
2026-06-04 08:32:40+00:00,system,load1,5.08,dbms,tpc-ds,postgresql-plain-100gb-load,1,ip-172-31-23-167,olap,benchANT
2026-06-04 08:32:50+00:00,system,load1,5.07,dbms,tpc-ds,postgresql-plain-100gb-load,1,ip-172-31-23-167,olap,benchANT
2026-06-04 08:33:00+00:00,system,load1,5.06,dbms,tpc-ds,postgresql-plain-100gb-load,1,ip-172-31-23-167,olap,benchANT
2026-06-04 08:33:10+00:00,system,load1,5.12,dbms,tpc-ds,postgresql-plain-100gb-load,1,ip-172-31-23-167,olap,benchANT
2026-06-04 08:33:20+00:00,system,load1,5.1,dbms,tpc-ds,postgresql-plain-100gb-load,1,ip-172-31-23-167,olap,benchANT
2026-06-04 08:33:30+00:00,system,load1,5.09,dbms,tpc-ds,postgresql-plain-100gb-load,1,ip-172-31-23-167,olap,benchANT
2026-06-04 08:33:40+00:00,system,load1,5.15,dbms,tpc-ds,postgresql-plain-100gb-load,1,ip-172-31-23-167,olap,benchANT
2026-06-04 08:33:50+00:00,system,load1,5.28,dbms,tpc-ds,postgresql-plain-100gb-load,1,ip-172-31-23-167,olap,benchANT
2026-06-04 08:34:00+00:00,system,load1,5.39,dbms,tpc-ds,postgresql-plain-100gb-load,1,ip-172-31-23-167,olap,benchANT
2026-06-04 08:34:10+00:00,system,load1,5.19,dbms,tpc-ds,postgresql-plain-100gb-load,1,ip-172-31-23-167,olap,benchANT
2026-06-04 08:34:20+00:00,system,load1,5.32,dbms,tpc-ds,postgresql-plain-100gb-load,1,ip-172-31-23-167,olap,benchANT
2026-06-04 08:34:30+00:00,system,load1,5.42,dbms,tpc-ds,postgresql-plain-100gb-load,1,ip-172-31-23-167,olap,benchANT
2026-06-04 08:34:40+00:00,system,load1,5.59,dbms,tpc-ds,postgresql-plain-100gb-load,1,ip-172-31-23-167,olap,benchANT
2026-06-04 08:34:50+00:00,system,load1,5.5,dbms,tpc-ds,postgresql-plain-100gb-load,1,ip-172-31-23-167,olap,benchANT
2026-06-04 08:35:00+00:00,system,load1,5.42,dbms,tpc-ds,postgresql-plain-100gb-load,1,ip-172-31-23-167,olap,benchANT
2026-06-04 08:35:10+00:00,system,load1,5.36,dbms,tpc-ds,postgresql-plain-100gb-load,1,ip-172-31-23-167,olap,benchANT
2026-06-04 08:35:20+00:00,system,load1,5.3,dbms,tpc-ds,postgresql-plain-100gb-load,1,ip-172-31-23-167,olap,benchANT
2026-06-04 08:35:30+00:00,system,load1,5.26,dbms,tpc-ds,postgresql-plain-100gb-load,1,ip-172-31-23-167,olap,benchANT
2026-06-04 08:35:40+00:00,system,load1,5.22,dbms,tpc-ds,postgresql-plain-100gb-load,1,ip-172-31-23-167,olap,benchANT
2026-06-04 08:35:50+00:00,system,load1,5.18,dbms,tpc-ds,postgresql-plain-100gb-load,1,ip-172-31-23-167,olap,benchANT
2026-06-04 08:36:00+00:00,system,load1,5.15,dbms,tpc-ds,postgresql-plain-100gb-load,1,ip-172-31-23-167,olap,benchANT
2026-06-04 08:36:10+00:00,system,load1,5.13,dbms,tpc-ds,postgresql-plain-100gb-load,1,ip-172-31-23-167,olap,benchANT
2026-06-04 08:36:20+00:00,system,load1,5.11,dbms,tpc-ds,postgresql-plain-100gb-load,1,ip-172-31-23-167,olap,benchANT
2026-06-04 08:36:30+00:00,system,load1,5.09,dbms,tpc-ds,postgresql-plain-100gb-load,1,ip-172-31-23-167,olap,benchANT
2026-06-04 08:36:40+00:00,system,load1,5.08,dbms,tpc-ds,postgresql-plain-100gb-load,1,ip-172-31-23-167,olap,benchANT
2026-06-04 08:36:50+00:00,system,load1,5.06,dbms,tpc-ds,postgresql-plain-100gb-load,1,ip-172-31-23-167,olap,benchANT
2026-06-04 08:37:00+00:00,system,load1,5.05,dbms,tpc-ds,postgresql-plain-100gb-load,1,ip-172-31-23-167,olap,benchANT
2026-06-04 08:37:10+00:00,system,load1,5.05,dbms,tpc-ds,postgresql-plain-100gb-load,1,ip-172-31-23-167,olap,benchANT
2026-06-04 08:37:20+00:00,system,load1,5.04,dbms,tpc-ds,postgresql-plain-100gb-load,1,ip-172-31-23-167,olap,benchANT
2026-06-04 08:37:30+00:00,system,load1,5.11,dbms,tpc-ds,postgresql-plain-100gb-load,1,ip-172-31-23-167,olap,benchANT
2026-06-04 08:37:40+00:00,system,load1,5.09,dbms,tpc-ds,postgresql-plain-100gb-load,1,ip-172-31-23-167,olap,benchANT
2026-06-04 08:37:50+00:00,system,load1,5.08,dbms,tpc-ds,postgresql-plain-100gb-load,1,ip-172-31-23-167,olap,benchANT
2026-06-04 08:38:00+00:00,system,load1,5.06,dbms,tpc-ds,postgresql-plain-100gb-load,1,ip-172-31-23-167,olap,benchANT
2026-06-04 08:38:10+00:00,system,load1,5.05,dbms,tpc-ds,postgresql-plain-100gb-load,1,ip-172-31-23-167,olap,benchANT
2026-06-04 08:38:20+00:00,system,load1,5.04,dbms,tpc-ds,postgresql-plain-100gb-load,1,ip-172-31-23-167,olap,benchANT
2026-06-04 08:38:30+00:00,system,load1,5.11,dbms,tpc-ds,postgresql-plain-100gb-load,1,ip-172-31-23-167,olap,benchANT
2026-06-04 08:38:40+00:00,system,load1,5.09,dbms,tpc-ds,postgresql-plain-100gb-load,1,ip-172-31-23-167,olap,benchANT
2026-06-04 08:38:50+00:00,system,load1,5.08,dbms,tpc-ds,postgresql-plain-100gb-load,1,ip-172-31-23-167,olap,benchANT
2026-06-04 08:39:00+00:00,system,load1,5.07,dbms,tpc-ds,postgresql-plain-100gb-load,1,ip-172-31-23-167,olap,benchANT
2026-06-04 08:39:10+00:00,system,load1,5.06,dbms,tpc-ds,postgresql-plain-100gb-load,1,ip-172-31-23-167,olap,benchANT
2026-06-04 08:39:20+00:00,system,load1,5.05,dbms,tpc-ds,postgresql-plain-100gb-load,1,ip-172-31-23-167,olap,benchANT
2026-06-04 08:39:30+00:00,system,load1,5.04,dbms,tpc-ds,postgresql-plain-100gb-load,1,ip-172-31-23-167,olap,benchANT
2026-06-04 08:39:40+00:00,system,load1,5.03,dbms,tpc-ds,postgresql-plain-100gb-load,1,ip-172-31-23-167,olap,benchANT
2026-06-04 08:39:50+00:00,system,load1,5.03,dbms,tpc-ds,postgresql-plain-100gb-load,1,ip-172-31-23-167,olap,benchANT
2026-06-04 08:40:00+00:00,system,load1,4.41,dbms,tpc-ds,postgresql-plain-100gb-load,1,ip-172-31-23-167,olap,benchANT
2026-06-04 08:40:10+00:00,system,load1,4.2,dbms,tpc-ds,postgresql-plain-100gb-load,1,ip-172-31-23-167,olap,benchANT
2026-06-04 08:40:20+00:00,system,load1,4.33,dbms,tpc-ds,postgresql-plain-100gb-load,1,ip-172-31-23-167,olap,benchANT
2026-06-04 08:40:30+00:00,system,load1,4.43,dbms,tpc-ds,postgresql-plain-100gb-load,1,ip-172-31-23-167,olap,benchANT
2026-06-04 08:40:40+00:00,system,load1,4.52,dbms,tpc-ds,postgresql-plain-100gb-load,1,ip-172-31-23-167,olap,benchANT
2026-06-04 08:40:50+00:00,system,load1,4.59,dbms,tpc-ds,postgresql-plain-100gb-load,1,ip-172-31-23-167,olap,benchANT
2026-06-04 08:41:00+00:00,system,load1,4.66,dbms,tpc-ds,postgresql-plain-100gb-load,1,ip-172-31-23-167,olap,benchANT
2026-06-04 08:41:10+00:00,system,load1,4.71,dbms,tpc-ds,postgresql-plain-100gb-load,1,ip-172-31-23-167,olap,benchANT
2026-06-04 08:41:20+00:00,system,load1,4.75,dbms,tpc-ds,postgresql-plain-100gb-load,1,ip-172-31-23-167,olap,benchANT
2026-06-04 08:41:30+00:00,system,load1,4.79,dbms,tpc-ds,postgresql-plain-100gb-load,1,ip-172-31-23-167,olap,benchANT
2026-06-04 08:41:40+00:00,system,load1,4.83,dbms,tpc-ds,postgresql-plain-100gb-load,1,ip-172-31-23-167,olap,benchANT
2026-06-04 08:41:50+00:00,system,load1,4.85,dbms,tpc-ds,postgresql-plain-100gb-load,1,ip-172-31-23-167,olap,benchANT
2026-06-04 08:42:00+00:00,system,load1,4.88,dbms,tpc-ds,postgresql-plain-100gb-load,1,ip-172-31-23-167,olap,benchANT
2026-06-04 08:42:10+00:00,system,load1,4.9,dbms,tpc-ds,postgresql-plain-100gb-load,1,ip-172-31-23-167,olap,benchANT
2026-06-04 08:42:20+00:00,system,load1,4.91,dbms,tpc-ds,postgresql-plain-100gb-load,1,ip-172-31-23-167,olap,benchANT
2026-06-04 08:42:30+00:00,system,load1,4.93,dbms,tpc-ds,postgresql-plain-100gb-load,1,ip-172-31-23-167,olap,benchANT
2026-06-04 08:42:40+00:00,system,load1,4.94,dbms,tpc-ds,postgresql-plain-100gb-load,1,ip-172-31-23-167,olap,benchANT
2026-06-04 08:42:50+00:00,system,load1,4.95,dbms,tpc-ds,postgresql-plain-100gb-load,1,ip-172-31-23-167,olap,benchANT
2026-06-04 08:43:00+00:00,system,load1,4.96,dbms,tpc-ds,postgresql-plain-100gb-load,1,ip-172-31-23-167,olap,benchANT
2026-06-04 08:43:10+00:00,system,load1,4.96,dbms,tpc-ds,postgresql-plain-100gb-load,1,ip-172-31-23-167,olap,benchANT
2026-06-04 08:43:20+00:00,system,load1,4.97,dbms,tpc-ds,postgresql-plain-100gb-load,1,ip-172-31-23-167,olap,benchANT
2026-06-04 08:43:30+00:00,system,load1,4.97,dbms,tpc-ds,postgresql-plain-100gb-load,1,ip-172-31-23-167,olap,benchANT
2026-06-04 08:43:40+00:00,system,load1,4.98,dbms,tpc-ds,postgresql-plain-100gb-load,1,ip-172-31-23-167,olap,benchANT
2026-06-04 08:43:50+00:00,system,load1,4.98,dbms,tpc-ds,postgresql-plain-100gb-load,1,ip-172-31-23-167,olap,benchANT
2026-06-04 08:44:00+00:00,system,load1,4.99,dbms,tpc-ds,postgresql-plain-100gb-load,1,ip-172-31-23-167,olap,benchANT
2026-06-04 08:44:10+00:00,system,load1,4.99,dbms,tpc-ds,postgresql-plain-100gb-load,1,ip-172-31-23-167,olap,benchANT
2026-06-04 08:44:20+00:00,system,load1,4.99,dbms,tpc-ds,postgresql-plain-100gb-load,1,ip-172-31-23-167,olap,benchANT
2026-06-04 08:44:30+00:00,system,load1,4.99,dbms,tpc-ds,postgresql-plain-100gb-load,1,ip-172-31-23-167,olap,benchANT
2026-06-04 08:44:40+00:00,system,load1,4.99,dbms,tpc-ds,postgresql-plain-100gb-load,1,ip-172-31-23-167,olap,benchANT
2026-06-04 08:44:50+00:00,system,load1,5.0,dbms,tpc-ds,postgresql-plain-100gb-load,1,ip-172-31-23-167,olap,benchANT
2026-06-04 08:45:00+00:00,system,load1,5.0,dbms,tpc-ds,postgresql-plain-100gb-load,1,ip-172-31-23-167,olap,benchANT
2026-06-04 08:45:10+00:00,system,load1,5.0,dbms,tpc-ds,postgresql-plain-100gb-load,1,ip-172-31-23-167,olap,benchANT
2026-06-04 08:45:20+00:00,system,load1,5.0,dbms,tpc-ds,postgresql-plain-100gb-load,1,ip-172-31-23-167,olap,benchANT
2026-06-04 08:45:30+00:00,system,load1,5.0,dbms,tpc-ds,postgresql-plain-100gb-load,1,ip-172-31-23-167,olap,benchANT
2026-06-04 08:45:40+00:00,system,load1,5.0,dbms,tpc-ds,postgresql-plain-100gb-load,1,ip-172-31-23-167,olap,benchANT
2026-06-04 08:45:50+00:00,system,load1,5.0,dbms,tpc-ds,postgresql-plain-100gb-load,1,ip-172-31-23-167,olap,benchANT
2026-06-04 08:46:00+00:00,system,load1,5.0,dbms,tpc-ds,postgresql-plain-100gb-load,1,ip-172-31-23-167,olap,benchANT
2026-06-04 08:46:10+00:00,system,load1,5.0,dbms,tpc-ds,postgresql-plain-100gb-load,1,ip-172-31-23-167,olap,benchANT
2026-06-04 08:46:20+00:00,system,load1,5.0,dbms,tpc-ds,postgresql-plain-100gb-load,1,ip-172-31-23-167,olap,benchANT
2026-06-04 08:46:30+00:00,system,load1,5.0,dbms,tpc-ds,postgresql-plain-100gb-load,1,ip-172-31-23-167,olap,benchANT
2026-06-04 08:46:40+00:00,system,load1,5.0,dbms,tpc-ds,postgresql-plain-100gb-load,1,ip-172-31-23-167,olap,benchANT
2026-06-04 08:46:50+00:00,system,load1,5.0,dbms,tpc-ds,postgresql-plain-100gb-load,1,ip-172-31-23-167,olap,benchANT
2026-06-04 08:47:00+00:00,system,load1,5.0,dbms,tpc-ds,postgresql-plain-100gb-load,1,ip-172-31-23-167,olap,benchANT
2026-06-04 08:47:10+00:00,system,load1,5.0,dbms,tpc-ds,postgresql-plain-100gb-load,1,ip-172-31-23-167,olap,benchANT
2026-06-04 08:47:20+00:00,system,load1,5.0,dbms,tpc-ds,postgresql-plain-100gb-load,1,ip-172-31-23-167,olap,benchANT
2026-06-04 08:47:30+00:00,system,load1,5.0,dbms,tpc-ds,postgresql-plain-100gb-load,1,ip-172-31-23-167,olap,benchANT
2026-06-04 08:47:40+00:00,system,load1,5.0,dbms,tpc-ds,postgresql-plain-100gb-load,1,ip-172-31-23-167,olap,benchANT
2026-06-04 08:47:50+00:00,system,load1,5.0,dbms,tpc-ds,postgresql-plain-100gb-load,1,ip-172-31-23-167,olap,benchANT
2026-06-04 08:48:00+00:00,system,load1,5.0,dbms,tpc-ds,postgresql-plain-100gb-load,1,ip-172-31-23-167,olap,benchANT
2026-06-04 08:48:10+00:00,system,load1,5.0,dbms,tpc-ds,postgresql-plain-100gb-load,1,ip-172-31-23-167,olap,benchANT
2026-06-04 08:48:20+00:00,system,load1,5.0,dbms,tpc-ds,postgresql-plain-100gb-load,1,ip-172-31-23-167,olap,benchANT
2026-06-04 08:48:30+00:00,system,load1,5.0,dbms,tpc-ds,postgresql-plain-100gb-load,1,ip-172-31-23-167,olap,benchANT
2026-06-04 08:48:40+00:00,system,load1,5.0,dbms,tpc-ds,postgresql-plain-100gb-load,1,ip-172-31-23-167,olap,benchANT
2026-06-04 08:48:50+00:00,system,load1,5.0,dbms,tpc-ds,postgresql-plain-100gb-load,1,ip-172-31-23-167,olap,benchANT
2026-06-04 08:49:00+00:00,system,load1,5.0,dbms,tpc-ds,postgresql-plain-100gb-load,1,ip-172-31-23-167,olap,benchANT
2026-06-04 08:49:10+00:00,system,load1,5.08,dbms,tpc-ds,postgresql-plain-100gb-load,1,ip-172-31-23-167,olap,benchANT
2026-06-04 08:49:20+00:00,system,load1,5.07,dbms,tpc-ds,postgresql-plain-100gb-load,1,ip-172-31-23-167,olap,benchANT
2026-06-04 08:49:30+00:00,system,load1,5.06,dbms,tpc-ds,postgresql-plain-100gb-load,1,ip-172-31-23-167,olap,benchANT
2026-06-04 08:49:40+00:00,system,load1,5.05,dbms,tpc-ds,postgresql-plain-100gb-load,1,ip-172-31-23-167,olap,benchANT
2026-06-04 08:49:50+00:00,system,load1,5.04,dbms,tpc-ds,postgresql-plain-100gb-load,1,ip-172-31-23-167,olap,benchANT
2026-06-04 08:50:00+00:00,system,load1,5.03,dbms,tpc-ds,postgresql-plain-100gb-load,1,ip-172-31-23-167,olap,benchANT
2026-06-04 08:50:10+00:00,system,load1,5.1,dbms,tpc-ds,postgresql-plain-100gb-load,1,ip-172-31-23-167,olap,benchANT
2026-06-04 08:50:20+00:00,system,load1,5.08,dbms,tpc-ds,postgresql-plain-100gb-load,1,ip-172-31-23-167,olap,benchANT
2026-06-04 08:50:30+00:00,system,load1,5.07,dbms,tpc-ds,postgresql-plain-100gb-load,1,ip-172-31-23-167,olap,benchANT
2026-06-04 08:50:40+00:00,system,load1,5.06,dbms,tpc-ds,postgresql-plain-100gb-load,1,ip-172-31-23-167,olap,benchANT
2026-06-04 08:50:50+00:00,system,load1,4.65,dbms,tpc-ds,postgresql-plain-100gb-load,1,ip-172-31-23-167,olap,benchANT
2026-06-04 07:50:00+00:00,system,load15,0.02,dbms,tpc-ds,postgresql-plain-100gb-load,1,ip-172-31-23-167,olap,benchANT
2026-06-04 07:50:10+00:00,system,load15,0.08,dbms,tpc-ds,postgresql-plain-100gb-load,1,ip-172-31-23-167,olap,benchANT
2026-06-04 07:50:20+00:00,system,load15,0.13,dbms,tpc-ds,postgresql-plain-100gb-load,1,ip-172-31-23-167,olap,benchANT
2026-06-04 07:50:30+00:00,system,load15,0.18,dbms,tpc-ds,postgresql-plain-100gb-load,1,ip-172-31-23-167,olap,benchANT
2026-06-04 07:50:40+00:00,system,load15,0.23,dbms,tpc-ds,postgresql-plain-100gb-load,1,ip-172-31-23-167,olap,benchANT
2026-06-04 07:50:50+00:00,system,load15,0.29,dbms,tpc-ds,postgresql-plain-100gb-load,1,ip-172-31-23-167,olap,benchANT
2026-06-04 07:51:00+00:00,system,load15,0.34,dbms,tpc-ds,postgresql-plain-100gb-load,1,ip-172-31-23-167,olap,benchANT
2026-06-04 07:51:10+00:00,system,load15,0.39,dbms,tpc-ds,postgresql-plain-100gb-load,1,ip-172-31-23-167,olap,benchANT
2026-06-04 07:51:20+00:00,system,load15,0.44,dbms,tpc-ds,postgresql-plain-100gb-load,1,ip-172-31-23-167,olap,benchANT
2026-06-04 07:51:30+00:00,system,load15,0.49,dbms,tpc-ds,postgresql-plain-100gb-load,1,ip-172-31-23-167,olap,benchANT
2026-06-04 07:51:40+00:00,system,load15,0.53,dbms,tpc-ds,postgresql-plain-100gb-load,1,ip-172-31-23-167,olap,benchANT
2026-06-04 07:51:50+00:00,system,load15,0.58,dbms,tpc-ds,postgresql-plain-100gb-load,1,ip-172-31-23-167,olap,benchANT
2026-06-04 07:52:00+00:00,system,load15,0.63,dbms,tpc-ds,postgresql-plain-100gb-load,1,ip-172-31-23-167,olap,benchANT
2026-06-04 07:52:10+00:00,system,load15,0.68,dbms,tpc-ds,postgresql-plain-100gb-load,1,ip-172-31-23-167,olap,benchANT
2026-06-04 07:52:20+00:00,system,load15,0.73,dbms,tpc-ds,postgresql-plain-100gb-load,1,ip-172-31-23-167,olap,benchANT
2026-06-04 07:52:30+00:00,system,load15,0.78,dbms,tpc-ds,postgresql-plain-100gb-load,1,ip-172-31-23-167,olap,benchANT
2026-06-04 07:52:40+00:00,system,load15,0.82,dbms,tpc-ds,postgresql-plain-100gb-load,1,ip-172-31-23-167,olap,benchANT
2026-06-04 07:52:50+00:00,system,load15,0.87,dbms,tpc-ds,postgresql-plain-100gb-load,1,ip-172-31-23-167,olap,benchANT
2026-06-04 07:53:00+00:00,system,load15,0.91,dbms,tpc-ds,postgresql-plain-100gb-load,1,ip-172-31-23-167,olap,benchANT
2026-06-04 07:53:10+00:00,system,load15,0.96,dbms,tpc-ds,postgresql-plain-100gb-load,1,ip-172-31-23-167,olap,benchANT
2026-06-04 07:53:20+00:00,system,load15,1.0,dbms,tpc-ds,postgresql-plain-100gb-load,1,ip-172-31-23-167,olap,benchANT
2026-06-04 07:53:30+00:00,system,load15,1.04,dbms,tpc-ds,postgresql-plain-100gb-load,1,ip-172-31-23-167,olap,benchANT
2026-06-04 07:53:40+00:00,system,load15,1.09,dbms,tpc-ds,postgresql-plain-100gb-load,1,ip-172-31-23-167,olap,benchANT
2026-06-04 07:53:50+00:00,system,load15,1.13,dbms,tpc-ds,postgresql-plain-100gb-load,1,ip-172-31-23-167,olap,benchANT
2026-06-04 07:54:00+00:00,system,load15,1.17,dbms,tpc-ds,postgresql-plain-100gb-load,1,ip-172-31-23-167,olap,benchANT
2026-06-04 07:54:10+00:00,system,load15,1.21,dbms,tpc-ds,postgresql-plain-100gb-load,1,ip-172-31-23-167,olap,benchANT
2026-06-04 07:54:20+00:00,system,load15,1.25,dbms,tpc-ds,postgresql-plain-100gb-load,1,ip-172-31-23-167,olap,benchANT
2026-06-04 07:54:30+00:00,system,load15,1.3,dbms,tpc-ds,postgresql-plain-100gb-load,1,ip-172-31-23-167,olap,benchANT
2026-06-04 07:54:40+00:00,system,load15,1.34,dbms,tpc-ds,postgresql-plain-100gb-load,1,ip-172-31-23-167,olap,benchANT
2026-06-04 07:54:50+00:00,system,load15,1.38,dbms,tpc-ds,postgresql-plain-100gb-load,1,ip-172-31-23-167,olap,benchANT
2026-06-04 07:55:00+00:00,system,load15,1.42,dbms,tpc-ds,postgresql-plain-100gb-load,1,ip-172-31-23-167,olap,benchANT
2026-06-04 07:55:10+00:00,system,load15,1.46,dbms,tpc-ds,postgresql-plain-100gb-load,1,ip-172-31-23-167,olap,benchANT
2026-06-04 07:55:20+00:00,system,load15,1.5,dbms,tpc-ds,postgresql-plain-100gb-load,1,ip-172-31-23-167,olap,benchANT
2026-06-04 07:55:30+00:00,system,load15,1.51,dbms,tpc-ds,postgresql-plain-100gb-load,1,ip-172-31-23-167,olap,benchANT
2026-06-04 07:55:40+00:00,system,load15,1.54,dbms,tpc-ds,postgresql-plain-100gb-load,1,ip-172-31-23-167,olap,benchANT
2026-06-04 07:55:50+00:00,system,load15,1.57,dbms,tpc-ds,postgresql-plain-100gb-load,1,ip-172-31-23-167,olap,benchANT
2026-06-04 07:56:00+00:00,system,load15,1.59,dbms,tpc-ds,postgresql-plain-100gb-load,1,ip-172-31-23-167,olap,benchANT
2026-06-04 07:56:10+00:00,system,load15,1.62,dbms,tpc-ds,postgresql-plain-100gb-load,1,ip-172-31-23-167,olap,benchANT
2026-06-04 07:56:20+00:00,system,load15,1.64,dbms,tpc-ds,postgresql-plain-100gb-load,1,ip-172-31-23-167,olap,benchANT
2026-06-04 07:56:30+00:00,system,load15,1.68,dbms,tpc-ds,postgresql-plain-100gb-load,1,ip-172-31-23-167,olap,benchANT
2026-06-04 07:56:40+00:00,system,load15,1.71,dbms,tpc-ds,postgresql-plain-100gb-load,1,ip-172-31-23-167,olap,benchANT
2026-06-04 07:56:50+00:00,system,load15,1.73,dbms,tpc-ds,postgresql-plain-100gb-load,1,ip-172-31-23-167,olap,benchANT
2026-06-04 07:57:00+00:00,system,load15,1.76,dbms,tpc-ds,postgresql-plain-100gb-load,1,ip-172-31-23-167,olap,benchANT
2026-06-04 07:57:10+00:00,system,load15,1.78,dbms,tpc-ds,postgresql-plain-100gb-load,1,ip-172-31-23-167,olap,benchANT
2026-06-04 07:57:20+00:00,system,load15,1.8,dbms,tpc-ds,postgresql-plain-100gb-load,1,ip-172-31-23-167,olap,benchANT
2026-06-04 07:57:30+00:00,system,load15,1.83,dbms,tpc-ds,postgresql-plain-100gb-load,1,ip-172-31-23-167,olap,benchANT
2026-06-04 07:57:40+00:00,system,load15,1.85,dbms,tpc-ds,postgresql-plain-100gb-load,1,ip-172-31-23-167,olap,benchANT
2026-06-04 07:57:50+00:00,system,load15,1.88,dbms,tpc-ds,postgresql-plain-100gb-load,1,ip-172-31-23-167,olap,benchANT
2026-06-04 07:58:00+00:00,system,load15,1.9,dbms,tpc-ds,postgresql-plain-100gb-load,1,ip-172-31-23-167,olap,benchANT
2026-06-04 07:58:10+00:00,system,load15,1.92,dbms,tpc-ds,postgresql-plain-100gb-load,1,ip-172-31-23-167,olap,benchANT
2026-06-04 07:58:20+00:00,system,load15,1.94,dbms,tpc-ds,postgresql-plain-100gb-load,1,ip-172-31-23-167,olap,benchANT
2026-06-04 07:58:30+00:00,system,load15,1.97,dbms,tpc-ds,postgresql-plain-100gb-load,1,ip-172-31-23-167,olap,benchANT
2026-06-04 07:58:40+00:00,system,load15,1.99,dbms,tpc-ds,postgresql-plain-100gb-load,1,ip-172-31-23-167,olap,benchANT
2026-06-04 07:58:50+00:00,system,load15,2.01,dbms,tpc-ds,postgresql-plain-100gb-load,1,ip-172-31-23-167,olap,benchANT
2026-06-04 07:59:00+00:00,system,load15,2.03,dbms,tpc-ds,postgresql-plain-100gb-load,1,ip-172-31-23-167,olap,benchANT
2026-06-04 07:59:10+00:00,system,load15,2.05,dbms,tpc-ds,postgresql-plain-100gb-load,1,ip-172-31-23-167,olap,benchANT
2026-06-04 07:59:20+00:00,system,load15,2.08,dbms,tpc-ds,postgresql-plain-100gb-load,1,ip-172-31-23-167,olap,benchANT
2026-06-04 07:59:30+00:00,system,load15,2.1,dbms,tpc-ds,postgresql-plain-100gb-load,1,ip-172-31-23-167,olap,benchANT
2026-06-04 07:59:40+00:00,system,load15,2.12,dbms,tpc-ds,postgresql-plain-100gb-load,1,ip-172-31-23-167,olap,benchANT
2026-06-04 07:59:50+00:00,system,load15,2.14,dbms,tpc-ds,postgresql-plain-100gb-load,1,ip-172-31-23-167,olap,benchANT
2026-06-04 08:00:00+00:00,system,load15,2.16,dbms,tpc-ds,postgresql-plain-100gb-load,1,ip-172-31-23-167,olap,benchANT
2026-06-04 08:00:10+00:00,system,load15,2.18,dbms,tpc-ds,postgresql-plain-100gb-load,1,ip-172-31-23-167,olap,benchANT
2026-06-04 08:00:20+00:00,system,load15,2.2,dbms,tpc-ds,postgresql-plain-100gb-load,1,ip-172-31-23-167,olap,benchANT
2026-06-04 08:00:30+00:00,system,load15,2.22,dbms,tpc-ds,postgresql-plain-100gb-load,1,ip-172-31-23-167,olap,benchANT
2026-06-04 08:00:40+00:00,system,load15,2.24,dbms,tpc-ds,postgresql-plain-100gb-load,1,ip-172-31-23-167,olap,benchANT
2026-06-04 08:00:50+00:00,system,load15,2.26,dbms,tpc-ds,postgresql-plain-100gb-load,1,ip-172-31-23-167,olap,benchANT
2026-06-04 08:01:00+00:00,system,load15,2.28,dbms,tpc-ds,postgresql-plain-100gb-load,1,ip-172-31-23-167,olap,benchANT
2026-06-04 08:01:10+00:00,system,load15,2.3,dbms,tpc-ds,postgresql-plain-100gb-load,1,ip-172-31-23-167,olap,benchANT
2026-06-04 08:01:20+00:00,system,load15,2.31,dbms,tpc-ds,postgresql-plain-100gb-load,1,ip-172-31-23-167,olap,benchANT
2026-06-04 08:01:30+00:00,system,load15,2.33,dbms,tpc-ds,postgresql-plain-100gb-load,1,ip-172-31-23-167,olap,benchANT
2026-06-04 08:01:40+00:00,system,load15,2.35,dbms,tpc-ds,postgresql-plain-100gb-load,1,ip-172-31-23-167,olap,benchANT
2026-06-04 08:01:50+00:00,system,load15,2.37,dbms,tpc-ds,postgresql-plain-100gb-load,1,ip-172-31-23-167,olap,benchANT
2026-06-04 08:02:00+00:00,system,load15,2.39,dbms,tpc-ds,postgresql-plain-100gb-load,1,ip-172-31-23-167,olap,benchANT
2026-06-04 08:02:10+00:00,system,load15,2.41,dbms,tpc-ds,postgresql-plain-100gb-load,1,ip-172-31-23-167,olap,benchANT
2026-06-04 08:02:20+00:00,system,load15,2.42,dbms,tpc-ds,postgresql-plain-100gb-load,1,ip-172-31-23-167,olap,benchANT
2026-06-04 08:02:30+00:00,system,load15,2.44,dbms,tpc-ds,postgresql-plain-100gb-load,1,ip-172-31-23-167,olap,benchANT
2026-06-04 08:02:40+00:00,system,load15,2.46,dbms,tpc-ds,postgresql-plain-100gb-load,1,ip-172-31-23-167,olap,benchANT
2026-06-04 08:02:50+00:00,system,load15,2.47,dbms,tpc-ds,postgresql-plain-100gb-load,1,ip-172-31-23-167,olap,benchANT
2026-06-04 08:03:00+00:00,system,load15,2.49,dbms,tpc-ds,postgresql-plain-100gb-load,1,ip-172-31-23-167,olap,benchANT
2026-06-04 08:03:10+00:00,system,load15,2.51,dbms,tpc-ds,postgresql-plain-100gb-load,1,ip-172-31-23-167,olap,benchANT
2026-06-04 08:03:20+00:00,system,load15,2.52,dbms,tpc-ds,postgresql-plain-100gb-load,1,ip-172-31-23-167,olap,benchANT
2026-06-04 08:03:30+00:00,system,load15,2.54,dbms,tpc-ds,postgresql-plain-100gb-load,1,ip-172-31-23-167,olap,benchANT
2026-06-04 08:03:40+00:00,system,load15,2.56,dbms,tpc-ds,postgresql-plain-100gb-load,1,ip-172-31-23-167,olap,benchANT
2026-06-04 08:03:50+00:00,system,load15,2.57,dbms,tpc-ds,postgresql-plain-100gb-load,1,ip-172-31-23-167,olap,benchANT
2026-06-04 08:04:00+00:00,system,load15,2.59,dbms,tpc-ds,postgresql-plain-100gb-load,1,ip-172-31-23-167,olap,benchANT
2026-06-04 08:04:10+00:00,system,load15,2.6,dbms,tpc-ds,postgresql-plain-100gb-load,1,ip-172-31-23-167,olap,benchANT
2026-06-04 08:04:20+00:00,system,load15,2.62,dbms,tpc-ds,postgresql-plain-100gb-load,1,ip-172-31-23-167,olap,benchANT
2026-06-04 08:04:30+00:00,system,load15,2.64,dbms,tpc-ds,postgresql-plain-100gb-load,1,ip-172-31-23-167,olap,benchANT
2026-06-04 08:04:40+00:00,system,load15,2.65,dbms,tpc-ds,postgresql-plain-100gb-load,1,ip-172-31-23-167,olap,benchANT
2026-06-04 08:04:50+00:00,system,load15,2.67,dbms,tpc-ds,postgresql-plain-100gb-load,1,ip-172-31-23-167,olap,benchANT
2026-06-04 08:05:00+00:00,system,load15,2.68,dbms,tpc-ds,postgresql-plain-100gb-load,1,ip-172-31-23-167,olap,benchANT
2026-06-04 08:05:10+00:00,system,load15,2.69,dbms,tpc-ds,postgresql-plain-100gb-load,1,ip-172-31-23-167,olap,benchANT
2026-06-04 08:05:20+00:00,system,load15,2.71,dbms,tpc-ds,postgresql-plain-100gb-load,1,ip-172-31-23-167,olap,benchANT
2026-06-04 08:05:30+00:00,system,load15,2.72,dbms,tpc-ds,postgresql-plain-100gb-load,1,ip-172-31-23-167,olap,benchANT
2026-06-04 08:05:40+00:00,system,load15,2.74,dbms,tpc-ds,postgresql-plain-100gb-load,1,ip-172-31-23-167,olap,benchANT
2026-06-04 08:05:50+00:00,system,load15,2.75,dbms,tpc-ds,postgresql-plain-100gb-load,1,ip-172-31-23-167,olap,benchANT
2026-06-04 08:06:00+00:00,system,load15,2.77,dbms,tpc-ds,postgresql-plain-100gb-load,1,ip-172-31-23-167,olap,benchANT
2026-06-04 08:06:10+00:00,system,load15,2.78,dbms,tpc-ds,postgresql-plain-100gb-load,1,ip-172-31-23-167,olap,benchANT
2026-06-04 08:06:20+00:00,system,load15,2.77,dbms,tpc-ds,postgresql-plain-100gb-load,1,ip-172-31-23-167,olap,benchANT
2026-06-04 08:06:30+00:00,system,load15,2.78,dbms,tpc-ds,postgresql-plain-100gb-load,1,ip-172-31-23-167,olap,benchANT
2026-06-04 08:06:40+00:00,system,load15,2.8,dbms,tpc-ds,postgresql-plain-100gb-load,1,ip-172-31-23-167,olap,benchANT
2026-06-04 08:06:50+00:00,system,load15,2.81,dbms,tpc-ds,postgresql-plain-100gb-load,1,ip-172-31-23-167,olap,benchANT
2026-06-04 08:07:00+00:00,system,load15,2.83,dbms,tpc-ds,postgresql-plain-100gb-load,1,ip-172-31-23-167,olap,benchANT
2026-06-04 08:07:10+00:00,system,load15,2.84,dbms,tpc-ds,postgresql-plain-100gb-load,1,ip-172-31-23-167,olap,benchANT
2026-06-04 08:07:20+00:00,system,load15,2.85,dbms,tpc-ds,postgresql-plain-100gb-load,1,ip-172-31-23-167,olap,benchANT
2026-06-04 08:07:30+00:00,system,load15,2.86,dbms,tpc-ds,postgresql-plain-100gb-load,1,ip-172-31-23-167,olap,benchANT
2026-06-04 08:07:40+00:00,system,load15,2.88,dbms,tpc-ds,postgresql-plain-100gb-load,1,ip-172-31-23-167,olap,benchANT
2026-06-04 08:07:50+00:00,system,load15,2.89,dbms,tpc-ds,postgresql-plain-100gb-load,1,ip-172-31-23-167,olap,benchANT
2026-06-04 08:08:00+00:00,system,load15,2.9,dbms,tpc-ds,postgresql-plain-100gb-load,1,ip-172-31-23-167,olap,benchANT
2026-06-04 08:08:10+00:00,system,load15,2.91,dbms,tpc-ds,postgresql-plain-100gb-load,1,ip-172-31-23-167,olap,benchANT
2026-06-04 08:08:20+00:00,system,load15,2.93,dbms,tpc-ds,postgresql-plain-100gb-load,1,ip-172-31-23-167,olap,benchANT
2026-06-04 08:08:30+00:00,system,load15,2.94,dbms,tpc-ds,postgresql-plain-100gb-load,1,ip-172-31-23-167,olap,benchANT
2026-06-04 08:08:40+00:00,system,load15,2.95,dbms,tpc-ds,postgresql-plain-100gb-load,1,ip-172-31-23-167,olap,benchANT
2026-06-04 08:08:50+00:00,system,load15,2.96,dbms,tpc-ds,postgresql-plain-100gb-load,1,ip-172-31-23-167,olap,benchANT
2026-06-04 08:09:00+00:00,system,load15,2.97,dbms,tpc-ds,postgresql-plain-100gb-load,1,ip-172-31-23-167,olap,benchANT
2026-06-04 08:09:10+00:00,system,load15,2.98,dbms,tpc-ds,postgresql-plain-100gb-load,1,ip-172-31-23-167,olap,benchANT
2026-06-04 08:09:20+00:00,system,load15,3.0,dbms,tpc-ds,postgresql-plain-100gb-load,1,ip-172-31-23-167,olap,benchANT
2026-06-04 08:09:30+00:00,system,load15,3.01,dbms,tpc-ds,postgresql-plain-100gb-load,1,ip-172-31-23-167,olap,benchANT
2026-06-04 08:09:40+00:00,system,load15,3.02,dbms,tpc-ds,postgresql-plain-100gb-load,1,ip-172-31-23-167,olap,benchANT
2026-06-04 08:09:50+00:00,system,load15,3.03,dbms,tpc-ds,postgresql-plain-100gb-load,1,ip-172-31-23-167,olap,benchANT
2026-06-04 08:10:00+00:00,system,load15,3.04,dbms,tpc-ds,postgresql-plain-100gb-load,1,ip-172-31-23-167,olap,benchANT
2026-06-04 08:10:10+00:00,system,load15,3.05,dbms,tpc-ds,postgresql-plain-100gb-load,1,ip-172-31-23-167,olap,benchANT
2026-06-04 08:10:20+00:00,system,load15,3.06,dbms,tpc-ds,postgresql-plain-100gb-load,1,ip-172-31-23-167,olap,benchANT
2026-06-04 08:10:30+00:00,system,load15,3.07,dbms,tpc-ds,postgresql-plain-100gb-load,1,ip-172-31-23-167,olap,benchANT
2026-06-04 08:10:40+00:00,system,load15,3.08,dbms,tpc-ds,postgresql-plain-100gb-load,1,ip-172-31-23-167,olap,benchANT
2026-06-04 08:10:50+00:00,system,load15,3.09,dbms,tpc-ds,postgresql-plain-100gb-load,1,ip-172-31-23-167,olap,benchANT
2026-06-04 08:11:00+00:00,system,load15,3.1,dbms,tpc-ds,postgresql-plain-100gb-load,1,ip-172-31-23-167,olap,benchANT
2026-06-04 08:11:10+00:00,system,load15,3.11,dbms,tpc-ds,postgresql-plain-100gb-load,1,ip-172-31-23-167,olap,benchANT
2026-06-04 08:11:20+00:00,system,load15,3.12,dbms,tpc-ds,postgresql-plain-100gb-load,1,ip-172-31-23-167,olap,benchANT
2026-06-04 08:11:30+00:00,system,load15,3.13,dbms,tpc-ds,postgresql-plain-100gb-load,1,ip-172-31-23-167,olap,benchANT
2026-06-04 08:11:40+00:00,system,load15,3.14,dbms,tpc-ds,postgresql-plain-100gb-load,1,ip-172-31-23-167,olap,benchANT
2026-06-04 08:11:50+00:00,system,load15,3.15,dbms,tpc-ds,postgresql-plain-100gb-load,1,ip-172-31-23-167,olap,benchANT
2026-06-04 08:12:00+00:00,system,load15,3.17,dbms,tpc-ds,postgresql-plain-100gb-load,1,ip-172-31-23-167,olap,benchANT
2026-06-04 08:12:10+00:00,system,load15,3.18,dbms,tpc-ds,postgresql-plain-100gb-load,1,ip-172-31-23-167,olap,benchANT
2026-06-04 08:12:20+00:00,system,load15,3.19,dbms,tpc-ds,postgresql-plain-100gb-load,1,ip-172-31-23-167,olap,benchANT
2026-06-04 08:12:30+00:00,system,load15,3.2,dbms,tpc-ds,postgresql-plain-100gb-load,1,ip-172-31-23-167,olap,benchANT
2026-06-04 08:12:40+00:00,system,load15,3.2,dbms,tpc-ds,postgresql-plain-100gb-load,1,ip-172-31-23-167,olap,benchANT
2026-06-04 08:12:50+00:00,system,load15,3.21,dbms,tpc-ds,postgresql-plain-100gb-load,1,ip-172-31-23-167,olap,benchANT
2026-06-04 08:13:00+00:00,system,load15,3.22,dbms,tpc-ds,postgresql-plain-100gb-load,1,ip-172-31-23-167,olap,benchANT
2026-06-04 08:13:10+00:00,system,load15,3.23,dbms,tpc-ds,postgresql-plain-100gb-load,1,ip-172-31-23-167,olap,benchANT
2026-06-04 08:13:20+00:00,system,load15,3.24,dbms,tpc-ds,postgresql-plain-100gb-load,1,ip-172-31-23-167,olap,benchANT
2026-06-04 08:13:30+00:00,system,load15,3.25,dbms,tpc-ds,postgresql-plain-100gb-load,1,ip-172-31-23-167,olap,benchANT
2026-06-04 08:13:40+00:00,system,load15,3.26,dbms,tpc-ds,postgresql-plain-100gb-load,1,ip-172-31-23-167,olap,benchANT
2026-06-04 08:13:50+00:00,system,load15,3.27,dbms,tpc-ds,postgresql-plain-100gb-load,1,ip-172-31-23-167,olap,benchANT
2026-06-04 08:14:00+00:00,system,load15,3.27,dbms,tpc-ds,postgresql-plain-100gb-load,1,ip-172-31-23-167,olap,benchANT
2026-06-04 08:14:10+00:00,system,load15,3.28,dbms,tpc-ds,postgresql-plain-100gb-load,1,ip-172-31-23-167,olap,benchANT
2026-06-04 08:14:20+00:00,system,load15,3.29,dbms,tpc-ds,postgresql-plain-100gb-load,1,ip-172-31-23-167,olap,benchANT
2026-06-04 08:14:30+00:00,system,load15,3.3,dbms,tpc-ds,postgresql-plain-100gb-load,1,ip-172-31-23-167,olap,benchANT
2026-06-04 08:14:40+00:00,system,load15,3.31,dbms,tpc-ds,postgresql-plain-100gb-load,1,ip-172-31-23-167,olap,benchANT
2026-06-04 08:14:50+00:00,system,load15,3.31,dbms,tpc-ds,postgresql-plain-100gb-load,1,ip-172-31-23-167,olap,benchANT
2026-06-04 08:15:00+00:00,system,load15,3.32,dbms,tpc-ds,postgresql-plain-100gb-load,1,ip-172-31-23-167,olap,benchANT
2026-06-04 08:15:10+00:00,system,load15,3.33,dbms,tpc-ds,postgresql-plain-100gb-load,1,ip-172-31-23-167,olap,benchANT
2026-06-04 08:15:20+00:00,system,load15,3.34,dbms,tpc-ds,postgresql-plain-100gb-load,1,ip-172-31-23-167,olap,benchANT
2026-06-04 08:15:30+00:00,system,load15,3.34,dbms,tpc-ds,postgresql-plain-100gb-load,1,ip-172-31-23-167,olap,benchANT
2026-06-04 08:15:40+00:00,system,load15,3.35,dbms,tpc-ds,postgresql-plain-100gb-load,1,ip-172-31-23-167,olap,benchANT
2026-06-04 08:15:50+00:00,system,load15,3.36,dbms,tpc-ds,postgresql-plain-100gb-load,1,ip-172-31-23-167,olap,benchANT
2026-06-04 08:16:00+00:00,system,load15,3.37,dbms,tpc-ds,postgresql-plain-100gb-load,1,ip-172-31-23-167,olap,benchANT
2026-06-04 08:16:10+00:00,system,load15,3.38,dbms,tpc-ds,postgresql-plain-100gb-load,1,ip-172-31-23-167,olap,benchANT
2026-06-04 08:16:20+00:00,system,load15,3.39,dbms,tpc-ds,postgresql-plain-100gb-load,1,ip-172-31-23-167,olap,benchANT
2026-06-04 08:16:30+00:00,system,load15,3.39,dbms,tpc-ds,postgresql-plain-100gb-load,1,ip-172-31-23-167,olap,benchANT
2026-06-04 08:16:40+00:00,system,load15,3.4,dbms,tpc-ds,postgresql-plain-100gb-load,1,ip-172-31-23-167,olap,benchANT
2026-06-04 08:16:50+00:00,system,load15,3.41,dbms,tpc-ds,postgresql-plain-100gb-load,1,ip-172-31-23-167,olap,benchANT
2026-06-04 08:17:00+00:00,system,load15,3.41,dbms,tpc-ds,postgresql-plain-100gb-load,1,ip-172-31-23-167,olap,benchANT
2026-06-04 08:17:10+00:00,system,load15,3.42,dbms,tpc-ds,postgresql-plain-100gb-load,1,ip-172-31-23-167,olap,benchANT
2026-06-04 08:17:20+00:00,system,load15,3.43,dbms,tpc-ds,postgresql-plain-100gb-load,1,ip-172-31-23-167,olap,benchANT
2026-06-04 08:17:30+00:00,system,load15,3.43,dbms,tpc-ds,postgresql-plain-100gb-load,1,ip-172-31-23-167,olap,benchANT
2026-06-04 08:17:40+00:00,system,load15,3.44,dbms,tpc-ds,postgresql-plain-100gb-load,1,ip-172-31-23-167,olap,benchANT
2026-06-04 08:17:50+00:00,system,load15,3.45,dbms,tpc-ds,postgresql-plain-100gb-load,1,ip-172-31-23-167,olap,benchANT
2026-06-04 08:18:00+00:00,system,load15,3.45,dbms,tpc-ds,postgresql-plain-100gb-load,1,ip-172-31-23-167,olap,benchANT
2026-06-04 08:18:10+00:00,system,load15,3.46,dbms,tpc-ds,postgresql-plain-100gb-load,1,ip-172-31-23-167,olap,benchANT
2026-06-04 08:18:20+00:00,system,load15,3.47,dbms,tpc-ds,postgresql-plain-100gb-load,1,ip-172-31-23-167,olap,benchANT
2026-06-04 08:18:30+00:00,system,load15,3.47,dbms,tpc-ds,postgresql-plain-100gb-load,1,ip-172-31-23-167,olap,benchANT
2026-06-04 08:18:40+00:00,system,load15,3.48,dbms,tpc-ds,postgresql-plain-100gb-load,1,ip-172-31-23-167,olap,benchANT
2026-06-04 08:18:50+00:00,system,load15,3.48,dbms,tpc-ds,postgresql-plain-100gb-load,1,ip-172-31-23-167,olap,benchANT
2026-06-04 08:19:00+00:00,system,load15,3.5,dbms,tpc-ds,postgresql-plain-100gb-load,1,ip-172-31-23-167,olap,benchANT
2026-06-04 08:19:10+00:00,system,load15,3.5,dbms,tpc-ds,postgresql-plain-100gb-load,1,ip-172-31-23-167,olap,benchANT
2026-06-04 08:19:20+00:00,system,load15,3.51,dbms,tpc-ds,postgresql-plain-100gb-load,1,ip-172-31-23-167,olap,benchANT
2026-06-04 08:19:30+00:00,system,load15,3.51,dbms,tpc-ds,postgresql-plain-100gb-load,1,ip-172-31-23-167,olap,benchANT
2026-06-04 08:19:40+00:00,system,load15,3.52,dbms,tpc-ds,postgresql-plain-100gb-load,1,ip-172-31-23-167,olap,benchANT
2026-06-04 08:19:50+00:00,system,load15,3.52,dbms,tpc-ds,postgresql-plain-100gb-load,1,ip-172-31-23-167,olap,benchANT
2026-06-04 08:20:00+00:00,system,load15,3.53,dbms,tpc-ds,postgresql-plain-100gb-load,1,ip-172-31-23-167,olap,benchANT
2026-06-04 08:20:10+00:00,system,load15,3.54,dbms,tpc-ds,postgresql-plain-100gb-load,1,ip-172-31-23-167,olap,benchANT
2026-06-04 08:20:20+00:00,system,load15,3.54,dbms,tpc-ds,postgresql-plain-100gb-load,1,ip-172-31-23-167,olap,benchANT
2026-06-04 08:20:30+00:00,system,load15,3.55,dbms,tpc-ds,postgresql-plain-100gb-load,1,ip-172-31-23-167,olap,benchANT
2026-06-04 08:20:40+00:00,system,load15,3.55,dbms,tpc-ds,postgresql-plain-100gb-load,1,ip-172-31-23-167,olap,benchANT
2026-06-04 08:20:50+00:00,system,load15,3.56,dbms,tpc-ds,postgresql-plain-100gb-load,1,ip-172-31-23-167,olap,benchANT
2026-06-04 08:21:00+00:00,system,load15,3.57,dbms,tpc-ds,postgresql-plain-100gb-load,1,ip-172-31-23-167,olap,benchANT
2026-06-04 08:21:10+00:00,system,load15,3.57,dbms,tpc-ds,postgresql-plain-100gb-load,1,ip-172-31-23-167,olap,benchANT
2026-06-04 08:21:20+00:00,system,load15,3.58,dbms,tpc-ds,postgresql-plain-100gb-load,1,ip-172-31-23-167,olap,benchANT
2026-06-04 08:21:30+00:00,system,load15,3.58,dbms,tpc-ds,postgresql-plain-100gb-load,1,ip-172-31-23-167,olap,benchANT
2026-06-04 08:21:40+00:00,system,load15,3.59,dbms,tpc-ds,postgresql-plain-100gb-load,1,ip-172-31-23-167,olap,benchANT
2026-06-04 08:21:50+00:00,system,load15,3.59,dbms,tpc-ds,postgresql-plain-100gb-load,1,ip-172-31-23-167,olap,benchANT
2026-06-04 08:22:00+00:00,system,load15,3.6,dbms,tpc-ds,postgresql-plain-100gb-load,1,ip-172-31-23-167,olap,benchANT
2026-06-04 08:22:10+00:00,system,load15,3.6,dbms,tpc-ds,postgresql-plain-100gb-load,1,ip-172-31-23-167,olap,benchANT
2026-06-04 08:22:20+00:00,system,load15,3.61,dbms,tpc-ds,postgresql-plain-100gb-load,1,ip-172-31-23-167,olap,benchANT
2026-06-04 08:22:30+00:00,system,load15,3.62,dbms,tpc-ds,postgresql-plain-100gb-load,1,ip-172-31-23-167,olap,benchANT
2026-06-04 08:22:40+00:00,system,load15,3.63,dbms,tpc-ds,postgresql-plain-100gb-load,1,ip-172-31-23-167,olap,benchANT
2026-06-04 08:22:50+00:00,system,load15,3.63,dbms,tpc-ds,postgresql-plain-100gb-load,1,ip-172-31-23-167,olap,benchANT
2026-06-04 08:23:00+00:00,system,load15,3.64,dbms,tpc-ds,postgresql-plain-100gb-load,1,ip-172-31-23-167,olap,benchANT
2026-06-04 08:23:10+00:00,system,load15,3.64,dbms,tpc-ds,postgresql-plain-100gb-load,1,ip-172-31-23-167,olap,benchANT
2026-06-04 08:23:20+00:00,system,load15,3.65,dbms,tpc-ds,postgresql-plain-100gb-load,1,ip-172-31-23-167,olap,benchANT
2026-06-04 08:23:30+00:00,system,load15,3.65,dbms,tpc-ds,postgresql-plain-100gb-load,1,ip-172-31-23-167,olap,benchANT
2026-06-04 08:23:40+00:00,system,load15,3.65,dbms,tpc-ds,postgresql-plain-100gb-load,1,ip-172-31-23-167,olap,benchANT
2026-06-04 08:23:50+00:00,system,load15,3.66,dbms,tpc-ds,postgresql-plain-100gb-load,1,ip-172-31-23-167,olap,benchANT
2026-06-04 08:24:00+00:00,system,load15,3.66,dbms,tpc-ds,postgresql-plain-100gb-load,1,ip-172-31-23-167,olap,benchANT
2026-06-04 08:24:10+00:00,system,load15,3.66,dbms,tpc-ds,postgresql-plain-100gb-load,1,ip-172-31-23-167,olap,benchANT
2026-06-04 08:24:20+00:00,system,load15,3.67,dbms,tpc-ds,postgresql-plain-100gb-load,1,ip-172-31-23-167,olap,benchANT
2026-06-04 08:24:30+00:00,system,load15,3.67,dbms,tpc-ds,postgresql-plain-100gb-load,1,ip-172-31-23-167,olap,benchANT
2026-06-04 08:24:40+00:00,system,load15,3.68,dbms,tpc-ds,postgresql-plain-100gb-load,1,ip-172-31-23-167,olap,benchANT
2026-06-04 08:24:50+00:00,system,load15,3.68,dbms,tpc-ds,postgresql-plain-100gb-load,1,ip-172-31-23-167,olap,benchANT
2026-06-04 08:25:00+00:00,system,load15,3.68,dbms,tpc-ds,postgresql-plain-100gb-load,1,ip-172-31-23-167,olap,benchANT
2026-06-04 08:25:10+00:00,system,load15,3.69,dbms,tpc-ds,postgresql-plain-100gb-load,1,ip-172-31-23-167,olap,benchANT
2026-06-04 08:25:20+00:00,system,load15,3.69,dbms,tpc-ds,postgresql-plain-100gb-load,1,ip-172-31-23-167,olap,benchANT
2026-06-04 08:25:30+00:00,system,load15,3.7,dbms,tpc-ds,postgresql-plain-100gb-load,1,ip-172-31-23-167,olap,benchANT
2026-06-04 08:25:40+00:00,system,load15,3.7,dbms,tpc-ds,postgresql-plain-100gb-load,1,ip-172-31-23-167,olap,benchANT
2026-06-04 08:25:50+00:00,system,load15,3.7,dbms,tpc-ds,postgresql-plain-100gb-load,1,ip-172-31-23-167,olap,benchANT
2026-06-04 08:26:00+00:00,system,load15,3.71,dbms,tpc-ds,postgresql-plain-100gb-load,1,ip-172-31-23-167,olap,benchANT
2026-06-04 08:26:10+00:00,system,load15,3.71,dbms,tpc-ds,postgresql-plain-100gb-load,1,ip-172-31-23-167,olap,benchANT
2026-06-04 08:26:20+00:00,system,load15,3.72,dbms,tpc-ds,postgresql-plain-100gb-load,1,ip-172-31-23-167,olap,benchANT
2026-06-04 08:26:30+00:00,system,load15,3.72,dbms,tpc-ds,postgresql-plain-100gb-load,1,ip-172-31-23-167,olap,benchANT
2026-06-04 08:26:40+00:00,system,load15,3.71,dbms,tpc-ds,postgresql-plain-100gb-load,1,ip-172-31-23-167,olap,benchANT
2026-06-04 08:26:50+00:00,system,load15,3.72,dbms,tpc-ds,postgresql-plain-100gb-load,1,ip-172-31-23-167,olap,benchANT
2026-06-04 08:27:00+00:00,system,load15,3.72,dbms,tpc-ds,postgresql-plain-100gb-load,1,ip-172-31-23-167,olap,benchANT
2026-06-04 08:27:10+00:00,system,load15,3.72,dbms,tpc-ds,postgresql-plain-100gb-load,1,ip-172-31-23-167,olap,benchANT
2026-06-04 08:27:20+00:00,system,load15,3.73,dbms,tpc-ds,postgresql-plain-100gb-load,1,ip-172-31-23-167,olap,benchANT
2026-06-04 08:27:30+00:00,system,load15,3.73,dbms,tpc-ds,postgresql-plain-100gb-load,1,ip-172-31-23-167,olap,benchANT
2026-06-04 08:27:40+00:00,system,load15,3.73,dbms,tpc-ds,postgresql-plain-100gb-load,1,ip-172-31-23-167,olap,benchANT
2026-06-04 08:27:50+00:00,system,load15,3.74,dbms,tpc-ds,postgresql-plain-100gb-load,1,ip-172-31-23-167,olap,benchANT
2026-06-04 08:28:00+00:00,system,load15,3.74,dbms,tpc-ds,postgresql-plain-100gb-load,1,ip-172-31-23-167,olap,benchANT
2026-06-04 08:28:10+00:00,system,load15,3.74,dbms,tpc-ds,postgresql-plain-100gb-load,1,ip-172-31-23-167,olap,benchANT
2026-06-04 08:28:20+00:00,system,load15,3.75,dbms,tpc-ds,postgresql-plain-100gb-load,1,ip-172-31-23-167,olap,benchANT
2026-06-04 08:28:30+00:00,system,load15,3.75,dbms,tpc-ds,postgresql-plain-100gb-load,1,ip-172-31-23-167,olap,benchANT
2026-06-04 08:28:40+00:00,system,load15,3.77,dbms,tpc-ds,postgresql-plain-100gb-load,1,ip-172-31-23-167,olap,benchANT
2026-06-04 08:28:50+00:00,system,load15,3.78,dbms,tpc-ds,postgresql-plain-100gb-load,1,ip-172-31-23-167,olap,benchANT
2026-06-04 08:29:00+00:00,system,load15,3.79,dbms,tpc-ds,postgresql-plain-100gb-load,1,ip-172-31-23-167,olap,benchANT
2026-06-04 08:29:10+00:00,system,load15,3.81,dbms,tpc-ds,postgresql-plain-100gb-load,1,ip-172-31-23-167,olap,benchANT
2026-06-04 08:29:20+00:00,system,load15,3.82,dbms,tpc-ds,postgresql-plain-100gb-load,1,ip-172-31-23-167,olap,benchANT
2026-06-04 08:29:30+00:00,system,load15,3.83,dbms,tpc-ds,postgresql-plain-100gb-load,1,ip-172-31-23-167,olap,benchANT
2026-06-04 08:29:40+00:00,system,load15,3.85,dbms,tpc-ds,postgresql-plain-100gb-load,1,ip-172-31-23-167,olap,benchANT
2026-06-04 08:29:50+00:00,system,load15,3.86,dbms,tpc-ds,postgresql-plain-100gb-load,1,ip-172-31-23-167,olap,benchANT
2026-06-04 08:30:00+00:00,system,load15,3.87,dbms,tpc-ds,postgresql-plain-100gb-load,1,ip-172-31-23-167,olap,benchANT
2026-06-04 08:30:10+00:00,system,load15,3.89,dbms,tpc-ds,postgresql-plain-100gb-load,1,ip-172-31-23-167,olap,benchANT
2026-06-04 08:30:20+00:00,system,load15,3.9,dbms,tpc-ds,postgresql-plain-100gb-load,1,ip-172-31-23-167,olap,benchANT
2026-06-04 08:30:30+00:00,system,load15,3.91,dbms,tpc-ds,postgresql-plain-100gb-load,1,ip-172-31-23-167,olap,benchANT
2026-06-04 08:30:40+00:00,system,load15,3.92,dbms,tpc-ds,postgresql-plain-100gb-load,1,ip-172-31-23-167,olap,benchANT
2026-06-04 08:30:50+00:00,system,load15,3.93,dbms,tpc-ds,postgresql-plain-100gb-load,1,ip-172-31-23-167,olap,benchANT
2026-06-04 08:31:00+00:00,system,load15,3.95,dbms,tpc-ds,postgresql-plain-100gb-load,1,ip-172-31-23-167,olap,benchANT
2026-06-04 08:31:10+00:00,system,load15,3.96,dbms,tpc-ds,postgresql-plain-100gb-load,1,ip-172-31-23-167,olap,benchANT
2026-06-04 08:31:20+00:00,system,load15,3.97,dbms,tpc-ds,postgresql-plain-100gb-load,1,ip-172-31-23-167,olap,benchANT
2026-06-04 08:31:30+00:00,system,load15,3.98,dbms,tpc-ds,postgresql-plain-100gb-load,1,ip-172-31-23-167,olap,benchANT
2026-06-04 08:31:40+00:00,system,load15,3.99,dbms,tpc-ds,postgresql-plain-100gb-load,1,ip-172-31-23-167,olap,benchANT
2026-06-04 08:31:50+00:00,system,load15,4.0,dbms,tpc-ds,postgresql-plain-100gb-load,1,ip-172-31-23-167,olap,benchANT
2026-06-04 08:32:00+00:00,system,load15,4.02,dbms,tpc-ds,postgresql-plain-100gb-load,1,ip-172-31-23-167,olap,benchANT
2026-06-04 08:32:10+00:00,system,load15,4.03,dbms,tpc-ds,postgresql-plain-100gb-load,1,ip-172-31-23-167,olap,benchANT
2026-06-04 08:32:20+00:00,system,load15,4.05,dbms,tpc-ds,postgresql-plain-100gb-load,1,ip-172-31-23-167,olap,benchANT
2026-06-04 08:32:30+00:00,system,load15,4.06,dbms,tpc-ds,postgresql-plain-100gb-load,1,ip-172-31-23-167,olap,benchANT
2026-06-04 08:32:40+00:00,system,load15,4.07,dbms,tpc-ds,postgresql-plain-100gb-load,1,ip-172-31-23-167,olap,benchANT
2026-06-04 08:32:50+00:00,system,load15,4.08,dbms,tpc-ds,postgresql-plain-100gb-load,1,ip-172-31-23-167,olap,benchANT
2026-06-04 08:33:00+00:00,system,load15,4.09,dbms,tpc-ds,postgresql-plain-100gb-load,1,ip-172-31-23-167,olap,benchANT
2026-06-04 08:33:10+00:00,system,load15,4.11,dbms,tpc-ds,postgresql-plain-100gb-load,1,ip-172-31-23-167,olap,benchANT
2026-06-04 08:33:20+00:00,system,load15,4.12,dbms,tpc-ds,postgresql-plain-100gb-load,1,ip-172-31-23-167,olap,benchANT
2026-06-04 08:33:30+00:00,system,load15,4.13,dbms,tpc-ds,postgresql-plain-100gb-load,1,ip-172-31-23-167,olap,benchANT
2026-06-04 08:33:40+00:00,system,load15,4.14,dbms,tpc-ds,postgresql-plain-100gb-load,1,ip-172-31-23-167,olap,benchANT
2026-06-04 08:33:50+00:00,system,load15,4.16,dbms,tpc-ds,postgresql-plain-100gb-load,1,ip-172-31-23-167,olap,benchANT
2026-06-04 08:34:00+00:00,system,load15,4.18,dbms,tpc-ds,postgresql-plain-100gb-load,1,ip-172-31-23-167,olap,benchANT
2026-06-04 08:34:10+00:00,system,load15,4.18,dbms,tpc-ds,postgresql-plain-100gb-load,1,ip-172-31-23-167,olap,benchANT
2026-06-04 08:34:20+00:00,system,load15,4.2,dbms,tpc-ds,postgresql-plain-100gb-load,1,ip-172-31-23-167,olap,benchANT
2026-06-04 08:34:30+00:00,system,load15,4.22,dbms,tpc-ds,postgresql-plain-100gb-load,1,ip-172-31-23-167,olap,benchANT
2026-06-04 08:34:40+00:00,system,load15,4.24,dbms,tpc-ds,postgresql-plain-100gb-load,1,ip-172-31-23-167,olap,benchANT
2026-06-04 08:34:50+00:00,system,load15,4.25,dbms,tpc-ds,postgresql-plain-100gb-load,1,ip-172-31-23-167,olap,benchANT
2026-06-04 08:35:00+00:00,system,load15,4.26,dbms,tpc-ds,postgresql-plain-100gb-load,1,ip-172-31-23-167,olap,benchANT
2026-06-04 08:35:10+00:00,system,load15,4.27,dbms,tpc-ds,postgresql-plain-100gb-load,1,ip-172-31-23-167,olap,benchANT
2026-06-04 08:35:20+00:00,system,load15,4.28,dbms,tpc-ds,postgresql-plain-100gb-load,1,ip-172-31-23-167,olap,benchANT
2026-06-04 08:35:30+00:00,system,load15,4.29,dbms,tpc-ds,postgresql-plain-100gb-load,1,ip-172-31-23-167,olap,benchANT
2026-06-04 08:35:40+00:00,system,load15,4.29,dbms,tpc-ds,postgresql-plain-100gb-load,1,ip-172-31-23-167,olap,benchANT
2026-06-04 08:35:50+00:00,system,load15,4.3,dbms,tpc-ds,postgresql-plain-100gb-load,1,ip-172-31-23-167,olap,benchANT
2026-06-04 08:36:00+00:00,system,load15,4.31,dbms,tpc-ds,postgresql-plain-100gb-load,1,ip-172-31-23-167,olap,benchANT
2026-06-04 08:36:10+00:00,system,load15,4.32,dbms,tpc-ds,postgresql-plain-100gb-load,1,ip-172-31-23-167,olap,benchANT
2026-06-04 08:36:20+00:00,system,load15,4.33,dbms,tpc-ds,postgresql-plain-100gb-load,1,ip-172-31-23-167,olap,benchANT
2026-06-04 08:36:30+00:00,system,load15,4.33,dbms,tpc-ds,postgresql-plain-100gb-load,1,ip-172-31-23-167,olap,benchANT
2026-06-04 08:36:40+00:00,system,load15,4.34,dbms,tpc-ds,postgresql-plain-100gb-load,1,ip-172-31-23-167,olap,benchANT
2026-06-04 08:36:50+00:00,system,load15,4.35,dbms,tpc-ds,postgresql-plain-100gb-load,1,ip-172-31-23-167,olap,benchANT
2026-06-04 08:37:00+00:00,system,load15,4.36,dbms,tpc-ds,postgresql-plain-100gb-load,1,ip-172-31-23-167,olap,benchANT
2026-06-04 08:37:10+00:00,system,load15,4.37,dbms,tpc-ds,postgresql-plain-100gb-load,1,ip-172-31-23-167,olap,benchANT
2026-06-04 08:37:20+00:00,system,load15,4.37,dbms,tpc-ds,postgresql-plain-100gb-load,1,ip-172-31-23-167,olap,benchANT
2026-06-04 08:37:30+00:00,system,load15,4.38,dbms,tpc-ds,postgresql-plain-100gb-load,1,ip-172-31-23-167,olap,benchANT
2026-06-04 08:37:40+00:00,system,load15,4.39,dbms,tpc-ds,postgresql-plain-100gb-load,1,ip-172-31-23-167,olap,benchANT
2026-06-04 08:37:50+00:00,system,load15,4.4,dbms,tpc-ds,postgresql-plain-100gb-load,1,ip-172-31-23-167,olap,benchANT
2026-06-04 08:38:00+00:00,system,load15,4.4,dbms,tpc-ds,postgresql-plain-100gb-load,1,ip-172-31-23-167,olap,benchANT
2026-06-04 08:38:10+00:00,system,load15,4.41,dbms,tpc-ds,postgresql-plain-100gb-load,1,ip-172-31-23-167,olap,benchANT
2026-06-04 08:38:20+00:00,system,load15,4.42,dbms,tpc-ds,postgresql-plain-100gb-load,1,ip-172-31-23-167,olap,benchANT
2026-06-04 08:38:30+00:00,system,load15,4.43,dbms,tpc-ds,postgresql-plain-100gb-load,1,ip-172-31-23-167,olap,benchANT
2026-06-04 08:38:40+00:00,system,load15,4.44,dbms,tpc-ds,postgresql-plain-100gb-load,1,ip-172-31-23-167,olap,benchANT
2026-06-04 08:38:50+00:00,system,load15,4.44,dbms,tpc-ds,postgresql-plain-100gb-load,1,ip-172-31-23-167,olap,benchANT
2026-06-04 08:39:00+00:00,system,load15,4.45,dbms,tpc-ds,postgresql-plain-100gb-load,1,ip-172-31-23-167,olap,benchANT
2026-06-04 08:39:10+00:00,system,load15,4.46,dbms,tpc-ds,postgresql-plain-100gb-load,1,ip-172-31-23-167,olap,benchANT
2026-06-04 08:39:20+00:00,system,load15,4.46,dbms,tpc-ds,postgresql-plain-100gb-load,1,ip-172-31-23-167,olap,benchANT
2026-06-04 08:39:30+00:00,system,load15,4.47,dbms,tpc-ds,postgresql-plain-100gb-load,1,ip-172-31-23-167,olap,benchANT
2026-06-04 08:39:40+00:00,system,load15,4.47,dbms,tpc-ds,postgresql-plain-100gb-load,1,ip-172-31-23-167,olap,benchANT
2026-06-04 08:39:50+00:00,system,load15,4.48,dbms,tpc-ds,postgresql-plain-100gb-load,1,ip-172-31-23-167,olap,benchANT
2026-06-04 08:40:00+00:00,system,load15,4.44,dbms,tpc-ds,postgresql-plain-100gb-load,1,ip-172-31-23-167,olap,benchANT
2026-06-04 08:40:10+00:00,system,load15,4.43,dbms,tpc-ds,postgresql-plain-100gb-load,1,ip-172-31-23-167,olap,benchANT
2026-06-04 08:40:20+00:00,system,load15,4.43,dbms,tpc-ds,postgresql-plain-100gb-load,1,ip-172-31-23-167,olap,benchANT
2026-06-04 08:40:30+00:00,system,load15,4.44,dbms,tpc-ds,postgresql-plain-100gb-load,1,ip-172-31-23-167,olap,benchANT
2026-06-04 08:40:40+00:00,system,load15,4.45,dbms,tpc-ds,postgresql-plain-100gb-load,1,ip-172-31-23-167,olap,benchANT
2026-06-04 08:40:50+00:00,system,load15,4.45,dbms,tpc-ds,postgresql-plain-100gb-load,1,ip-172-31-23-167,olap,benchANT
2026-06-04 08:41:00+00:00,system,load15,4.46,dbms,tpc-ds,postgresql-plain-100gb-load,1,ip-172-31-23-167,olap,benchANT
2026-06-04 08:41:10+00:00,system,load15,4.47,dbms,tpc-ds,postgresql-plain-100gb-load,1,ip-172-31-23-167,olap,benchANT
2026-06-04 08:41:20+00:00,system,load15,4.47,dbms,tpc-ds,postgresql-plain-100gb-load,1,ip-172-31-23-167,olap,benchANT
2026-06-04 08:41:30+00:00,system,load15,4.48,dbms,tpc-ds,postgresql-plain-100gb-load,1,ip-172-31-23-167,olap,benchANT
2026-06-04 08:41:40+00:00,system,load15,4.48,dbms,tpc-ds,postgresql-plain-100gb-load,1,ip-172-31-23-167,olap,benchANT
2026-06-04 08:41:50+00:00,system,load15,4.49,dbms,tpc-ds,postgresql-plain-100gb-load,1,ip-172-31-23-167,olap,benchANT
2026-06-04 08:42:00+00:00,system,load15,4.5,dbms,tpc-ds,postgresql-plain-100gb-load,1,ip-172-31-23-167,olap,benchANT
2026-06-04 08:42:10+00:00,system,load15,4.5,dbms,tpc-ds,postgresql-plain-100gb-load,1,ip-172-31-23-167,olap,benchANT
2026-06-04 08:42:20+00:00,system,load15,4.51,dbms,tpc-ds,postgresql-plain-100gb-load,1,ip-172-31-23-167,olap,benchANT
2026-06-04 08:42:30+00:00,system,load15,4.51,dbms,tpc-ds,postgresql-plain-100gb-load,1,ip-172-31-23-167,olap,benchANT
2026-06-04 08:42:40+00:00,system,load15,4.52,dbms,tpc-ds,postgresql-plain-100gb-load,1,ip-172-31-23-167,olap,benchANT
2026-06-04 08:42:50+00:00,system,load15,4.53,dbms,tpc-ds,postgresql-plain-100gb-load,1,ip-172-31-23-167,olap,benchANT
2026-06-04 08:43:00+00:00,system,load15,4.53,dbms,tpc-ds,postgresql-plain-100gb-load,1,ip-172-31-23-167,olap,benchANT
2026-06-04 08:43:10+00:00,system,load15,4.54,dbms,tpc-ds,postgresql-plain-100gb-load,1,ip-172-31-23-167,olap,benchANT
2026-06-04 08:43:20+00:00,system,load15,4.54,dbms,tpc-ds,postgresql-plain-100gb-load,1,ip-172-31-23-167,olap,benchANT
2026-06-04 08:43:30+00:00,system,load15,4.55,dbms,tpc-ds,postgresql-plain-100gb-load,1,ip-172-31-23-167,olap,benchANT
2026-06-04 08:43:40+00:00,system,load15,4.55,dbms,tpc-ds,postgresql-plain-100gb-load,1,ip-172-31-23-167,olap,benchANT
2026-06-04 08:43:50+00:00,system,load15,4.56,dbms,tpc-ds,postgresql-plain-100gb-load,1,ip-172-31-23-167,olap,benchANT
2026-06-04 08:44:00+00:00,system,load15,4.56,dbms,tpc-ds,postgresql-plain-100gb-load,1,ip-172-31-23-167,olap,benchANT
2026-06-04 08:44:10+00:00,system,load15,4.57,dbms,tpc-ds,postgresql-plain-100gb-load,1,ip-172-31-23-167,olap,benchANT
2026-06-04 08:44:20+00:00,system,load15,4.57,dbms,tpc-ds,postgresql-plain-100gb-load,1,ip-172-31-23-167,olap,benchANT
2026-06-04 08:44:30+00:00,system,load15,4.58,dbms,tpc-ds,postgresql-plain-100gb-load,1,ip-172-31-23-167,olap,benchANT
2026-06-04 08:44:40+00:00,system,load15,4.58,dbms,tpc-ds,postgresql-plain-100gb-load,1,ip-172-31-23-167,olap,benchANT
2026-06-04 08:44:50+00:00,system,load15,4.59,dbms,tpc-ds,postgresql-plain-100gb-load,1,ip-172-31-23-167,olap,benchANT
2026-06-04 08:45:00+00:00,system,load15,4.59,dbms,tpc-ds,postgresql-plain-100gb-load,1,ip-172-31-23-167,olap,benchANT
2026-06-04 08:45:10+00:00,system,load15,4.6,dbms,tpc-ds,postgresql-plain-100gb-load,1,ip-172-31-23-167,olap,benchANT
2026-06-04 08:45:20+00:00,system,load15,4.6,dbms,tpc-ds,postgresql-plain-100gb-load,1,ip-172-31-23-167,olap,benchANT
2026-06-04 08:45:30+00:00,system,load15,4.61,dbms,tpc-ds,postgresql-plain-100gb-load,1,ip-172-31-23-167,olap,benchANT
2026-06-04 08:45:40+00:00,system,load15,4.61,dbms,tpc-ds,postgresql-plain-100gb-load,1,ip-172-31-23-167,olap,benchANT
2026-06-04 08:45:50+00:00,system,load15,4.62,dbms,tpc-ds,postgresql-plain-100gb-load,1,ip-172-31-23-167,olap,benchANT
2026-06-04 08:46:00+00:00,system,load15,4.62,dbms,tpc-ds,postgresql-plain-100gb-load,1,ip-172-31-23-167,olap,benchANT
2026-06-04 08:46:10+00:00,system,load15,4.63,dbms,tpc-ds,postgresql-plain-100gb-load,1,ip-172-31-23-167,olap,benchANT
2026-06-04 08:46:20+00:00,system,load15,4.63,dbms,tpc-ds,postgresql-plain-100gb-load,1,ip-172-31-23-167,olap,benchANT
2026-06-04 08:46:30+00:00,system,load15,4.64,dbms,tpc-ds,postgresql-plain-100gb-load,1,ip-172-31-23-167,olap,benchANT
2026-06-04 08:46:40+00:00,system,load15,4.64,dbms,tpc-ds,postgresql-plain-100gb-load,1,ip-172-31-23-167,olap,benchANT
2026-06-04 08:46:50+00:00,system,load15,4.64,dbms,tpc-ds,postgresql-plain-100gb-load,1,ip-172-31-23-167,olap,benchANT
2026-06-04 08:47:00+00:00,system,load15,4.65,dbms,tpc-ds,postgresql-plain-100gb-load,1,ip-172-31-23-167,olap,benchANT
2026-06-04 08:47:10+00:00,system,load15,4.65,dbms,tpc-ds,postgresql-plain-100gb-load,1,ip-172-31-23-167,olap,benchANT
2026-06-04 08:47:20+00:00,system,load15,4.66,dbms,tpc-ds,postgresql-plain-100gb-load,1,ip-172-31-23-167,olap,benchANT
2026-06-04 08:47:30+00:00,system,load15,4.66,dbms,tpc-ds,postgresql-plain-100gb-load,1,ip-172-31-23-167,olap,benchANT
2026-06-04 08:47:40+00:00,system,load15,4.66,dbms,tpc-ds,postgresql-plain-100gb-load,1,ip-172-31-23-167,olap,benchANT
2026-06-04 08:47:50+00:00,system,load15,4.67,dbms,tpc-ds,postgresql-plain-100gb-load,1,ip-172-31-23-167,olap,benchANT
2026-06-04 08:48:00+00:00,system,load15,4.67,dbms,tpc-ds,postgresql-plain-100gb-load,1,ip-172-31-23-167,olap,benchANT
2026-06-04 08:48:10+00:00,system,load15,4.68,dbms,tpc-ds,postgresql-plain-100gb-load,1,ip-172-31-23-167,olap,benchANT
2026-06-04 08:48:20+00:00,system,load15,4.68,dbms,tpc-ds,postgresql-plain-100gb-load,1,ip-172-31-23-167,olap,benchANT
2026-06-04 08:48:30+00:00,system,load15,4.68,dbms,tpc-ds,postgresql-plain-100gb-load,1,ip-172-31-23-167,olap,benchANT
2026-06-04 08:48:40+00:00,system,load15,4.69,dbms,tpc-ds,postgresql-plain-100gb-load,1,ip-172-31-23-167,olap,benchANT
2026-06-04 08:48:50+00:00,system,load15,4.69,dbms,tpc-ds,postgresql-plain-100gb-load,1,ip-172-31-23-167,olap,benchANT
2026-06-04 08:49:00+00:00,system,load15,4.7,dbms,tpc-ds,postgresql-plain-100gb-load,1,ip-172-31-23-167,olap,benchANT
2026-06-04 08:49:10+00:00,system,load15,4.7,dbms,tpc-ds,postgresql-plain-100gb-load,1,ip-172-31-23-167,olap,benchANT
2026-06-04 08:49:20+00:00,system,load15,4.71,dbms,tpc-ds,postgresql-plain-100gb-load,1,ip-172-31-23-167,olap,benchANT
2026-06-04 08:49:30+00:00,system,load15,4.71,dbms,tpc-ds,postgresql-plain-100gb-load,1,ip-172-31-23-167,olap,benchANT
2026-06-04 08:49:40+00:00,system,load15,4.72,dbms,tpc-ds,postgresql-plain-100gb-load,1,ip-172-31-23-167,olap,benchANT
2026-06-04 08:49:50+00:00,system,load15,4.72,dbms,tpc-ds,postgresql-plain-100gb-load,1,ip-172-31-23-167,olap,benchANT
2026-06-04 08:50:00+00:00,system,load15,4.72,dbms,tpc-ds,postgresql-plain-100gb-load,1,ip-172-31-23-167,olap,benchANT
2026-06-04 08:50:10+00:00,system,load15,4.73,dbms,tpc-ds,postgresql-plain-100gb-load,1,ip-172-31-23-167,olap,benchANT
2026-06-04 08:50:20+00:00,system,load15,4.74,dbms,tpc-ds,postgresql-plain-100gb-load,1,ip-172-31-23-167,olap,benchANT
2026-06-04 08:50:30+00:00,system,load15,4.74,dbms,tpc-ds,postgresql-plain-100gb-load,1,ip-172-31-23-167,olap,benchANT
2026-06-04 08:50:40+00:00,system,load15,4.74,dbms,tpc-ds,postgresql-plain-100gb-load,1,ip-172-31-23-167,olap,benchANT
2026-06-04 08:50:50+00:00,system,load15,4.72,dbms,tpc-ds,postgresql-plain-100gb-load,1,ip-172-31-23-167,olap,benchANT
2026-06-04 07:50:00+00:00,system,load5,0.07,dbms,tpc-ds,postgresql-plain-100gb-load,1,ip-172-31-23-167,olap,benchANT
2026-06-04 07:50:10+00:00,system,load5,0.23,dbms,tpc-ds,postgresql-plain-100gb-load,1,ip-172-31-23-167,olap,benchANT
2026-06-04 07:50:20+00:00,system,load5,0.39,dbms,tpc-ds,postgresql-plain-100gb-load,1,ip-172-31-23-167,olap,benchANT
2026-06-04 07:50:30+00:00,system,load5,0.54,dbms,tpc-ds,postgresql-plain-100gb-load,1,ip-172-31-23-167,olap,benchANT
2026-06-04 07:50:40+00:00,system,load5,0.69,dbms,tpc-ds,postgresql-plain-100gb-load,1,ip-172-31-23-167,olap,benchANT
2026-06-04 07:50:50+00:00,system,load5,0.83,dbms,tpc-ds,postgresql-plain-100gb-load,1,ip-172-31-23-167,olap,benchANT
2026-06-04 07:51:00+00:00,system,load5,0.97,dbms,tpc-ds,postgresql-plain-100gb-load,1,ip-172-31-23-167,olap,benchANT
2026-06-04 07:51:10+00:00,system,load5,1.1,dbms,tpc-ds,postgresql-plain-100gb-load,1,ip-172-31-23-167,olap,benchANT
2026-06-04 07:51:20+00:00,system,load5,1.23,dbms,tpc-ds,postgresql-plain-100gb-load,1,ip-172-31-23-167,olap,benchANT
2026-06-04 07:51:30+00:00,system,load5,1.35,dbms,tpc-ds,postgresql-plain-100gb-load,1,ip-172-31-23-167,olap,benchANT
2026-06-04 07:51:40+00:00,system,load5,1.47,dbms,tpc-ds,postgresql-plain-100gb-load,1,ip-172-31-23-167,olap,benchANT
2026-06-04 07:51:50+00:00,system,load5,1.59,dbms,tpc-ds,postgresql-plain-100gb-load,1,ip-172-31-23-167,olap,benchANT
2026-06-04 07:52:00+00:00,system,load5,1.7,dbms,tpc-ds,postgresql-plain-100gb-load,1,ip-172-31-23-167,olap,benchANT
2026-06-04 07:52:10+00:00,system,load5,1.81,dbms,tpc-ds,postgresql-plain-100gb-load,1,ip-172-31-23-167,olap,benchANT
2026-06-04 07:52:20+00:00,system,load5,1.93,dbms,tpc-ds,postgresql-plain-100gb-load,1,ip-172-31-23-167,olap,benchANT
2026-06-04 07:52:30+00:00,system,load5,2.04,dbms,tpc-ds,postgresql-plain-100gb-load,1,ip-172-31-23-167,olap,benchANT
2026-06-04 07:52:40+00:00,system,load5,2.13,dbms,tpc-ds,postgresql-plain-100gb-load,1,ip-172-31-23-167,olap,benchANT
2026-06-04 07:52:50+00:00,system,load5,2.23,dbms,tpc-ds,postgresql-plain-100gb-load,1,ip-172-31-23-167,olap,benchANT
2026-06-04 07:53:00+00:00,system,load5,2.32,dbms,tpc-ds,postgresql-plain-100gb-load,1,ip-172-31-23-167,olap,benchANT
2026-06-04 07:53:10+00:00,system,load5,2.41,dbms,tpc-ds,postgresql-plain-100gb-load,1,ip-172-31-23-167,olap,benchANT
2026-06-04 07:53:20+00:00,system,load5,2.5,dbms,tpc-ds,postgresql-plain-100gb-load,1,ip-172-31-23-167,olap,benchANT
2026-06-04 07:53:30+00:00,system,load5,2.58,dbms,tpc-ds,postgresql-plain-100gb-load,1,ip-172-31-23-167,olap,benchANT
2026-06-04 07:53:40+00:00,system,load5,2.66,dbms,tpc-ds,postgresql-plain-100gb-load,1,ip-172-31-23-167,olap,benchANT
2026-06-04 07:53:50+00:00,system,load5,2.74,dbms,tpc-ds,postgresql-plain-100gb-load,1,ip-172-31-23-167,olap,benchANT
2026-06-04 07:54:00+00:00,system,load5,2.81,dbms,tpc-ds,postgresql-plain-100gb-load,1,ip-172-31-23-167,olap,benchANT
2026-06-04 07:54:10+00:00,system,load5,2.88,dbms,tpc-ds,postgresql-plain-100gb-load,1,ip-172-31-23-167,olap,benchANT
2026-06-04 07:54:20+00:00,system,load5,2.95,dbms,tpc-ds,postgresql-plain-100gb-load,1,ip-172-31-23-167,olap,benchANT
2026-06-04 07:54:30+00:00,system,load5,3.04,dbms,tpc-ds,postgresql-plain-100gb-load,1,ip-172-31-23-167,olap,benchANT
2026-06-04 07:54:40+00:00,system,load5,3.1,dbms,tpc-ds,postgresql-plain-100gb-load,1,ip-172-31-23-167,olap,benchANT
2026-06-04 07:54:50+00:00,system,load5,3.17,dbms,tpc-ds,postgresql-plain-100gb-load,1,ip-172-31-23-167,olap,benchANT
2026-06-04 07:55:00+00:00,system,load5,3.23,dbms,tpc-ds,postgresql-plain-100gb-load,1,ip-172-31-23-167,olap,benchANT
2026-06-04 07:55:10+00:00,system,load5,3.29,dbms,tpc-ds,postgresql-plain-100gb-load,1,ip-172-31-23-167,olap,benchANT
2026-06-04 07:55:20+00:00,system,load5,3.34,dbms,tpc-ds,postgresql-plain-100gb-load,1,ip-172-31-23-167,olap,benchANT
2026-06-04 07:55:30+00:00,system,load5,3.33,dbms,tpc-ds,postgresql-plain-100gb-load,1,ip-172-31-23-167,olap,benchANT
2026-06-04 07:55:40+00:00,system,load5,3.35,dbms,tpc-ds,postgresql-plain-100gb-load,1,ip-172-31-23-167,olap,benchANT
2026-06-04 07:55:50+00:00,system,load5,3.37,dbms,tpc-ds,postgresql-plain-100gb-load,1,ip-172-31-23-167,olap,benchANT
2026-06-04 07:56:00+00:00,system,load5,3.4,dbms,tpc-ds,postgresql-plain-100gb-load,1,ip-172-31-23-167,olap,benchANT
2026-06-04 07:56:10+00:00,system,load5,3.42,dbms,tpc-ds,postgresql-plain-100gb-load,1,ip-172-31-23-167,olap,benchANT
2026-06-04 07:56:20+00:00,system,load5,3.44,dbms,tpc-ds,postgresql-plain-100gb-load,1,ip-172-31-23-167,olap,benchANT
2026-06-04 07:56:30+00:00,system,load5,3.47,dbms,tpc-ds,postgresql-plain-100gb-load,1,ip-172-31-23-167,olap,benchANT
2026-06-04 07:56:40+00:00,system,load5,3.51,dbms,tpc-ds,postgresql-plain-100gb-load,1,ip-172-31-23-167,olap,benchANT
2026-06-04 07:56:50+00:00,system,load5,3.52,dbms,tpc-ds,postgresql-plain-100gb-load,1,ip-172-31-23-167,olap,benchANT
2026-06-04 07:57:00+00:00,system,load5,3.54,dbms,tpc-ds,postgresql-plain-100gb-load,1,ip-172-31-23-167,olap,benchANT
2026-06-04 07:57:10+00:00,system,load5,3.55,dbms,tpc-ds,postgresql-plain-100gb-load,1,ip-172-31-23-167,olap,benchANT
2026-06-04 07:57:20+00:00,system,load5,3.57,dbms,tpc-ds,postgresql-plain-100gb-load,1,ip-172-31-23-167,olap,benchANT
2026-06-04 07:57:30+00:00,system,load5,3.58,dbms,tpc-ds,postgresql-plain-100gb-load,1,ip-172-31-23-167,olap,benchANT
2026-06-04 07:57:40+00:00,system,load5,3.6,dbms,tpc-ds,postgresql-plain-100gb-load,1,ip-172-31-23-167,olap,benchANT
2026-06-04 07:57:50+00:00,system,load5,3.61,dbms,tpc-ds,postgresql-plain-100gb-load,1,ip-172-31-23-167,olap,benchANT
2026-06-04 07:58:00+00:00,system,load5,3.62,dbms,tpc-ds,postgresql-plain-100gb-load,1,ip-172-31-23-167,olap,benchANT
2026-06-04 07:58:10+00:00,system,load5,3.64,dbms,tpc-ds,postgresql-plain-100gb-load,1,ip-172-31-23-167,olap,benchANT
2026-06-04 07:58:20+00:00,system,load5,3.65,dbms,tpc-ds,postgresql-plain-100gb-load,1,ip-172-31-23-167,olap,benchANT
2026-06-04 07:58:30+00:00,system,load5,3.66,dbms,tpc-ds,postgresql-plain-100gb-load,1,ip-172-31-23-167,olap,benchANT
2026-06-04 07:58:40+00:00,system,load5,3.67,dbms,tpc-ds,postgresql-plain-100gb-load,1,ip-172-31-23-167,olap,benchANT
2026-06-04 07:58:50+00:00,system,load5,3.68,dbms,tpc-ds,postgresql-plain-100gb-load,1,ip-172-31-23-167,olap,benchANT
2026-06-04 07:59:00+00:00,system,load5,3.7,dbms,tpc-ds,postgresql-plain-100gb-load,1,ip-172-31-23-167,olap,benchANT
2026-06-04 07:59:10+00:00,system,load5,3.71,dbms,tpc-ds,postgresql-plain-100gb-load,1,ip-172-31-23-167,olap,benchANT
2026-06-04 07:59:20+00:00,system,load5,3.72,dbms,tpc-ds,postgresql-plain-100gb-load,1,ip-172-31-23-167,olap,benchANT
2026-06-04 07:59:30+00:00,system,load5,3.73,dbms,tpc-ds,postgresql-plain-100gb-load,1,ip-172-31-23-167,olap,benchANT
2026-06-04 07:59:40+00:00,system,load5,3.74,dbms,tpc-ds,postgresql-plain-100gb-load,1,ip-172-31-23-167,olap,benchANT
2026-06-04 07:59:50+00:00,system,load5,3.74,dbms,tpc-ds,postgresql-plain-100gb-load,1,ip-172-31-23-167,olap,benchANT
2026-06-04 08:00:00+00:00,system,load5,3.75,dbms,tpc-ds,postgresql-plain-100gb-load,1,ip-172-31-23-167,olap,benchANT
2026-06-04 08:00:10+00:00,system,load5,3.76,dbms,tpc-ds,postgresql-plain-100gb-load,1,ip-172-31-23-167,olap,benchANT
2026-06-04 08:00:20+00:00,system,load5,3.77,dbms,tpc-ds,postgresql-plain-100gb-load,1,ip-172-31-23-167,olap,benchANT
2026-06-04 08:00:30+00:00,system,load5,3.78,dbms,tpc-ds,postgresql-plain-100gb-load,1,ip-172-31-23-167,olap,benchANT
2026-06-04 08:00:40+00:00,system,load5,3.79,dbms,tpc-ds,postgresql-plain-100gb-load,1,ip-172-31-23-167,olap,benchANT
2026-06-04 08:00:50+00:00,system,load5,3.79,dbms,tpc-ds,postgresql-plain-100gb-load,1,ip-172-31-23-167,olap,benchANT
2026-06-04 08:01:00+00:00,system,load5,3.8,dbms,tpc-ds,postgresql-plain-100gb-load,1,ip-172-31-23-167,olap,benchANT
2026-06-04 08:01:10+00:00,system,load5,3.81,dbms,tpc-ds,postgresql-plain-100gb-load,1,ip-172-31-23-167,olap,benchANT
2026-06-04 08:01:20+00:00,system,load5,3.81,dbms,tpc-ds,postgresql-plain-100gb-load,1,ip-172-31-23-167,olap,benchANT
2026-06-04 08:01:30+00:00,system,load5,3.82,dbms,tpc-ds,postgresql-plain-100gb-load,1,ip-172-31-23-167,olap,benchANT
2026-06-04 08:01:40+00:00,system,load5,3.83,dbms,tpc-ds,postgresql-plain-100gb-load,1,ip-172-31-23-167,olap,benchANT
2026-06-04 08:01:50+00:00,system,load5,3.83,dbms,tpc-ds,postgresql-plain-100gb-load,1,ip-172-31-23-167,olap,benchANT
2026-06-04 08:02:00+00:00,system,load5,3.84,dbms,tpc-ds,postgresql-plain-100gb-load,1,ip-172-31-23-167,olap,benchANT
2026-06-04 08:02:10+00:00,system,load5,3.85,dbms,tpc-ds,postgresql-plain-100gb-load,1,ip-172-31-23-167,olap,benchANT
2026-06-04 08:02:20+00:00,system,load5,3.85,dbms,tpc-ds,postgresql-plain-100gb-load,1,ip-172-31-23-167,olap,benchANT
2026-06-04 08:02:30+00:00,system,load5,3.86,dbms,tpc-ds,postgresql-plain-100gb-load,1,ip-172-31-23-167,olap,benchANT
2026-06-04 08:02:40+00:00,system,load5,3.86,dbms,tpc-ds,postgresql-plain-100gb-load,1,ip-172-31-23-167,olap,benchANT
2026-06-04 08:02:50+00:00,system,load5,3.87,dbms,tpc-ds,postgresql-plain-100gb-load,1,ip-172-31-23-167,olap,benchANT
2026-06-04 08:03:00+00:00,system,load5,3.87,dbms,tpc-ds,postgresql-plain-100gb-load,1,ip-172-31-23-167,olap,benchANT
2026-06-04 08:03:10+00:00,system,load5,3.88,dbms,tpc-ds,postgresql-plain-100gb-load,1,ip-172-31-23-167,olap,benchANT
2026-06-04 08:03:20+00:00,system,load5,3.88,dbms,tpc-ds,postgresql-plain-100gb-load,1,ip-172-31-23-167,olap,benchANT
2026-06-04 08:03:30+00:00,system,load5,3.89,dbms,tpc-ds,postgresql-plain-100gb-load,1,ip-172-31-23-167,olap,benchANT
2026-06-04 08:03:40+00:00,system,load5,3.89,dbms,tpc-ds,postgresql-plain-100gb-load,1,ip-172-31-23-167,olap,benchANT
2026-06-04 08:03:50+00:00,system,load5,3.89,dbms,tpc-ds,postgresql-plain-100gb-load,1,ip-172-31-23-167,olap,benchANT
2026-06-04 08:04:00+00:00,system,load5,3.9,dbms,tpc-ds,postgresql-plain-100gb-load,1,ip-172-31-23-167,olap,benchANT
2026-06-04 08:04:10+00:00,system,load5,3.9,dbms,tpc-ds,postgresql-plain-100gb-load,1,ip-172-31-23-167,olap,benchANT
2026-06-04 08:04:20+00:00,system,load5,3.91,dbms,tpc-ds,postgresql-plain-100gb-load,1,ip-172-31-23-167,olap,benchANT
2026-06-04 08:04:30+00:00,system,load5,3.91,dbms,tpc-ds,postgresql-plain-100gb-load,1,ip-172-31-23-167,olap,benchANT
2026-06-04 08:04:40+00:00,system,load5,3.91,dbms,tpc-ds,postgresql-plain-100gb-load,1,ip-172-31-23-167,olap,benchANT
2026-06-04 08:04:50+00:00,system,load5,3.92,dbms,tpc-ds,postgresql-plain-100gb-load,1,ip-172-31-23-167,olap,benchANT
2026-06-04 08:05:00+00:00,system,load5,3.92,dbms,tpc-ds,postgresql-plain-100gb-load,1,ip-172-31-23-167,olap,benchANT
2026-06-04 08:05:10+00:00,system,load5,3.92,dbms,tpc-ds,postgresql-plain-100gb-load,1,ip-172-31-23-167,olap,benchANT
2026-06-04 08:05:20+00:00,system,load5,3.92,dbms,tpc-ds,postgresql-plain-100gb-load,1,ip-172-31-23-167,olap,benchANT
2026-06-04 08:05:30+00:00,system,load5,3.93,dbms,tpc-ds,postgresql-plain-100gb-load,1,ip-172-31-23-167,olap,benchANT
2026-06-04 08:05:40+00:00,system,load5,3.93,dbms,tpc-ds,postgresql-plain-100gb-load,1,ip-172-31-23-167,olap,benchANT
2026-06-04 08:05:50+00:00,system,load5,3.93,dbms,tpc-ds,postgresql-plain-100gb-load,1,ip-172-31-23-167,olap,benchANT
2026-06-04 08:06:00+00:00,system,load5,3.94,dbms,tpc-ds,postgresql-plain-100gb-load,1,ip-172-31-23-167,olap,benchANT
2026-06-04 08:06:10+00:00,system,load5,3.94,dbms,tpc-ds,postgresql-plain-100gb-load,1,ip-172-31-23-167,olap,benchANT
2026-06-04 08:06:20+00:00,system,load5,3.87,dbms,tpc-ds,postgresql-plain-100gb-load,1,ip-172-31-23-167,olap,benchANT
2026-06-04 08:06:30+00:00,system,load5,3.88,dbms,tpc-ds,postgresql-plain-100gb-load,1,ip-172-31-23-167,olap,benchANT
2026-06-04 08:06:40+00:00,system,load5,3.88,dbms,tpc-ds,postgresql-plain-100gb-load,1,ip-172-31-23-167,olap,benchANT
2026-06-04 08:06:50+00:00,system,load5,3.89,dbms,tpc-ds,postgresql-plain-100gb-load,1,ip-172-31-23-167,olap,benchANT
2026-06-04 08:07:00+00:00,system,load5,3.89,dbms,tpc-ds,postgresql-plain-100gb-load,1,ip-172-31-23-167,olap,benchANT
2026-06-04 08:07:10+00:00,system,load5,3.9,dbms,tpc-ds,postgresql-plain-100gb-load,1,ip-172-31-23-167,olap,benchANT
2026-06-04 08:07:20+00:00,system,load5,3.9,dbms,tpc-ds,postgresql-plain-100gb-load,1,ip-172-31-23-167,olap,benchANT
2026-06-04 08:07:30+00:00,system,load5,3.9,dbms,tpc-ds,postgresql-plain-100gb-load,1,ip-172-31-23-167,olap,benchANT
2026-06-04 08:07:40+00:00,system,load5,3.91,dbms,tpc-ds,postgresql-plain-100gb-load,1,ip-172-31-23-167,olap,benchANT
2026-06-04 08:07:50+00:00,system,load5,3.91,dbms,tpc-ds,postgresql-plain-100gb-load,1,ip-172-31-23-167,olap,benchANT
2026-06-04 08:08:00+00:00,system,load5,3.91,dbms,tpc-ds,postgresql-plain-100gb-load,1,ip-172-31-23-167,olap,benchANT
2026-06-04 08:08:10+00:00,system,load5,3.92,dbms,tpc-ds,postgresql-plain-100gb-load,1,ip-172-31-23-167,olap,benchANT
2026-06-04 08:08:20+00:00,system,load5,3.92,dbms,tpc-ds,postgresql-plain-100gb-load,1,ip-172-31-23-167,olap,benchANT
2026-06-04 08:08:30+00:00,system,load5,3.92,dbms,tpc-ds,postgresql-plain-100gb-load,1,ip-172-31-23-167,olap,benchANT
2026-06-04 08:08:40+00:00,system,load5,3.93,dbms,tpc-ds,postgresql-plain-100gb-load,1,ip-172-31-23-167,olap,benchANT
2026-06-04 08:08:50+00:00,system,load5,3.93,dbms,tpc-ds,postgresql-plain-100gb-load,1,ip-172-31-23-167,olap,benchANT
2026-06-04 08:09:00+00:00,system,load5,3.93,dbms,tpc-ds,postgresql-plain-100gb-load,1,ip-172-31-23-167,olap,benchANT
2026-06-04 08:09:10+00:00,system,load5,3.94,dbms,tpc-ds,postgresql-plain-100gb-load,1,ip-172-31-23-167,olap,benchANT
2026-06-04 08:09:20+00:00,system,load5,3.94,dbms,tpc-ds,postgresql-plain-100gb-load,1,ip-172-31-23-167,olap,benchANT
2026-06-04 08:09:30+00:00,system,load5,3.94,dbms,tpc-ds,postgresql-plain-100gb-load,1,ip-172-31-23-167,olap,benchANT
2026-06-04 08:09:40+00:00,system,load5,3.94,dbms,tpc-ds,postgresql-plain-100gb-load,1,ip-172-31-23-167,olap,benchANT
2026-06-04 08:09:50+00:00,system,load5,3.95,dbms,tpc-ds,postgresql-plain-100gb-load,1,ip-172-31-23-167,olap,benchANT
2026-06-04 08:10:00+00:00,system,load5,3.95,dbms,tpc-ds,postgresql-plain-100gb-load,1,ip-172-31-23-167,olap,benchANT
2026-06-04 08:10:10+00:00,system,load5,3.95,dbms,tpc-ds,postgresql-plain-100gb-load,1,ip-172-31-23-167,olap,benchANT
2026-06-04 08:10:20+00:00,system,load5,3.95,dbms,tpc-ds,postgresql-plain-100gb-load,1,ip-172-31-23-167,olap,benchANT
2026-06-04 08:10:30+00:00,system,load5,3.95,dbms,tpc-ds,postgresql-plain-100gb-load,1,ip-172-31-23-167,olap,benchANT
2026-06-04 08:10:40+00:00,system,load5,3.95,dbms,tpc-ds,postgresql-plain-100gb-load,1,ip-172-31-23-167,olap,benchANT
2026-06-04 08:10:50+00:00,system,load5,3.96,dbms,tpc-ds,postgresql-plain-100gb-load,1,ip-172-31-23-167,olap,benchANT
2026-06-04 08:11:00+00:00,system,load5,3.96,dbms,tpc-ds,postgresql-plain-100gb-load,1,ip-172-31-23-167,olap,benchANT
2026-06-04 08:11:10+00:00,system,load5,3.96,dbms,tpc-ds,postgresql-plain-100gb-load,1,ip-172-31-23-167,olap,benchANT
2026-06-04 08:11:20+00:00,system,load5,3.96,dbms,tpc-ds,postgresql-plain-100gb-load,1,ip-172-31-23-167,olap,benchANT
2026-06-04 08:11:30+00:00,system,load5,3.96,dbms,tpc-ds,postgresql-plain-100gb-load,1,ip-172-31-23-167,olap,benchANT
2026-06-04 08:11:40+00:00,system,load5,3.97,dbms,tpc-ds,postgresql-plain-100gb-load,1,ip-172-31-23-167,olap,benchANT
2026-06-04 08:11:50+00:00,system,load5,3.97,dbms,tpc-ds,postgresql-plain-100gb-load,1,ip-172-31-23-167,olap,benchANT
2026-06-04 08:12:00+00:00,system,load5,3.99,dbms,tpc-ds,postgresql-plain-100gb-load,1,ip-172-31-23-167,olap,benchANT
2026-06-04 08:12:10+00:00,system,load5,3.99,dbms,tpc-ds,postgresql-plain-100gb-load,1,ip-172-31-23-167,olap,benchANT
2026-06-04 08:12:20+00:00,system,load5,3.99,dbms,tpc-ds,postgresql-plain-100gb-load,1,ip-172-31-23-167,olap,benchANT
2026-06-04 08:12:30+00:00,system,load5,3.99,dbms,tpc-ds,postgresql-plain-100gb-load,1,ip-172-31-23-167,olap,benchANT
2026-06-04 08:12:40+00:00,system,load5,3.99,dbms,tpc-ds,postgresql-plain-100gb-load,1,ip-172-31-23-167,olap,benchANT
2026-06-04 08:12:50+00:00,system,load5,3.99,dbms,tpc-ds,postgresql-plain-100gb-load,1,ip-172-31-23-167,olap,benchANT
2026-06-04 08:13:00+00:00,system,load5,3.99,dbms,tpc-ds,postgresql-plain-100gb-load,1,ip-172-31-23-167,olap,benchANT
2026-06-04 08:13:10+00:00,system,load5,3.99,dbms,tpc-ds,postgresql-plain-100gb-load,1,ip-172-31-23-167,olap,benchANT
2026-06-04 08:13:20+00:00,system,load5,3.99,dbms,tpc-ds,postgresql-plain-100gb-load,1,ip-172-31-23-167,olap,benchANT
2026-06-04 08:13:30+00:00,system,load5,4.0,dbms,tpc-ds,postgresql-plain-100gb-load,1,ip-172-31-23-167,olap,benchANT
2026-06-04 08:13:40+00:00,system,load5,4.0,dbms,tpc-ds,postgresql-plain-100gb-load,1,ip-172-31-23-167,olap,benchANT
2026-06-04 08:13:50+00:00,system,load5,4.0,dbms,tpc-ds,postgresql-plain-100gb-load,1,ip-172-31-23-167,olap,benchANT
2026-06-04 08:14:00+00:00,system,load5,4.0,dbms,tpc-ds,postgresql-plain-100gb-load,1,ip-172-31-23-167,olap,benchANT
2026-06-04 08:14:10+00:00,system,load5,4.0,dbms,tpc-ds,postgresql-plain-100gb-load,1,ip-172-31-23-167,olap,benchANT
2026-06-04 08:14:20+00:00,system,load5,4.0,dbms,tpc-ds,postgresql-plain-100gb-load,1,ip-172-31-23-167,olap,benchANT
2026-06-04 08:14:30+00:00,system,load5,4.0,dbms,tpc-ds,postgresql-plain-100gb-load,1,ip-172-31-23-167,olap,benchANT
2026-06-04 08:14:40+00:00,system,load5,4.0,dbms,tpc-ds,postgresql-plain-100gb-load,1,ip-172-31-23-167,olap,benchANT
2026-06-04 08:14:50+00:00,system,load5,4.0,dbms,tpc-ds,postgresql-plain-100gb-load,1,ip-172-31-23-167,olap,benchANT
2026-06-04 08:15:00+00:00,system,load5,4.0,dbms,tpc-ds,postgresql-plain-100gb-load,1,ip-172-31-23-167,olap,benchANT
2026-06-04 08:15:10+00:00,system,load5,4.0,dbms,tpc-ds,postgresql-plain-100gb-load,1,ip-172-31-23-167,olap,benchANT
2026-06-04 08:15:20+00:00,system,load5,4.0,dbms,tpc-ds,postgresql-plain-100gb-load,1,ip-172-31-23-167,olap,benchANT
2026-06-04 08:15:30+00:00,system,load5,4.0,dbms,tpc-ds,postgresql-plain-100gb-load,1,ip-172-31-23-167,olap,benchANT
2026-06-04 08:15:40+00:00,system,load5,4.0,dbms,tpc-ds,postgresql-plain-100gb-load,1,ip-172-31-23-167,olap,benchANT
2026-06-04 08:15:50+00:00,system,load5,4.0,dbms,tpc-ds,postgresql-plain-100gb-load,1,ip-172-31-23-167,olap,benchANT
2026-06-04 08:16:00+00:00,system,load5,4.02,dbms,tpc-ds,postgresql-plain-100gb-load,1,ip-172-31-23-167,olap,benchANT
2026-06-04 08:16:10+00:00,system,load5,4.02,dbms,tpc-ds,postgresql-plain-100gb-load,1,ip-172-31-23-167,olap,benchANT
2026-06-04 08:16:20+00:00,system,load5,4.01,dbms,tpc-ds,postgresql-plain-100gb-load,1,ip-172-31-23-167,olap,benchANT
2026-06-04 08:16:30+00:00,system,load5,4.01,dbms,tpc-ds,postgresql-plain-100gb-load,1,ip-172-31-23-167,olap,benchANT
2026-06-04 08:16:40+00:00,system,load5,4.01,dbms,tpc-ds,postgresql-plain-100gb-load,1,ip-172-31-23-167,olap,benchANT
2026-06-04 08:16:50+00:00,system,load5,4.01,dbms,tpc-ds,postgresql-plain-100gb-load,1,ip-172-31-23-167,olap,benchANT
2026-06-04 08:17:00+00:00,system,load5,4.01,dbms,tpc-ds,postgresql-plain-100gb-load,1,ip-172-31-23-167,olap,benchANT
2026-06-04 08:17:10+00:00,system,load5,4.01,dbms,tpc-ds,postgresql-plain-100gb-load,1,ip-172-31-23-167,olap,benchANT
2026-06-04 08:17:20+00:00,system,load5,4.01,dbms,tpc-ds,postgresql-plain-100gb-load,1,ip-172-31-23-167,olap,benchANT
2026-06-04 08:17:30+00:00,system,load5,4.01,dbms,tpc-ds,postgresql-plain-100gb-load,1,ip-172-31-23-167,olap,benchANT
2026-06-04 08:17:40+00:00,system,load5,4.01,dbms,tpc-ds,postgresql-plain-100gb-load,1,ip-172-31-23-167,olap,benchANT
2026-06-04 08:17:50+00:00,system,load5,4.01,dbms,tpc-ds,postgresql-plain-100gb-load,1,ip-172-31-23-167,olap,benchANT
2026-06-04 08:18:00+00:00,system,load5,4.0,dbms,tpc-ds,postgresql-plain-100gb-load,1,ip-172-31-23-167,olap,benchANT
2026-06-04 08:18:10+00:00,system,load5,4.0,dbms,tpc-ds,postgresql-plain-100gb-load,1,ip-172-31-23-167,olap,benchANT
2026-06-04 08:18:20+00:00,system,load5,4.0,dbms,tpc-ds,postgresql-plain-100gb-load,1,ip-172-31-23-167,olap,benchANT
2026-06-04 08:18:30+00:00,system,load5,4.0,dbms,tpc-ds,postgresql-plain-100gb-load,1,ip-172-31-23-167,olap,benchANT
2026-06-04 08:18:40+00:00,system,load5,4.0,dbms,tpc-ds,postgresql-plain-100gb-load,1,ip-172-31-23-167,olap,benchANT
2026-06-04 08:18:50+00:00,system,load5,4.0,dbms,tpc-ds,postgresql-plain-100gb-load,1,ip-172-31-23-167,olap,benchANT
2026-06-04 08:19:00+00:00,system,load5,4.02,dbms,tpc-ds,postgresql-plain-100gb-load,1,ip-172-31-23-167,olap,benchANT
2026-06-04 08:19:10+00:00,system,load5,4.02,dbms,tpc-ds,postgresql-plain-100gb-load,1,ip-172-31-23-167,olap,benchANT
2026-06-04 08:19:20+00:00,system,load5,4.01,dbms,tpc-ds,postgresql-plain-100gb-load,1,ip-172-31-23-167,olap,benchANT
2026-06-04 08:19:30+00:00,system,load5,4.01,dbms,tpc-ds,postgresql-plain-100gb-load,1,ip-172-31-23-167,olap,benchANT
2026-06-04 08:19:40+00:00,system,load5,4.01,dbms,tpc-ds,postgresql-plain-100gb-load,1,ip-172-31-23-167,olap,benchANT
2026-06-04 08:19:50+00:00,system,load5,4.01,dbms,tpc-ds,postgresql-plain-100gb-load,1,ip-172-31-23-167,olap,benchANT
2026-06-04 08:20:00+00:00,system,load5,4.01,dbms,tpc-ds,postgresql-plain-100gb-load,1,ip-172-31-23-167,olap,benchANT
2026-06-04 08:20:10+00:00,system,load5,4.01,dbms,tpc-ds,postgresql-plain-100gb-load,1,ip-172-31-23-167,olap,benchANT
2026-06-04 08:20:20+00:00,system,load5,4.01,dbms,tpc-ds,postgresql-plain-100gb-load,1,ip-172-31-23-167,olap,benchANT
2026-06-04 08:20:30+00:00,system,load5,4.01,dbms,tpc-ds,postgresql-plain-100gb-load,1,ip-172-31-23-167,olap,benchANT
2026-06-04 08:20:40+00:00,system,load5,4.01,dbms,tpc-ds,postgresql-plain-100gb-load,1,ip-172-31-23-167,olap,benchANT
2026-06-04 08:20:50+00:00,system,load5,4.02,dbms,tpc-ds,postgresql-plain-100gb-load,1,ip-172-31-23-167,olap,benchANT
2026-06-04 08:21:00+00:00,system,load5,4.02,dbms,tpc-ds,postgresql-plain-100gb-load,1,ip-172-31-23-167,olap,benchANT
2026-06-04 08:21:10+00:00,system,load5,4.02,dbms,tpc-ds,postgresql-plain-100gb-load,1,ip-172-31-23-167,olap,benchANT
2026-06-04 08:21:20+00:00,system,load5,4.02,dbms,tpc-ds,postgresql-plain-100gb-load,1,ip-172-31-23-167,olap,benchANT
2026-06-04 08:21:30+00:00,system,load5,4.02,dbms,tpc-ds,postgresql-plain-100gb-load,1,ip-172-31-23-167,olap,benchANT
2026-06-04 08:21:40+00:00,system,load5,4.02,dbms,tpc-ds,postgresql-plain-100gb-load,1,ip-172-31-23-167,olap,benchANT
2026-06-04 08:21:50+00:00,system,load5,4.02,dbms,tpc-ds,postgresql-plain-100gb-load,1,ip-172-31-23-167,olap,benchANT
2026-06-04 08:22:00+00:00,system,load5,4.02,dbms,tpc-ds,postgresql-plain-100gb-load,1,ip-172-31-23-167,olap,benchANT
2026-06-04 08:22:10+00:00,system,load5,4.02,dbms,tpc-ds,postgresql-plain-100gb-load,1,ip-172-31-23-167,olap,benchANT
2026-06-04 08:22:20+00:00,system,load5,4.03,dbms,tpc-ds,postgresql-plain-100gb-load,1,ip-172-31-23-167,olap,benchANT
2026-06-04 08:22:30+00:00,system,load5,4.05,dbms,tpc-ds,postgresql-plain-100gb-load,1,ip-172-31-23-167,olap,benchANT
2026-06-04 08:22:40+00:00,system,load5,4.04,dbms,tpc-ds,postgresql-plain-100gb-load,1,ip-172-31-23-167,olap,benchANT
2026-06-04 08:22:50+00:00,system,load5,4.04,dbms,tpc-ds,postgresql-plain-100gb-load,1,ip-172-31-23-167,olap,benchANT
2026-06-04 08:23:00+00:00,system,load5,4.04,dbms,tpc-ds,postgresql-plain-100gb-load,1,ip-172-31-23-167,olap,benchANT
2026-06-04 08:23:10+00:00,system,load5,4.04,dbms,tpc-ds,postgresql-plain-100gb-load,1,ip-172-31-23-167,olap,benchANT
2026-06-04 08:23:20+00:00,system,load5,4.04,dbms,tpc-ds,postgresql-plain-100gb-load,1,ip-172-31-23-167,olap,benchANT
2026-06-04 08:23:30+00:00,system,load5,4.03,dbms,tpc-ds,postgresql-plain-100gb-load,1,ip-172-31-23-167,olap,benchANT
2026-06-04 08:23:40+00:00,system,load5,4.03,dbms,tpc-ds,postgresql-plain-100gb-load,1,ip-172-31-23-167,olap,benchANT
2026-06-04 08:23:50+00:00,system,load5,4.03,dbms,tpc-ds,postgresql-plain-100gb-load,1,ip-172-31-23-167,olap,benchANT
2026-06-04 08:24:00+00:00,system,load5,4.03,dbms,tpc-ds,postgresql-plain-100gb-load,1,ip-172-31-23-167,olap,benchANT
2026-06-04 08:24:10+00:00,system,load5,4.03,dbms,tpc-ds,postgresql-plain-100gb-load,1,ip-172-31-23-167,olap,benchANT
2026-06-04 08:24:20+00:00,system,load5,4.03,dbms,tpc-ds,postgresql-plain-100gb-load,1,ip-172-31-23-167,olap,benchANT
2026-06-04 08:24:30+00:00,system,load5,4.03,dbms,tpc-ds,postgresql-plain-100gb-load,1,ip-172-31-23-167,olap,benchANT
2026-06-04 08:24:40+00:00,system,load5,4.02,dbms,tpc-ds,postgresql-plain-100gb-load,1,ip-172-31-23-167,olap,benchANT
2026-06-04 08:24:50+00:00,system,load5,4.02,dbms,tpc-ds,postgresql-plain-100gb-load,1,ip-172-31-23-167,olap,benchANT
2026-06-04 08:25:00+00:00,system,load5,4.02,dbms,tpc-ds,postgresql-plain-100gb-load,1,ip-172-31-23-167,olap,benchANT
2026-06-04 08:25:10+00:00,system,load5,4.02,dbms,tpc-ds,postgresql-plain-100gb-load,1,ip-172-31-23-167,olap,benchANT
2026-06-04 08:25:20+00:00,system,load5,4.02,dbms,tpc-ds,postgresql-plain-100gb-load,1,ip-172-31-23-167,olap,benchANT
2026-06-04 08:25:30+00:00,system,load5,4.02,dbms,tpc-ds,postgresql-plain-100gb-load,1,ip-172-31-23-167,olap,benchANT
2026-06-04 08:25:40+00:00,system,load5,4.02,dbms,tpc-ds,postgresql-plain-100gb-load,1,ip-172-31-23-167,olap,benchANT
2026-06-04 08:25:50+00:00,system,load5,4.02,dbms,tpc-ds,postgresql-plain-100gb-load,1,ip-172-31-23-167,olap,benchANT
2026-06-04 08:26:00+00:00,system,load5,4.02,dbms,tpc-ds,postgresql-plain-100gb-load,1,ip-172-31-23-167,olap,benchANT
2026-06-04 08:26:10+00:00,system,load5,4.02,dbms,tpc-ds,postgresql-plain-100gb-load,1,ip-172-31-23-167,olap,benchANT
2026-06-04 08:26:20+00:00,system,load5,4.02,dbms,tpc-ds,postgresql-plain-100gb-load,1,ip-172-31-23-167,olap,benchANT
2026-06-04 08:26:30+00:00,system,load5,4.01,dbms,tpc-ds,postgresql-plain-100gb-load,1,ip-172-31-23-167,olap,benchANT
2026-06-04 08:26:40+00:00,system,load5,3.98,dbms,tpc-ds,postgresql-plain-100gb-load,1,ip-172-31-23-167,olap,benchANT
2026-06-04 08:26:50+00:00,system,load5,3.98,dbms,tpc-ds,postgresql-plain-100gb-load,1,ip-172-31-23-167,olap,benchANT
2026-06-04 08:27:00+00:00,system,load5,3.98,dbms,tpc-ds,postgresql-plain-100gb-load,1,ip-172-31-23-167,olap,benchANT
2026-06-04 08:27:10+00:00,system,load5,3.98,dbms,tpc-ds,postgresql-plain-100gb-load,1,ip-172-31-23-167,olap,benchANT
2026-06-04 08:27:20+00:00,system,load5,3.98,dbms,tpc-ds,postgresql-plain-100gb-load,1,ip-172-31-23-167,olap,benchANT
2026-06-04 08:27:30+00:00,system,load5,3.99,dbms,tpc-ds,postgresql-plain-100gb-load,1,ip-172-31-23-167,olap,benchANT
2026-06-04 08:27:40+00:00,system,load5,3.99,dbms,tpc-ds,postgresql-plain-100gb-load,1,ip-172-31-23-167,olap,benchANT
2026-06-04 08:27:50+00:00,system,load5,3.99,dbms,tpc-ds,postgresql-plain-100gb-load,1,ip-172-31-23-167,olap,benchANT
2026-06-04 08:28:00+00:00,system,load5,3.99,dbms,tpc-ds,postgresql-plain-100gb-load,1,ip-172-31-23-167,olap,benchANT
2026-06-04 08:28:10+00:00,system,load5,3.99,dbms,tpc-ds,postgresql-plain-100gb-load,1,ip-172-31-23-167,olap,benchANT
2026-06-04 08:28:20+00:00,system,load5,3.99,dbms,tpc-ds,postgresql-plain-100gb-load,1,ip-172-31-23-167,olap,benchANT
2026-06-04 08:28:30+00:00,system,load5,4.01,dbms,tpc-ds,postgresql-plain-100gb-load,1,ip-172-31-23-167,olap,benchANT
2026-06-04 08:28:40+00:00,system,load5,4.04,dbms,tpc-ds,postgresql-plain-100gb-load,1,ip-172-31-23-167,olap,benchANT
2026-06-04 08:28:50+00:00,system,load5,4.07,dbms,tpc-ds,postgresql-plain-100gb-load,1,ip-172-31-23-167,olap,benchANT
2026-06-04 08:29:00+00:00,system,load5,4.1,dbms,tpc-ds,postgresql-plain-100gb-load,1,ip-172-31-23-167,olap,benchANT
2026-06-04 08:29:10+00:00,system,load5,4.13,dbms,tpc-ds,postgresql-plain-100gb-load,1,ip-172-31-23-167,olap,benchANT
2026-06-04 08:29:20+00:00,system,load5,4.16,dbms,tpc-ds,postgresql-plain-100gb-load,1,ip-172-31-23-167,olap,benchANT
2026-06-04 08:29:30+00:00,system,load5,4.19,dbms,tpc-ds,postgresql-plain-100gb-load,1,ip-172-31-23-167,olap,benchANT
2026-06-04 08:29:40+00:00,system,load5,4.22,dbms,tpc-ds,postgresql-plain-100gb-load,1,ip-172-31-23-167,olap,benchANT
2026-06-04 08:29:50+00:00,system,load5,4.24,dbms,tpc-ds,postgresql-plain-100gb-load,1,ip-172-31-23-167,olap,benchANT
2026-06-04 08:30:00+00:00,system,load5,4.27,dbms,tpc-ds,postgresql-plain-100gb-load,1,ip-172-31-23-167,olap,benchANT
2026-06-04 08:30:10+00:00,system,load5,4.29,dbms,tpc-ds,postgresql-plain-100gb-load,1,ip-172-31-23-167,olap,benchANT
2026-06-04 08:30:20+00:00,system,load5,4.32,dbms,tpc-ds,postgresql-plain-100gb-load,1,ip-172-31-23-167,olap,benchANT
2026-06-04 08:30:30+00:00,system,load5,4.34,dbms,tpc-ds,postgresql-plain-100gb-load,1,ip-172-31-23-167,olap,benchANT
2026-06-04 08:30:40+00:00,system,load5,4.36,dbms,tpc-ds,postgresql-plain-100gb-load,1,ip-172-31-23-167,olap,benchANT
2026-06-04 08:30:50+00:00,system,load5,4.38,dbms,tpc-ds,postgresql-plain-100gb-load,1,ip-172-31-23-167,olap,benchANT
2026-06-04 08:31:00+00:00,system,load5,4.41,dbms,tpc-ds,postgresql-plain-100gb-load,1,ip-172-31-23-167,olap,benchANT
2026-06-04 08:31:10+00:00,system,load5,4.43,dbms,tpc-ds,postgresql-plain-100gb-load,1,ip-172-31-23-167,olap,benchANT
2026-06-04 08:31:20+00:00,system,load5,4.44,dbms,tpc-ds,postgresql-plain-100gb-load,1,ip-172-31-23-167,olap,benchANT
2026-06-04 08:31:30+00:00,system,load5,4.46,dbms,tpc-ds,postgresql-plain-100gb-load,1,ip-172-31-23-167,olap,benchANT
2026-06-04 08:31:40+00:00,system,load5,4.48,dbms,tpc-ds,postgresql-plain-100gb-load,1,ip-172-31-23-167,olap,benchANT
2026-06-04 08:31:50+00:00,system,load5,4.5,dbms,tpc-ds,postgresql-plain-100gb-load,1,ip-172-31-23-167,olap,benchANT
2026-06-04 08:32:00+00:00,system,load5,4.53,dbms,tpc-ds,postgresql-plain-100gb-load,1,ip-172-31-23-167,olap,benchANT
2026-06-04 08:32:10+00:00,system,load5,4.55,dbms,tpc-ds,postgresql-plain-100gb-load,1,ip-172-31-23-167,olap,benchANT
2026-06-04 08:32:20+00:00,system,load5,4.58,dbms,tpc-ds,postgresql-plain-100gb-load,1,ip-172-31-23-167,olap,benchANT
2026-06-04 08:32:30+00:00,system,load5,4.6,dbms,tpc-ds,postgresql-plain-100gb-load,1,ip-172-31-23-167,olap,benchANT
2026-06-04 08:32:40+00:00,system,load5,4.61,dbms,tpc-ds,postgresql-plain-100gb-load,1,ip-172-31-23-167,olap,benchANT
2026-06-04 08:32:50+00:00,system,load5,4.62,dbms,tpc-ds,postgresql-plain-100gb-load,1,ip-172-31-23-167,olap,benchANT
2026-06-04 08:33:00+00:00,system,load5,4.64,dbms,tpc-ds,postgresql-plain-100gb-load,1,ip-172-31-23-167,olap,benchANT
2026-06-04 08:33:10+00:00,system,load5,4.66,dbms,tpc-ds,postgresql-plain-100gb-load,1,ip-172-31-23-167,olap,benchANT
2026-06-04 08:33:20+00:00,system,load5,4.68,dbms,tpc-ds,postgresql-plain-100gb-load,1,ip-172-31-23-167,olap,benchANT
2026-06-04 08:33:30+00:00,system,load5,4.69,dbms,tpc-ds,postgresql-plain-100gb-load,1,ip-172-31-23-167,olap,benchANT
2026-06-04 08:33:40+00:00,system,load5,4.71,dbms,tpc-ds,postgresql-plain-100gb-load,1,ip-172-31-23-167,olap,benchANT
2026-06-04 08:33:50+00:00,system,load5,4.76,dbms,tpc-ds,postgresql-plain-100gb-load,1,ip-172-31-23-167,olap,benchANT
2026-06-04 08:34:00+00:00,system,load5,4.8,dbms,tpc-ds,postgresql-plain-100gb-load,1,ip-172-31-23-167,olap,benchANT
2026-06-04 08:34:10+00:00,system,load5,4.77,dbms,tpc-ds,postgresql-plain-100gb-load,1,ip-172-31-23-167,olap,benchANT
2026-06-04 08:34:20+00:00,system,load5,4.81,dbms,tpc-ds,postgresql-plain-100gb-load,1,ip-172-31-23-167,olap,benchANT
2026-06-04 08:34:30+00:00,system,load5,4.85,dbms,tpc-ds,postgresql-plain-100gb-load,1,ip-172-31-23-167,olap,benchANT
2026-06-04 08:34:40+00:00,system,load5,4.91,dbms,tpc-ds,postgresql-plain-100gb-load,1,ip-172-31-23-167,olap,benchANT
2026-06-04 08:34:50+00:00,system,load5,4.91,dbms,tpc-ds,postgresql-plain-100gb-load,1,ip-172-31-23-167,olap,benchANT
2026-06-04 08:35:00+00:00,system,load5,4.91,dbms,tpc-ds,postgresql-plain-100gb-load,1,ip-172-31-23-167,olap,benchANT
2026-06-04 08:35:10+00:00,system,load5,4.92,dbms,tpc-ds,postgresql-plain-100gb-load,1,ip-172-31-23-167,olap,benchANT
2026-06-04 08:35:20+00:00,system,load5,4.92,dbms,tpc-ds,postgresql-plain-100gb-load,1,ip-172-31-23-167,olap,benchANT
2026-06-04 08:35:30+00:00,system,load5,4.92,dbms,tpc-ds,postgresql-plain-100gb-load,1,ip-172-31-23-167,olap,benchANT
2026-06-04 08:35:40+00:00,system,load5,4.93,dbms,tpc-ds,postgresql-plain-100gb-load,1,ip-172-31-23-167,olap,benchANT
2026-06-04 08:35:50+00:00,system,load5,4.93,dbms,tpc-ds,postgresql-plain-100gb-load,1,ip-172-31-23-167,olap,benchANT
2026-06-04 08:36:00+00:00,system,load5,4.93,dbms,tpc-ds,postgresql-plain-100gb-load,1,ip-172-31-23-167,olap,benchANT
2026-06-04 08:36:10+00:00,system,load5,4.94,dbms,tpc-ds,postgresql-plain-100gb-load,1,ip-172-31-23-167,olap,benchANT
2026-06-04 08:36:20+00:00,system,load5,4.94,dbms,tpc-ds,postgresql-plain-100gb-load,1,ip-172-31-23-167,olap,benchANT
2026-06-04 08:36:30+00:00,system,load5,4.94,dbms,tpc-ds,postgresql-plain-100gb-load,1,ip-172-31-23-167,olap,benchANT
2026-06-04 08:36:40+00:00,system,load5,4.94,dbms,tpc-ds,postgresql-plain-100gb-load,1,ip-172-31-23-167,olap,benchANT
2026-06-04 08:36:50+00:00,system,load5,4.95,dbms,tpc-ds,postgresql-plain-100gb-load,1,ip-172-31-23-167,olap,benchANT
2026-06-04 08:37:00+00:00,system,load5,4.95,dbms,tpc-ds,postgresql-plain-100gb-load,1,ip-172-31-23-167,olap,benchANT
2026-06-04 08:37:10+00:00,system,load5,4.95,dbms,tpc-ds,postgresql-plain-100gb-load,1,ip-172-31-23-167,olap,benchANT
2026-06-04 08:37:20+00:00,system,load5,4.95,dbms,tpc-ds,postgresql-plain-100gb-load,1,ip-172-31-23-167,olap,benchANT
2026-06-04 08:37:30+00:00,system,load5,4.97,dbms,tpc-ds,postgresql-plain-100gb-load,1,ip-172-31-23-167,olap,benchANT
2026-06-04 08:37:40+00:00,system,load5,4.97,dbms,tpc-ds,postgresql-plain-100gb-load,1,ip-172-31-23-167,olap,benchANT
2026-06-04 08:37:50+00:00,system,load5,4.97,dbms,tpc-ds,postgresql-plain-100gb-load,1,ip-172-31-23-167,olap,benchANT
2026-06-04 08:38:00+00:00,system,load5,4.97,dbms,tpc-ds,postgresql-plain-100gb-load,1,ip-172-31-23-167,olap,benchANT
2026-06-04 08:38:10+00:00,system,load5,4.97,dbms,tpc-ds,postgresql-plain-100gb-load,1,ip-172-31-23-167,olap,benchANT
2026-06-04 08:38:20+00:00,system,load5,4.97,dbms,tpc-ds,postgresql-plain-100gb-load,1,ip-172-31-23-167,olap,benchANT
2026-06-04 08:38:30+00:00,system,load5,4.99,dbms,tpc-ds,postgresql-plain-100gb-load,1,ip-172-31-23-167,olap,benchANT
2026-06-04 08:38:40+00:00,system,load5,4.99,dbms,tpc-ds,postgresql-plain-100gb-load,1,ip-172-31-23-167,olap,benchANT
2026-06-04 08:38:50+00:00,system,load5,4.99,dbms,tpc-ds,postgresql-plain-100gb-load,1,ip-172-31-23-167,olap,benchANT
2026-06-04 08:39:00+00:00,system,load5,5.0,dbms,tpc-ds,postgresql-plain-100gb-load,1,ip-172-31-23-167,olap,benchANT
2026-06-04 08:39:10+00:00,system,load5,5.0,dbms,tpc-ds,postgresql-plain-100gb-load,1,ip-172-31-23-167,olap,benchANT
2026-06-04 08:39:20+00:00,system,load5,5.0,dbms,tpc-ds,postgresql-plain-100gb-load,1,ip-172-31-23-167,olap,benchANT
2026-06-04 08:39:30+00:00,system,load5,5.0,dbms,tpc-ds,postgresql-plain-100gb-load,1,ip-172-31-23-167,olap,benchANT
2026-06-04 08:39:40+00:00,system,load5,5.0,dbms,tpc-ds,postgresql-plain-100gb-load,1,ip-172-31-23-167,olap,benchANT
2026-06-04 08:39:50+00:00,system,load5,5.0,dbms,tpc-ds,postgresql-plain-100gb-load,1,ip-172-31-23-167,olap,benchANT
2026-06-04 08:40:00+00:00,system,load5,4.87,dbms,tpc-ds,postgresql-plain-100gb-load,1,ip-172-31-23-167,olap,benchANT
2026-06-04 08:40:10+00:00,system,load5,4.81,dbms,tpc-ds,postgresql-plain-100gb-load,1,ip-172-31-23-167,olap,benchANT
2026-06-04 08:40:20+00:00,system,load5,4.81,dbms,tpc-ds,postgresql-plain-100gb-load,1,ip-172-31-23-167,olap,benchANT
2026-06-04 08:40:30+00:00,system,load5,4.82,dbms,tpc-ds,postgresql-plain-100gb-load,1,ip-172-31-23-167,olap,benchANT
2026-06-04 08:40:40+00:00,system,load5,4.83,dbms,tpc-ds,postgresql-plain-100gb-load,1,ip-172-31-23-167,olap,benchANT
2026-06-04 08:40:50+00:00,system,load5,4.83,dbms,tpc-ds,postgresql-plain-100gb-load,1,ip-172-31-23-167,olap,benchANT
2026-06-04 08:41:00+00:00,system,load5,4.84,dbms,tpc-ds,postgresql-plain-100gb-load,1,ip-172-31-23-167,olap,benchANT
2026-06-04 08:41:10+00:00,system,load5,4.84,dbms,tpc-ds,postgresql-plain-100gb-load,1,ip-172-31-23-167,olap,benchANT
2026-06-04 08:41:20+00:00,system,load5,4.85,dbms,tpc-ds,postgresql-plain-100gb-load,1,ip-172-31-23-167,olap,benchANT
2026-06-04 08:41:30+00:00,system,load5,4.86,dbms,tpc-ds,postgresql-plain-100gb-load,1,ip-172-31-23-167,olap,benchANT
2026-06-04 08:41:40+00:00,system,load5,4.86,dbms,tpc-ds,postgresql-plain-100gb-load,1,ip-172-31-23-167,olap,benchANT
2026-06-04 08:41:50+00:00,system,load5,4.87,dbms,tpc-ds,postgresql-plain-100gb-load,1,ip-172-31-23-167,olap,benchANT
2026-06-04 08:42:00+00:00,system,load5,4.87,dbms,tpc-ds,postgresql-plain-100gb-load,1,ip-172-31-23-167,olap,benchANT
2026-06-04 08:42:10+00:00,system,load5,4.88,dbms,tpc-ds,postgresql-plain-100gb-load,1,ip-172-31-23-167,olap,benchANT
2026-06-04 08:42:20+00:00,system,load5,4.88,dbms,tpc-ds,postgresql-plain-100gb-load,1,ip-172-31-23-167,olap,benchANT
2026-06-04 08:42:30+00:00,system,load5,4.88,dbms,tpc-ds,postgresql-plain-100gb-load,1,ip-172-31-23-167,olap,benchANT
2026-06-04 08:42:40+00:00,system,load5,4.89,dbms,tpc-ds,postgresql-plain-100gb-load,1,ip-172-31-23-167,olap,benchANT
2026-06-04 08:42:50+00:00,system,load5,4.89,dbms,tpc-ds,postgresql-plain-100gb-load,1,ip-172-31-23-167,olap,benchANT
2026-06-04 08:43:00+00:00,system,load5,4.9,dbms,tpc-ds,postgresql-plain-100gb-load,1,ip-172-31-23-167,olap,benchANT
2026-06-04 08:43:10+00:00,system,load5,4.9,dbms,tpc-ds,postgresql-plain-100gb-load,1,ip-172-31-23-167,olap,benchANT
2026-06-04 08:43:20+00:00,system,load5,4.9,dbms,tpc-ds,postgresql-plain-100gb-load,1,ip-172-31-23-167,olap,benchANT
2026-06-04 08:43:30+00:00,system,load5,4.91,dbms,tpc-ds,postgresql-plain-100gb-load,1,ip-172-31-23-167,olap,benchANT
2026-06-04 08:43:40+00:00,system,load5,4.91,dbms,tpc-ds,postgresql-plain-100gb-load,1,ip-172-31-23-167,olap,benchANT
2026-06-04 08:43:50+00:00,system,load5,4.91,dbms,tpc-ds,postgresql-plain-100gb-load,1,ip-172-31-23-167,olap,benchANT
2026-06-04 08:44:00+00:00,system,load5,4.92,dbms,tpc-ds,postgresql-plain-100gb-load,1,ip-172-31-23-167,olap,benchANT
2026-06-04 08:44:10+00:00,system,load5,4.92,dbms,tpc-ds,postgresql-plain-100gb-load,1,ip-172-31-23-167,olap,benchANT
2026-06-04 08:44:20+00:00,system,load5,4.92,dbms,tpc-ds,postgresql-plain-100gb-load,1,ip-172-31-23-167,olap,benchANT
2026-06-04 08:44:30+00:00,system,load5,4.93,dbms,tpc-ds,postgresql-plain-100gb-load,1,ip-172-31-23-167,olap,benchANT
2026-06-04 08:44:40+00:00,system,load5,4.93,dbms,tpc-ds,postgresql-plain-100gb-load,1,ip-172-31-23-167,olap,benchANT
2026-06-04 08:44:50+00:00,system,load5,4.93,dbms,tpc-ds,postgresql-plain-100gb-load,1,ip-172-31-23-167,olap,benchANT
2026-06-04 08:45:00+00:00,system,load5,4.94,dbms,tpc-ds,postgresql-plain-100gb-load,1,ip-172-31-23-167,olap,benchANT
2026-06-04 08:45:10+00:00,system,load5,4.94,dbms,tpc-ds,postgresql-plain-100gb-load,1,ip-172-31-23-167,olap,benchANT
2026-06-04 08:45:20+00:00,system,load5,4.94,dbms,tpc-ds,postgresql-plain-100gb-load,1,ip-172-31-23-167,olap,benchANT
2026-06-04 08:45:30+00:00,system,load5,4.94,dbms,tpc-ds,postgresql-plain-100gb-load,1,ip-172-31-23-167,olap,benchANT
2026-06-04 08:45:40+00:00,system,load5,4.95,dbms,tpc-ds,postgresql-plain-100gb-load,1,ip-172-31-23-167,olap,benchANT
2026-06-04 08:45:50+00:00,system,load5,4.95,dbms,tpc-ds,postgresql-plain-100gb-load,1,ip-172-31-23-167,olap,benchANT
2026-06-04 08:46:00+00:00,system,load5,4.95,dbms,tpc-ds,postgresql-plain-100gb-load,1,ip-172-31-23-167,olap,benchANT
2026-06-04 08:46:10+00:00,system,load5,4.95,dbms,tpc-ds,postgresql-plain-100gb-load,1,ip-172-31-23-167,olap,benchANT
2026-06-04 08:46:20+00:00,system,load5,4.95,dbms,tpc-ds,postgresql-plain-100gb-load,1,ip-172-31-23-167,olap,benchANT
2026-06-04 08:46:30+00:00,system,load5,4.95,dbms,tpc-ds,postgresql-plain-100gb-load,1,ip-172-31-23-167,olap,benchANT
2026-06-04 08:46:40+00:00,system,load5,4.96,dbms,tpc-ds,postgresql-plain-100gb-load,1,ip-172-31-23-167,olap,benchANT
2026-06-04 08:46:50+00:00,system,load5,4.96,dbms,tpc-ds,postgresql-plain-100gb-load,1,ip-172-31-23-167,olap,benchANT
2026-06-04 08:47:00+00:00,system,load5,4.96,dbms,tpc-ds,postgresql-plain-100gb-load,1,ip-172-31-23-167,olap,benchANT
2026-06-04 08:47:10+00:00,system,load5,4.96,dbms,tpc-ds,postgresql-plain-100gb-load,1,ip-172-31-23-167,olap,benchANT
2026-06-04 08:47:20+00:00,system,load5,4.96,dbms,tpc-ds,postgresql-plain-100gb-load,1,ip-172-31-23-167,olap,benchANT
2026-06-04 08:47:30+00:00,system,load5,4.97,dbms,tpc-ds,postgresql-plain-100gb-load,1,ip-172-31-23-167,olap,benchANT
2026-06-04 08:47:40+00:00,system,load5,4.97,dbms,tpc-ds,postgresql-plain-100gb-load,1,ip-172-31-23-167,olap,benchANT
2026-06-04 08:47:50+00:00,system,load5,4.97,dbms,tpc-ds,postgresql-plain-100gb-load,1,ip-172-31-23-167,olap,benchANT
2026-06-04 08:48:00+00:00,system,load5,4.97,dbms,tpc-ds,postgresql-plain-100gb-load,1,ip-172-31-23-167,olap,benchANT
2026-06-04 08:48:10+00:00,system,load5,4.97,dbms,tpc-ds,postgresql-plain-100gb-load,1,ip-172-31-23-167,olap,benchANT
2026-06-04 08:48:20+00:00,system,load5,4.97,dbms,tpc-ds,postgresql-plain-100gb-load,1,ip-172-31-23-167,olap,benchANT
2026-06-04 08:48:30+00:00,system,load5,4.97,dbms,tpc-ds,postgresql-plain-100gb-load,1,ip-172-31-23-167,olap,benchANT
2026-06-04 08:48:40+00:00,system,load5,4.98,dbms,tpc-ds,postgresql-plain-100gb-load,1,ip-172-31-23-167,olap,benchANT
2026-06-04 08:48:50+00:00,system,load5,4.98,dbms,tpc-ds,postgresql-plain-100gb-load,1,ip-172-31-23-167,olap,benchANT
2026-06-04 08:49:00+00:00,system,load5,4.98,dbms,tpc-ds,postgresql-plain-100gb-load,1,ip-172-31-23-167,olap,benchANT
2026-06-04 08:49:10+00:00,system,load5,5.0,dbms,tpc-ds,postgresql-plain-100gb-load,1,ip-172-31-23-167,olap,benchANT
2026-06-04 08:49:20+00:00,system,load5,5.0,dbms,tpc-ds,postgresql-plain-100gb-load,1,ip-172-31-23-167,olap,benchANT
2026-06-04 08:49:30+00:00,system,load5,5.0,dbms,tpc-ds,postgresql-plain-100gb-load,1,ip-172-31-23-167,olap,benchANT
2026-06-04 08:49:40+00:00,system,load5,5.0,dbms,tpc-ds,postgresql-plain-100gb-load,1,ip-172-31-23-167,olap,benchANT
2026-06-04 08:49:50+00:00,system,load5,5.0,dbms,tpc-ds,postgresql-plain-100gb-load,1,ip-172-31-23-167,olap,benchANT
2026-06-04 08:50:00+00:00,system,load5,5.0,dbms,tpc-ds,postgresql-plain-100gb-load,1,ip-172-31-23-167,olap,benchANT
2026-06-04 08:50:10+00:00,system,load5,5.02,dbms,tpc-ds,postgresql-plain-100gb-load,1,ip-172-31-23-167,olap,benchANT
2026-06-04 08:50:20+00:00,system,load5,5.02,dbms,tpc-ds,postgresql-plain-100gb-load,1,ip-172-31-23-167,olap,benchANT
2026-06-04 08:50:30+00:00,system,load5,5.01,dbms,tpc-ds,postgresql-plain-100gb-load,1,ip-172-31-23-167,olap,benchANT
2026-06-04 08:50:40+00:00,system,load5,5.01,dbms,tpc-ds,postgresql-plain-100gb-load,1,ip-172-31-23-167,olap,benchANT
2026-06-04 08:50:50+00:00,system,load5,4.93,dbms,tpc-ds,postgresql-plain-100gb-load,1,ip-172-31-23-167,olap,benchANT
2026-06-04 07:50:00+00:00,system,n_cpus,8,dbms,tpc-ds,postgresql-plain-100gb-load,1,ip-172-31-23-167,olap,benchANT
2026-06-04 07:50:10+00:00,system,n_cpus,8,dbms,tpc-ds,postgresql-plain-100gb-load,1,ip-172-31-23-167,olap,benchANT
2026-06-04 07:50:20+00:00,system,n_cpus,8,dbms,tpc-ds,postgresql-plain-100gb-load,1,ip-172-31-23-167,olap,benchANT
2026-06-04 07:50:30+00:00,system,n_cpus,8,dbms,tpc-ds,postgresql-plain-100gb-load,1,ip-172-31-23-167,olap,benchANT
2026-06-04 07:50:40+00:00,system,n_cpus,8,dbms,tpc-ds,postgresql-plain-100gb-load,1,ip-172-31-23-167,olap,benchANT
2026-06-04 07:50:50+00:00,system,n_cpus,8,dbms,tpc-ds,postgresql-plain-100gb-load,1,ip-172-31-23-167,olap,benchANT
2026-06-04 07:51:00+00:00,system,n_cpus,8,dbms,tpc-ds,postgresql-plain-100gb-load,1,ip-172-31-23-167,olap,benchANT
2026-06-04 07:51:10+00:00,system,n_cpus,8,dbms,tpc-ds,postgresql-plain-100gb-load,1,ip-172-31-23-167,olap,benchANT
2026-06-04 07:51:20+00:00,system,n_cpus,8,dbms,tpc-ds,postgresql-plain-100gb-load,1,ip-172-31-23-167,olap,benchANT
2026-06-04 07:51:30+00:00,system,n_cpus,8,dbms,tpc-ds,postgresql-plain-100gb-load,1,ip-172-31-23-167,olap,benchANT
2026-06-04 07:51:40+00:00,system,n_cpus,8,dbms,tpc-ds,postgresql-plain-100gb-load,1,ip-172-31-23-167,olap,benchANT
2026-06-04 07:51:50+00:00,system,n_cpus,8,dbms,tpc-ds,postgresql-plain-100gb-load,1,ip-172-31-23-167,olap,benchANT
2026-06-04 07:52:00+00:00,system,n_cpus,8,dbms,tpc-ds,postgresql-plain-100gb-load,1,ip-172-31-23-167,olap,benchANT
2026-06-04 07:52:10+00:00,system,n_cpus,8,dbms,tpc-ds,postgresql-plain-100gb-load,1,ip-172-31-23-167,olap,benchANT
2026-06-04 07:52:20+00:00,system,n_cpus,8,dbms,tpc-ds,postgresql-plain-100gb-load,1,ip-172-31-23-167,olap,benchANT
2026-06-04 07:52:30+00:00,system,n_cpus,8,dbms,tpc-ds,postgresql-plain-100gb-load,1,ip-172-31-23-167,olap,benchANT
2026-06-04 07:52:40+00:00,system,n_cpus,8,dbms,tpc-ds,postgresql-plain-100gb-load,1,ip-172-31-23-167,olap,benchANT
2026-06-04 07:52:50+00:00,system,n_cpus,8,dbms,tpc-ds,postgresql-plain-100gb-load,1,ip-172-31-23-167,olap,benchANT
2026-06-04 07:53:00+00:00,system,n_cpus,8,dbms,tpc-ds,postgresql-plain-100gb-load,1,ip-172-31-23-167,olap,benchANT
2026-06-04 07:53:10+00:00,system,n_cpus,8,dbms,tpc-ds,postgresql-plain-100gb-load,1,ip-172-31-23-167,olap,benchANT
2026-06-04 07:53:20+00:00,system,n_cpus,8,dbms,tpc-ds,postgresql-plain-100gb-load,1,ip-172-31-23-167,olap,benchANT
2026-06-04 07:53:30+00:00,system,n_cpus,8,dbms,tpc-ds,postgresql-plain-100gb-load,1,ip-172-31-23-167,olap,benchANT
2026-06-04 07:53:40+00:00,system,n_cpus,8,dbms,tpc-ds,postgresql-plain-100gb-load,1,ip-172-31-23-167,olap,benchANT
2026-06-04 07:53:50+00:00,system,n_cpus,8,dbms,tpc-ds,postgresql-plain-100gb-load,1,ip-172-31-23-167,olap,benchANT
2026-06-04 07:54:00+00:00,system,n_cpus,8,dbms,tpc-ds,postgresql-plain-100gb-load,1,ip-172-31-23-167,olap,benchANT
2026-06-04 07:54:10+00:00,system,n_cpus,8,dbms,tpc-ds,postgresql-plain-100gb-load,1,ip-172-31-23-167,olap,benchANT
2026-06-04 07:54:20+00:00,system,n_cpus,8,dbms,tpc-ds,postgresql-plain-100gb-load,1,ip-172-31-23-167,olap,benchANT
2026-06-04 07:54:30+00:00,system,n_cpus,8,dbms,tpc-ds,postgresql-plain-100gb-load,1,ip-172-31-23-167,olap,benchANT
2026-06-04 07:54:40+00:00,system,n_cpus,8,dbms,tpc-ds,postgresql-plain-100gb-load,1,ip-172-31-23-167,olap,benchANT
2026-06-04 07:54:50+00:00,system,n_cpus,8,dbms,tpc-ds,postgresql-plain-100gb-load,1,ip-172-31-23-167,olap,benchANT
2026-06-04 07:55:00+00:00,system,n_cpus,8,dbms,tpc-ds,postgresql-plain-100gb-load,1,ip-172-31-23-167,olap,benchANT
2026-06-04 07:55:10+00:00,system,n_cpus,8,dbms,tpc-ds,postgresql-plain-100gb-load,1,ip-172-31-23-167,olap,benchANT
2026-06-04 07:55:20+00:00,system,n_cpus,8,dbms,tpc-ds,postgresql-plain-100gb-load,1,ip-172-31-23-167,olap,benchANT
2026-06-04 07:55:30+00:00,system,n_cpus,8,dbms,tpc-ds,postgresql-plain-100gb-load,1,ip-172-31-23-167,olap,benchANT
2026-06-04 07:55:40+00:00,system,n_cpus,8,dbms,tpc-ds,postgresql-plain-100gb-load,1,ip-172-31-23-167,olap,benchANT
2026-06-04 07:55:50+00:00,system,n_cpus,8,dbms,tpc-ds,postgresql-plain-100gb-load,1,ip-172-31-23-167,olap,benchANT
2026-06-04 07:56:00+00:00,system,n_cpus,8,dbms,tpc-ds,postgresql-plain-100gb-load,1,ip-172-31-23-167,olap,benchANT
2026-06-04 07:56:10+00:00,system,n_cpus,8,dbms,tpc-ds,postgresql-plain-100gb-load,1,ip-172-31-23-167,olap,benchANT
2026-06-04 07:56:20+00:00,system,n_cpus,8,dbms,tpc-ds,postgresql-plain-100gb-load,1,ip-172-31-23-167,olap,benchANT
2026-06-04 07:56:30+00:00,system,n_cpus,8,dbms,tpc-ds,postgresql-plain-100gb-load,1,ip-172-31-23-167,olap,benchANT
2026-06-04 07:56:40+00:00,system,n_cpus,8,dbms,tpc-ds,postgresql-plain-100gb-load,1,ip-172-31-23-167,olap,benchANT
2026-06-04 07:56:50+00:00,system,n_cpus,8,dbms,tpc-ds,postgresql-plain-100gb-load,1,ip-172-31-23-167,olap,benchANT
2026-06-04 07:57:00+00:00,system,n_cpus,8,dbms,tpc-ds,postgresql-plain-100gb-load,1,ip-172-31-23-167,olap,benchANT
2026-06-04 07:57:10+00:00,system,n_cpus,8,dbms,tpc-ds,postgresql-plain-100gb-load,1,ip-172-31-23-167,olap,benchANT
2026-06-04 07:57:20+00:00,system,n_cpus,8,dbms,tpc-ds,postgresql-plain-100gb-load,1,ip-172-31-23-167,olap,benchANT
2026-06-04 07:57:30+00:00,system,n_cpus,8,dbms,tpc-ds,postgresql-plain-100gb-load,1,ip-172-31-23-167,olap,benchANT
2026-06-04 07:57:40+00:00,system,n_cpus,8,dbms,tpc-ds,postgresql-plain-100gb-load,1,ip-172-31-23-167,olap,benchANT
2026-06-04 07:57:50+00:00,system,n_cpus,8,dbms,tpc-ds,postgresql-plain-100gb-load,1,ip-172-31-23-167,olap,benchANT
2026-06-04 07:58:00+00:00,system,n_cpus,8,dbms,tpc-ds,postgresql-plain-100gb-load,1,ip-172-31-23-167,olap,benchANT
2026-06-04 07:58:10+00:00,system,n_cpus,8,dbms,tpc-ds,postgresql-plain-100gb-load,1,ip-172-31-23-167,olap,benchANT
2026-06-04 07:58:20+00:00,system,n_cpus,8,dbms,tpc-ds,postgresql-plain-100gb-load,1,ip-172-31-23-167,olap,benchANT
2026-06-04 07:58:30+00:00,system,n_cpus,8,dbms,tpc-ds,postgresql-plain-100gb-load,1,ip-172-31-23-167,olap,benchANT
2026-06-04 07:58:40+00:00,system,n_cpus,8,dbms,tpc-ds,postgresql-plain-100gb-load,1,ip-172-31-23-167,olap,benchANT
2026-06-04 07:58:50+00:00,system,n_cpus,8,dbms,tpc-ds,postgresql-plain-100gb-load,1,ip-172-31-23-167,olap,benchANT
2026-06-04 07:59:00+00:00,system,n_cpus,8,dbms,tpc-ds,postgresql-plain-100gb-load,1,ip-172-31-23-167,olap,benchANT
2026-06-04 07:59:10+00:00,system,n_cpus,8,dbms,tpc-ds,postgresql-plain-100gb-load,1,ip-172-31-23-167,olap,benchANT
2026-06-04 07:59:20+00:00,system,n_cpus,8,dbms,tpc-ds,postgresql-plain-100gb-load,1,ip-172-31-23-167,olap,benchANT
2026-06-04 07:59:30+00:00,system,n_cpus,8,dbms,tpc-ds,postgresql-plain-100gb-load,1,ip-172-31-23-167,olap,benchANT
2026-06-04 07:59:40+00:00,system,n_cpus,8,dbms,tpc-ds,postgresql-plain-100gb-load,1,ip-172-31-23-167,olap,benchANT
2026-06-04 07:59:50+00:00,system,n_cpus,8,dbms,tpc-ds,postgresql-plain-100gb-load,1,ip-172-31-23-167,olap,benchANT
2026-06-04 08:00:00+00:00,system,n_cpus,8,dbms,tpc-ds,postgresql-plain-100gb-load,1,ip-172-31-23-167,olap,benchANT
2026-06-04 08:00:10+00:00,system,n_cpus,8,dbms,tpc-ds,postgresql-plain-100gb-load,1,ip-172-31-23-167,olap,benchANT
2026-06-04 08:00:20+00:00,system,n_cpus,8,dbms,tpc-ds,postgresql-plain-100gb-load,1,ip-172-31-23-167,olap,benchANT
2026-06-04 08:00:30+00:00,system,n_cpus,8,dbms,tpc-ds,postgresql-plain-100gb-load,1,ip-172-31-23-167,olap,benchANT
2026-06-04 08:00:40+00:00,system,n_cpus,8,dbms,tpc-ds,postgresql-plain-100gb-load,1,ip-172-31-23-167,olap,benchANT
2026-06-04 08:00:50+00:00,system,n_cpus,8,dbms,tpc-ds,postgresql-plain-100gb-load,1,ip-172-31-23-167,olap,benchANT
2026-06-04 08:01:00+00:00,system,n_cpus,8,dbms,tpc-ds,postgresql-plain-100gb-load,1,ip-172-31-23-167,olap,benchANT
2026-06-04 08:01:10+00:00,system,n_cpus,8,dbms,tpc-ds,postgresql-plain-100gb-load,1,ip-172-31-23-167,olap,benchANT
2026-06-04 08:01:20+00:00,system,n_cpus,8,dbms,tpc-ds,postgresql-plain-100gb-load,1,ip-172-31-23-167,olap,benchANT
2026-06-04 08:01:30+00:00,system,n_cpus,8,dbms,tpc-ds,postgresql-plain-100gb-load,1,ip-172-31-23-167,olap,benchANT
2026-06-04 08:01:40+00:00,system,n_cpus,8,dbms,tpc-ds,postgresql-plain-100gb-load,1,ip-172-31-23-167,olap,benchANT
2026-06-04 08:01:50+00:00,system,n_cpus,8,dbms,tpc-ds,postgresql-plain-100gb-load,1,ip-172-31-23-167,olap,benchANT
2026-06-04 08:02:00+00:00,system,n_cpus,8,dbms,tpc-ds,postgresql-plain-100gb-load,1,ip-172-31-23-167,olap,benchANT
2026-06-04 08:02:10+00:00,system,n_cpus,8,dbms,tpc-ds,postgresql-plain-100gb-load,1,ip-172-31-23-167,olap,benchANT
2026-06-04 08:02:20+00:00,system,n_cpus,8,dbms,tpc-ds,postgresql-plain-100gb-load,1,ip-172-31-23-167,olap,benchANT
2026-06-04 08:02:30+00:00,system,n_cpus,8,dbms,tpc-ds,postgresql-plain-100gb-load,1,ip-172-31-23-167,olap,benchANT
2026-06-04 08:02:40+00:00,system,n_cpus,8,dbms,tpc-ds,postgresql-plain-100gb-load,1,ip-172-31-23-167,olap,benchANT
2026-06-04 08:02:50+00:00,system,n_cpus,8,dbms,tpc-ds,postgresql-plain-100gb-load,1,ip-172-31-23-167,olap,benchANT
2026-06-04 08:03:00+00:00,system,n_cpus,8,dbms,tpc-ds,postgresql-plain-100gb-load,1,ip-172-31-23-167,olap,benchANT
2026-06-04 08:03:10+00:00,system,n_cpus,8,dbms,tpc-ds,postgresql-plain-100gb-load,1,ip-172-31-23-167,olap,benchANT
2026-06-04 08:03:20+00:00,system,n_cpus,8,dbms,tpc-ds,postgresql-plain-100gb-load,1,ip-172-31-23-167,olap,benchANT
2026-06-04 08:03:30+00:00,system,n_cpus,8,dbms,tpc-ds,postgresql-plain-100gb-load,1,ip-172-31-23-167,olap,benchANT
2026-06-04 08:03:40+00:00,system,n_cpus,8,dbms,tpc-ds,postgresql-plain-100gb-load,1,ip-172-31-23-167,olap,benchANT
2026-06-04 08:03:50+00:00,system,n_cpus,8,dbms,tpc-ds,postgresql-plain-100gb-load,1,ip-172-31-23-167,olap,benchANT
2026-06-04 08:04:00+00:00,system,n_cpus,8,dbms,tpc-ds,postgresql-plain-100gb-load,1,ip-172-31-23-167,olap,benchANT
2026-06-04 08:04:10+00:00,system,n_cpus,8,dbms,tpc-ds,postgresql-plain-100gb-load,1,ip-172-31-23-167,olap,benchANT
2026-06-04 08:04:20+00:00,system,n_cpus,8,dbms,tpc-ds,postgresql-plain-100gb-load,1,ip-172-31-23-167,olap,benchANT
2026-06-04 08:04:30+00:00,system,n_cpus,8,dbms,tpc-ds,postgresql-plain-100gb-load,1,ip-172-31-23-167,olap,benchANT
2026-06-04 08:04:40+00:00,system,n_cpus,8,dbms,tpc-ds,postgresql-plain-100gb-load,1,ip-172-31-23-167,olap,benchANT
2026-06-04 08:04:50+00:00,system,n_cpus,8,dbms,tpc-ds,postgresql-plain-100gb-load,1,ip-172-31-23-167,olap,benchANT
2026-06-04 08:05:00+00:00,system,n_cpus,8,dbms,tpc-ds,postgresql-plain-100gb-load,1,ip-172-31-23-167,olap,benchANT
2026-06-04 08:05:10+00:00,system,n_cpus,8,dbms,tpc-ds,postgresql-plain-100gb-load,1,ip-172-31-23-167,olap,benchANT
2026-06-04 08:05:20+00:00,system,n_cpus,8,dbms,tpc-ds,postgresql-plain-100gb-load,1,ip-172-31-23-167,olap,benchANT
2026-06-04 08:05:30+00:00,system,n_cpus,8,dbms,tpc-ds,postgresql-plain-100gb-load,1,ip-172-31-23-167,olap,benchANT
2026-06-04 08:05:40+00:00,system,n_cpus,8,dbms,tpc-ds,postgresql-plain-100gb-load,1,ip-172-31-23-167,olap,benchANT
2026-06-04 08:05:50+00:00,system,n_cpus,8,dbms,tpc-ds,postgresql-plain-100gb-load,1,ip-172-31-23-167,olap,benchANT
2026-06-04 08:06:00+00:00,system,n_cpus,8,dbms,tpc-ds,postgresql-plain-100gb-load,1,ip-172-31-23-167,olap,benchANT
2026-06-04 08:06:10+00:00,system,n_cpus,8,dbms,tpc-ds,postgresql-plain-100gb-load,1,ip-172-31-23-167,olap,benchANT
2026-06-04 08:06:20+00:00,system,n_cpus,8,dbms,tpc-ds,postgresql-plain-100gb-load,1,ip-172-31-23-167,olap,benchANT
2026-06-04 08:06:30+00:00,system,n_cpus,8,dbms,tpc-ds,postgresql-plain-100gb-load,1,ip-172-31-23-167,olap,benchANT
2026-06-04 08:06:40+00:00,system,n_cpus,8,dbms,tpc-ds,postgresql-plain-100gb-load,1,ip-172-31-23-167,olap,benchANT
2026-06-04 08:06:50+00:00,system,n_cpus,8,dbms,tpc-ds,postgresql-plain-100gb-load,1,ip-172-31-23-167,olap,benchANT
2026-06-04 08:07:00+00:00,system,n_cpus,8,dbms,tpc-ds,postgresql-plain-100gb-load,1,ip-172-31-23-167,olap,benchANT
2026-06-04 08:07:10+00:00,system,n_cpus,8,dbms,tpc-ds,postgresql-plain-100gb-load,1,ip-172-31-23-167,olap,benchANT
2026-06-04 08:07:20+00:00,system,n_cpus,8,dbms,tpc-ds,postgresql-plain-100gb-load,1,ip-172-31-23-167,olap,benchANT
2026-06-04 08:07:30+00:00,system,n_cpus,8,dbms,tpc-ds,postgresql-plain-100gb-load,1,ip-172-31-23-167,olap,benchANT
2026-06-04 08:07:40+00:00,system,n_cpus,8,dbms,tpc-ds,postgresql-plain-100gb-load,1,ip-172-31-23-167,olap,benchANT
2026-06-04 08:07:50+00:00,system,n_cpus,8,dbms,tpc-ds,postgresql-plain-100gb-load,1,ip-172-31-23-167,olap,benchANT
2026-06-04 08:08:00+00:00,system,n_cpus,8,dbms,tpc-ds,postgresql-plain-100gb-load,1,ip-172-31-23-167,olap,benchANT
2026-06-04 08:08:10+00:00,system,n_cpus,8,dbms,tpc-ds,postgresql-plain-100gb-load,1,ip-172-31-23-167,olap,benchANT
2026-06-04 08:08:20+00:00,system,n_cpus,8,dbms,tpc-ds,postgresql-plain-100gb-load,1,ip-172-31-23-167,olap,benchANT
2026-06-04 08:08:30+00:00,system,n_cpus,8,dbms,tpc-ds,postgresql-plain-100gb-load,1,ip-172-31-23-167,olap,benchANT
2026-06-04 08:08:40+00:00,system,n_cpus,8,dbms,tpc-ds,postgresql-plain-100gb-load,1,ip-172-31-23-167,olap,benchANT
2026-06-04 08:08:50+00:00,system,n_cpus,8,dbms,tpc-ds,postgresql-plain-100gb-load,1,ip-172-31-23-167,olap,benchANT
2026-06-04 08:09:00+00:00,system,n_cpus,8,dbms,tpc-ds,postgresql-plain-100gb-load,1,ip-172-31-23-167,olap,benchANT
2026-06-04 08:09:10+00:00,system,n_cpus,8,dbms,tpc-ds,postgresql-plain-100gb-load,1,ip-172-31-23-167,olap,benchANT
2026-06-04 08:09:20+00:00,system,n_cpus,8,dbms,tpc-ds,postgresql-plain-100gb-load,1,ip-172-31-23-167,olap,benchANT
2026-06-04 08:09:30+00:00,system,n_cpus,8,dbms,tpc-ds,postgresql-plain-100gb-load,1,ip-172-31-23-167,olap,benchANT
2026-06-04 08:09:40+00:00,system,n_cpus,8,dbms,tpc-ds,postgresql-plain-100gb-load,1,ip-172-31-23-167,olap,benchANT
2026-06-04 08:09:50+00:00,system,n_cpus,8,dbms,tpc-ds,postgresql-plain-100gb-load,1,ip-172-31-23-167,olap,benchANT
2026-06-04 08:10:00+00:00,system,n_cpus,8,dbms,tpc-ds,postgresql-plain-100gb-load,1,ip-172-31-23-167,olap,benchANT
2026-06-04 08:10:10+00:00,system,n_cpus,8,dbms,tpc-ds,postgresql-plain-100gb-load,1,ip-172-31-23-167,olap,benchANT
2026-06-04 08:10:20+00:00,system,n_cpus,8,dbms,tpc-ds,postgresql-plain-100gb-load,1,ip-172-31-23-167,olap,benchANT
2026-06-04 08:10:30+00:00,system,n_cpus,8,dbms,tpc-ds,postgresql-plain-100gb-load,1,ip-172-31-23-167,olap,benchANT
2026-06-04 08:10:40+00:00,system,n_cpus,8,dbms,tpc-ds,postgresql-plain-100gb-load,1,ip-172-31-23-167,olap,benchANT
2026-06-04 08:10:50+00:00,system,n_cpus,8,dbms,tpc-ds,postgresql-plain-100gb-load,1,ip-172-31-23-167,olap,benchANT
2026-06-04 08:11:00+00:00,system,n_cpus,8,dbms,tpc-ds,postgresql-plain-100gb-load,1,ip-172-31-23-167,olap,benchANT
2026-06-04 08:11:10+00:00,system,n_cpus,8,dbms,tpc-ds,postgresql-plain-100gb-load,1,ip-172-31-23-167,olap,benchANT
2026-06-04 08:11:20+00:00,system,n_cpus,8,dbms,tpc-ds,postgresql-plain-100gb-load,1,ip-172-31-23-167,olap,benchANT
2026-06-04 08:11:30+00:00,system,n_cpus,8,dbms,tpc-ds,postgresql-plain-100gb-load,1,ip-172-31-23-167,olap,benchANT
2026-06-04 08:11:40+00:00,system,n_cpus,8,dbms,tpc-ds,postgresql-plain-100gb-load,1,ip-172-31-23-167,olap,benchANT
2026-06-04 08:11:50+00:00,system,n_cpus,8,dbms,tpc-ds,postgresql-plain-100gb-load,1,ip-172-31-23-167,olap,benchANT
2026-06-04 08:12:00+00:00,system,n_cpus,8,dbms,tpc-ds,postgresql-plain-100gb-load,1,ip-172-31-23-167,olap,benchANT
2026-06-04 08:12:10+00:00,system,n_cpus,8,dbms,tpc-ds,postgresql-plain-100gb-load,1,ip-172-31-23-167,olap,benchANT
2026-06-04 08:12:20+00:00,system,n_cpus,8,dbms,tpc-ds,postgresql-plain-100gb-load,1,ip-172-31-23-167,olap,benchANT
2026-06-04 08:12:30+00:00,system,n_cpus,8,dbms,tpc-ds,postgresql-plain-100gb-load,1,ip-172-31-23-167,olap,benchANT
2026-06-04 08:12:40+00:00,system,n_cpus,8,dbms,tpc-ds,postgresql-plain-100gb-load,1,ip-172-31-23-167,olap,benchANT
2026-06-04 08:12:50+00:00,system,n_cpus,8,dbms,tpc-ds,postgresql-plain-100gb-load,1,ip-172-31-23-167,olap,benchANT
2026-06-04 08:13:00+00:00,system,n_cpus,8,dbms,tpc-ds,postgresql-plain-100gb-load,1,ip-172-31-23-167,olap,benchANT
2026-06-04 08:13:10+00:00,system,n_cpus,8,dbms,tpc-ds,postgresql-plain-100gb-load,1,ip-172-31-23-167,olap,benchANT
2026-06-04 08:13:20+00:00,system,n_cpus,8,dbms,tpc-ds,postgresql-plain-100gb-load,1,ip-172-31-23-167,olap,benchANT
2026-06-04 08:13:30+00:00,system,n_cpus,8,dbms,tpc-ds,postgresql-plain-100gb-load,1,ip-172-31-23-167,olap,benchANT
2026-06-04 08:13:40+00:00,system,n_cpus,8,dbms,tpc-ds,postgresql-plain-100gb-load,1,ip-172-31-23-167,olap,benchANT
2026-06-04 08:13:50+00:00,system,n_cpus,8,dbms,tpc-ds,postgresql-plain-100gb-load,1,ip-172-31-23-167,olap,benchANT
2026-06-04 08:14:00+00:00,system,n_cpus,8,dbms,tpc-ds,postgresql-plain-100gb-load,1,ip-172-31-23-167,olap,benchANT
2026-06-04 08:14:10+00:00,system,n_cpus,8,dbms,tpc-ds,postgresql-plain-100gb-load,1,ip-172-31-23-167,olap,benchANT
2026-06-04 08:14:20+00:00,system,n_cpus,8,dbms,tpc-ds,postgresql-plain-100gb-load,1,ip-172-31-23-167,olap,benchANT
2026-06-04 08:14:30+00:00,system,n_cpus,8,dbms,tpc-ds,postgresql-plain-100gb-load,1,ip-172-31-23-167,olap,benchANT
2026-06-04 08:14:40+00:00,system,n_cpus,8,dbms,tpc-ds,postgresql-plain-100gb-load,1,ip-172-31-23-167,olap,benchANT
2026-06-04 08:14:50+00:00,system,n_cpus,8,dbms,tpc-ds,postgresql-plain-100gb-load,1,ip-172-31-23-167,olap,benchANT
2026-06-04 08:15:00+00:00,system,n_cpus,8,dbms,tpc-ds,postgresql-plain-100gb-load,1,ip-172-31-23-167,olap,benchANT
2026-06-04 08:15:10+00:00,system,n_cpus,8,dbms,tpc-ds,postgresql-plain-100gb-load,1,ip-172-31-23-167,olap,benchANT
2026-06-04 08:15:20+00:00,system,n_cpus,8,dbms,tpc-ds,postgresql-plain-100gb-load,1,ip-172-31-23-167,olap,benchANT
2026-06-04 08:15:30+00:00,system,n_cpus,8,dbms,tpc-ds,postgresql-plain-100gb-load,1,ip-172-31-23-167,olap,benchANT
2026-06-04 08:15:40+00:00,system,n_cpus,8,dbms,tpc-ds,postgresql-plain-100gb-load,1,ip-172-31-23-167,olap,benchANT
2026-06-04 08:15:50+00:00,system,n_cpus,8,dbms,tpc-ds,postgresql-plain-100gb-load,1,ip-172-31-23-167,olap,benchANT
2026-06-04 08:16:00+00:00,system,n_cpus,8,dbms,tpc-ds,postgresql-plain-100gb-load,1,ip-172-31-23-167,olap,benchANT
2026-06-04 08:16:10+00:00,system,n_cpus,8,dbms,tpc-ds,postgresql-plain-100gb-load,1,ip-172-31-23-167,olap,benchANT
2026-06-04 08:16:20+00:00,system,n_cpus,8,dbms,tpc-ds,postgresql-plain-100gb-load,1,ip-172-31-23-167,olap,benchANT
2026-06-04 08:16:30+00:00,system,n_cpus,8,dbms,tpc-ds,postgresql-plain-100gb-load,1,ip-172-31-23-167,olap,benchANT
2026-06-04 08:16:40+00:00,system,n_cpus,8,dbms,tpc-ds,postgresql-plain-100gb-load,1,ip-172-31-23-167,olap,benchANT
2026-06-04 08:16:50+00:00,system,n_cpus,8,dbms,tpc-ds,postgresql-plain-100gb-load,1,ip-172-31-23-167,olap,benchANT
2026-06-04 08:17:00+00:00,system,n_cpus,8,dbms,tpc-ds,postgresql-plain-100gb-load,1,ip-172-31-23-167,olap,benchANT
2026-06-04 08:17:10+00:00,system,n_cpus,8,dbms,tpc-ds,postgresql-plain-100gb-load,1,ip-172-31-23-167,olap,benchANT
2026-06-04 08:17:20+00:00,system,n_cpus,8,dbms,tpc-ds,postgresql-plain-100gb-load,1,ip-172-31-23-167,olap,benchANT
2026-06-04 08:17:30+00:00,system,n_cpus,8,dbms,tpc-ds,postgresql-plain-100gb-load,1,ip-172-31-23-167,olap,benchANT
2026-06-04 08:17:40+00:00,system,n_cpus,8,dbms,tpc-ds,postgresql-plain-100gb-load,1,ip-172-31-23-167,olap,benchANT
2026-06-04 08:17:50+00:00,system,n_cpus,8,dbms,tpc-ds,postgresql-plain-100gb-load,1,ip-172-31-23-167,olap,benchANT
2026-06-04 08:18:00+00:00,system,n_cpus,8,dbms,tpc-ds,postgresql-plain-100gb-load,1,ip-172-31-23-167,olap,benchANT
2026-06-04 08:18:10+00:00,system,n_cpus,8,dbms,tpc-ds,postgresql-plain-100gb-load,1,ip-172-31-23-167,olap,benchANT
2026-06-04 08:18:20+00:00,system,n_cpus,8,dbms,tpc-ds,postgresql-plain-100gb-load,1,ip-172-31-23-167,olap,benchANT
2026-06-04 08:18:30+00:00,system,n_cpus,8,dbms,tpc-ds,postgresql-plain-100gb-load,1,ip-172-31-23-167,olap,benchANT
2026-06-04 08:18:40+00:00,system,n_cpus,8,dbms,tpc-ds,postgresql-plain-100gb-load,1,ip-172-31-23-167,olap,benchANT
2026-06-04 08:18:50+00:00,system,n_cpus,8,dbms,tpc-ds,postgresql-plain-100gb-load,1,ip-172-31-23-167,olap,benchANT
2026-06-04 08:19:00+00:00,system,n_cpus,8,dbms,tpc-ds,postgresql-plain-100gb-load,1,ip-172-31-23-167,olap,benchANT
2026-06-04 08:19:10+00:00,system,n_cpus,8,dbms,tpc-ds,postgresql-plain-100gb-load,1,ip-172-31-23-167,olap,benchANT
2026-06-04 08:19:20+00:00,system,n_cpus,8,dbms,tpc-ds,postgresql-plain-100gb-load,1,ip-172-31-23-167,olap,benchANT
2026-06-04 08:19:30+00:00,system,n_cpus,8,dbms,tpc-ds,postgresql-plain-100gb-load,1,ip-172-31-23-167,olap,benchANT
2026-06-04 08:19:40+00:00,system,n_cpus,8,dbms,tpc-ds,postgresql-plain-100gb-load,1,ip-172-31-23-167,olap,benchANT
2026-06-04 08:19:50+00:00,system,n_cpus,8,dbms,tpc-ds,postgresql-plain-100gb-load,1,ip-172-31-23-167,olap,benchANT
2026-06-04 08:20:00+00:00,system,n_cpus,8,dbms,tpc-ds,postgresql-plain-100gb-load,1,ip-172-31-23-167,olap,benchANT
2026-06-04 08:20:10+00:00,system,n_cpus,8,dbms,tpc-ds,postgresql-plain-100gb-load,1,ip-172-31-23-167,olap,benchANT
2026-06-04 08:20:20+00:00,system,n_cpus,8,dbms,tpc-ds,postgresql-plain-100gb-load,1,ip-172-31-23-167,olap,benchANT
2026-06-04 08:20:30+00:00,system,n_cpus,8,dbms,tpc-ds,postgresql-plain-100gb-load,1,ip-172-31-23-167,olap,benchANT
2026-06-04 08:20:40+00:00,system,n_cpus,8,dbms,tpc-ds,postgresql-plain-100gb-load,1,ip-172-31-23-167,olap,benchANT
2026-06-04 08:20:50+00:00,system,n_cpus,8,dbms,tpc-ds,postgresql-plain-100gb-load,1,ip-172-31-23-167,olap,benchANT
2026-06-04 08:21:00+00:00,system,n_cpus,8,dbms,tpc-ds,postgresql-plain-100gb-load,1,ip-172-31-23-167,olap,benchANT
2026-06-04 08:21:10+00:00,system,n_cpus,8,dbms,tpc-ds,postgresql-plain-100gb-load,1,ip-172-31-23-167,olap,benchANT
2026-06-04 08:21:20+00:00,system,n_cpus,8,dbms,tpc-ds,postgresql-plain-100gb-load,1,ip-172-31-23-167,olap,benchANT
2026-06-04 08:21:30+00:00,system,n_cpus,8,dbms,tpc-ds,postgresql-plain-100gb-load,1,ip-172-31-23-167,olap,benchANT
2026-06-04 08:21:40+00:00,system,n_cpus,8,dbms,tpc-ds,postgresql-plain-100gb-load,1,ip-172-31-23-167,olap,benchANT
2026-06-04 08:21:50+00:00,system,n_cpus,8,dbms,tpc-ds,postgresql-plain-100gb-load,1,ip-172-31-23-167,olap,benchANT
2026-06-04 08:22:00+00:00,system,n_cpus,8,dbms,tpc-ds,postgresql-plain-100gb-load,1,ip-172-31-23-167,olap,benchANT
2026-06-04 08:22:10+00:00,system,n_cpus,8,dbms,tpc-ds,postgresql-plain-100gb-load,1,ip-172-31-23-167,olap,benchANT
2026-06-04 08:22:20+00:00,system,n_cpus,8,dbms,tpc-ds,postgresql-plain-100gb-load,1,ip-172-31-23-167,olap,benchANT
2026-06-04 08:22:30+00:00,system,n_cpus,8,dbms,tpc-ds,postgresql-plain-100gb-load,1,ip-172-31-23-167,olap,benchANT
2026-06-04 08:22:40+00:00,system,n_cpus,8,dbms,tpc-ds,postgresql-plain-100gb-load,1,ip-172-31-23-167,olap,benchANT
2026-06-04 08:22:50+00:00,system,n_cpus,8,dbms,tpc-ds,postgresql-plain-100gb-load,1,ip-172-31-23-167,olap,benchANT
2026-06-04 08:23:00+00:00,system,n_cpus,8,dbms,tpc-ds,postgresql-plain-100gb-load,1,ip-172-31-23-167,olap,benchANT
2026-06-04 08:23:10+00:00,system,n_cpus,8,dbms,tpc-ds,postgresql-plain-100gb-load,1,ip-172-31-23-167,olap,benchANT
2026-06-04 08:23:20+00:00,system,n_cpus,8,dbms,tpc-ds,postgresql-plain-100gb-load,1,ip-172-31-23-167,olap,benchANT
2026-06-04 08:23:30+00:00,system,n_cpus,8,dbms,tpc-ds,postgresql-plain-100gb-load,1,ip-172-31-23-167,olap,benchANT
2026-06-04 08:23:40+00:00,system,n_cpus,8,dbms,tpc-ds,postgresql-plain-100gb-load,1,ip-172-31-23-167,olap,benchANT
2026-06-04 08:23:50+00:00,system,n_cpus,8,dbms,tpc-ds,postgresql-plain-100gb-load,1,ip-172-31-23-167,olap,benchANT
2026-06-04 08:24:00+00:00,system,n_cpus,8,dbms,tpc-ds,postgresql-plain-100gb-load,1,ip-172-31-23-167,olap,benchANT
2026-06-04 08:24:10+00:00,system,n_cpus,8,dbms,tpc-ds,postgresql-plain-100gb-load,1,ip-172-31-23-167,olap,benchANT
2026-06-04 08:24:20+00:00,system,n_cpus,8,dbms,tpc-ds,postgresql-plain-100gb-load,1,ip-172-31-23-167,olap,benchANT
2026-06-04 08:24:30+00:00,system,n_cpus,8,dbms,tpc-ds,postgresql-plain-100gb-load,1,ip-172-31-23-167,olap,benchANT
2026-06-04 08:24:40+00:00,system,n_cpus,8,dbms,tpc-ds,postgresql-plain-100gb-load,1,ip-172-31-23-167,olap,benchANT
2026-06-04 08:24:50+00:00,system,n_cpus,8,dbms,tpc-ds,postgresql-plain-100gb-load,1,ip-172-31-23-167,olap,benchANT
2026-06-04 08:25:00+00:00,system,n_cpus,8,dbms,tpc-ds,postgresql-plain-100gb-load,1,ip-172-31-23-167,olap,benchANT
2026-06-04 08:25:10+00:00,system,n_cpus,8,dbms,tpc-ds,postgresql-plain-100gb-load,1,ip-172-31-23-167,olap,benchANT
2026-06-04 08:25:20+00:00,system,n_cpus,8,dbms,tpc-ds,postgresql-plain-100gb-load,1,ip-172-31-23-167,olap,benchANT
2026-06-04 08:25:30+00:00,system,n_cpus,8,dbms,tpc-ds,postgresql-plain-100gb-load,1,ip-172-31-23-167,olap,benchANT
2026-06-04 08:25:40+00:00,system,n_cpus,8,dbms,tpc-ds,postgresql-plain-100gb-load,1,ip-172-31-23-167,olap,benchANT
2026-06-04 08:25:50+00:00,system,n_cpus,8,dbms,tpc-ds,postgresql-plain-100gb-load,1,ip-172-31-23-167,olap,benchANT
2026-06-04 08:26:00+00:00,system,n_cpus,8,dbms,tpc-ds,postgresql-plain-100gb-load,1,ip-172-31-23-167,olap,benchANT
2026-06-04 08:26:10+00:00,system,n_cpus,8,dbms,tpc-ds,postgresql-plain-100gb-load,1,ip-172-31-23-167,olap,benchANT
2026-06-04 08:26:20+00:00,system,n_cpus,8,dbms,tpc-ds,postgresql-plain-100gb-load,1,ip-172-31-23-167,olap,benchANT
2026-06-04 08:26:30+00:00,system,n_cpus,8,dbms,tpc-ds,postgresql-plain-100gb-load,1,ip-172-31-23-167,olap,benchANT
2026-06-04 08:26:40+00:00,system,n_cpus,8,dbms,tpc-ds,postgresql-plain-100gb-load,1,ip-172-31-23-167,olap,benchANT
2026-06-04 08:26:50+00:00,system,n_cpus,8,dbms,tpc-ds,postgresql-plain-100gb-load,1,ip-172-31-23-167,olap,benchANT
2026-06-04 08:27:00+00:00,system,n_cpus,8,dbms,tpc-ds,postgresql-plain-100gb-load,1,ip-172-31-23-167,olap,benchANT
2026-06-04 08:27:10+00:00,system,n_cpus,8,dbms,tpc-ds,postgresql-plain-100gb-load,1,ip-172-31-23-167,olap,benchANT
2026-06-04 08:27:20+00:00,system,n_cpus,8,dbms,tpc-ds,postgresql-plain-100gb-load,1,ip-172-31-23-167,olap,benchANT
2026-06-04 08:27:30+00:00,system,n_cpus,8,dbms,tpc-ds,postgresql-plain-100gb-load,1,ip-172-31-23-167,olap,benchANT
2026-06-04 08:27:40+00:00,system,n_cpus,8,dbms,tpc-ds,postgresql-plain-100gb-load,1,ip-172-31-23-167,olap,benchANT
2026-06-04 08:27:50+00:00,system,n_cpus,8,dbms,tpc-ds,postgresql-plain-100gb-load,1,ip-172-31-23-167,olap,benchANT
2026-06-04 08:28:00+00:00,system,n_cpus,8,dbms,tpc-ds,postgresql-plain-100gb-load,1,ip-172-31-23-167,olap,benchANT
2026-06-04 08:28:10+00:00,system,n_cpus,8,dbms,tpc-ds,postgresql-plain-100gb-load,1,ip-172-31-23-167,olap,benchANT
2026-06-04 08:28:20+00:00,system,n_cpus,8,dbms,tpc-ds,postgresql-plain-100gb-load,1,ip-172-31-23-167,olap,benchANT
2026-06-04 08:28:30+00:00,system,n_cpus,8,dbms,tpc-ds,postgresql-plain-100gb-load,1,ip-172-31-23-167,olap,benchANT
2026-06-04 08:28:40+00:00,system,n_cpus,8,dbms,tpc-ds,postgresql-plain-100gb-load,1,ip-172-31-23-167,olap,benchANT
2026-06-04 08:28:50+00:00,system,n_cpus,8,dbms,tpc-ds,postgresql-plain-100gb-load,1,ip-172-31-23-167,olap,benchANT
2026-06-04 08:29:00+00:00,system,n_cpus,8,dbms,tpc-ds,postgresql-plain-100gb-load,1,ip-172-31-23-167,olap,benchANT
2026-06-04 08:29:10+00:00,system,n_cpus,8,dbms,tpc-ds,postgresql-plain-100gb-load,1,ip-172-31-23-167,olap,benchANT
2026-06-04 08:29:20+00:00,system,n_cpus,8,dbms,tpc-ds,postgresql-plain-100gb-load,1,ip-172-31-23-167,olap,benchANT
2026-06-04 08:29:30+00:00,system,n_cpus,8,dbms,tpc-ds,postgresql-plain-100gb-load,1,ip-172-31-23-167,olap,benchANT
2026-06-04 08:29:40+00:00,system,n_cpus,8,dbms,tpc-ds,postgresql-plain-100gb-load,1,ip-172-31-23-167,olap,benchANT
2026-06-04 08:29:50+00:00,system,n_cpus,8,dbms,tpc-ds,postgresql-plain-100gb-load,1,ip-172-31-23-167,olap,benchANT
2026-06-04 08:30:00+00:00,system,n_cpus,8,dbms,tpc-ds,postgresql-plain-100gb-load,1,ip-172-31-23-167,olap,benchANT
2026-06-04 08:30:10+00:00,system,n_cpus,8,dbms,tpc-ds,postgresql-plain-100gb-load,1,ip-172-31-23-167,olap,benchANT
2026-06-04 08:30:20+00:00,system,n_cpus,8,dbms,tpc-ds,postgresql-plain-100gb-load,1,ip-172-31-23-167,olap,benchANT
2026-06-04 08:30:30+00:00,system,n_cpus,8,dbms,tpc-ds,postgresql-plain-100gb-load,1,ip-172-31-23-167,olap,benchANT
2026-06-04 08:30:40+00:00,system,n_cpus,8,dbms,tpc-ds,postgresql-plain-100gb-load,1,ip-172-31-23-167,olap,benchANT
2026-06-04 08:30:50+00:00,system,n_cpus,8,dbms,tpc-ds,postgresql-plain-100gb-load,1,ip-172-31-23-167,olap,benchANT
2026-06-04 08:31:00+00:00,system,n_cpus,8,dbms,tpc-ds,postgresql-plain-100gb-load,1,ip-172-31-23-167,olap,benchANT
2026-06-04 08:31:10+00:00,system,n_cpus,8,dbms,tpc-ds,postgresql-plain-100gb-load,1,ip-172-31-23-167,olap,benchANT
2026-06-04 08:31:20+00:00,system,n_cpus,8,dbms,tpc-ds,postgresql-plain-100gb-load,1,ip-172-31-23-167,olap,benchANT
2026-06-04 08:31:30+00:00,system,n_cpus,8,dbms,tpc-ds,postgresql-plain-100gb-load,1,ip-172-31-23-167,olap,benchANT
2026-06-04 08:31:40+00:00,system,n_cpus,8,dbms,tpc-ds,postgresql-plain-100gb-load,1,ip-172-31-23-167,olap,benchANT
2026-06-04 08:31:50+00:00,system,n_cpus,8,dbms,tpc-ds,postgresql-plain-100gb-load,1,ip-172-31-23-167,olap,benchANT
2026-06-04 08:32:00+00:00,system,n_cpus,8,dbms,tpc-ds,postgresql-plain-100gb-load,1,ip-172-31-23-167,olap,benchANT
2026-06-04 08:32:10+00:00,system,n_cpus,8,dbms,tpc-ds,postgresql-plain-100gb-load,1,ip-172-31-23-167,olap,benchANT
2026-06-04 08:32:20+00:00,system,n_cpus,8,dbms,tpc-ds,postgresql-plain-100gb-load,1,ip-172-31-23-167,olap,benchANT
2026-06-04 08:32:30+00:00,system,n_cpus,8,dbms,tpc-ds,postgresql-plain-100gb-load,1,ip-172-31-23-167,olap,benchANT
2026-06-04 08:32:40+00:00,system,n_cpus,8,dbms,tpc-ds,postgresql-plain-100gb-load,1,ip-172-31-23-167,olap,benchANT
2026-06-04 08:32:50+00:00,system,n_cpus,8,dbms,tpc-ds,postgresql-plain-100gb-load,1,ip-172-31-23-167,olap,benchANT
2026-06-04 08:33:00+00:00,system,n_cpus,8,dbms,tpc-ds,postgresql-plain-100gb-load,1,ip-172-31-23-167,olap,benchANT
2026-06-04 08:33:10+00:00,system,n_cpus,8,dbms,tpc-ds,postgresql-plain-100gb-load,1,ip-172-31-23-167,olap,benchANT
2026-06-04 08:33:20+00:00,system,n_cpus,8,dbms,tpc-ds,postgresql-plain-100gb-load,1,ip-172-31-23-167,olap,benchANT
2026-06-04 08:33:30+00:00,system,n_cpus,8,dbms,tpc-ds,postgresql-plain-100gb-load,1,ip-172-31-23-167,olap,benchANT
2026-06-04 08:33:40+00:00,system,n_cpus,8,dbms,tpc-ds,postgresql-plain-100gb-load,1,ip-172-31-23-167,olap,benchANT
2026-06-04 08:33:50+00:00,system,n_cpus,8,dbms,tpc-ds,postgresql-plain-100gb-load,1,ip-172-31-23-167,olap,benchANT
2026-06-04 08:34:00+00:00,system,n_cpus,8,dbms,tpc-ds,postgresql-plain-100gb-load,1,ip-172-31-23-167,olap,benchANT
2026-06-04 08:34:10+00:00,system,n_cpus,8,dbms,tpc-ds,postgresql-plain-100gb-load,1,ip-172-31-23-167,olap,benchANT
2026-06-04 08:34:20+00:00,system,n_cpus,8,dbms,tpc-ds,postgresql-plain-100gb-load,1,ip-172-31-23-167,olap,benchANT
2026-06-04 08:34:30+00:00,system,n_cpus,8,dbms,tpc-ds,postgresql-plain-100gb-load,1,ip-172-31-23-167,olap,benchANT
2026-06-04 08:34:40+00:00,system,n_cpus,8,dbms,tpc-ds,postgresql-plain-100gb-load,1,ip-172-31-23-167,olap,benchANT
2026-06-04 08:34:50+00:00,system,n_cpus,8,dbms,tpc-ds,postgresql-plain-100gb-load,1,ip-172-31-23-167,olap,benchANT
2026-06-04 08:35:00+00:00,system,n_cpus,8,dbms,tpc-ds,postgresql-plain-100gb-load,1,ip-172-31-23-167,olap,benchANT
2026-06-04 08:35:10+00:00,system,n_cpus,8,dbms,tpc-ds,postgresql-plain-100gb-load,1,ip-172-31-23-167,olap,benchANT
2026-06-04 08:35:20+00:00,system,n_cpus,8,dbms,tpc-ds,postgresql-plain-100gb-load,1,ip-172-31-23-167,olap,benchANT
2026-06-04 08:35:30+00:00,system,n_cpus,8,dbms,tpc-ds,postgresql-plain-100gb-load,1,ip-172-31-23-167,olap,benchANT
2026-06-04 08:35:40+00:00,system,n_cpus,8,dbms,tpc-ds,postgresql-plain-100gb-load,1,ip-172-31-23-167,olap,benchANT
2026-06-04 08:35:50+00:00,system,n_cpus,8,dbms,tpc-ds,postgresql-plain-100gb-load,1,ip-172-31-23-167,olap,benchANT
2026-06-04 08:36:00+00:00,system,n_cpus,8,dbms,tpc-ds,postgresql-plain-100gb-load,1,ip-172-31-23-167,olap,benchANT
2026-06-04 08:36:10+00:00,system,n_cpus,8,dbms,tpc-ds,postgresql-plain-100gb-load,1,ip-172-31-23-167,olap,benchANT
2026-06-04 08:36:20+00:00,system,n_cpus,8,dbms,tpc-ds,postgresql-plain-100gb-load,1,ip-172-31-23-167,olap,benchANT
2026-06-04 08:36:30+00:00,system,n_cpus,8,dbms,tpc-ds,postgresql-plain-100gb-load,1,ip-172-31-23-167,olap,benchANT
2026-06-04 08:36:40+00:00,system,n_cpus,8,dbms,tpc-ds,postgresql-plain-100gb-load,1,ip-172-31-23-167,olap,benchANT
2026-06-04 08:36:50+00:00,system,n_cpus,8,dbms,tpc-ds,postgresql-plain-100gb-load,1,ip-172-31-23-167,olap,benchANT
2026-06-04 08:37:00+00:00,system,n_cpus,8,dbms,tpc-ds,postgresql-plain-100gb-load,1,ip-172-31-23-167,olap,benchANT
2026-06-04 08:37:10+00:00,system,n_cpus,8,dbms,tpc-ds,postgresql-plain-100gb-load,1,ip-172-31-23-167,olap,benchANT
2026-06-04 08:37:20+00:00,system,n_cpus,8,dbms,tpc-ds,postgresql-plain-100gb-load,1,ip-172-31-23-167,olap,benchANT
2026-06-04 08:37:30+00:00,system,n_cpus,8,dbms,tpc-ds,postgresql-plain-100gb-load,1,ip-172-31-23-167,olap,benchANT
2026-06-04 08:37:40+00:00,system,n_cpus,8,dbms,tpc-ds,postgresql-plain-100gb-load,1,ip-172-31-23-167,olap,benchANT
2026-06-04 08:37:50+00:00,system,n_cpus,8,dbms,tpc-ds,postgresql-plain-100gb-load,1,ip-172-31-23-167,olap,benchANT
2026-06-04 08:38:00+00:00,system,n_cpus,8,dbms,tpc-ds,postgresql-plain-100gb-load,1,ip-172-31-23-167,olap,benchANT
2026-06-04 08:38:10+00:00,system,n_cpus,8,dbms,tpc-ds,postgresql-plain-100gb-load,1,ip-172-31-23-167,olap,benchANT
2026-06-04 08:38:20+00:00,system,n_cpus,8,dbms,tpc-ds,postgresql-plain-100gb-load,1,ip-172-31-23-167,olap,benchANT
2026-06-04 08:38:30+00:00,system,n_cpus,8,dbms,tpc-ds,postgresql-plain-100gb-load,1,ip-172-31-23-167,olap,benchANT
2026-06-04 08:38:40+00:00,system,n_cpus,8,dbms,tpc-ds,postgresql-plain-100gb-load,1,ip-172-31-23-167,olap,benchANT
2026-06-04 08:38:50+00:00,system,n_cpus,8,dbms,tpc-ds,postgresql-plain-100gb-load,1,ip-172-31-23-167,olap,benchANT
2026-06-04 08:39:00+00:00,system,n_cpus,8,dbms,tpc-ds,postgresql-plain-100gb-load,1,ip-172-31-23-167,olap,benchANT
2026-06-04 08:39:10+00:00,system,n_cpus,8,dbms,tpc-ds,postgresql-plain-100gb-load,1,ip-172-31-23-167,olap,benchANT
2026-06-04 08:39:20+00:00,system,n_cpus,8,dbms,tpc-ds,postgresql-plain-100gb-load,1,ip-172-31-23-167,olap,benchANT
2026-06-04 08:39:30+00:00,system,n_cpus,8,dbms,tpc-ds,postgresql-plain-100gb-load,1,ip-172-31-23-167,olap,benchANT
2026-06-04 08:39:40+00:00,system,n_cpus,8,dbms,tpc-ds,postgresql-plain-100gb-load,1,ip-172-31-23-167,olap,benchANT
2026-06-04 08:39:50+00:00,system,n_cpus,8,dbms,tpc-ds,postgresql-plain-100gb-load,1,ip-172-31-23-167,olap,benchANT
2026-06-04 08:40:00+00:00,system,n_cpus,8,dbms,tpc-ds,postgresql-plain-100gb-load,1,ip-172-31-23-167,olap,benchANT
2026-06-04 08:40:10+00:00,system,n_cpus,8,dbms,tpc-ds,postgresql-plain-100gb-load,1,ip-172-31-23-167,olap,benchANT
2026-06-04 08:40:20+00:00,system,n_cpus,8,dbms,tpc-ds,postgresql-plain-100gb-load,1,ip-172-31-23-167,olap,benchANT
2026-06-04 08:40:30+00:00,system,n_cpus,8,dbms,tpc-ds,postgresql-plain-100gb-load,1,ip-172-31-23-167,olap,benchANT
2026-06-04 08:40:40+00:00,system,n_cpus,8,dbms,tpc-ds,postgresql-plain-100gb-load,1,ip-172-31-23-167,olap,benchANT
2026-06-04 08:40:50+00:00,system,n_cpus,8,dbms,tpc-ds,postgresql-plain-100gb-load,1,ip-172-31-23-167,olap,benchANT
2026-06-04 08:41:00+00:00,system,n_cpus,8,dbms,tpc-ds,postgresql-plain-100gb-load,1,ip-172-31-23-167,olap,benchANT
2026-06-04 08:41:10+00:00,system,n_cpus,8,dbms,tpc-ds,postgresql-plain-100gb-load,1,ip-172-31-23-167,olap,benchANT
2026-06-04 08:41:20+00:00,system,n_cpus,8,dbms,tpc-ds,postgresql-plain-100gb-load,1,ip-172-31-23-167,olap,benchANT
2026-06-04 08:41:30+00:00,system,n_cpus,8,dbms,tpc-ds,postgresql-plain-100gb-load,1,ip-172-31-23-167,olap,benchANT
2026-06-04 08:41:40+00:00,system,n_cpus,8,dbms,tpc-ds,postgresql-plain-100gb-load,1,ip-172-31-23-167,olap,benchANT
2026-06-04 08:41:50+00:00,system,n_cpus,8,dbms,tpc-ds,postgresql-plain-100gb-load,1,ip-172-31-23-167,olap,benchANT
2026-06-04 08:42:00+00:00,system,n_cpus,8,dbms,tpc-ds,postgresql-plain-100gb-load,1,ip-172-31-23-167,olap,benchANT
2026-06-04 08:42:10+00:00,system,n_cpus,8,dbms,tpc-ds,postgresql-plain-100gb-load,1,ip-172-31-23-167,olap,benchANT
2026-06-04 08:42:20+00:00,system,n_cpus,8,dbms,tpc-ds,postgresql-plain-100gb-load,1,ip-172-31-23-167,olap,benchANT
2026-06-04 08:42:30+00:00,system,n_cpus,8,dbms,tpc-ds,postgresql-plain-100gb-load,1,ip-172-31-23-167,olap,benchANT
2026-06-04 08:42:40+00:00,system,n_cpus,8,dbms,tpc-ds,postgresql-plain-100gb-load,1,ip-172-31-23-167,olap,benchANT
2026-06-04 08:42:50+00:00,system,n_cpus,8,dbms,tpc-ds,postgresql-plain-100gb-load,1,ip-172-31-23-167,olap,benchANT
2026-06-04 08:43:00+00:00,system,n_cpus,8,dbms,tpc-ds,postgresql-plain-100gb-load,1,ip-172-31-23-167,olap,benchANT
2026-06-04 08:43:10+00:00,system,n_cpus,8,dbms,tpc-ds,postgresql-plain-100gb-load,1,ip-172-31-23-167,olap,benchANT
2026-06-04 08:43:20+00:00,system,n_cpus,8,dbms,tpc-ds,postgresql-plain-100gb-load,1,ip-172-31-23-167,olap,benchANT
2026-06-04 08:43:30+00:00,system,n_cpus,8,dbms,tpc-ds,postgresql-plain-100gb-load,1,ip-172-31-23-167,olap,benchANT
2026-06-04 08:43:40+00:00,system,n_cpus,8,dbms,tpc-ds,postgresql-plain-100gb-load,1,ip-172-31-23-167,olap,benchANT
2026-06-04 08:43:50+00:00,system,n_cpus,8,dbms,tpc-ds,postgresql-plain-100gb-load,1,ip-172-31-23-167,olap,benchANT
2026-06-04 08:44:00+00:00,system,n_cpus,8,dbms,tpc-ds,postgresql-plain-100gb-load,1,ip-172-31-23-167,olap,benchANT
2026-06-04 08:44:10+00:00,system,n_cpus,8,dbms,tpc-ds,postgresql-plain-100gb-load,1,ip-172-31-23-167,olap,benchANT
2026-06-04 08:44:20+00:00,system,n_cpus,8,dbms,tpc-ds,postgresql-plain-100gb-load,1,ip-172-31-23-167,olap,benchANT
2026-06-04 08:44:30+00:00,system,n_cpus,8,dbms,tpc-ds,postgresql-plain-100gb-load,1,ip-172-31-23-167,olap,benchANT
2026-06-04 08:44:40+00:00,system,n_cpus,8,dbms,tpc-ds,postgresql-plain-100gb-load,1,ip-172-31-23-167,olap,benchANT
2026-06-04 08:44:50+00:00,system,n_cpus,8,dbms,tpc-ds,postgresql-plain-100gb-load,1,ip-172-31-23-167,olap,benchANT
2026-06-04 08:45:00+00:00,system,n_cpus,8,dbms,tpc-ds,postgresql-plain-100gb-load,1,ip-172-31-23-167,olap,benchANT
2026-06-04 08:45:10+00:00,system,n_cpus,8,dbms,tpc-ds,postgresql-plain-100gb-load,1,ip-172-31-23-167,olap,benchANT
2026-06-04 08:45:20+00:00,system,n_cpus,8,dbms,tpc-ds,postgresql-plain-100gb-load,1,ip-172-31-23-167,olap,benchANT
2026-06-04 08:45:30+00:00,system,n_cpus,8,dbms,tpc-ds,postgresql-plain-100gb-load,1,ip-172-31-23-167,olap,benchANT
2026-06-04 08:45:40+00:00,system,n_cpus,8,dbms,tpc-ds,postgresql-plain-100gb-load,1,ip-172-31-23-167,olap,benchANT
2026-06-04 08:45:50+00:00,system,n_cpus,8,dbms,tpc-ds,postgresql-plain-100gb-load,1,ip-172-31-23-167,olap,benchANT
2026-06-04 08:46:00+00:00,system,n_cpus,8,dbms,tpc-ds,postgresql-plain-100gb-load,1,ip-172-31-23-167,olap,benchANT
2026-06-04 08:46:10+00:00,system,n_cpus,8,dbms,tpc-ds,postgresql-plain-100gb-load,1,ip-172-31-23-167,olap,benchANT
2026-06-04 08:46:20+00:00,system,n_cpus,8,dbms,tpc-ds,postgresql-plain-100gb-load,1,ip-172-31-23-167,olap,benchANT
2026-06-04 08:46:30+00:00,system,n_cpus,8,dbms,tpc-ds,postgresql-plain-100gb-load,1,ip-172-31-23-167,olap,benchANT
2026-06-04 08:46:40+00:00,system,n_cpus,8,dbms,tpc-ds,postgresql-plain-100gb-load,1,ip-172-31-23-167,olap,benchANT
2026-06-04 08:46:50+00:00,system,n_cpus,8,dbms,tpc-ds,postgresql-plain-100gb-load,1,ip-172-31-23-167,olap,benchANT
2026-06-04 08:47:00+00:00,system,n_cpus,8,dbms,tpc-ds,postgresql-plain-100gb-load,1,ip-172-31-23-167,olap,benchANT
2026-06-04 08:47:10+00:00,system,n_cpus,8,dbms,tpc-ds,postgresql-plain-100gb-load,1,ip-172-31-23-167,olap,benchANT
2026-06-04 08:47:20+00:00,system,n_cpus,8,dbms,tpc-ds,postgresql-plain-100gb-load,1,ip-172-31-23-167,olap,benchANT
2026-06-04 08:47:30+00:00,system,n_cpus,8,dbms,tpc-ds,postgresql-plain-100gb-load,1,ip-172-31-23-167,olap,benchANT
2026-06-04 08:47:40+00:00,system,n_cpus,8,dbms,tpc-ds,postgresql-plain-100gb-load,1,ip-172-31-23-167,olap,benchANT
2026-06-04 08:47:50+00:00,system,n_cpus,8,dbms,tpc-ds,postgresql-plain-100gb-load,1,ip-172-31-23-167,olap,benchANT
2026-06-04 08:48:00+00:00,system,n_cpus,8,dbms,tpc-ds,postgresql-plain-100gb-load,1,ip-172-31-23-167,olap,benchANT
2026-06-04 08:48:10+00:00,system,n_cpus,8,dbms,tpc-ds,postgresql-plain-100gb-load,1,ip-172-31-23-167,olap,benchANT
2026-06-04 08:48:20+00:00,system,n_cpus,8,dbms,tpc-ds,postgresql-plain-100gb-load,1,ip-172-31-23-167,olap,benchANT
2026-06-04 08:48:30+00:00,system,n_cpus,8,dbms,tpc-ds,postgresql-plain-100gb-load,1,ip-172-31-23-167,olap,benchANT
2026-06-04 08:48:40+00:00,system,n_cpus,8,dbms,tpc-ds,postgresql-plain-100gb-load,1,ip-172-31-23-167,olap,benchANT
2026-06-04 08:48:50+00:00,system,n_cpus,8,dbms,tpc-ds,postgresql-plain-100gb-load,1,ip-172-31-23-167,olap,benchANT
2026-06-04 08:49:00+00:00,system,n_cpus,8,dbms,tpc-ds,postgresql-plain-100gb-load,1,ip-172-31-23-167,olap,benchANT
2026-06-04 08:49:10+00:00,system,n_cpus,8,dbms,tpc-ds,postgresql-plain-100gb-load,1,ip-172-31-23-167,olap,benchANT
2026-06-04 08:49:20+00:00,system,n_cpus,8,dbms,tpc-ds,postgresql-plain-100gb-load,1,ip-172-31-23-167,olap,benchANT
2026-06-04 08:49:30+00:00,system,n_cpus,8,dbms,tpc-ds,postgresql-plain-100gb-load,1,ip-172-31-23-167,olap,benchANT
2026-06-04 08:49:40+00:00,system,n_cpus,8,dbms,tpc-ds,postgresql-plain-100gb-load,1,ip-172-31-23-167,olap,benchANT
2026-06-04 08:49:50+00:00,system,n_cpus,8,dbms,tpc-ds,postgresql-plain-100gb-load,1,ip-172-31-23-167,olap,benchANT
2026-06-04 08:50:00+00:00,system,n_cpus,8,dbms,tpc-ds,postgresql-plain-100gb-load,1,ip-172-31-23-167,olap,benchANT
2026-06-04 08:50:10+00:00,system,n_cpus,8,dbms,tpc-ds,postgresql-plain-100gb-load,1,ip-172-31-23-167,olap,benchANT
2026-06-04 08:50:20+00:00,system,n_cpus,8,dbms,tpc-ds,postgresql-plain-100gb-load,1,ip-172-31-23-167,olap,benchANT
2026-06-04 08:50:30+00:00,system,n_cpus,8,dbms,tpc-ds,postgresql-plain-100gb-load,1,ip-172-31-23-167,olap,benchANT
2026-06-04 08:50:40+00:00,system,n_cpus,8,dbms,tpc-ds,postgresql-plain-100gb-load,1,ip-172-31-23-167,olap,benchANT
2026-06-04 08:50:50+00:00,system,n_cpus,8,dbms,tpc-ds,postgresql-plain-100gb-load,1,ip-172-31-23-167,olap,benchANT
2026-06-04 07:50:00+00:00,system,n_users,0,dbms,tpc-ds,postgresql-plain-100gb-load,1,ip-172-31-23-167,olap,benchANT
2026-06-04 07:50:10+00:00,system,n_users,0,dbms,tpc-ds,postgresql-plain-100gb-load,1,ip-172-31-23-167,olap,benchANT
2026-06-04 07:50:20+00:00,system,n_users,0,dbms,tpc-ds,postgresql-plain-100gb-load,1,ip-172-31-23-167,olap,benchANT
2026-06-04 07:50:30+00:00,system,n_users,0,dbms,tpc-ds,postgresql-plain-100gb-load,1,ip-172-31-23-167,olap,benchANT
2026-06-04 07:50:40+00:00,system,n_users,0,dbms,tpc-ds,postgresql-plain-100gb-load,1,ip-172-31-23-167,olap,benchANT
2026-06-04 07:50:50+00:00,system,n_users,0,dbms,tpc-ds,postgresql-plain-100gb-load,1,ip-172-31-23-167,olap,benchANT
2026-06-04 07:51:00+00:00,system,n_users,0,dbms,tpc-ds,postgresql-plain-100gb-load,1,ip-172-31-23-167,olap,benchANT
2026-06-04 07:51:10+00:00,system,n_users,0,dbms,tpc-ds,postgresql-plain-100gb-load,1,ip-172-31-23-167,olap,benchANT
2026-06-04 07:51:20+00:00,system,n_users,0,dbms,tpc-ds,postgresql-plain-100gb-load,1,ip-172-31-23-167,olap,benchANT
2026-06-04 07:51:30+00:00,system,n_users,0,dbms,tpc-ds,postgresql-plain-100gb-load,1,ip-172-31-23-167,olap,benchANT
2026-06-04 07:51:40+00:00,system,n_users,0,dbms,tpc-ds,postgresql-plain-100gb-load,1,ip-172-31-23-167,olap,benchANT
2026-06-04 07:51:50+00:00,system,n_users,0,dbms,tpc-ds,postgresql-plain-100gb-load,1,ip-172-31-23-167,olap,benchANT
2026-06-04 07:52:00+00:00,system,n_users,0,dbms,tpc-ds,postgresql-plain-100gb-load,1,ip-172-31-23-167,olap,benchANT
2026-06-04 07:52:10+00:00,system,n_users,0,dbms,tpc-ds,postgresql-plain-100gb-load,1,ip-172-31-23-167,olap,benchANT
2026-06-04 07:52:20+00:00,system,n_users,0,dbms,tpc-ds,postgresql-plain-100gb-load,1,ip-172-31-23-167,olap,benchANT
2026-06-04 07:52:30+00:00,system,n_users,0,dbms,tpc-ds,postgresql-plain-100gb-load,1,ip-172-31-23-167,olap,benchANT
2026-06-04 07:52:40+00:00,system,n_users,0,dbms,tpc-ds,postgresql-plain-100gb-load,1,ip-172-31-23-167,olap,benchANT
2026-06-04 07:52:50+00:00,system,n_users,0,dbms,tpc-ds,postgresql-plain-100gb-load,1,ip-172-31-23-167,olap,benchANT
2026-06-04 07:53:00+00:00,system,n_users,0,dbms,tpc-ds,postgresql-plain-100gb-load,1,ip-172-31-23-167,olap,benchANT
2026-06-04 07:53:10+00:00,system,n_users,0,dbms,tpc-ds,postgresql-plain-100gb-load,1,ip-172-31-23-167,olap,benchANT
2026-06-04 07:53:20+00:00,system,n_users,0,dbms,tpc-ds,postgresql-plain-100gb-load,1,ip-172-31-23-167,olap,benchANT
2026-06-04 07:53:30+00:00,system,n_users,0,dbms,tpc-ds,postgresql-plain-100gb-load,1,ip-172-31-23-167,olap,benchANT
2026-06-04 07:53:40+00:00,system,n_users,0,dbms,tpc-ds,postgresql-plain-100gb-load,1,ip-172-31-23-167,olap,benchANT
2026-06-04 07:53:50+00:00,system,n_users,0,dbms,tpc-ds,postgresql-plain-100gb-load,1,ip-172-31-23-167,olap,benchANT
2026-06-04 07:54:00+00:00,system,n_users,0,dbms,tpc-ds,postgresql-plain-100gb-load,1,ip-172-31-23-167,olap,benchANT
2026-06-04 07:54:10+00:00,system,n_users,0,dbms,tpc-ds,postgresql-plain-100gb-load,1,ip-172-31-23-167,olap,benchANT
2026-06-04 07:54:20+00:00,system,n_users,0,dbms,tpc-ds,postgresql-plain-100gb-load,1,ip-172-31-23-167,olap,benchANT
2026-06-04 07:54:30+00:00,system,n_users,0,dbms,tpc-ds,postgresql-plain-100gb-load,1,ip-172-31-23-167,olap,benchANT
2026-06-04 07:54:40+00:00,system,n_users,0,dbms,tpc-ds,postgresql-plain-100gb-load,1,ip-172-31-23-167,olap,benchANT
2026-06-04 07:54:50+00:00,system,n_users,0,dbms,tpc-ds,postgresql-plain-100gb-load,1,ip-172-31-23-167,olap,benchANT
2026-06-04 07:55:00+00:00,system,n_users,0,dbms,tpc-ds,postgresql-plain-100gb-load,1,ip-172-31-23-167,olap,benchANT
2026-06-04 07:55:10+00:00,system,n_users,0,dbms,tpc-ds,postgresql-plain-100gb-load,1,ip-172-31-23-167,olap,benchANT
2026-06-04 07:55:20+00:00,system,n_users,0,dbms,tpc-ds,postgresql-plain-100gb-load,1,ip-172-31-23-167,olap,benchANT
2026-06-04 07:55:30+00:00,system,n_users,0,dbms,tpc-ds,postgresql-plain-100gb-load,1,ip-172-31-23-167,olap,benchANT
2026-06-04 07:55:40+00:00,system,n_users,0,dbms,tpc-ds,postgresql-plain-100gb-load,1,ip-172-31-23-167,olap,benchANT
2026-06-04 07:55:50+00:00,system,n_users,0,dbms,tpc-ds,postgresql-plain-100gb-load,1,ip-172-31-23-167,olap,benchANT
2026-06-04 07:56:00+00:00,system,n_users,0,dbms,tpc-ds,postgresql-plain-100gb-load,1,ip-172-31-23-167,olap,benchANT
2026-06-04 07:56:10+00:00,system,n_users,0,dbms,tpc-ds,postgresql-plain-100gb-load,1,ip-172-31-23-167,olap,benchANT
2026-06-04 07:56:20+00:00,system,n_users,0,dbms,tpc-ds,postgresql-plain-100gb-load,1,ip-172-31-23-167,olap,benchANT
2026-06-04 07:56:30+00:00,system,n_users,0,dbms,tpc-ds,postgresql-plain-100gb-load,1,ip-172-31-23-167,olap,benchANT
2026-06-04 07:56:40+00:00,system,n_users,0,dbms,tpc-ds,postgresql-plain-100gb-load,1,ip-172-31-23-167,olap,benchANT
2026-06-04 07:56:50+00:00,system,n_users,0,dbms,tpc-ds,postgresql-plain-100gb-load,1,ip-172-31-23-167,olap,benchANT
2026-06-04 07:57:00+00:00,system,n_users,0,dbms,tpc-ds,postgresql-plain-100gb-load,1,ip-172-31-23-167,olap,benchANT
2026-06-04 07:57:10+00:00,system,n_users,0,dbms,tpc-ds,postgresql-plain-100gb-load,1,ip-172-31-23-167,olap,benchANT
2026-06-04 07:57:20+00:00,system,n_users,0,dbms,tpc-ds,postgresql-plain-100gb-load,1,ip-172-31-23-167,olap,benchANT
2026-06-04 07:57:30+00:00,system,n_users,0,dbms,tpc-ds,postgresql-plain-100gb-load,1,ip-172-31-23-167,olap,benchANT
2026-06-04 07:57:40+00:00,system,n_users,0,dbms,tpc-ds,postgresql-plain-100gb-load,1,ip-172-31-23-167,olap,benchANT
2026-06-04 07:57:50+00:00,system,n_users,0,dbms,tpc-ds,postgresql-plain-100gb-load,1,ip-172-31-23-167,olap,benchANT
2026-06-04 07:58:00+00:00,system,n_users,0,dbms,tpc-ds,postgresql-plain-100gb-load,1,ip-172-31-23-167,olap,benchANT
2026-06-04 07:58:10+00:00,system,n_users,0,dbms,tpc-ds,postgresql-plain-100gb-load,1,ip-172-31-23-167,olap,benchANT
2026-06-04 07:58:20+00:00,system,n_users,0,dbms,tpc-ds,postgresql-plain-100gb-load,1,ip-172-31-23-167,olap,benchANT
2026-06-04 07:58:30+00:00,system,n_users,0,dbms,tpc-ds,postgresql-plain-100gb-load,1,ip-172-31-23-167,olap,benchANT
2026-06-04 07:58:40+00:00,system,n_users,0,dbms,tpc-ds,postgresql-plain-100gb-load,1,ip-172-31-23-167,olap,benchANT
2026-06-04 07:58:50+00:00,system,n_users,0,dbms,tpc-ds,postgresql-plain-100gb-load,1,ip-172-31-23-167,olap,benchANT
2026-06-04 07:59:00+00:00,system,n_users,0,dbms,tpc-ds,postgresql-plain-100gb-load,1,ip-172-31-23-167,olap,benchANT
2026-06-04 07:59:10+00:00,system,n_users,0,dbms,tpc-ds,postgresql-plain-100gb-load,1,ip-172-31-23-167,olap,benchANT
2026-06-04 07:59:20+00:00,system,n_users,0,dbms,tpc-ds,postgresql-plain-100gb-load,1,ip-172-31-23-167,olap,benchANT
2026-06-04 07:59:30+00:00,system,n_users,0,dbms,tpc-ds,postgresql-plain-100gb-load,1,ip-172-31-23-167,olap,benchANT
2026-06-04 07:59:40+00:00,system,n_users,0,dbms,tpc-ds,postgresql-plain-100gb-load,1,ip-172-31-23-167,olap,benchANT
2026-06-04 07:59:50+00:00,system,n_users,0,dbms,tpc-ds,postgresql-plain-100gb-load,1,ip-172-31-23-167,olap,benchANT
2026-06-04 08:00:00+00:00,system,n_users,0,dbms,tpc-ds,postgresql-plain-100gb-load,1,ip-172-31-23-167,olap,benchANT
2026-06-04 08:00:10+00:00,system,n_users,0,dbms,tpc-ds,postgresql-plain-100gb-load,1,ip-172-31-23-167,olap,benchANT
2026-06-04 08:00:20+00:00,system,n_users,0,dbms,tpc-ds,postgresql-plain-100gb-load,1,ip-172-31-23-167,olap,benchANT
2026-06-04 08:00:30+00:00,system,n_users,0,dbms,tpc-ds,postgresql-plain-100gb-load,1,ip-172-31-23-167,olap,benchANT
2026-06-04 08:00:40+00:00,system,n_users,0,dbms,tpc-ds,postgresql-plain-100gb-load,1,ip-172-31-23-167,olap,benchANT
2026-06-04 08:00:50+00:00,system,n_users,0,dbms,tpc-ds,postgresql-plain-100gb-load,1,ip-172-31-23-167,olap,benchANT
2026-06-04 08:01:00+00:00,system,n_users,0,dbms,tpc-ds,postgresql-plain-100gb-load,1,ip-172-31-23-167,olap,benchANT
2026-06-04 08:01:10+00:00,system,n_users,0,dbms,tpc-ds,postgresql-plain-100gb-load,1,ip-172-31-23-167,olap,benchANT
2026-06-04 08:01:20+00:00,system,n_users,0,dbms,tpc-ds,postgresql-plain-100gb-load,1,ip-172-31-23-167,olap,benchANT
2026-06-04 08:01:30+00:00,system,n_users,0,dbms,tpc-ds,postgresql-plain-100gb-load,1,ip-172-31-23-167,olap,benchANT
2026-06-04 08:01:40+00:00,system,n_users,0,dbms,tpc-ds,postgresql-plain-100gb-load,1,ip-172-31-23-167,olap,benchANT
2026-06-04 08:01:50+00:00,system,n_users,0,dbms,tpc-ds,postgresql-plain-100gb-load,1,ip-172-31-23-167,olap,benchANT
2026-06-04 08:02:00+00:00,system,n_users,0,dbms,tpc-ds,postgresql-plain-100gb-load,1,ip-172-31-23-167,olap,benchANT
2026-06-04 08:02:10+00:00,system,n_users,0,dbms,tpc-ds,postgresql-plain-100gb-load,1,ip-172-31-23-167,olap,benchANT
2026-06-04 08:02:20+00:00,system,n_users,0,dbms,tpc-ds,postgresql-plain-100gb-load,1,ip-172-31-23-167,olap,benchANT
2026-06-04 08:02:30+00:00,system,n_users,0,dbms,tpc-ds,postgresql-plain-100gb-load,1,ip-172-31-23-167,olap,benchANT
2026-06-04 08:02:40+00:00,system,n_users,0,dbms,tpc-ds,postgresql-plain-100gb-load,1,ip-172-31-23-167,olap,benchANT
2026-06-04 08:02:50+00:00,system,n_users,0,dbms,tpc-ds,postgresql-plain-100gb-load,1,ip-172-31-23-167,olap,benchANT
2026-06-04 08:03:00+00:00,system,n_users,0,dbms,tpc-ds,postgresql-plain-100gb-load,1,ip-172-31-23-167,olap,benchANT
2026-06-04 08:03:10+00:00,system,n_users,0,dbms,tpc-ds,postgresql-plain-100gb-load,1,ip-172-31-23-167,olap,benchANT
2026-06-04 08:03:20+00:00,system,n_users,0,dbms,tpc-ds,postgresql-plain-100gb-load,1,ip-172-31-23-167,olap,benchANT
2026-06-04 08:03:30+00:00,system,n_users,0,dbms,tpc-ds,postgresql-plain-100gb-load,1,ip-172-31-23-167,olap,benchANT
2026-06-04 08:03:40+00:00,system,n_users,0,dbms,tpc-ds,postgresql-plain-100gb-load,1,ip-172-31-23-167,olap,benchANT
2026-06-04 08:03:50+00:00,system,n_users,0,dbms,tpc-ds,postgresql-plain-100gb-load,1,ip-172-31-23-167,olap,benchANT
2026-06-04 08:04:00+00:00,system,n_users,0,dbms,tpc-ds,postgresql-plain-100gb-load,1,ip-172-31-23-167,olap,benchANT
2026-06-04 08:04:10+00:00,system,n_users,0,dbms,tpc-ds,postgresql-plain-100gb-load,1,ip-172-31-23-167,olap,benchANT
2026-06-04 08:04:20+00:00,system,n_users,0,dbms,tpc-ds,postgresql-plain-100gb-load,1,ip-172-31-23-167,olap,benchANT
2026-06-04 08:04:30+00:00,system,n_users,0,dbms,tpc-ds,postgresql-plain-100gb-load,1,ip-172-31-23-167,olap,benchANT
2026-06-04 08:04:40+00:00,system,n_users,0,dbms,tpc-ds,postgresql-plain-100gb-load,1,ip-172-31-23-167,olap,benchANT
2026-06-04 08:04:50+00:00,system,n_users,0,dbms,tpc-ds,postgresql-plain-100gb-load,1,ip-172-31-23-167,olap,benchANT
2026-06-04 08:05:00+00:00,system,n_users,0,dbms,tpc-ds,postgresql-plain-100gb-load,1,ip-172-31-23-167,olap,benchANT
2026-06-04 08:05:10+00:00,system,n_users,0,dbms,tpc-ds,postgresql-plain-100gb-load,1,ip-172-31-23-167,olap,benchANT
2026-06-04 08:05:20+00:00,system,n_users,0,dbms,tpc-ds,postgresql-plain-100gb-load,1,ip-172-31-23-167,olap,benchANT
2026-06-04 08:05:30+00:00,system,n_users,0,dbms,tpc-ds,postgresql-plain-100gb-load,1,ip-172-31-23-167,olap,benchANT
2026-06-04 08:05:40+00:00,system,n_users,0,dbms,tpc-ds,postgresql-plain-100gb-load,1,ip-172-31-23-167,olap,benchANT
2026-06-04 08:05:50+00:00,system,n_users,0,dbms,tpc-ds,postgresql-plain-100gb-load,1,ip-172-31-23-167,olap,benchANT
2026-06-04 08:06:00+00:00,system,n_users,0,dbms,tpc-ds,postgresql-plain-100gb-load,1,ip-172-31-23-167,olap,benchANT
2026-06-04 08:06:10+00:00,system,n_users,0,dbms,tpc-ds,postgresql-plain-100gb-load,1,ip-172-31-23-167,olap,benchANT
2026-06-04 08:06:20+00:00,system,n_users,0,dbms,tpc-ds,postgresql-plain-100gb-load,1,ip-172-31-23-167,olap,benchANT
2026-06-04 08:06:30+00:00,system,n_users,0,dbms,tpc-ds,postgresql-plain-100gb-load,1,ip-172-31-23-167,olap,benchANT
2026-06-04 08:06:40+00:00,system,n_users,0,dbms,tpc-ds,postgresql-plain-100gb-load,1,ip-172-31-23-167,olap,benchANT
2026-06-04 08:06:50+00:00,system,n_users,0,dbms,tpc-ds,postgresql-plain-100gb-load,1,ip-172-31-23-167,olap,benchANT
2026-06-04 08:07:00+00:00,system,n_users,0,dbms,tpc-ds,postgresql-plain-100gb-load,1,ip-172-31-23-167,olap,benchANT
2026-06-04 08:07:10+00:00,system,n_users,0,dbms,tpc-ds,postgresql-plain-100gb-load,1,ip-172-31-23-167,olap,benchANT
2026-06-04 08:07:20+00:00,system,n_users,0,dbms,tpc-ds,postgresql-plain-100gb-load,1,ip-172-31-23-167,olap,benchANT
2026-06-04 08:07:30+00:00,system,n_users,0,dbms,tpc-ds,postgresql-plain-100gb-load,1,ip-172-31-23-167,olap,benchANT
2026-06-04 08:07:40+00:00,system,n_users,0,dbms,tpc-ds,postgresql-plain-100gb-load,1,ip-172-31-23-167,olap,benchANT
2026-06-04 08:07:50+00:00,system,n_users,0,dbms,tpc-ds,postgresql-plain-100gb-load,1,ip-172-31-23-167,olap,benchANT
2026-06-04 08:08:00+00:00,system,n_users,0,dbms,tpc-ds,postgresql-plain-100gb-load,1,ip-172-31-23-167,olap,benchANT
2026-06-04 08:08:10+00:00,system,n_users,0,dbms,tpc-ds,postgresql-plain-100gb-load,1,ip-172-31-23-167,olap,benchANT
2026-06-04 08:08:20+00:00,system,n_users,0,dbms,tpc-ds,postgresql-plain-100gb-load,1,ip-172-31-23-167,olap,benchANT
2026-06-04 08:08:30+00:00,system,n_users,0,dbms,tpc-ds,postgresql-plain-100gb-load,1,ip-172-31-23-167,olap,benchANT
2026-06-04 08:08:40+00:00,system,n_users,0,dbms,tpc-ds,postgresql-plain-100gb-load,1,ip-172-31-23-167,olap,benchANT
2026-06-04 08:08:50+00:00,system,n_users,0,dbms,tpc-ds,postgresql-plain-100gb-load,1,ip-172-31-23-167,olap,benchANT
2026-06-04 08:09:00+00:00,system,n_users,0,dbms,tpc-ds,postgresql-plain-100gb-load,1,ip-172-31-23-167,olap,benchANT
2026-06-04 08:09:10+00:00,system,n_users,0,dbms,tpc-ds,postgresql-plain-100gb-load,1,ip-172-31-23-167,olap,benchANT
2026-06-04 08:09:20+00:00,system,n_users,0,dbms,tpc-ds,postgresql-plain-100gb-load,1,ip-172-31-23-167,olap,benchANT
2026-06-04 08:09:30+00:00,system,n_users,0,dbms,tpc-ds,postgresql-plain-100gb-load,1,ip-172-31-23-167,olap,benchANT
2026-06-04 08:09:40+00:00,system,n_users,0,dbms,tpc-ds,postgresql-plain-100gb-load,1,ip-172-31-23-167,olap,benchANT
2026-06-04 08:09:50+00:00,system,n_users,0,dbms,tpc-ds,postgresql-plain-100gb-load,1,ip-172-31-23-167,olap,benchANT
2026-06-04 08:10:00+00:00,system,n_users,0,dbms,tpc-ds,postgresql-plain-100gb-load,1,ip-172-31-23-167,olap,benchANT
2026-06-04 08:10:10+00:00,system,n_users,0,dbms,tpc-ds,postgresql-plain-100gb-load,1,ip-172-31-23-167,olap,benchANT
2026-06-04 08:10:20+00:00,system,n_users,0,dbms,tpc-ds,postgresql-plain-100gb-load,1,ip-172-31-23-167,olap,benchANT
2026-06-04 08:10:30+00:00,system,n_users,0,dbms,tpc-ds,postgresql-plain-100gb-load,1,ip-172-31-23-167,olap,benchANT
2026-06-04 08:10:40+00:00,system,n_users,0,dbms,tpc-ds,postgresql-plain-100gb-load,1,ip-172-31-23-167,olap,benchANT
2026-06-04 08:10:50+00:00,system,n_users,0,dbms,tpc-ds,postgresql-plain-100gb-load,1,ip-172-31-23-167,olap,benchANT
2026-06-04 08:11:00+00:00,system,n_users,0,dbms,tpc-ds,postgresql-plain-100gb-load,1,ip-172-31-23-167,olap,benchANT
2026-06-04 08:11:10+00:00,system,n_users,0,dbms,tpc-ds,postgresql-plain-100gb-load,1,ip-172-31-23-167,olap,benchANT
2026-06-04 08:11:20+00:00,system,n_users,0,dbms,tpc-ds,postgresql-plain-100gb-load,1,ip-172-31-23-167,olap,benchANT
2026-06-04 08:11:30+00:00,system,n_users,0,dbms,tpc-ds,postgresql-plain-100gb-load,1,ip-172-31-23-167,olap,benchANT
2026-06-04 08:11:40+00:00,system,n_users,0,dbms,tpc-ds,postgresql-plain-100gb-load,1,ip-172-31-23-167,olap,benchANT
2026-06-04 08:11:50+00:00,system,n_users,0,dbms,tpc-ds,postgresql-plain-100gb-load,1,ip-172-31-23-167,olap,benchANT
2026-06-04 08:12:00+00:00,system,n_users,0,dbms,tpc-ds,postgresql-plain-100gb-load,1,ip-172-31-23-167,olap,benchANT
2026-06-04 08:12:10+00:00,system,n_users,0,dbms,tpc-ds,postgresql-plain-100gb-load,1,ip-172-31-23-167,olap,benchANT
2026-06-04 08:12:20+00:00,system,n_users,0,dbms,tpc-ds,postgresql-plain-100gb-load,1,ip-172-31-23-167,olap,benchANT
2026-06-04 08:12:30+00:00,system,n_users,0,dbms,tpc-ds,postgresql-plain-100gb-load,1,ip-172-31-23-167,olap,benchANT
2026-06-04 08:12:40+00:00,system,n_users,0,dbms,tpc-ds,postgresql-plain-100gb-load,1,ip-172-31-23-167,olap,benchANT
2026-06-04 08:12:50+00:00,system,n_users,0,dbms,tpc-ds,postgresql-plain-100gb-load,1,ip-172-31-23-167,olap,benchANT
2026-06-04 08:13:00+00:00,system,n_users,0,dbms,tpc-ds,postgresql-plain-100gb-load,1,ip-172-31-23-167,olap,benchANT
2026-06-04 08:13:10+00:00,system,n_users,0,dbms,tpc-ds,postgresql-plain-100gb-load,1,ip-172-31-23-167,olap,benchANT
2026-06-04 08:13:20+00:00,system,n_users,0,dbms,tpc-ds,postgresql-plain-100gb-load,1,ip-172-31-23-167,olap,benchANT
2026-06-04 08:13:30+00:00,system,n_users,0,dbms,tpc-ds,postgresql-plain-100gb-load,1,ip-172-31-23-167,olap,benchANT
2026-06-04 08:13:40+00:00,system,n_users,0,dbms,tpc-ds,postgresql-plain-100gb-load,1,ip-172-31-23-167,olap,benchANT
2026-06-04 08:13:50+00:00,system,n_users,0,dbms,tpc-ds,postgresql-plain-100gb-load,1,ip-172-31-23-167,olap,benchANT
2026-06-04 08:14:00+00:00,system,n_users,0,dbms,tpc-ds,postgresql-plain-100gb-load,1,ip-172-31-23-167,olap,benchANT
2026-06-04 08:14:10+00:00,system,n_users,0,dbms,tpc-ds,postgresql-plain-100gb-load,1,ip-172-31-23-167,olap,benchANT
2026-06-04 08:14:20+00:00,system,n_users,0,dbms,tpc-ds,postgresql-plain-100gb-load,1,ip-172-31-23-167,olap,benchANT
2026-06-04 08:14:30+00:00,system,n_users,0,dbms,tpc-ds,postgresql-plain-100gb-load,1,ip-172-31-23-167,olap,benchANT
2026-06-04 08:14:40+00:00,system,n_users,0,dbms,tpc-ds,postgresql-plain-100gb-load,1,ip-172-31-23-167,olap,benchANT
2026-06-04 08:14:50+00:00,system,n_users,0,dbms,tpc-ds,postgresql-plain-100gb-load,1,ip-172-31-23-167,olap,benchANT
2026-06-04 08:15:00+00:00,system,n_users,0,dbms,tpc-ds,postgresql-plain-100gb-load,1,ip-172-31-23-167,olap,benchANT
2026-06-04 08:15:10+00:00,system,n_users,0,dbms,tpc-ds,postgresql-plain-100gb-load,1,ip-172-31-23-167,olap,benchANT
2026-06-04 08:15:20+00:00,system,n_users,0,dbms,tpc-ds,postgresql-plain-100gb-load,1,ip-172-31-23-167,olap,benchANT
2026-06-04 08:15:30+00:00,system,n_users,0,dbms,tpc-ds,postgresql-plain-100gb-load,1,ip-172-31-23-167,olap,benchANT
2026-06-04 08:15:40+00:00,system,n_users,0,dbms,tpc-ds,postgresql-plain-100gb-load,1,ip-172-31-23-167,olap,benchANT
2026-06-04 08:15:50+00:00,system,n_users,0,dbms,tpc-ds,postgresql-plain-100gb-load,1,ip-172-31-23-167,olap,benchANT
2026-06-04 08:16:00+00:00,system,n_users,0,dbms,tpc-ds,postgresql-plain-100gb-load,1,ip-172-31-23-167,olap,benchANT
2026-06-04 08:16:10+00:00,system,n_users,0,dbms,tpc-ds,postgresql-plain-100gb-load,1,ip-172-31-23-167,olap,benchANT
2026-06-04 08:16:20+00:00,system,n_users,0,dbms,tpc-ds,postgresql-plain-100gb-load,1,ip-172-31-23-167,olap,benchANT
2026-06-04 08:16:30+00:00,system,n_users,0,dbms,tpc-ds,postgresql-plain-100gb-load,1,ip-172-31-23-167,olap,benchANT
2026-06-04 08:16:40+00:00,system,n_users,0,dbms,tpc-ds,postgresql-plain-100gb-load,1,ip-172-31-23-167,olap,benchANT
2026-06-04 08:16:50+00:00,system,n_users,0,dbms,tpc-ds,postgresql-plain-100gb-load,1,ip-172-31-23-167,olap,benchANT
2026-06-04 08:17:00+00:00,system,n_users,0,dbms,tpc-ds,postgresql-plain-100gb-load,1,ip-172-31-23-167,olap,benchANT
2026-06-04 08:17:10+00:00,system,n_users,0,dbms,tpc-ds,postgresql-plain-100gb-load,1,ip-172-31-23-167,olap,benchANT
2026-06-04 08:17:20+00:00,system,n_users,0,dbms,tpc-ds,postgresql-plain-100gb-load,1,ip-172-31-23-167,olap,benchANT
2026-06-04 08:17:30+00:00,system,n_users,0,dbms,tpc-ds,postgresql-plain-100gb-load,1,ip-172-31-23-167,olap,benchANT
2026-06-04 08:17:40+00:00,system,n_users,0,dbms,tpc-ds,postgresql-plain-100gb-load,1,ip-172-31-23-167,olap,benchANT
2026-06-04 08:17:50+00:00,system,n_users,0,dbms,tpc-ds,postgresql-plain-100gb-load,1,ip-172-31-23-167,olap,benchANT
2026-06-04 08:18:00+00:00,system,n_users,0,dbms,tpc-ds,postgresql-plain-100gb-load,1,ip-172-31-23-167,olap,benchANT
2026-06-04 08:18:10+00:00,system,n_users,0,dbms,tpc-ds,postgresql-plain-100gb-load,1,ip-172-31-23-167,olap,benchANT
2026-06-04 08:18:20+00:00,system,n_users,0,dbms,tpc-ds,postgresql-plain-100gb-load,1,ip-172-31-23-167,olap,benchANT
2026-06-04 08:18:30+00:00,system,n_users,0,dbms,tpc-ds,postgresql-plain-100gb-load,1,ip-172-31-23-167,olap,benchANT
2026-06-04 08:18:40+00:00,system,n_users,0,dbms,tpc-ds,postgresql-plain-100gb-load,1,ip-172-31-23-167,olap,benchANT
2026-06-04 08:18:50+00:00,system,n_users,0,dbms,tpc-ds,postgresql-plain-100gb-load,1,ip-172-31-23-167,olap,benchANT
2026-06-04 08:19:00+00:00,system,n_users,0,dbms,tpc-ds,postgresql-plain-100gb-load,1,ip-172-31-23-167,olap,benchANT
2026-06-04 08:19:10+00:00,system,n_users,0,dbms,tpc-ds,postgresql-plain-100gb-load,1,ip-172-31-23-167,olap,benchANT
2026-06-04 08:19:20+00:00,system,n_users,0,dbms,tpc-ds,postgresql-plain-100gb-load,1,ip-172-31-23-167,olap,benchANT
2026-06-04 08:19:30+00:00,system,n_users,0,dbms,tpc-ds,postgresql-plain-100gb-load,1,ip-172-31-23-167,olap,benchANT
2026-06-04 08:19:40+00:00,system,n_users,0,dbms,tpc-ds,postgresql-plain-100gb-load,1,ip-172-31-23-167,olap,benchANT
2026-06-04 08:19:50+00:00,system,n_users,0,dbms,tpc-ds,postgresql-plain-100gb-load,1,ip-172-31-23-167,olap,benchANT
2026-06-04 08:20:00+00:00,system,n_users,0,dbms,tpc-ds,postgresql-plain-100gb-load,1,ip-172-31-23-167,olap,benchANT
2026-06-04 08:20:10+00:00,system,n_users,0,dbms,tpc-ds,postgresql-plain-100gb-load,1,ip-172-31-23-167,olap,benchANT
2026-06-04 08:20:20+00:00,system,n_users,0,dbms,tpc-ds,postgresql-plain-100gb-load,1,ip-172-31-23-167,olap,benchANT
2026-06-04 08:20:30+00:00,system,n_users,0,dbms,tpc-ds,postgresql-plain-100gb-load,1,ip-172-31-23-167,olap,benchANT
2026-06-04 08:20:40+00:00,system,n_users,0,dbms,tpc-ds,postgresql-plain-100gb-load,1,ip-172-31-23-167,olap,benchANT
2026-06-04 08:20:50+00:00,system,n_users,0,dbms,tpc-ds,postgresql-plain-100gb-load,1,ip-172-31-23-167,olap,benchANT
2026-06-04 08:21:00+00:00,system,n_users,0,dbms,tpc-ds,postgresql-plain-100gb-load,1,ip-172-31-23-167,olap,benchANT
2026-06-04 08:21:10+00:00,system,n_users,0,dbms,tpc-ds,postgresql-plain-100gb-load,1,ip-172-31-23-167,olap,benchANT
2026-06-04 08:21:20+00:00,system,n_users,0,dbms,tpc-ds,postgresql-plain-100gb-load,1,ip-172-31-23-167,olap,benchANT
2026-06-04 08:21:30+00:00,system,n_users,0,dbms,tpc-ds,postgresql-plain-100gb-load,1,ip-172-31-23-167,olap,benchANT
2026-06-04 08:21:40+00:00,system,n_users,0,dbms,tpc-ds,postgresql-plain-100gb-load,1,ip-172-31-23-167,olap,benchANT
2026-06-04 08:21:50+00:00,system,n_users,0,dbms,tpc-ds,postgresql-plain-100gb-load,1,ip-172-31-23-167,olap,benchANT
2026-06-04 08:22:00+00:00,system,n_users,0,dbms,tpc-ds,postgresql-plain-100gb-load,1,ip-172-31-23-167,olap,benchANT
2026-06-04 08:22:10+00:00,system,n_users,0,dbms,tpc-ds,postgresql-plain-100gb-load,1,ip-172-31-23-167,olap,benchANT
2026-06-04 08:22:20+00:00,system,n_users,0,dbms,tpc-ds,postgresql-plain-100gb-load,1,ip-172-31-23-167,olap,benchANT
2026-06-04 08:22:30+00:00,system,n_users,0,dbms,tpc-ds,postgresql-plain-100gb-load,1,ip-172-31-23-167,olap,benchANT
2026-06-04 08:22:40+00:00,system,n_users,0,dbms,tpc-ds,postgresql-plain-100gb-load,1,ip-172-31-23-167,olap,benchANT
2026-06-04 08:22:50+00:00,system,n_users,0,dbms,tpc-ds,postgresql-plain-100gb-load,1,ip-172-31-23-167,olap,benchANT
2026-06-04 08:23:00+00:00,system,n_users,0,dbms,tpc-ds,postgresql-plain-100gb-load,1,ip-172-31-23-167,olap,benchANT
2026-06-04 08:23:10+00:00,system,n_users,0,dbms,tpc-ds,postgresql-plain-100gb-load,1,ip-172-31-23-167,olap,benchANT
2026-06-04 08:23:20+00:00,system,n_users,0,dbms,tpc-ds,postgresql-plain-100gb-load,1,ip-172-31-23-167,olap,benchANT
2026-06-04 08:23:30+00:00,system,n_users,0,dbms,tpc-ds,postgresql-plain-100gb-load,1,ip-172-31-23-167,olap,benchANT
2026-06-04 08:23:40+00:00,system,n_users,0,dbms,tpc-ds,postgresql-plain-100gb-load,1,ip-172-31-23-167,olap,benchANT
2026-06-04 08:23:50+00:00,system,n_users,0,dbms,tpc-ds,postgresql-plain-100gb-load,1,ip-172-31-23-167,olap,benchANT
2026-06-04 08:24:00+00:00,system,n_users,0,dbms,tpc-ds,postgresql-plain-100gb-load,1,ip-172-31-23-167,olap,benchANT
2026-06-04 08:24:10+00:00,system,n_users,0,dbms,tpc-ds,postgresql-plain-100gb-load,1,ip-172-31-23-167,olap,benchANT
2026-06-04 08:24:20+00:00,system,n_users,0,dbms,tpc-ds,postgresql-plain-100gb-load,1,ip-172-31-23-167,olap,benchANT
2026-06-04 08:24:30+00:00,system,n_users,0,dbms,tpc-ds,postgresql-plain-100gb-load,1,ip-172-31-23-167,olap,benchANT
2026-06-04 08:24:40+00:00,system,n_users,0,dbms,tpc-ds,postgresql-plain-100gb-load,1,ip-172-31-23-167,olap,benchANT
2026-06-04 08:24:50+00:00,system,n_users,0,dbms,tpc-ds,postgresql-plain-100gb-load,1,ip-172-31-23-167,olap,benchANT
2026-06-04 08:25:00+00:00,system,n_users,0,dbms,tpc-ds,postgresql-plain-100gb-load,1,ip-172-31-23-167,olap,benchANT
2026-06-04 08:25:10+00:00,system,n_users,0,dbms,tpc-ds,postgresql-plain-100gb-load,1,ip-172-31-23-167,olap,benchANT
2026-06-04 08:25:20+00:00,system,n_users,0,dbms,tpc-ds,postgresql-plain-100gb-load,1,ip-172-31-23-167,olap,benchANT
2026-06-04 08:25:30+00:00,system,n_users,0,dbms,tpc-ds,postgresql-plain-100gb-load,1,ip-172-31-23-167,olap,benchANT
2026-06-04 08:25:40+00:00,system,n_users,0,dbms,tpc-ds,postgresql-plain-100gb-load,1,ip-172-31-23-167,olap,benchANT
2026-06-04 08:25:50+00:00,system,n_users,0,dbms,tpc-ds,postgresql-plain-100gb-load,1,ip-172-31-23-167,olap,benchANT
2026-06-04 08:26:00+00:00,system,n_users,0,dbms,tpc-ds,postgresql-plain-100gb-load,1,ip-172-31-23-167,olap,benchANT
2026-06-04 08:26:10+00:00,system,n_users,0,dbms,tpc-ds,postgresql-plain-100gb-load,1,ip-172-31-23-167,olap,benchANT
2026-06-04 08:26:20+00:00,system,n_users,0,dbms,tpc-ds,postgresql-plain-100gb-load,1,ip-172-31-23-167,olap,benchANT
2026-06-04 08:26:30+00:00,system,n_users,0,dbms,tpc-ds,postgresql-plain-100gb-load,1,ip-172-31-23-167,olap,benchANT
2026-06-04 08:26:40+00:00,system,n_users,0,dbms,tpc-ds,postgresql-plain-100gb-load,1,ip-172-31-23-167,olap,benchANT
2026-06-04 08:26:50+00:00,system,n_users,0,dbms,tpc-ds,postgresql-plain-100gb-load,1,ip-172-31-23-167,olap,benchANT
2026-06-04 08:27:00+00:00,system,n_users,0,dbms,tpc-ds,postgresql-plain-100gb-load,1,ip-172-31-23-167,olap,benchANT
2026-06-04 08:27:10+00:00,system,n_users,0,dbms,tpc-ds,postgresql-plain-100gb-load,1,ip-172-31-23-167,olap,benchANT
2026-06-04 08:27:20+00:00,system,n_users,0,dbms,tpc-ds,postgresql-plain-100gb-load,1,ip-172-31-23-167,olap,benchANT
2026-06-04 08:27:30+00:00,system,n_users,0,dbms,tpc-ds,postgresql-plain-100gb-load,1,ip-172-31-23-167,olap,benchANT
2026-06-04 08:27:40+00:00,system,n_users,0,dbms,tpc-ds,postgresql-plain-100gb-load,1,ip-172-31-23-167,olap,benchANT
2026-06-04 08:27:50+00:00,system,n_users,0,dbms,tpc-ds,postgresql-plain-100gb-load,1,ip-172-31-23-167,olap,benchANT
2026-06-04 08:28:00+00:00,system,n_users,0,dbms,tpc-ds,postgresql-plain-100gb-load,1,ip-172-31-23-167,olap,benchANT
2026-06-04 08:28:10+00:00,system,n_users,0,dbms,tpc-ds,postgresql-plain-100gb-load,1,ip-172-31-23-167,olap,benchANT
2026-06-04 08:28:20+00:00,system,n_users,0,dbms,tpc-ds,postgresql-plain-100gb-load,1,ip-172-31-23-167,olap,benchANT
2026-06-04 08:28:30+00:00,system,n_users,0,dbms,tpc-ds,postgresql-plain-100gb-load,1,ip-172-31-23-167,olap,benchANT
2026-06-04 08:28:40+00:00,system,n_users,0,dbms,tpc-ds,postgresql-plain-100gb-load,1,ip-172-31-23-167,olap,benchANT
2026-06-04 08:28:50+00:00,system,n_users,0,dbms,tpc-ds,postgresql-plain-100gb-load,1,ip-172-31-23-167,olap,benchANT
2026-06-04 08:29:00+00:00,system,n_users,0,dbms,tpc-ds,postgresql-plain-100gb-load,1,ip-172-31-23-167,olap,benchANT
2026-06-04 08:29:10+00:00,system,n_users,0,dbms,tpc-ds,postgresql-plain-100gb-load,1,ip-172-31-23-167,olap,benchANT
2026-06-04 08:29:20+00:00,system,n_users,0,dbms,tpc-ds,postgresql-plain-100gb-load,1,ip-172-31-23-167,olap,benchANT
2026-06-04 08:29:30+00:00,system,n_users,0,dbms,tpc-ds,postgresql-plain-100gb-load,1,ip-172-31-23-167,olap,benchANT
2026-06-04 08:29:40+00:00,system,n_users,0,dbms,tpc-ds,postgresql-plain-100gb-load,1,ip-172-31-23-167,olap,benchANT
2026-06-04 08:29:50+00:00,system,n_users,0,dbms,tpc-ds,postgresql-plain-100gb-load,1,ip-172-31-23-167,olap,benchANT
2026-06-04 08:30:00+00:00,system,n_users,0,dbms,tpc-ds,postgresql-plain-100gb-load,1,ip-172-31-23-167,olap,benchANT
2026-06-04 08:30:10+00:00,system,n_users,0,dbms,tpc-ds,postgresql-plain-100gb-load,1,ip-172-31-23-167,olap,benchANT
2026-06-04 08:30:20+00:00,system,n_users,0,dbms,tpc-ds,postgresql-plain-100gb-load,1,ip-172-31-23-167,olap,benchANT
2026-06-04 08:30:30+00:00,system,n_users,0,dbms,tpc-ds,postgresql-plain-100gb-load,1,ip-172-31-23-167,olap,benchANT
2026-06-04 08:30:40+00:00,system,n_users,0,dbms,tpc-ds,postgresql-plain-100gb-load,1,ip-172-31-23-167,olap,benchANT
2026-06-04 08:30:50+00:00,system,n_users,0,dbms,tpc-ds,postgresql-plain-100gb-load,1,ip-172-31-23-167,olap,benchANT
2026-06-04 08:31:00+00:00,system,n_users,0,dbms,tpc-ds,postgresql-plain-100gb-load,1,ip-172-31-23-167,olap,benchANT
2026-06-04 08:31:10+00:00,system,n_users,0,dbms,tpc-ds,postgresql-plain-100gb-load,1,ip-172-31-23-167,olap,benchANT
2026-06-04 08:31:20+00:00,system,n_users,0,dbms,tpc-ds,postgresql-plain-100gb-load,1,ip-172-31-23-167,olap,benchANT
2026-06-04 08:31:30+00:00,system,n_users,0,dbms,tpc-ds,postgresql-plain-100gb-load,1,ip-172-31-23-167,olap,benchANT
2026-06-04 08:31:40+00:00,system,n_users,0,dbms,tpc-ds,postgresql-plain-100gb-load,1,ip-172-31-23-167,olap,benchANT
2026-06-04 08:31:50+00:00,system,n_users,0,dbms,tpc-ds,postgresql-plain-100gb-load,1,ip-172-31-23-167,olap,benchANT
2026-06-04 08:32:00+00:00,system,n_users,0,dbms,tpc-ds,postgresql-plain-100gb-load,1,ip-172-31-23-167,olap,benchANT
2026-06-04 08:32:10+00:00,system,n_users,0,dbms,tpc-ds,postgresql-plain-100gb-load,1,ip-172-31-23-167,olap,benchANT
2026-06-04 08:32:20+00:00,system,n_users,0,dbms,tpc-ds,postgresql-plain-100gb-load,1,ip-172-31-23-167,olap,benchANT
2026-06-04 08:32:30+00:00,system,n_users,0,dbms,tpc-ds,postgresql-plain-100gb-load,1,ip-172-31-23-167,olap,benchANT
2026-06-04 08:32:40+00:00,system,n_users,0,dbms,tpc-ds,postgresql-plain-100gb-load,1,ip-172-31-23-167,olap,benchANT
2026-06-04 08:32:50+00:00,system,n_users,0,dbms,tpc-ds,postgresql-plain-100gb-load,1,ip-172-31-23-167,olap,benchANT
2026-06-04 08:33:00+00:00,system,n_users,0,dbms,tpc-ds,postgresql-plain-100gb-load,1,ip-172-31-23-167,olap,benchANT
2026-06-04 08:33:10+00:00,system,n_users,0,dbms,tpc-ds,postgresql-plain-100gb-load,1,ip-172-31-23-167,olap,benchANT
2026-06-04 08:33:20+00:00,system,n_users,0,dbms,tpc-ds,postgresql-plain-100gb-load,1,ip-172-31-23-167,olap,benchANT
2026-06-04 08:33:30+00:00,system,n_users,0,dbms,tpc-ds,postgresql-plain-100gb-load,1,ip-172-31-23-167,olap,benchANT
2026-06-04 08:33:40+00:00,system,n_users,0,dbms,tpc-ds,postgresql-plain-100gb-load,1,ip-172-31-23-167,olap,benchANT
2026-06-04 08:33:50+00:00,system,n_users,0,dbms,tpc-ds,postgresql-plain-100gb-load,1,ip-172-31-23-167,olap,benchANT
2026-06-04 08:34:00+00:00,system,n_users,0,dbms,tpc-ds,postgresql-plain-100gb-load,1,ip-172-31-23-167,olap,benchANT
2026-06-04 08:34:10+00:00,system,n_users,0,dbms,tpc-ds,postgresql-plain-100gb-load,1,ip-172-31-23-167,olap,benchANT
2026-06-04 08:34:20+00:00,system,n_users,0,dbms,tpc-ds,postgresql-plain-100gb-load,1,ip-172-31-23-167,olap,benchANT
2026-06-04 08:34:30+00:00,system,n_users,0,dbms,tpc-ds,postgresql-plain-100gb-load,1,ip-172-31-23-167,olap,benchANT
2026-06-04 08:34:40+00:00,system,n_users,0,dbms,tpc-ds,postgresql-plain-100gb-load,1,ip-172-31-23-167,olap,benchANT
2026-06-04 08:34:50+00:00,system,n_users,0,dbms,tpc-ds,postgresql-plain-100gb-load,1,ip-172-31-23-167,olap,benchANT
2026-06-04 08:35:00+00:00,system,n_users,0,dbms,tpc-ds,postgresql-plain-100gb-load,1,ip-172-31-23-167,olap,benchANT
2026-06-04 08:35:10+00:00,system,n_users,0,dbms,tpc-ds,postgresql-plain-100gb-load,1,ip-172-31-23-167,olap,benchANT
2026-06-04 08:35:20+00:00,system,n_users,0,dbms,tpc-ds,postgresql-plain-100gb-load,1,ip-172-31-23-167,olap,benchANT
2026-06-04 08:35:30+00:00,system,n_users,0,dbms,tpc-ds,postgresql-plain-100gb-load,1,ip-172-31-23-167,olap,benchANT
2026-06-04 08:35:40+00:00,system,n_users,0,dbms,tpc-ds,postgresql-plain-100gb-load,1,ip-172-31-23-167,olap,benchANT
2026-06-04 08:35:50+00:00,system,n_users,0,dbms,tpc-ds,postgresql-plain-100gb-load,1,ip-172-31-23-167,olap,benchANT
2026-06-04 08:36:00+00:00,system,n_users,0,dbms,tpc-ds,postgresql-plain-100gb-load,1,ip-172-31-23-167,olap,benchANT
2026-06-04 08:36:10+00:00,system,n_users,0,dbms,tpc-ds,postgresql-plain-100gb-load,1,ip-172-31-23-167,olap,benchANT
2026-06-04 08:36:20+00:00,system,n_users,0,dbms,tpc-ds,postgresql-plain-100gb-load,1,ip-172-31-23-167,olap,benchANT
2026-06-04 08:36:30+00:00,system,n_users,0,dbms,tpc-ds,postgresql-plain-100gb-load,1,ip-172-31-23-167,olap,benchANT
2026-06-04 08:36:40+00:00,system,n_users,0,dbms,tpc-ds,postgresql-plain-100gb-load,1,ip-172-31-23-167,olap,benchANT
2026-06-04 08:36:50+00:00,system,n_users,0,dbms,tpc-ds,postgresql-plain-100gb-load,1,ip-172-31-23-167,olap,benchANT
2026-06-04 08:37:00+00:00,system,n_users,0,dbms,tpc-ds,postgresql-plain-100gb-load,1,ip-172-31-23-167,olap,benchANT
2026-06-04 08:37:10+00:00,system,n_users,0,dbms,tpc-ds,postgresql-plain-100gb-load,1,ip-172-31-23-167,olap,benchANT
2026-06-04 08:37:20+00:00,system,n_users,0,dbms,tpc-ds,postgresql-plain-100gb-load,1,ip-172-31-23-167,olap,benchANT
2026-06-04 08:37:30+00:00,system,n_users,0,dbms,tpc-ds,postgresql-plain-100gb-load,1,ip-172-31-23-167,olap,benchANT
2026-06-04 08:37:40+00:00,system,n_users,0,dbms,tpc-ds,postgresql-plain-100gb-load,1,ip-172-31-23-167,olap,benchANT
2026-06-04 08:37:50+00:00,system,n_users,0,dbms,tpc-ds,postgresql-plain-100gb-load,1,ip-172-31-23-167,olap,benchANT
2026-06-04 08:38:00+00:00,system,n_users,0,dbms,tpc-ds,postgresql-plain-100gb-load,1,ip-172-31-23-167,olap,benchANT
2026-06-04 08:38:10+00:00,system,n_users,0,dbms,tpc-ds,postgresql-plain-100gb-load,1,ip-172-31-23-167,olap,benchANT
2026-06-04 08:38:20+00:00,system,n_users,0,dbms,tpc-ds,postgresql-plain-100gb-load,1,ip-172-31-23-167,olap,benchANT
2026-06-04 08:38:30+00:00,system,n_users,0,dbms,tpc-ds,postgresql-plain-100gb-load,1,ip-172-31-23-167,olap,benchANT
2026-06-04 08:38:40+00:00,system,n_users,0,dbms,tpc-ds,postgresql-plain-100gb-load,1,ip-172-31-23-167,olap,benchANT
2026-06-04 08:38:50+00:00,system,n_users,0,dbms,tpc-ds,postgresql-plain-100gb-load,1,ip-172-31-23-167,olap,benchANT
2026-06-04 08:39:00+00:00,system,n_users,0,dbms,tpc-ds,postgresql-plain-100gb-load,1,ip-172-31-23-167,olap,benchANT
2026-06-04 08:39:10+00:00,system,n_users,0,dbms,tpc-ds,postgresql-plain-100gb-load,1,ip-172-31-23-167,olap,benchANT
2026-06-04 08:39:20+00:00,system,n_users,0,dbms,tpc-ds,postgresql-plain-100gb-load,1,ip-172-31-23-167,olap,benchANT
2026-06-04 08:39:30+00:00,system,n_users,0,dbms,tpc-ds,postgresql-plain-100gb-load,1,ip-172-31-23-167,olap,benchANT
2026-06-04 08:39:40+00:00,system,n_users,0,dbms,tpc-ds,postgresql-plain-100gb-load,1,ip-172-31-23-167,olap,benchANT
2026-06-04 08:39:50+00:00,system,n_users,0,dbms,tpc-ds,postgresql-plain-100gb-load,1,ip-172-31-23-167,olap,benchANT
2026-06-04 08:40:00+00:00,system,n_users,0,dbms,tpc-ds,postgresql-plain-100gb-load,1,ip-172-31-23-167,olap,benchANT
2026-06-04 08:40:10+00:00,system,n_users,0,dbms,tpc-ds,postgresql-plain-100gb-load,1,ip-172-31-23-167,olap,benchANT
2026-06-04 08:40:20+00:00,system,n_users,0,dbms,tpc-ds,postgresql-plain-100gb-load,1,ip-172-31-23-167,olap,benchANT
2026-06-04 08:40:30+00:00,system,n_users,0,dbms,tpc-ds,postgresql-plain-100gb-load,1,ip-172-31-23-167,olap,benchANT
2026-06-04 08:40:40+00:00,system,n_users,0,dbms,tpc-ds,postgresql-plain-100gb-load,1,ip-172-31-23-167,olap,benchANT
2026-06-04 08:40:50+00:00,system,n_users,0,dbms,tpc-ds,postgresql-plain-100gb-load,1,ip-172-31-23-167,olap,benchANT
2026-06-04 08:41:00+00:00,system,n_users,0,dbms,tpc-ds,postgresql-plain-100gb-load,1,ip-172-31-23-167,olap,benchANT
2026-06-04 08:41:10+00:00,system,n_users,0,dbms,tpc-ds,postgresql-plain-100gb-load,1,ip-172-31-23-167,olap,benchANT
2026-06-04 08:41:20+00:00,system,n_users,0,dbms,tpc-ds,postgresql-plain-100gb-load,1,ip-172-31-23-167,olap,benchANT
2026-06-04 08:41:30+00:00,system,n_users,0,dbms,tpc-ds,postgresql-plain-100gb-load,1,ip-172-31-23-167,olap,benchANT
2026-06-04 08:41:40+00:00,system,n_users,0,dbms,tpc-ds,postgresql-plain-100gb-load,1,ip-172-31-23-167,olap,benchANT
2026-06-04 08:41:50+00:00,system,n_users,0,dbms,tpc-ds,postgresql-plain-100gb-load,1,ip-172-31-23-167,olap,benchANT
2026-06-04 08:42:00+00:00,system,n_users,0,dbms,tpc-ds,postgresql-plain-100gb-load,1,ip-172-31-23-167,olap,benchANT
2026-06-04 08:42:10+00:00,system,n_users,0,dbms,tpc-ds,postgresql-plain-100gb-load,1,ip-172-31-23-167,olap,benchANT
2026-06-04 08:42:20+00:00,system,n_users,0,dbms,tpc-ds,postgresql-plain-100gb-load,1,ip-172-31-23-167,olap,benchANT
2026-06-04 08:42:30+00:00,system,n_users,0,dbms,tpc-ds,postgresql-plain-100gb-load,1,ip-172-31-23-167,olap,benchANT
2026-06-04 08:42:40+00:00,system,n_users,0,dbms,tpc-ds,postgresql-plain-100gb-load,1,ip-172-31-23-167,olap,benchANT
2026-06-04 08:42:50+00:00,system,n_users,0,dbms,tpc-ds,postgresql-plain-100gb-load,1,ip-172-31-23-167,olap,benchANT
2026-06-04 08:43:00+00:00,system,n_users,0,dbms,tpc-ds,postgresql-plain-100gb-load,1,ip-172-31-23-167,olap,benchANT
2026-06-04 08:43:10+00:00,system,n_users,0,dbms,tpc-ds,postgresql-plain-100gb-load,1,ip-172-31-23-167,olap,benchANT
2026-06-04 08:43:20+00:00,system,n_users,0,dbms,tpc-ds,postgresql-plain-100gb-load,1,ip-172-31-23-167,olap,benchANT
2026-06-04 08:43:30+00:00,system,n_users,0,dbms,tpc-ds,postgresql-plain-100gb-load,1,ip-172-31-23-167,olap,benchANT
2026-06-04 08:43:40+00:00,system,n_users,0,dbms,tpc-ds,postgresql-plain-100gb-load,1,ip-172-31-23-167,olap,benchANT
2026-06-04 08:43:50+00:00,system,n_users,0,dbms,tpc-ds,postgresql-plain-100gb-load,1,ip-172-31-23-167,olap,benchANT
2026-06-04 08:44:00+00:00,system,n_users,0,dbms,tpc-ds,postgresql-plain-100gb-load,1,ip-172-31-23-167,olap,benchANT
2026-06-04 08:44:10+00:00,system,n_users,0,dbms,tpc-ds,postgresql-plain-100gb-load,1,ip-172-31-23-167,olap,benchANT
2026-06-04 08:44:20+00:00,system,n_users,0,dbms,tpc-ds,postgresql-plain-100gb-load,1,ip-172-31-23-167,olap,benchANT
2026-06-04 08:44:30+00:00,system,n_users,0,dbms,tpc-ds,postgresql-plain-100gb-load,1,ip-172-31-23-167,olap,benchANT
2026-06-04 08:44:40+00:00,system,n_users,0,dbms,tpc-ds,postgresql-plain-100gb-load,1,ip-172-31-23-167,olap,benchANT
2026-06-04 08:44:50+00:00,system,n_users,0,dbms,tpc-ds,postgresql-plain-100gb-load,1,ip-172-31-23-167,olap,benchANT
2026-06-04 08:45:00+00:00,system,n_users,0,dbms,tpc-ds,postgresql-plain-100gb-load,1,ip-172-31-23-167,olap,benchANT
2026-06-04 08:45:10+00:00,system,n_users,0,dbms,tpc-ds,postgresql-plain-100gb-load,1,ip-172-31-23-167,olap,benchANT
2026-06-04 08:45:20+00:00,system,n_users,0,dbms,tpc-ds,postgresql-plain-100gb-load,1,ip-172-31-23-167,olap,benchANT
2026-06-04 08:45:30+00:00,system,n_users,0,dbms,tpc-ds,postgresql-plain-100gb-load,1,ip-172-31-23-167,olap,benchANT
2026-06-04 08:45:40+00:00,system,n_users,0,dbms,tpc-ds,postgresql-plain-100gb-load,1,ip-172-31-23-167,olap,benchANT
2026-06-04 08:45:50+00:00,system,n_users,0,dbms,tpc-ds,postgresql-plain-100gb-load,1,ip-172-31-23-167,olap,benchANT
2026-06-04 08:46:00+00:00,system,n_users,0,dbms,tpc-ds,postgresql-plain-100gb-load,1,ip-172-31-23-167,olap,benchANT
2026-06-04 08:46:10+00:00,system,n_users,0,dbms,tpc-ds,postgresql-plain-100gb-load,1,ip-172-31-23-167,olap,benchANT
2026-06-04 08:46:20+00:00,system,n_users,0,dbms,tpc-ds,postgresql-plain-100gb-load,1,ip-172-31-23-167,olap,benchANT
2026-06-04 08:46:30+00:00,system,n_users,0,dbms,tpc-ds,postgresql-plain-100gb-load,1,ip-172-31-23-167,olap,benchANT
2026-06-04 08:46:40+00:00,system,n_users,0,dbms,tpc-ds,postgresql-plain-100gb-load,1,ip-172-31-23-167,olap,benchANT
2026-06-04 08:46:50+00:00,system,n_users,0,dbms,tpc-ds,postgresql-plain-100gb-load,1,ip-172-31-23-167,olap,benchANT
2026-06-04 08:47:00+00:00,system,n_users,0,dbms,tpc-ds,postgresql-plain-100gb-load,1,ip-172-31-23-167,olap,benchANT
2026-06-04 08:47:10+00:00,system,n_users,0,dbms,tpc-ds,postgresql-plain-100gb-load,1,ip-172-31-23-167,olap,benchANT
2026-06-04 08:47:20+00:00,system,n_users,0,dbms,tpc-ds,postgresql-plain-100gb-load,1,ip-172-31-23-167,olap,benchANT
2026-06-04 08:47:30+00:00,system,n_users,0,dbms,tpc-ds,postgresql-plain-100gb-load,1,ip-172-31-23-167,olap,benchANT
2026-06-04 08:47:40+00:00,system,n_users,0,dbms,tpc-ds,postgresql-plain-100gb-load,1,ip-172-31-23-167,olap,benchANT
2026-06-04 08:47:50+00:00,system,n_users,0,dbms,tpc-ds,postgresql-plain-100gb-load,1,ip-172-31-23-167,olap,benchANT
2026-06-04 08:48:00+00:00,system,n_users,0,dbms,tpc-ds,postgresql-plain-100gb-load,1,ip-172-31-23-167,olap,benchANT
2026-06-04 08:48:10+00:00,system,n_users,0,dbms,tpc-ds,postgresql-plain-100gb-load,1,ip-172-31-23-167,olap,benchANT
2026-06-04 08:48:20+00:00,system,n_users,0,dbms,tpc-ds,postgresql-plain-100gb-load,1,ip-172-31-23-167,olap,benchANT
2026-06-04 08:48:30+00:00,system,n_users,0,dbms,tpc-ds,postgresql-plain-100gb-load,1,ip-172-31-23-167,olap,benchANT
2026-06-04 08:48:40+00:00,system,n_users,0,dbms,tpc-ds,postgresql-plain-100gb-load,1,ip-172-31-23-167,olap,benchANT
2026-06-04 08:48:50+00:00,system,n_users,0,dbms,tpc-ds,postgresql-plain-100gb-load,1,ip-172-31-23-167,olap,benchANT
2026-06-04 08:49:00+00:00,system,n_users,0,dbms,tpc-ds,postgresql-plain-100gb-load,1,ip-172-31-23-167,olap,benchANT
2026-06-04 08:49:10+00:00,system,n_users,0,dbms,tpc-ds,postgresql-plain-100gb-load,1,ip-172-31-23-167,olap,benchANT
2026-06-04 08:49:20+00:00,system,n_users,0,dbms,tpc-ds,postgresql-plain-100gb-load,1,ip-172-31-23-167,olap,benchANT
2026-06-04 08:49:30+00:00,system,n_users,0,dbms,tpc-ds,postgresql-plain-100gb-load,1,ip-172-31-23-167,olap,benchANT
2026-06-04 08:49:40+00:00,system,n_users,0,dbms,tpc-ds,postgresql-plain-100gb-load,1,ip-172-31-23-167,olap,benchANT
2026-06-04 08:49:50+00:00,system,n_users,0,dbms,tpc-ds,postgresql-plain-100gb-load,1,ip-172-31-23-167,olap,benchANT
2026-06-04 08:50:00+00:00,system,n_users,0,dbms,tpc-ds,postgresql-plain-100gb-load,1,ip-172-31-23-167,olap,benchANT
2026-06-04 08:50:10+00:00,system,n_users,0,dbms,tpc-ds,postgresql-plain-100gb-load,1,ip-172-31-23-167,olap,benchANT
2026-06-04 08:50:20+00:00,system,n_users,0,dbms,tpc-ds,postgresql-plain-100gb-load,1,ip-172-31-23-167,olap,benchANT
2026-06-04 08:50:30+00:00,system,n_users,0,dbms,tpc-ds,postgresql-plain-100gb-load,1,ip-172-31-23-167,olap,benchANT
2026-06-04 08:50:40+00:00,system,n_users,0,dbms,tpc-ds,postgresql-plain-100gb-load,1,ip-172-31-23-167,olap,benchANT
2026-06-04 08:50:50+00:00,system,n_users,0,dbms,tpc-ds,postgresql-plain-100gb-load,1,ip-172-31-23-167,olap,benchANT
2026-06-04 07:50:00+00:00,system,uptime,70309,dbms,tpc-ds,postgresql-plain-100gb-load,1,ip-172-31-23-167,olap,benchANT
2026-06-04 07:50:10+00:00,system,uptime,70319,dbms,tpc-ds,postgresql-plain-100gb-load,1,ip-172-31-23-167,olap,benchANT
2026-06-04 07:50:20+00:00,system,uptime,70329,dbms,tpc-ds,postgresql-plain-100gb-load,1,ip-172-31-23-167,olap,benchANT
2026-06-04 07:50:30+00:00,system,uptime,70339,dbms,tpc-ds,postgresql-plain-100gb-load,1,ip-172-31-23-167,olap,benchANT
2026-06-04 07:50:40+00:00,system,uptime,70349,dbms,tpc-ds,postgresql-plain-100gb-load,1,ip-172-31-23-167,olap,benchANT
2026-06-04 07:50:50+00:00,system,uptime,70359,dbms,tpc-ds,postgresql-plain-100gb-load,1,ip-172-31-23-167,olap,benchANT
2026-06-04 07:51:00+00:00,system,uptime,70369,dbms,tpc-ds,postgresql-plain-100gb-load,1,ip-172-31-23-167,olap,benchANT
2026-06-04 07:51:10+00:00,system,uptime,70379,dbms,tpc-ds,postgresql-plain-100gb-load,1,ip-172-31-23-167,olap,benchANT
2026-06-04 07:51:20+00:00,system,uptime,70389,dbms,tpc-ds,postgresql-plain-100gb-load,1,ip-172-31-23-167,olap,benchANT
2026-06-04 07:51:30+00:00,system,uptime,70399,dbms,tpc-ds,postgresql-plain-100gb-load,1,ip-172-31-23-167,olap,benchANT
2026-06-04 07:51:40+00:00,system,uptime,70409,dbms,tpc-ds,postgresql-plain-100gb-load,1,ip-172-31-23-167,olap,benchANT
2026-06-04 07:51:50+00:00,system,uptime,70419,dbms,tpc-ds,postgresql-plain-100gb-load,1,ip-172-31-23-167,olap,benchANT
2026-06-04 07:52:00+00:00,system,uptime,70429,dbms,tpc-ds,postgresql-plain-100gb-load,1,ip-172-31-23-167,olap,benchANT
2026-06-04 07:52:10+00:00,system,uptime,70439,dbms,tpc-ds,postgresql-plain-100gb-load,1,ip-172-31-23-167,olap,benchANT
2026-06-04 07:52:20+00:00,system,uptime,70449,dbms,tpc-ds,postgresql-plain-100gb-load,1,ip-172-31-23-167,olap,benchANT
2026-06-04 07:52:30+00:00,system,uptime,70459,dbms,tpc-ds,postgresql-plain-100gb-load,1,ip-172-31-23-167,olap,benchANT
2026-06-04 07:52:40+00:00,system,uptime,70469,dbms,tpc-ds,postgresql-plain-100gb-load,1,ip-172-31-23-167,olap,benchANT
2026-06-04 07:52:50+00:00,system,uptime,70479,dbms,tpc-ds,postgresql-plain-100gb-load,1,ip-172-31-23-167,olap,benchANT
2026-06-04 07:53:00+00:00,system,uptime,70489,dbms,tpc-ds,postgresql-plain-100gb-load,1,ip-172-31-23-167,olap,benchANT
2026-06-04 07:53:10+00:00,system,uptime,70499,dbms,tpc-ds,postgresql-plain-100gb-load,1,ip-172-31-23-167,olap,benchANT
2026-06-04 07:53:20+00:00,system,uptime,70509,dbms,tpc-ds,postgresql-plain-100gb-load,1,ip-172-31-23-167,olap,benchANT
2026-06-04 07:53:30+00:00,system,uptime,70519,dbms,tpc-ds,postgresql-plain-100gb-load,1,ip-172-31-23-167,olap,benchANT
2026-06-04 07:53:40+00:00,system,uptime,70529,dbms,tpc-ds,postgresql-plain-100gb-load,1,ip-172-31-23-167,olap,benchANT
2026-06-04 07:53:50+00:00,system,uptime,70539,dbms,tpc-ds,postgresql-plain-100gb-load,1,ip-172-31-23-167,olap,benchANT
2026-06-04 07:54:00+00:00,system,uptime,70549,dbms,tpc-ds,postgresql-plain-100gb-load,1,ip-172-31-23-167,olap,benchANT
2026-06-04 07:54:10+00:00,system,uptime,70559,dbms,tpc-ds,postgresql-plain-100gb-load,1,ip-172-31-23-167,olap,benchANT
2026-06-04 07:54:20+00:00,system,uptime,70569,dbms,tpc-ds,postgresql-plain-100gb-load,1,ip-172-31-23-167,olap,benchANT
2026-06-04 07:54:30+00:00,system,uptime,70579,dbms,tpc-ds,postgresql-plain-100gb-load,1,ip-172-31-23-167,olap,benchANT
2026-06-04 07:54:40+00:00,system,uptime,70589,dbms,tpc-ds,postgresql-plain-100gb-load,1,ip-172-31-23-167,olap,benchANT
2026-06-04 07:54:50+00:00,system,uptime,70599,dbms,tpc-ds,postgresql-plain-100gb-load,1,ip-172-31-23-167,olap,benchANT
2026-06-04 07:55:00+00:00,system,uptime,70609,dbms,tpc-ds,postgresql-plain-100gb-load,1,ip-172-31-23-167,olap,benchANT
2026-06-04 07:55:10+00:00,system,uptime,70619,dbms,tpc-ds,postgresql-plain-100gb-load,1,ip-172-31-23-167,olap,benchANT
2026-06-04 07:55:20+00:00,system,uptime,70629,dbms,tpc-ds,postgresql-plain-100gb-load,1,ip-172-31-23-167,olap,benchANT
2026-06-04 07:55:30+00:00,system,uptime,70639,dbms,tpc-ds,postgresql-plain-100gb-load,1,ip-172-31-23-167,olap,benchANT
2026-06-04 07:55:40+00:00,system,uptime,70649,dbms,tpc-ds,postgresql-plain-100gb-load,1,ip-172-31-23-167,olap,benchANT
2026-06-04 07:55:50+00:00,system,uptime,70659,dbms,tpc-ds,postgresql-plain-100gb-load,1,ip-172-31-23-167,olap,benchANT
2026-06-04 07:56:00+00:00,system,uptime,70669,dbms,tpc-ds,postgresql-plain-100gb-load,1,ip-172-31-23-167,olap,benchANT
2026-06-04 07:56:10+00:00,system,uptime,70679,dbms,tpc-ds,postgresql-plain-100gb-load,1,ip-172-31-23-167,olap,benchANT
2026-06-04 07:56:20+00:00,system,uptime,70689,dbms,tpc-ds,postgresql-plain-100gb-load,1,ip-172-31-23-167,olap,benchANT
2026-06-04 07:56:30+00:00,system,uptime,70699,dbms,tpc-ds,postgresql-plain-100gb-load,1,ip-172-31-23-167,olap,benchANT
2026-06-04 07:56:40+00:00,system,uptime,70709,dbms,tpc-ds,postgresql-plain-100gb-load,1,ip-172-31-23-167,olap,benchANT
2026-06-04 07:56:50+00:00,system,uptime,70719,dbms,tpc-ds,postgresql-plain-100gb-load,1,ip-172-31-23-167,olap,benchANT
2026-06-04 07:57:00+00:00,system,uptime,70729,dbms,tpc-ds,postgresql-plain-100gb-load,1,ip-172-31-23-167,olap,benchANT
2026-06-04 07:57:10+00:00,system,uptime,70739,dbms,tpc-ds,postgresql-plain-100gb-load,1,ip-172-31-23-167,olap,benchANT
2026-06-04 07:57:20+00:00,system,uptime,70749,dbms,tpc-ds,postgresql-plain-100gb-load,1,ip-172-31-23-167,olap,benchANT
2026-06-04 07:57:30+00:00,system,uptime,70759,dbms,tpc-ds,postgresql-plain-100gb-load,1,ip-172-31-23-167,olap,benchANT
2026-06-04 07:57:40+00:00,system,uptime,70769,dbms,tpc-ds,postgresql-plain-100gb-load,1,ip-172-31-23-167,olap,benchANT
2026-06-04 07:57:50+00:00,system,uptime,70779,dbms,tpc-ds,postgresql-plain-100gb-load,1,ip-172-31-23-167,olap,benchANT
2026-06-04 07:58:00+00:00,system,uptime,70789,dbms,tpc-ds,postgresql-plain-100gb-load,1,ip-172-31-23-167,olap,benchANT
2026-06-04 07:58:10+00:00,system,uptime,70799,dbms,tpc-ds,postgresql-plain-100gb-load,1,ip-172-31-23-167,olap,benchANT
2026-06-04 07:58:20+00:00,system,uptime,70809,dbms,tpc-ds,postgresql-plain-100gb-load,1,ip-172-31-23-167,olap,benchANT
2026-06-04 07:58:30+00:00,system,uptime,70819,dbms,tpc-ds,postgresql-plain-100gb-load,1,ip-172-31-23-167,olap,benchANT
2026-06-04 07:58:40+00:00,system,uptime,70829,dbms,tpc-ds,postgresql-plain-100gb-load,1,ip-172-31-23-167,olap,benchANT
2026-06-04 07:58:50+00:00,system,uptime,70839,dbms,tpc-ds,postgresql-plain-100gb-load,1,ip-172-31-23-167,olap,benchANT
2026-06-04 07:59:00+00:00,system,uptime,70849,dbms,tpc-ds,postgresql-plain-100gb-load,1,ip-172-31-23-167,olap,benchANT
2026-06-04 07:59:10+00:00,system,uptime,70859,dbms,tpc-ds,postgresql-plain-100gb-load,1,ip-172-31-23-167,olap,benchANT
2026-06-04 07:59:20+00:00,system,uptime,70869,dbms,tpc-ds,postgresql-plain-100gb-load,1,ip-172-31-23-167,olap,benchANT
2026-06-04 07:59:30+00:00,system,uptime,70879,dbms,tpc-ds,postgresql-plain-100gb-load,1,ip-172-31-23-167,olap,benchANT
2026-06-04 07:59:40+00:00,system,uptime,70889,dbms,tpc-ds,postgresql-plain-100gb-load,1,ip-172-31-23-167,olap,benchANT
2026-06-04 07:59:50+00:00,system,uptime,70899,dbms,tpc-ds,postgresql-plain-100gb-load,1,ip-172-31-23-167,olap,benchANT
2026-06-04 08:00:00+00:00,system,uptime,70909,dbms,tpc-ds,postgresql-plain-100gb-load,1,ip-172-31-23-167,olap,benchANT
2026-06-04 08:00:10+00:00,system,uptime,70919,dbms,tpc-ds,postgresql-plain-100gb-load,1,ip-172-31-23-167,olap,benchANT
2026-06-04 08:00:20+00:00,system,uptime,70929,dbms,tpc-ds,postgresql-plain-100gb-load,1,ip-172-31-23-167,olap,benchANT
2026-06-04 08:00:30+00:00,system,uptime,70939,dbms,tpc-ds,postgresql-plain-100gb-load,1,ip-172-31-23-167,olap,benchANT
2026-06-04 08:00:40+00:00,system,uptime,70949,dbms,tpc-ds,postgresql-plain-100gb-load,1,ip-172-31-23-167,olap,benchANT
2026-06-04 08:00:50+00:00,system,uptime,70959,dbms,tpc-ds,postgresql-plain-100gb-load,1,ip-172-31-23-167,olap,benchANT
2026-06-04 08:01:00+00:00,system,uptime,70969,dbms,tpc-ds,postgresql-plain-100gb-load,1,ip-172-31-23-167,olap,benchANT
2026-06-04 08:01:10+00:00,system,uptime,70979,dbms,tpc-ds,postgresql-plain-100gb-load,1,ip-172-31-23-167,olap,benchANT
2026-06-04 08:01:20+00:00,system,uptime,70989,dbms,tpc-ds,postgresql-plain-100gb-load,1,ip-172-31-23-167,olap,benchANT
2026-06-04 08:01:30+00:00,system,uptime,70999,dbms,tpc-ds,postgresql-plain-100gb-load,1,ip-172-31-23-167,olap,benchANT
2026-06-04 08:01:40+00:00,system,uptime,71009,dbms,tpc-ds,postgresql-plain-100gb-load,1,ip-172-31-23-167,olap,benchANT
2026-06-04 08:01:50+00:00,system,uptime,71019,dbms,tpc-ds,postgresql-plain-100gb-load,1,ip-172-31-23-167,olap,benchANT
2026-06-04 08:02:00+00:00,system,uptime,71029,dbms,tpc-ds,postgresql-plain-100gb-load,1,ip-172-31-23-167,olap,benchANT
2026-06-04 08:02:10+00:00,system,uptime,71039,dbms,tpc-ds,postgresql-plain-100gb-load,1,ip-172-31-23-167,olap,benchANT
2026-06-04 08:02:20+00:00,system,uptime,71049,dbms,tpc-ds,postgresql-plain-100gb-load,1,ip-172-31-23-167,olap,benchANT
2026-06-04 08:02:30+00:00,system,uptime,71059,dbms,tpc-ds,postgresql-plain-100gb-load,1,ip-172-31-23-167,olap,benchANT
2026-06-04 08:02:40+00:00,system,uptime,71069,dbms,tpc-ds,postgresql-plain-100gb-load,1,ip-172-31-23-167,olap,benchANT
2026-06-04 08:02:50+00:00,system,uptime,71079,dbms,tpc-ds,postgresql-plain-100gb-load,1,ip-172-31-23-167,olap,benchANT
2026-06-04 08:03:00+00:00,system,uptime,71089,dbms,tpc-ds,postgresql-plain-100gb-load,1,ip-172-31-23-167,olap,benchANT
2026-06-04 08:03:10+00:00,system,uptime,71099,dbms,tpc-ds,postgresql-plain-100gb-load,1,ip-172-31-23-167,olap,benchANT
2026-06-04 08:03:20+00:00,system,uptime,71109,dbms,tpc-ds,postgresql-plain-100gb-load,1,ip-172-31-23-167,olap,benchANT
2026-06-04 08:03:30+00:00,system,uptime,71119,dbms,tpc-ds,postgresql-plain-100gb-load,1,ip-172-31-23-167,olap,benchANT
2026-06-04 08:03:40+00:00,system,uptime,71129,dbms,tpc-ds,postgresql-plain-100gb-load,1,ip-172-31-23-167,olap,benchANT
2026-06-04 08:03:50+00:00,system,uptime,71139,dbms,tpc-ds,postgresql-plain-100gb-load,1,ip-172-31-23-167,olap,benchANT
2026-06-04 08:04:00+00:00,system,uptime,71149,dbms,tpc-ds,postgresql-plain-100gb-load,1,ip-172-31-23-167,olap,benchANT
2026-06-04 08:04:10+00:00,system,uptime,71159,dbms,tpc-ds,postgresql-plain-100gb-load,1,ip-172-31-23-167,olap,benchANT
2026-06-04 08:04:20+00:00,system,uptime,71169,dbms,tpc-ds,postgresql-plain-100gb-load,1,ip-172-31-23-167,olap,benchANT
2026-06-04 08:04:30+00:00,system,uptime,71179,dbms,tpc-ds,postgresql-plain-100gb-load,1,ip-172-31-23-167,olap,benchANT
2026-06-04 08:04:40+00:00,system,uptime,71189,dbms,tpc-ds,postgresql-plain-100gb-load,1,ip-172-31-23-167,olap,benchANT
2026-06-04 08:04:50+00:00,system,uptime,71199,dbms,tpc-ds,postgresql-plain-100gb-load,1,ip-172-31-23-167,olap,benchANT
2026-06-04 08:05:00+00:00,system,uptime,71209,dbms,tpc-ds,postgresql-plain-100gb-load,1,ip-172-31-23-167,olap,benchANT
2026-06-04 08:05:10+00:00,system,uptime,71219,dbms,tpc-ds,postgresql-plain-100gb-load,1,ip-172-31-23-167,olap,benchANT
2026-06-04 08:05:20+00:00,system,uptime,71229,dbms,tpc-ds,postgresql-plain-100gb-load,1,ip-172-31-23-167,olap,benchANT
2026-06-04 08:05:30+00:00,system,uptime,71239,dbms,tpc-ds,postgresql-plain-100gb-load,1,ip-172-31-23-167,olap,benchANT
2026-06-04 08:05:40+00:00,system,uptime,71249,dbms,tpc-ds,postgresql-plain-100gb-load,1,ip-172-31-23-167,olap,benchANT
2026-06-04 08:05:50+00:00,system,uptime,71259,dbms,tpc-ds,postgresql-plain-100gb-load,1,ip-172-31-23-167,olap,benchANT
2026-06-04 08:06:00+00:00,system,uptime,71269,dbms,tpc-ds,postgresql-plain-100gb-load,1,ip-172-31-23-167,olap,benchANT
2026-06-04 08:06:10+00:00,system,uptime,71279,dbms,tpc-ds,postgresql-plain-100gb-load,1,ip-172-31-23-167,olap,benchANT
2026-06-04 08:06:20+00:00,system,uptime,71289,dbms,tpc-ds,postgresql-plain-100gb-load,1,ip-172-31-23-167,olap,benchANT
2026-06-04 08:06:30+00:00,system,uptime,71299,dbms,tpc-ds,postgresql-plain-100gb-load,1,ip-172-31-23-167,olap,benchANT
2026-06-04 08:06:40+00:00,system,uptime,71309,dbms,tpc-ds,postgresql-plain-100gb-load,1,ip-172-31-23-167,olap,benchANT
2026-06-04 08:06:50+00:00,system,uptime,71319,dbms,tpc-ds,postgresql-plain-100gb-load,1,ip-172-31-23-167,olap,benchANT
2026-06-04 08:07:00+00:00,system,uptime,71329,dbms,tpc-ds,postgresql-plain-100gb-load,1,ip-172-31-23-167,olap,benchANT
2026-06-04 08:07:10+00:00,system,uptime,71339,dbms,tpc-ds,postgresql-plain-100gb-load,1,ip-172-31-23-167,olap,benchANT
2026-06-04 08:07:20+00:00,system,uptime,71349,dbms,tpc-ds,postgresql-plain-100gb-load,1,ip-172-31-23-167,olap,benchANT
2026-06-04 08:07:30+00:00,system,uptime,71359,dbms,tpc-ds,postgresql-plain-100gb-load,1,ip-172-31-23-167,olap,benchANT
2026-06-04 08:07:40+00:00,system,uptime,71369,dbms,tpc-ds,postgresql-plain-100gb-load,1,ip-172-31-23-167,olap,benchANT
2026-06-04 08:07:50+00:00,system,uptime,71379,dbms,tpc-ds,postgresql-plain-100gb-load,1,ip-172-31-23-167,olap,benchANT
2026-06-04 08:08:00+00:00,system,uptime,71389,dbms,tpc-ds,postgresql-plain-100gb-load,1,ip-172-31-23-167,olap,benchANT
2026-06-04 08:08:10+00:00,system,uptime,71399,dbms,tpc-ds,postgresql-plain-100gb-load,1,ip-172-31-23-167,olap,benchANT
2026-06-04 08:08:20+00:00,system,uptime,71409,dbms,tpc-ds,postgresql-plain-100gb-load,1,ip-172-31-23-167,olap,benchANT
2026-06-04 08:08:30+00:00,system,uptime,71419,dbms,tpc-ds,postgresql-plain-100gb-load,1,ip-172-31-23-167,olap,benchANT
2026-06-04 08:08:40+00:00,system,uptime,71429,dbms,tpc-ds,postgresql-plain-100gb-load,1,ip-172-31-23-167,olap,benchANT
2026-06-04 08:08:50+00:00,system,uptime,71439,dbms,tpc-ds,postgresql-plain-100gb-load,1,ip-172-31-23-167,olap,benchANT
2026-06-04 08:09:00+00:00,system,uptime,71449,dbms,tpc-ds,postgresql-plain-100gb-load,1,ip-172-31-23-167,olap,benchANT
2026-06-04 08:09:10+00:00,system,uptime,71459,dbms,tpc-ds,postgresql-plain-100gb-load,1,ip-172-31-23-167,olap,benchANT
2026-06-04 08:09:20+00:00,system,uptime,71469,dbms,tpc-ds,postgresql-plain-100gb-load,1,ip-172-31-23-167,olap,benchANT
2026-06-04 08:09:30+00:00,system,uptime,71479,dbms,tpc-ds,postgresql-plain-100gb-load,1,ip-172-31-23-167,olap,benchANT
2026-06-04 08:09:40+00:00,system,uptime,71489,dbms,tpc-ds,postgresql-plain-100gb-load,1,ip-172-31-23-167,olap,benchANT
2026-06-04 08:09:50+00:00,system,uptime,71499,dbms,tpc-ds,postgresql-plain-100gb-load,1,ip-172-31-23-167,olap,benchANT
2026-06-04 08:10:00+00:00,system,uptime,71509,dbms,tpc-ds,postgresql-plain-100gb-load,1,ip-172-31-23-167,olap,benchANT
2026-06-04 08:10:10+00:00,system,uptime,71519,dbms,tpc-ds,postgresql-plain-100gb-load,1,ip-172-31-23-167,olap,benchANT
2026-06-04 08:10:20+00:00,system,uptime,71529,dbms,tpc-ds,postgresql-plain-100gb-load,1,ip-172-31-23-167,olap,benchANT
2026-06-04 08:10:30+00:00,system,uptime,71539,dbms,tpc-ds,postgresql-plain-100gb-load,1,ip-172-31-23-167,olap,benchANT
2026-06-04 08:10:40+00:00,system,uptime,71549,dbms,tpc-ds,postgresql-plain-100gb-load,1,ip-172-31-23-167,olap,benchANT
2026-06-04 08:10:50+00:00,system,uptime,71559,dbms,tpc-ds,postgresql-plain-100gb-load,1,ip-172-31-23-167,olap,benchANT
2026-06-04 08:11:00+00:00,system,uptime,71569,dbms,tpc-ds,postgresql-plain-100gb-load,1,ip-172-31-23-167,olap,benchANT
2026-06-04 08:11:10+00:00,system,uptime,71579,dbms,tpc-ds,postgresql-plain-100gb-load,1,ip-172-31-23-167,olap,benchANT
2026-06-04 08:11:20+00:00,system,uptime,71589,dbms,tpc-ds,postgresql-plain-100gb-load,1,ip-172-31-23-167,olap,benchANT
2026-06-04 08:11:30+00:00,system,uptime,71599,dbms,tpc-ds,postgresql-plain-100gb-load,1,ip-172-31-23-167,olap,benchANT
2026-06-04 08:11:40+00:00,system,uptime,71609,dbms,tpc-ds,postgresql-plain-100gb-load,1,ip-172-31-23-167,olap,benchANT
2026-06-04 08:11:50+00:00,system,uptime,71619,dbms,tpc-ds,postgresql-plain-100gb-load,1,ip-172-31-23-167,olap,benchANT
2026-06-04 08:12:00+00:00,system,uptime,71629,dbms,tpc-ds,postgresql-plain-100gb-load,1,ip-172-31-23-167,olap,benchANT
2026-06-04 08:12:10+00:00,system,uptime,71639,dbms,tpc-ds,postgresql-plain-100gb-load,1,ip-172-31-23-167,olap,benchANT
2026-06-04 08:12:20+00:00,system,uptime,71649,dbms,tpc-ds,postgresql-plain-100gb-load,1,ip-172-31-23-167,olap,benchANT
2026-06-04 08:12:30+00:00,system,uptime,71659,dbms,tpc-ds,postgresql-plain-100gb-load,1,ip-172-31-23-167,olap,benchANT
2026-06-04 08:12:40+00:00,system,uptime,71669,dbms,tpc-ds,postgresql-plain-100gb-load,1,ip-172-31-23-167,olap,benchANT
2026-06-04 08:12:50+00:00,system,uptime,71679,dbms,tpc-ds,postgresql-plain-100gb-load,1,ip-172-31-23-167,olap,benchANT
2026-06-04 08:13:00+00:00,system,uptime,71689,dbms,tpc-ds,postgresql-plain-100gb-load,1,ip-172-31-23-167,olap,benchANT
2026-06-04 08:13:10+00:00,system,uptime,71699,dbms,tpc-ds,postgresql-plain-100gb-load,1,ip-172-31-23-167,olap,benchANT
2026-06-04 08:13:20+00:00,system,uptime,71709,dbms,tpc-ds,postgresql-plain-100gb-load,1,ip-172-31-23-167,olap,benchANT
2026-06-04 08:13:30+00:00,system,uptime,71719,dbms,tpc-ds,postgresql-plain-100gb-load,1,ip-172-31-23-167,olap,benchANT
2026-06-04 08:13:40+00:00,system,uptime,71729,dbms,tpc-ds,postgresql-plain-100gb-load,1,ip-172-31-23-167,olap,benchANT
2026-06-04 08:13:50+00:00,system,uptime,71739,dbms,tpc-ds,postgresql-plain-100gb-load,1,ip-172-31-23-167,olap,benchANT
2026-06-04 08:14:00+00:00,system,uptime,71749,dbms,tpc-ds,postgresql-plain-100gb-load,1,ip-172-31-23-167,olap,benchANT
2026-06-04 08:14:10+00:00,system,uptime,71759,dbms,tpc-ds,postgresql-plain-100gb-load,1,ip-172-31-23-167,olap,benchANT
2026-06-04 08:14:20+00:00,system,uptime,71769,dbms,tpc-ds,postgresql-plain-100gb-load,1,ip-172-31-23-167,olap,benchANT
2026-06-04 08:14:30+00:00,system,uptime,71779,dbms,tpc-ds,postgresql-plain-100gb-load,1,ip-172-31-23-167,olap,benchANT
2026-06-04 08:14:40+00:00,system,uptime,71789,dbms,tpc-ds,postgresql-plain-100gb-load,1,ip-172-31-23-167,olap,benchANT
2026-06-04 08:14:50+00:00,system,uptime,71799,dbms,tpc-ds,postgresql-plain-100gb-load,1,ip-172-31-23-167,olap,benchANT
2026-06-04 08:15:00+00:00,system,uptime,71809,dbms,tpc-ds,postgresql-plain-100gb-load,1,ip-172-31-23-167,olap,benchANT
2026-06-04 08:15:10+00:00,system,uptime,71819,dbms,tpc-ds,postgresql-plain-100gb-load,1,ip-172-31-23-167,olap,benchANT
2026-06-04 08:15:20+00:00,system,uptime,71829,dbms,tpc-ds,postgresql-plain-100gb-load,1,ip-172-31-23-167,olap,benchANT
2026-06-04 08:15:30+00:00,system,uptime,71839,dbms,tpc-ds,postgresql-plain-100gb-load,1,ip-172-31-23-167,olap,benchANT
2026-06-04 08:15:40+00:00,system,uptime,71849,dbms,tpc-ds,postgresql-plain-100gb-load,1,ip-172-31-23-167,olap,benchANT
2026-06-04 08:15:50+00:00,system,uptime,71859,dbms,tpc-ds,postgresql-plain-100gb-load,1,ip-172-31-23-167,olap,benchANT
2026-06-04 08:16:00+00:00,system,uptime,71869,dbms,tpc-ds,postgresql-plain-100gb-load,1,ip-172-31-23-167,olap,benchANT
2026-06-04 08:16:10+00:00,system,uptime,71879,dbms,tpc-ds,postgresql-plain-100gb-load,1,ip-172-31-23-167,olap,benchANT
2026-06-04 08:16:20+00:00,system,uptime,71889,dbms,tpc-ds,postgresql-plain-100gb-load,1,ip-172-31-23-167,olap,benchANT
2026-06-04 08:16:30+00:00,system,uptime,71899,dbms,tpc-ds,postgresql-plain-100gb-load,1,ip-172-31-23-167,olap,benchANT
2026-06-04 08:16:40+00:00,system,uptime,71909,dbms,tpc-ds,postgresql-plain-100gb-load,1,ip-172-31-23-167,olap,benchANT
2026-06-04 08:16:50+00:00,system,uptime,71919,dbms,tpc-ds,postgresql-plain-100gb-load,1,ip-172-31-23-167,olap,benchANT
2026-06-04 08:17:00+00:00,system,uptime,71929,dbms,tpc-ds,postgresql-plain-100gb-load,1,ip-172-31-23-167,olap,benchANT
2026-06-04 08:17:10+00:00,system,uptime,71939,dbms,tpc-ds,postgresql-plain-100gb-load,1,ip-172-31-23-167,olap,benchANT
2026-06-04 08:17:20+00:00,system,uptime,71949,dbms,tpc-ds,postgresql-plain-100gb-load,1,ip-172-31-23-167,olap,benchANT
2026-06-04 08:17:30+00:00,system,uptime,71959,dbms,tpc-ds,postgresql-plain-100gb-load,1,ip-172-31-23-167,olap,benchANT
2026-06-04 08:17:40+00:00,system,uptime,71969,dbms,tpc-ds,postgresql-plain-100gb-load,1,ip-172-31-23-167,olap,benchANT
2026-06-04 08:17:50+00:00,system,uptime,71979,dbms,tpc-ds,postgresql-plain-100gb-load,1,ip-172-31-23-167,olap,benchANT
2026-06-04 08:18:00+00:00,system,uptime,71989,dbms,tpc-ds,postgresql-plain-100gb-load,1,ip-172-31-23-167,olap,benchANT
2026-06-04 08:18:10+00:00,system,uptime,71999,dbms,tpc-ds,postgresql-plain-100gb-load,1,ip-172-31-23-167,olap,benchANT
2026-06-04 08:18:20+00:00,system,uptime,72009,dbms,tpc-ds,postgresql-plain-100gb-load,1,ip-172-31-23-167,olap,benchANT
2026-06-04 08:18:30+00:00,system,uptime,72019,dbms,tpc-ds,postgresql-plain-100gb-load,1,ip-172-31-23-167,olap,benchANT
2026-06-04 08:18:40+00:00,system,uptime,72029,dbms,tpc-ds,postgresql-plain-100gb-load,1,ip-172-31-23-167,olap,benchANT
2026-06-04 08:18:50+00:00,system,uptime,72039,dbms,tpc-ds,postgresql-plain-100gb-load,1,ip-172-31-23-167,olap,benchANT
2026-06-04 08:19:00+00:00,system,uptime,72049,dbms,tpc-ds,postgresql-plain-100gb-load,1,ip-172-31-23-167,olap,benchANT
2026-06-04 08:19:10+00:00,system,uptime,72059,dbms,tpc-ds,postgresql-plain-100gb-load,1,ip-172-31-23-167,olap,benchANT
2026-06-04 08:19:20+00:00,system,uptime,72069,dbms,tpc-ds,postgresql-plain-100gb-load,1,ip-172-31-23-167,olap,benchANT
2026-06-04 08:19:30+00:00,system,uptime,72079,dbms,tpc-ds,postgresql-plain-100gb-load,1,ip-172-31-23-167,olap,benchANT
2026-06-04 08:19:40+00:00,system,uptime,72089,dbms,tpc-ds,postgresql-plain-100gb-load,1,ip-172-31-23-167,olap,benchANT
2026-06-04 08:19:50+00:00,system,uptime,72099,dbms,tpc-ds,postgresql-plain-100gb-load,1,ip-172-31-23-167,olap,benchANT
2026-06-04 08:20:00+00:00,system,uptime,72109,dbms,tpc-ds,postgresql-plain-100gb-load,1,ip-172-31-23-167,olap,benchANT
2026-06-04 08:20:10+00:00,system,uptime,72119,dbms,tpc-ds,postgresql-plain-100gb-load,1,ip-172-31-23-167,olap,benchANT
2026-06-04 08:20:20+00:00,system,uptime,72129,dbms,tpc-ds,postgresql-plain-100gb-load,1,ip-172-31-23-167,olap,benchANT
2026-06-04 08:20:30+00:00,system,uptime,72139,dbms,tpc-ds,postgresql-plain-100gb-load,1,ip-172-31-23-167,olap,benchANT
2026-06-04 08:20:40+00:00,system,uptime,72149,dbms,tpc-ds,postgresql-plain-100gb-load,1,ip-172-31-23-167,olap,benchANT
2026-06-04 08:20:50+00:00,system,uptime,72159,dbms,tpc-ds,postgresql-plain-100gb-load,1,ip-172-31-23-167,olap,benchANT
2026-06-04 08:21:00+00:00,system,uptime,72169,dbms,tpc-ds,postgresql-plain-100gb-load,1,ip-172-31-23-167,olap,benchANT
2026-06-04 08:21:10+00:00,system,uptime,72179,dbms,tpc-ds,postgresql-plain-100gb-load,1,ip-172-31-23-167,olap,benchANT
2026-06-04 08:21:20+00:00,system,uptime,72189,dbms,tpc-ds,postgresql-plain-100gb-load,1,ip-172-31-23-167,olap,benchANT
2026-06-04 08:21:30+00:00,system,uptime,72199,dbms,tpc-ds,postgresql-plain-100gb-load,1,ip-172-31-23-167,olap,benchANT
2026-06-04 08:21:40+00:00,system,uptime,72209,dbms,tpc-ds,postgresql-plain-100gb-load,1,ip-172-31-23-167,olap,benchANT
2026-06-04 08:21:50+00:00,system,uptime,72219,dbms,tpc-ds,postgresql-plain-100gb-load,1,ip-172-31-23-167,olap,benchANT
2026-06-04 08:22:00+00:00,system,uptime,72229,dbms,tpc-ds,postgresql-plain-100gb-load,1,ip-172-31-23-167,olap,benchANT
2026-06-04 08:22:10+00:00,system,uptime,72239,dbms,tpc-ds,postgresql-plain-100gb-load,1,ip-172-31-23-167,olap,benchANT
2026-06-04 08:22:20+00:00,system,uptime,72249,dbms,tpc-ds,postgresql-plain-100gb-load,1,ip-172-31-23-167,olap,benchANT
2026-06-04 08:22:30+00:00,system,uptime,72259,dbms,tpc-ds,postgresql-plain-100gb-load,1,ip-172-31-23-167,olap,benchANT
2026-06-04 08:22:40+00:00,system,uptime,72269,dbms,tpc-ds,postgresql-plain-100gb-load,1,ip-172-31-23-167,olap,benchANT
2026-06-04 08:22:50+00:00,system,uptime,72279,dbms,tpc-ds,postgresql-plain-100gb-load,1,ip-172-31-23-167,olap,benchANT
2026-06-04 08:23:00+00:00,system,uptime,72289,dbms,tpc-ds,postgresql-plain-100gb-load,1,ip-172-31-23-167,olap,benchANT
2026-06-04 08:23:10+00:00,system,uptime,72299,dbms,tpc-ds,postgresql-plain-100gb-load,1,ip-172-31-23-167,olap,benchANT
2026-06-04 08:23:20+00:00,system,uptime,72309,dbms,tpc-ds,postgresql-plain-100gb-load,1,ip-172-31-23-167,olap,benchANT
2026-06-04 08:23:30+00:00,system,uptime,72319,dbms,tpc-ds,postgresql-plain-100gb-load,1,ip-172-31-23-167,olap,benchANT
2026-06-04 08:23:40+00:00,system,uptime,72329,dbms,tpc-ds,postgresql-plain-100gb-load,1,ip-172-31-23-167,olap,benchANT
2026-06-04 08:23:50+00:00,system,uptime,72339,dbms,tpc-ds,postgresql-plain-100gb-load,1,ip-172-31-23-167,olap,benchANT
2026-06-04 08:24:00+00:00,system,uptime,72349,dbms,tpc-ds,postgresql-plain-100gb-load,1,ip-172-31-23-167,olap,benchANT
2026-06-04 08:24:10+00:00,system,uptime,72359,dbms,tpc-ds,postgresql-plain-100gb-load,1,ip-172-31-23-167,olap,benchANT
2026-06-04 08:24:20+00:00,system,uptime,72369,dbms,tpc-ds,postgresql-plain-100gb-load,1,ip-172-31-23-167,olap,benchANT
2026-06-04 08:24:30+00:00,system,uptime,72379,dbms,tpc-ds,postgresql-plain-100gb-load,1,ip-172-31-23-167,olap,benchANT
2026-06-04 08:24:40+00:00,system,uptime,72389,dbms,tpc-ds,postgresql-plain-100gb-load,1,ip-172-31-23-167,olap,benchANT
2026-06-04 08:24:50+00:00,system,uptime,72399,dbms,tpc-ds,postgresql-plain-100gb-load,1,ip-172-31-23-167,olap,benchANT
2026-06-04 08:25:00+00:00,system,uptime,72409,dbms,tpc-ds,postgresql-plain-100gb-load,1,ip-172-31-23-167,olap,benchANT
2026-06-04 08:25:10+00:00,system,uptime,72419,dbms,tpc-ds,postgresql-plain-100gb-load,1,ip-172-31-23-167,olap,benchANT
2026-06-04 08:25:20+00:00,system,uptime,72429,dbms,tpc-ds,postgresql-plain-100gb-load,1,ip-172-31-23-167,olap,benchANT
2026-06-04 08:25:30+00:00,system,uptime,72439,dbms,tpc-ds,postgresql-plain-100gb-load,1,ip-172-31-23-167,olap,benchANT
2026-06-04 08:25:40+00:00,system,uptime,72449,dbms,tpc-ds,postgresql-plain-100gb-load,1,ip-172-31-23-167,olap,benchANT
2026-06-04 08:25:50+00:00,system,uptime,72459,dbms,tpc-ds,postgresql-plain-100gb-load,1,ip-172-31-23-167,olap,benchANT
2026-06-04 08:26:00+00:00,system,uptime,72469,dbms,tpc-ds,postgresql-plain-100gb-load,1,ip-172-31-23-167,olap,benchANT
2026-06-04 08:26:10+00:00,system,uptime,72479,dbms,tpc-ds,postgresql-plain-100gb-load,1,ip-172-31-23-167,olap,benchANT
2026-06-04 08:26:20+00:00,system,uptime,72489,dbms,tpc-ds,postgresql-plain-100gb-load,1,ip-172-31-23-167,olap,benchANT
2026-06-04 08:26:30+00:00,system,uptime,72499,dbms,tpc-ds,postgresql-plain-100gb-load,1,ip-172-31-23-167,olap,benchANT
2026-06-04 08:26:40+00:00,system,uptime,72509,dbms,tpc-ds,postgresql-plain-100gb-load,1,ip-172-31-23-167,olap,benchANT
2026-06-04 08:26:50+00:00,system,uptime,72519,dbms,tpc-ds,postgresql-plain-100gb-load,1,ip-172-31-23-167,olap,benchANT
2026-06-04 08:27:00+00:00,system,uptime,72529,dbms,tpc-ds,postgresql-plain-100gb-load,1,ip-172-31-23-167,olap,benchANT
2026-06-04 08:27:10+00:00,system,uptime,72539,dbms,tpc-ds,postgresql-plain-100gb-load,1,ip-172-31-23-167,olap,benchANT
2026-06-04 08:27:20+00:00,system,uptime,72549,dbms,tpc-ds,postgresql-plain-100gb-load,1,ip-172-31-23-167,olap,benchANT
2026-06-04 08:27:30+00:00,system,uptime,72559,dbms,tpc-ds,postgresql-plain-100gb-load,1,ip-172-31-23-167,olap,benchANT
2026-06-04 08:27:40+00:00,system,uptime,72569,dbms,tpc-ds,postgresql-plain-100gb-load,1,ip-172-31-23-167,olap,benchANT
2026-06-04 08:27:50+00:00,system,uptime,72579,dbms,tpc-ds,postgresql-plain-100gb-load,1,ip-172-31-23-167,olap,benchANT
2026-06-04 08:28:00+00:00,system,uptime,72589,dbms,tpc-ds,postgresql-plain-100gb-load,1,ip-172-31-23-167,olap,benchANT
2026-06-04 08:28:10+00:00,system,uptime,72599,dbms,tpc-ds,postgresql-plain-100gb-load,1,ip-172-31-23-167,olap,benchANT
2026-06-04 08:28:20+00:00,system,uptime,72609,dbms,tpc-ds,postgresql-plain-100gb-load,1,ip-172-31-23-167,olap,benchANT
2026-06-04 08:28:30+00:00,system,uptime,72619,dbms,tpc-ds,postgresql-plain-100gb-load,1,ip-172-31-23-167,olap,benchANT
2026-06-04 08:28:40+00:00,system,uptime,72629,dbms,tpc-ds,postgresql-plain-100gb-load,1,ip-172-31-23-167,olap,benchANT
2026-06-04 08:28:50+00:00,system,uptime,72639,dbms,tpc-ds,postgresql-plain-100gb-load,1,ip-172-31-23-167,olap,benchANT
2026-06-04 08:29:00+00:00,system,uptime,72649,dbms,tpc-ds,postgresql-plain-100gb-load,1,ip-172-31-23-167,olap,benchANT
2026-06-04 08:29:10+00:00,system,uptime,72659,dbms,tpc-ds,postgresql-plain-100gb-load,1,ip-172-31-23-167,olap,benchANT
2026-06-04 08:29:20+00:00,system,uptime,72669,dbms,tpc-ds,postgresql-plain-100gb-load,1,ip-172-31-23-167,olap,benchANT
2026-06-04 08:29:30+00:00,system,uptime,72679,dbms,tpc-ds,postgresql-plain-100gb-load,1,ip-172-31-23-167,olap,benchANT
2026-06-04 08:29:40+00:00,system,uptime,72689,dbms,tpc-ds,postgresql-plain-100gb-load,1,ip-172-31-23-167,olap,benchANT
2026-06-04 08:29:50+00:00,system,uptime,72699,dbms,tpc-ds,postgresql-plain-100gb-load,1,ip-172-31-23-167,olap,benchANT
2026-06-04 08:30:00+00:00,system,uptime,72709,dbms,tpc-ds,postgresql-plain-100gb-load,1,ip-172-31-23-167,olap,benchANT
2026-06-04 08:30:10+00:00,system,uptime,72719,dbms,tpc-ds,postgresql-plain-100gb-load,1,ip-172-31-23-167,olap,benchANT
2026-06-04 08:30:20+00:00,system,uptime,72729,dbms,tpc-ds,postgresql-plain-100gb-load,1,ip-172-31-23-167,olap,benchANT
2026-06-04 08:30:30+00:00,system,uptime,72739,dbms,tpc-ds,postgresql-plain-100gb-load,1,ip-172-31-23-167,olap,benchANT
2026-06-04 08:30:40+00:00,system,uptime,72749,dbms,tpc-ds,postgresql-plain-100gb-load,1,ip-172-31-23-167,olap,benchANT
2026-06-04 08:30:50+00:00,system,uptime,72759,dbms,tpc-ds,postgresql-plain-100gb-load,1,ip-172-31-23-167,olap,benchANT
2026-06-04 08:31:00+00:00,system,uptime,72769,dbms,tpc-ds,postgresql-plain-100gb-load,1,ip-172-31-23-167,olap,benchANT
2026-06-04 08:31:10+00:00,system,uptime,72779,dbms,tpc-ds,postgresql-plain-100gb-load,1,ip-172-31-23-167,olap,benchANT
2026-06-04 08:31:20+00:00,system,uptime,72789,dbms,tpc-ds,postgresql-plain-100gb-load,1,ip-172-31-23-167,olap,benchANT
2026-06-04 08:31:30+00:00,system,uptime,72799,dbms,tpc-ds,postgresql-plain-100gb-load,1,ip-172-31-23-167,olap,benchANT
2026-06-04 08:31:40+00:00,system,uptime,72809,dbms,tpc-ds,postgresql-plain-100gb-load,1,ip-172-31-23-167,olap,benchANT
2026-06-04 08:31:50+00:00,system,uptime,72819,dbms,tpc-ds,postgresql-plain-100gb-load,1,ip-172-31-23-167,olap,benchANT
2026-06-04 08:32:00+00:00,system,uptime,72829,dbms,tpc-ds,postgresql-plain-100gb-load,1,ip-172-31-23-167,olap,benchANT
2026-06-04 08:32:10+00:00,system,uptime,72839,dbms,tpc-ds,postgresql-plain-100gb-load,1,ip-172-31-23-167,olap,benchANT
2026-06-04 08:32:20+00:00,system,uptime,72849,dbms,tpc-ds,postgresql-plain-100gb-load,1,ip-172-31-23-167,olap,benchANT
2026-06-04 08:32:30+00:00,system,uptime,72859,dbms,tpc-ds,postgresql-plain-100gb-load,1,ip-172-31-23-167,olap,benchANT
2026-06-04 08:32:40+00:00,system,uptime,72869,dbms,tpc-ds,postgresql-plain-100gb-load,1,ip-172-31-23-167,olap,benchANT
2026-06-04 08:32:50+00:00,system,uptime,72879,dbms,tpc-ds,postgresql-plain-100gb-load,1,ip-172-31-23-167,olap,benchANT
2026-06-04 08:33:00+00:00,system,uptime,72889,dbms,tpc-ds,postgresql-plain-100gb-load,1,ip-172-31-23-167,olap,benchANT
2026-06-04 08:33:10+00:00,system,uptime,72899,dbms,tpc-ds,postgresql-plain-100gb-load,1,ip-172-31-23-167,olap,benchANT
2026-06-04 08:33:20+00:00,system,uptime,72909,dbms,tpc-ds,postgresql-plain-100gb-load,1,ip-172-31-23-167,olap,benchANT
2026-06-04 08:33:30+00:00,system,uptime,72919,dbms,tpc-ds,postgresql-plain-100gb-load,1,ip-172-31-23-167,olap,benchANT
2026-06-04 08:33:40+00:00,system,uptime,72929,dbms,tpc-ds,postgresql-plain-100gb-load,1,ip-172-31-23-167,olap,benchANT
2026-06-04 08:33:50+00:00,system,uptime,72939,dbms,tpc-ds,postgresql-plain-100gb-load,1,ip-172-31-23-167,olap,benchANT
2026-06-04 08:34:00+00:00,system,uptime,72949,dbms,tpc-ds,postgresql-plain-100gb-load,1,ip-172-31-23-167,olap,benchANT
2026-06-04 08:34:10+00:00,system,uptime,72959,dbms,tpc-ds,postgresql-plain-100gb-load,1,ip-172-31-23-167,olap,benchANT
2026-06-04 08:34:20+00:00,system,uptime,72969,dbms,tpc-ds,postgresql-plain-100gb-load,1,ip-172-31-23-167,olap,benchANT
2026-06-04 08:34:30+00:00,system,uptime,72979,dbms,tpc-ds,postgresql-plain-100gb-load,1,ip-172-31-23-167,olap,benchANT
2026-06-04 08:34:40+00:00,system,uptime,72989,dbms,tpc-ds,postgresql-plain-100gb-load,1,ip-172-31-23-167,olap,benchANT
2026-06-04 08:34:50+00:00,system,uptime,72999,dbms,tpc-ds,postgresql-plain-100gb-load,1,ip-172-31-23-167,olap,benchANT
2026-06-04 08:35:00+00:00,system,uptime,73009,dbms,tpc-ds,postgresql-plain-100gb-load,1,ip-172-31-23-167,olap,benchANT
2026-06-04 08:35:10+00:00,system,uptime,73019,dbms,tpc-ds,postgresql-plain-100gb-load,1,ip-172-31-23-167,olap,benchANT
2026-06-04 08:35:20+00:00,system,uptime,73029,dbms,tpc-ds,postgresql-plain-100gb-load,1,ip-172-31-23-167,olap,benchANT
2026-06-04 08:35:30+00:00,system,uptime,73039,dbms,tpc-ds,postgresql-plain-100gb-load,1,ip-172-31-23-167,olap,benchANT
2026-06-04 08:35:40+00:00,system,uptime,73049,dbms,tpc-ds,postgresql-plain-100gb-load,1,ip-172-31-23-167,olap,benchANT
2026-06-04 08:35:50+00:00,system,uptime,73059,dbms,tpc-ds,postgresql-plain-100gb-load,1,ip-172-31-23-167,olap,benchANT
2026-06-04 08:36:00+00:00,system,uptime,73069,dbms,tpc-ds,postgresql-plain-100gb-load,1,ip-172-31-23-167,olap,benchANT
2026-06-04 08:36:10+00:00,system,uptime,73079,dbms,tpc-ds,postgresql-plain-100gb-load,1,ip-172-31-23-167,olap,benchANT
2026-06-04 08:36:20+00:00,system,uptime,73089,dbms,tpc-ds,postgresql-plain-100gb-load,1,ip-172-31-23-167,olap,benchANT
2026-06-04 08:36:30+00:00,system,uptime,73099,dbms,tpc-ds,postgresql-plain-100gb-load,1,ip-172-31-23-167,olap,benchANT
2026-06-04 08:36:40+00:00,system,uptime,73109,dbms,tpc-ds,postgresql-plain-100gb-load,1,ip-172-31-23-167,olap,benchANT
2026-06-04 08:36:50+00:00,system,uptime,73119,dbms,tpc-ds,postgresql-plain-100gb-load,1,ip-172-31-23-167,olap,benchANT
2026-06-04 08:37:00+00:00,system,uptime,73129,dbms,tpc-ds,postgresql-plain-100gb-load,1,ip-172-31-23-167,olap,benchANT
2026-06-04 08:37:10+00:00,system,uptime,73139,dbms,tpc-ds,postgresql-plain-100gb-load,1,ip-172-31-23-167,olap,benchANT
2026-06-04 08:37:20+00:00,system,uptime,73149,dbms,tpc-ds,postgresql-plain-100gb-load,1,ip-172-31-23-167,olap,benchANT
2026-06-04 08:37:30+00:00,system,uptime,73159,dbms,tpc-ds,postgresql-plain-100gb-load,1,ip-172-31-23-167,olap,benchANT
2026-06-04 08:37:40+00:00,system,uptime,73169,dbms,tpc-ds,postgresql-plain-100gb-load,1,ip-172-31-23-167,olap,benchANT
2026-06-04 08:37:50+00:00,system,uptime,73179,dbms,tpc-ds,postgresql-plain-100gb-load,1,ip-172-31-23-167,olap,benchANT
2026-06-04 08:38:00+00:00,system,uptime,73189,dbms,tpc-ds,postgresql-plain-100gb-load,1,ip-172-31-23-167,olap,benchANT
2026-06-04 08:38:10+00:00,system,uptime,73199,dbms,tpc-ds,postgresql-plain-100gb-load,1,ip-172-31-23-167,olap,benchANT
2026-06-04 08:38:20+00:00,system,uptime,73209,dbms,tpc-ds,postgresql-plain-100gb-load,1,ip-172-31-23-167,olap,benchANT
2026-06-04 08:38:30+00:00,system,uptime,73219,dbms,tpc-ds,postgresql-plain-100gb-load,1,ip-172-31-23-167,olap,benchANT
2026-06-04 08:38:40+00:00,system,uptime,73229,dbms,tpc-ds,postgresql-plain-100gb-load,1,ip-172-31-23-167,olap,benchANT
2026-06-04 08:38:50+00:00,system,uptime,73239,dbms,tpc-ds,postgresql-plain-100gb-load,1,ip-172-31-23-167,olap,benchANT
2026-06-04 08:39:00+00:00,system,uptime,73249,dbms,tpc-ds,postgresql-plain-100gb-load,1,ip-172-31-23-167,olap,benchANT
2026-06-04 08:39:10+00:00,system,uptime,73259,dbms,tpc-ds,postgresql-plain-100gb-load,1,ip-172-31-23-167,olap,benchANT
2026-06-04 08:39:20+00:00,system,uptime,73269,dbms,tpc-ds,postgresql-plain-100gb-load,1,ip-172-31-23-167,olap,benchANT
2026-06-04 08:39:30+00:00,system,uptime,73279,dbms,tpc-ds,postgresql-plain-100gb-load,1,ip-172-31-23-167,olap,benchANT
2026-06-04 08:39:40+00:00,system,uptime,73289,dbms,tpc-ds,postgresql-plain-100gb-load,1,ip-172-31-23-167,olap,benchANT
2026-06-04 08:39:50+00:00,system,uptime,73299,dbms,tpc-ds,postgresql-plain-100gb-load,1,ip-172-31-23-167,olap,benchANT
2026-06-04 08:40:00+00:00,system,uptime,73309,dbms,tpc-ds,postgresql-plain-100gb-load,1,ip-172-31-23-167,olap,benchANT
2026-06-04 08:40:10+00:00,system,uptime,73319,dbms,tpc-ds,postgresql-plain-100gb-load,1,ip-172-31-23-167,olap,benchANT
2026-06-04 08:40:20+00:00,system,uptime,73329,dbms,tpc-ds,postgresql-plain-100gb-load,1,ip-172-31-23-167,olap,benchANT
2026-06-04 08:40:30+00:00,system,uptime,73339,dbms,tpc-ds,postgresql-plain-100gb-load,1,ip-172-31-23-167,olap,benchANT
2026-06-04 08:40:40+00:00,system,uptime,73349,dbms,tpc-ds,postgresql-plain-100gb-load,1,ip-172-31-23-167,olap,benchANT
2026-06-04 08:40:50+00:00,system,uptime,73359,dbms,tpc-ds,postgresql-plain-100gb-load,1,ip-172-31-23-167,olap,benchANT
2026-06-04 08:41:00+00:00,system,uptime,73369,dbms,tpc-ds,postgresql-plain-100gb-load,1,ip-172-31-23-167,olap,benchANT
2026-06-04 08:41:10+00:00,system,uptime,73379,dbms,tpc-ds,postgresql-plain-100gb-load,1,ip-172-31-23-167,olap,benchANT
2026-06-04 08:41:20+00:00,system,uptime,73389,dbms,tpc-ds,postgresql-plain-100gb-load,1,ip-172-31-23-167,olap,benchANT
2026-06-04 08:41:30+00:00,system,uptime,73399,dbms,tpc-ds,postgresql-plain-100gb-load,1,ip-172-31-23-167,olap,benchANT
2026-06-04 08:41:40+00:00,system,uptime,73409,dbms,tpc-ds,postgresql-plain-100gb-load,1,ip-172-31-23-167,olap,benchANT
2026-06-04 08:41:50+00:00,system,uptime,73419,dbms,tpc-ds,postgresql-plain-100gb-load,1,ip-172-31-23-167,olap,benchANT
2026-06-04 08:42:00+00:00,system,uptime,73429,dbms,tpc-ds,postgresql-plain-100gb-load,1,ip-172-31-23-167,olap,benchANT
2026-06-04 08:42:10+00:00,system,uptime,73439,dbms,tpc-ds,postgresql-plain-100gb-load,1,ip-172-31-23-167,olap,benchANT
2026-06-04 08:42:20+00:00,system,uptime,73449,dbms,tpc-ds,postgresql-plain-100gb-load,1,ip-172-31-23-167,olap,benchANT
2026-06-04 08:42:30+00:00,system,uptime,73459,dbms,tpc-ds,postgresql-plain-100gb-load,1,ip-172-31-23-167,olap,benchANT
2026-06-04 08:42:40+00:00,system,uptime,73469,dbms,tpc-ds,postgresql-plain-100gb-load,1,ip-172-31-23-167,olap,benchANT
2026-06-04 08:42:50+00:00,system,uptime,73479,dbms,tpc-ds,postgresql-plain-100gb-load,1,ip-172-31-23-167,olap,benchANT
2026-06-04 08:43:00+00:00,system,uptime,73489,dbms,tpc-ds,postgresql-plain-100gb-load,1,ip-172-31-23-167,olap,benchANT
2026-06-04 08:43:10+00:00,system,uptime,73499,dbms,tpc-ds,postgresql-plain-100gb-load,1,ip-172-31-23-167,olap,benchANT
2026-06-04 08:43:20+00:00,system,uptime,73509,dbms,tpc-ds,postgresql-plain-100gb-load,1,ip-172-31-23-167,olap,benchANT
2026-06-04 08:43:30+00:00,system,uptime,73519,dbms,tpc-ds,postgresql-plain-100gb-load,1,ip-172-31-23-167,olap,benchANT
2026-06-04 08:43:40+00:00,system,uptime,73529,dbms,tpc-ds,postgresql-plain-100gb-load,1,ip-172-31-23-167,olap,benchANT
2026-06-04 08:43:50+00:00,system,uptime,73539,dbms,tpc-ds,postgresql-plain-100gb-load,1,ip-172-31-23-167,olap,benchANT
2026-06-04 08:44:00+00:00,system,uptime,73549,dbms,tpc-ds,postgresql-plain-100gb-load,1,ip-172-31-23-167,olap,benchANT
2026-06-04 08:44:10+00:00,system,uptime,73559,dbms,tpc-ds,postgresql-plain-100gb-load,1,ip-172-31-23-167,olap,benchANT
2026-06-04 08:44:20+00:00,system,uptime,73569,dbms,tpc-ds,postgresql-plain-100gb-load,1,ip-172-31-23-167,olap,benchANT
2026-06-04 08:44:30+00:00,system,uptime,73579,dbms,tpc-ds,postgresql-plain-100gb-load,1,ip-172-31-23-167,olap,benchANT
2026-06-04 08:44:40+00:00,system,uptime,73589,dbms,tpc-ds,postgresql-plain-100gb-load,1,ip-172-31-23-167,olap,benchANT
2026-06-04 08:44:50+00:00,system,uptime,73599,dbms,tpc-ds,postgresql-plain-100gb-load,1,ip-172-31-23-167,olap,benchANT
2026-06-04 08:45:00+00:00,system,uptime,73609,dbms,tpc-ds,postgresql-plain-100gb-load,1,ip-172-31-23-167,olap,benchANT
2026-06-04 08:45:10+00:00,system,uptime,73619,dbms,tpc-ds,postgresql-plain-100gb-load,1,ip-172-31-23-167,olap,benchANT
2026-06-04 08:45:20+00:00,system,uptime,73629,dbms,tpc-ds,postgresql-plain-100gb-load,1,ip-172-31-23-167,olap,benchANT
2026-06-04 08:45:30+00:00,system,uptime,73639,dbms,tpc-ds,postgresql-plain-100gb-load,1,ip-172-31-23-167,olap,benchANT
2026-06-04 08:45:40+00:00,system,uptime,73649,dbms,tpc-ds,postgresql-plain-100gb-load,1,ip-172-31-23-167,olap,benchANT
2026-06-04 08:45:50+00:00,system,uptime,73659,dbms,tpc-ds,postgresql-plain-100gb-load,1,ip-172-31-23-167,olap,benchANT
2026-06-04 08:46:00+00:00,system,uptime,73669,dbms,tpc-ds,postgresql-plain-100gb-load,1,ip-172-31-23-167,olap,benchANT
2026-06-04 08:46:10+00:00,system,uptime,73679,dbms,tpc-ds,postgresql-plain-100gb-load,1,ip-172-31-23-167,olap,benchANT
2026-06-04 08:46:20+00:00,system,uptime,73689,dbms,tpc-ds,postgresql-plain-100gb-load,1,ip-172-31-23-167,olap,benchANT
2026-06-04 08:46:30+00:00,system,uptime,73699,dbms,tpc-ds,postgresql-plain-100gb-load,1,ip-172-31-23-167,olap,benchANT
2026-06-04 08:46:40+00:00,system,uptime,73709,dbms,tpc-ds,postgresql-plain-100gb-load,1,ip-172-31-23-167,olap,benchANT
2026-06-04 08:46:50+00:00,system,uptime,73719,dbms,tpc-ds,postgresql-plain-100gb-load,1,ip-172-31-23-167,olap,benchANT
2026-06-04 08:47:00+00:00,system,uptime,73729,dbms,tpc-ds,postgresql-plain-100gb-load,1,ip-172-31-23-167,olap,benchANT
2026-06-04 08:47:10+00:00,system,uptime,73739,dbms,tpc-ds,postgresql-plain-100gb-load,1,ip-172-31-23-167,olap,benchANT
2026-06-04 08:47:20+00:00,system,uptime,73749,dbms,tpc-ds,postgresql-plain-100gb-load,1,ip-172-31-23-167,olap,benchANT
2026-06-04 08:47:30+00:00,system,uptime,73759,dbms,tpc-ds,postgresql-plain-100gb-load,1,ip-172-31-23-167,olap,benchANT
2026-06-04 08:47:40+00:00,system,uptime,73769,dbms,tpc-ds,postgresql-plain-100gb-load,1,ip-172-31-23-167,olap,benchANT
2026-06-04 08:47:50+00:00,system,uptime,73779,dbms,tpc-ds,postgresql-plain-100gb-load,1,ip-172-31-23-167,olap,benchANT
2026-06-04 08:48:00+00:00,system,uptime,73789,dbms,tpc-ds,postgresql-plain-100gb-load,1,ip-172-31-23-167,olap,benchANT
2026-06-04 08:48:10+00:00,system,uptime,73799,dbms,tpc-ds,postgresql-plain-100gb-load,1,ip-172-31-23-167,olap,benchANT
2026-06-04 08:48:20+00:00,system,uptime,73809,dbms,tpc-ds,postgresql-plain-100gb-load,1,ip-172-31-23-167,olap,benchANT
2026-06-04 08:48:30+00:00,system,uptime,73819,dbms,tpc-ds,postgresql-plain-100gb-load,1,ip-172-31-23-167,olap,benchANT
2026-06-04 08:48:40+00:00,system,uptime,73829,dbms,tpc-ds,postgresql-plain-100gb-load,1,ip-172-31-23-167,olap,benchANT
2026-06-04 08:48:50+00:00,system,uptime,73839,dbms,tpc-ds,postgresql-plain-100gb-load,1,ip-172-31-23-167,olap,benchANT
2026-06-04 08:49:00+00:00,system,uptime,73849,dbms,tpc-ds,postgresql-plain-100gb-load,1,ip-172-31-23-167,olap,benchANT
2026-06-04 08:49:10+00:00,system,uptime,73859,dbms,tpc-ds,postgresql-plain-100gb-load,1,ip-172-31-23-167,olap,benchANT
2026-06-04 08:49:20+00:00,system,uptime,73869,dbms,tpc-ds,postgresql-plain-100gb-load,1,ip-172-31-23-167,olap,benchANT
2026-06-04 08:49:30+00:00,system,uptime,73879,dbms,tpc-ds,postgresql-plain-100gb-load,1,ip-172-31-23-167,olap,benchANT
2026-06-04 08:49:40+00:00,system,uptime,73889,dbms,tpc-ds,postgresql-plain-100gb-load,1,ip-172-31-23-167,olap,benchANT
2026-06-04 08:49:50+00:00,system,uptime,73899,dbms,tpc-ds,postgresql-plain-100gb-load,1,ip-172-31-23-167,olap,benchANT
2026-06-04 08:50:00+00:00,system,uptime,73909,dbms,tpc-ds,postgresql-plain-100gb-load,1,ip-172-31-23-167,olap,benchANT
2026-06-04 08:50:10+00:00,system,uptime,73919,dbms,tpc-ds,postgresql-plain-100gb-load,1,ip-172-31-23-167,olap,benchANT
2026-06-04 08:50:20+00:00,system,uptime,73929,dbms,tpc-ds,postgresql-plain-100gb-load,1,ip-172-31-23-167,olap,benchANT
2026-06-04 08:50:30+00:00,system,uptime,73939,dbms,tpc-ds,postgresql-plain-100gb-load,1,ip-172-31-23-167,olap,benchANT
2026-06-04 08:50:40+00:00,system,uptime,73949,dbms,tpc-ds,postgresql-plain-100gb-load,1,ip-172-31-23-167,olap,benchANT
2026-06-04 08:50:50+00:00,system,uptime,73959,dbms,tpc-ds,postgresql-plain-100gb-load,1,ip-172-31-23-167,olap,benchANT
2026-06-04 07:50:00+00:00,system,uptime_format,19:31,dbms,tpc-ds,postgresql-plain-100gb-load,1,ip-172-31-23-167,olap,benchANT
2026-06-04 07:50:10+00:00,system,uptime_format,19:31,dbms,tpc-ds,postgresql-plain-100gb-load,1,ip-172-31-23-167,olap,benchANT
2026-06-04 07:50:20+00:00,system,uptime_format,19:32,dbms,tpc-ds,postgresql-plain-100gb-load,1,ip-172-31-23-167,olap,benchANT
2026-06-04 07:50:30+00:00,system,uptime_format,19:32,dbms,tpc-ds,postgresql-plain-100gb-load,1,ip-172-31-23-167,olap,benchANT
2026-06-04 07:50:40+00:00,system,uptime_format,19:32,dbms,tpc-ds,postgresql-plain-100gb-load,1,ip-172-31-23-167,olap,benchANT
2026-06-04 07:50:50+00:00,system,uptime_format,19:32,dbms,tpc-ds,postgresql-plain-100gb-load,1,ip-172-31-23-167,olap,benchANT
2026-06-04 07:51:00+00:00,system,uptime_format,19:32,dbms,tpc-ds,postgresql-plain-100gb-load,1,ip-172-31-23-167,olap,benchANT
2026-06-04 07:51:10+00:00,system,uptime_format,19:32,dbms,tpc-ds,postgresql-plain-100gb-load,1,ip-172-31-23-167,olap,benchANT
2026-06-04 07:51:20+00:00,system,uptime_format,19:33,dbms,tpc-ds,postgresql-plain-100gb-load,1,ip-172-31-23-167,olap,benchANT
2026-06-04 07:51:30+00:00,system,uptime_format,19:33,dbms,tpc-ds,postgresql-plain-100gb-load,1,ip-172-31-23-167,olap,benchANT
2026-06-04 07:51:40+00:00,system,uptime_format,19:33,dbms,tpc-ds,postgresql-plain-100gb-load,1,ip-172-31-23-167,olap,benchANT
2026-06-04 07:51:50+00:00,system,uptime_format,19:33,dbms,tpc-ds,postgresql-plain-100gb-load,1,ip-172-31-23-167,olap,benchANT
2026-06-04 07:52:00+00:00,system,uptime_format,19:33,dbms,tpc-ds,postgresql-plain-100gb-load,1,ip-172-31-23-167,olap,benchANT
2026-06-04 07:52:10+00:00,system,uptime_format,19:33,dbms,tpc-ds,postgresql-plain-100gb-load,1,ip-172-31-23-167,olap,benchANT
2026-06-04 07:52:20+00:00,system,uptime_format,19:34,dbms,tpc-ds,postgresql-plain-100gb-load,1,ip-172-31-23-167,olap,benchANT
2026-06-04 07:52:30+00:00,system,uptime_format,19:34,dbms,tpc-ds,postgresql-plain-100gb-load,1,ip-172-31-23-167,olap,benchANT
2026-06-04 07:52:40+00:00,system,uptime_format,19:34,dbms,tpc-ds,postgresql-plain-100gb-load,1,ip-172-31-23-167,olap,benchANT
2026-06-04 07:52:50+00:00,system,uptime_format,19:34,dbms,tpc-ds,postgresql-plain-100gb-load,1,ip-172-31-23-167,olap,benchANT
2026-06-04 07:53:00+00:00,system,uptime_format,19:34,dbms,tpc-ds,postgresql-plain-100gb-load,1,ip-172-31-23-167,olap,benchANT
2026-06-04 07:53:10+00:00,system,uptime_format,19:34,dbms,tpc-ds,postgresql-plain-100gb-load,1,ip-172-31-23-167,olap,benchANT
2026-06-04 07:53:20+00:00,system,uptime_format,19:35,dbms,tpc-ds,postgresql-plain-100gb-load,1,ip-172-31-23-167,olap,benchANT
2026-06-04 07:53:30+00:00,system,uptime_format,19:35,dbms,tpc-ds,postgresql-plain-100gb-load,1,ip-172-31-23-167,olap,benchANT
2026-06-04 07:53:40+00:00,system,uptime_format,19:35,dbms,tpc-ds,postgresql-plain-100gb-load,1,ip-172-31-23-167,olap,benchANT
2026-06-04 07:53:50+00:00,system,uptime_format,19:35,dbms,tpc-ds,postgresql-plain-100gb-load,1,ip-172-31-23-167,olap,benchANT
2026-06-04 07:54:00+00:00,system,uptime_format,19:35,dbms,tpc-ds,postgresql-plain-100gb-load,1,ip-172-31-23-167,olap,benchANT
2026-06-04 07:54:10+00:00,system,uptime_format,19:35,dbms,tpc-ds,postgresql-plain-100gb-load,1,ip-172-31-23-167,olap,benchANT
2026-06-04 07:54:20+00:00,system,uptime_format,19:36,dbms,tpc-ds,postgresql-plain-100gb-load,1,ip-172-31-23-167,olap,benchANT
2026-06-04 07:54:30+00:00,system,uptime_format,19:36,dbms,tpc-ds,postgresql-plain-100gb-load,1,ip-172-31-23-167,olap,benchANT
2026-06-04 07:54:40+00:00,system,uptime_format,19:36,dbms,tpc-ds,postgresql-plain-100gb-load,1,ip-172-31-23-167,olap,benchANT
2026-06-04 07:54:50+00:00,system,uptime_format,19:36,dbms,tpc-ds,postgresql-plain-100gb-load,1,ip-172-31-23-167,olap,benchANT
2026-06-04 07:55:00+00:00,system,uptime_format,19:36,dbms,tpc-ds,postgresql-plain-100gb-load,1,ip-172-31-23-167,olap,benchANT
2026-06-04 07:55:10+00:00,system,uptime_format,19:36,dbms,tpc-ds,postgresql-plain-100gb-load,1,ip-172-31-23-167,olap,benchANT
2026-06-04 07:55:20+00:00,system,uptime_format,19:37,dbms,tpc-ds,postgresql-plain-100gb-load,1,ip-172-31-23-167,olap,benchANT
2026-06-04 07:55:30+00:00,system,uptime_format,19:37,dbms,tpc-ds,postgresql-plain-100gb-load,1,ip-172-31-23-167,olap,benchANT
2026-06-04 07:55:40+00:00,system,uptime_format,19:37,dbms,tpc-ds,postgresql-plain-100gb-load,1,ip-172-31-23-167,olap,benchANT
2026-06-04 07:55:50+00:00,system,uptime_format,19:37,dbms,tpc-ds,postgresql-plain-100gb-load,1,ip-172-31-23-167,olap,benchANT
2026-06-04 07:56:00+00:00,system,uptime_format,19:37,dbms,tpc-ds,postgresql-plain-100gb-load,1,ip-172-31-23-167,olap,benchANT
2026-06-04 07:56:10+00:00,system,uptime_format,19:37,dbms,tpc-ds,postgresql-plain-100gb-load,1,ip-172-31-23-167,olap,benchANT
2026-06-04 07:56:20+00:00,system,uptime_format,19:38,dbms,tpc-ds,postgresql-plain-100gb-load,1,ip-172-31-23-167,olap,benchANT
2026-06-04 07:56:30+00:00,system,uptime_format,19:38,dbms,tpc-ds,postgresql-plain-100gb-load,1,ip-172-31-23-167,olap,benchANT
2026-06-04 07:56:40+00:00,system,uptime_format,19:38,dbms,tpc-ds,postgresql-plain-100gb-load,1,ip-172-31-23-167,olap,benchANT
2026-06-04 07:56:50+00:00,system,uptime_format,19:38,dbms,tpc-ds,postgresql-plain-100gb-load,1,ip-172-31-23-167,olap,benchANT
2026-06-04 07:57:00+00:00,system,uptime_format,19:38,dbms,tpc-ds,postgresql-plain-100gb-load,1,ip-172-31-23-167,olap,benchANT
2026-06-04 07:57:10+00:00,system,uptime_format,19:38,dbms,tpc-ds,postgresql-plain-100gb-load,1,ip-172-31-23-167,olap,benchANT
2026-06-04 07:57:20+00:00,system,uptime_format,19:39,dbms,tpc-ds,postgresql-plain-100gb-load,1,ip-172-31-23-167,olap,benchANT
2026-06-04 07:57:30+00:00,system,uptime_format,19:39,dbms,tpc-ds,postgresql-plain-100gb-load,1,ip-172-31-23-167,olap,benchANT
2026-06-04 07:57:40+00:00,system,uptime_format,19:39,dbms,tpc-ds,postgresql-plain-100gb-load,1,ip-172-31-23-167,olap,benchANT
2026-06-04 07:57:50+00:00,system,uptime_format,19:39,dbms,tpc-ds,postgresql-plain-100gb-load,1,ip-172-31-23-167,olap,benchANT
2026-06-04 07:58:00+00:00,system,uptime_format,19:39,dbms,tpc-ds,postgresql-plain-100gb-load,1,ip-172-31-23-167,olap,benchANT
2026-06-04 07:58:10+00:00,system,uptime_format,19:39,dbms,tpc-ds,postgresql-plain-100gb-load,1,ip-172-31-23-167,olap,benchANT
2026-06-04 07:58:20+00:00,system,uptime_format,19:40,dbms,tpc-ds,postgresql-plain-100gb-load,1,ip-172-31-23-167,olap,benchANT
2026-06-04 07:58:30+00:00,system,uptime_format,19:40,dbms,tpc-ds,postgresql-plain-100gb-load,1,ip-172-31-23-167,olap,benchANT
2026-06-04 07:58:40+00:00,system,uptime_format,19:40,dbms,tpc-ds,postgresql-plain-100gb-load,1,ip-172-31-23-167,olap,benchANT
2026-06-04 07:58:50+00:00,system,uptime_format,19:40,dbms,tpc-ds,postgresql-plain-100gb-load,1,ip-172-31-23-167,olap,benchANT
2026-06-04 07:59:00+00:00,system,uptime_format,19:40,dbms,tpc-ds,postgresql-plain-100gb-load,1,ip-172-31-23-167,olap,benchANT
2026-06-04 07:59:10+00:00,system,uptime_format,19:40,dbms,tpc-ds,postgresql-plain-100gb-load,1,ip-172-31-23-167,olap,benchANT
2026-06-04 07:59:20+00:00,system,uptime_format,19:41,dbms,tpc-ds,postgresql-plain-100gb-load,1,ip-172-31-23-167,olap,benchANT
2026-06-04 07:59:30+00:00,system,uptime_format,19:41,dbms,tpc-ds,postgresql-plain-100gb-load,1,ip-172-31-23-167,olap,benchANT
2026-06-04 07:59:40+00:00,system,uptime_format,19:41,dbms,tpc-ds,postgresql-plain-100gb-load,1,ip-172-31-23-167,olap,benchANT
2026-06-04 07:59:50+00:00,system,uptime_format,19:41,dbms,tpc-ds,postgresql-plain-100gb-load,1,ip-172-31-23-167,olap,benchANT
2026-06-04 08:00:00+00:00,system,uptime_format,19:41,dbms,tpc-ds,postgresql-plain-100gb-load,1,ip-172-31-23-167,olap,benchANT
2026-06-04 08:00:10+00:00,system,uptime_format,19:41,dbms,tpc-ds,postgresql-plain-100gb-load,1,ip-172-31-23-167,olap,benchANT
2026-06-04 08:00:20+00:00,system,uptime_format,19:42,dbms,tpc-ds,postgresql-plain-100gb-load,1,ip-172-31-23-167,olap,benchANT
2026-06-04 08:00:30+00:00,system,uptime_format,19:42,dbms,tpc-ds,postgresql-plain-100gb-load,1,ip-172-31-23-167,olap,benchANT
2026-06-04 08:00:40+00:00,system,uptime_format,19:42,dbms,tpc-ds,postgresql-plain-100gb-load,1,ip-172-31-23-167,olap,benchANT
2026-06-04 08:00:50+00:00,system,uptime_format,19:42,dbms,tpc-ds,postgresql-plain-100gb-load,1,ip-172-31-23-167,olap,benchANT
2026-06-04 08:01:00+00:00,system,uptime_format,19:42,dbms,tpc-ds,postgresql-plain-100gb-load,1,ip-172-31-23-167,olap,benchANT
2026-06-04 08:01:10+00:00,system,uptime_format,19:42,dbms,tpc-ds,postgresql-plain-100gb-load,1,ip-172-31-23-167,olap,benchANT
2026-06-04 08:01:20+00:00,system,uptime_format,19:43,dbms,tpc-ds,postgresql-plain-100gb-load,1,ip-172-31-23-167,olap,benchANT
2026-06-04 08:01:30+00:00,system,uptime_format,19:43,dbms,tpc-ds,postgresql-plain-100gb-load,1,ip-172-31-23-167,olap,benchANT
2026-06-04 08:01:40+00:00,system,uptime_format,19:43,dbms,tpc-ds,postgresql-plain-100gb-load,1,ip-172-31-23-167,olap,benchANT
2026-06-04 08:01:50+00:00,system,uptime_format,19:43,dbms,tpc-ds,postgresql-plain-100gb-load,1,ip-172-31-23-167,olap,benchANT
2026-06-04 08:02:00+00:00,system,uptime_format,19:43,dbms,tpc-ds,postgresql-plain-100gb-load,1,ip-172-31-23-167,olap,benchANT
2026-06-04 08:02:10+00:00,system,uptime_format,19:43,dbms,tpc-ds,postgresql-plain-100gb-load,1,ip-172-31-23-167,olap,benchANT
2026-06-04 08:02:20+00:00,system,uptime_format,19:44,dbms,tpc-ds,postgresql-plain-100gb-load,1,ip-172-31-23-167,olap,benchANT
2026-06-04 08:02:30+00:00,system,uptime_format,19:44,dbms,tpc-ds,postgresql-plain-100gb-load,1,ip-172-31-23-167,olap,benchANT
2026-06-04 08:02:40+00:00,system,uptime_format,19:44,dbms,tpc-ds,postgresql-plain-100gb-load,1,ip-172-31-23-167,olap,benchANT
2026-06-04 08:02:50+00:00,system,uptime_format,19:44,dbms,tpc-ds,postgresql-plain-100gb-load,1,ip-172-31-23-167,olap,benchANT
2026-06-04 08:03:00+00:00,system,uptime_format,19:44,dbms,tpc-ds,postgresql-plain-100gb-load,1,ip-172-31-23-167,olap,benchANT
2026-06-04 08:03:10+00:00,system,uptime_format,19:44,dbms,tpc-ds,postgresql-plain-100gb-load,1,ip-172-31-23-167,olap,benchANT
2026-06-04 08:03:20+00:00,system,uptime_format,19:45,dbms,tpc-ds,postgresql-plain-100gb-load,1,ip-172-31-23-167,olap,benchANT
2026-06-04 08:03:30+00:00,system,uptime_format,19:45,dbms,tpc-ds,postgresql-plain-100gb-load,1,ip-172-31-23-167,olap,benchANT
2026-06-04 08:03:40+00:00,system,uptime_format,19:45,dbms,tpc-ds,postgresql-plain-100gb-load,1,ip-172-31-23-167,olap,benchANT
2026-06-04 08:03:50+00:00,system,uptime_format,19:45,dbms,tpc-ds,postgresql-plain-100gb-load,1,ip-172-31-23-167,olap,benchANT
2026-06-04 08:04:00+00:00,system,uptime_format,19:45,dbms,tpc-ds,postgresql-plain-100gb-load,1,ip-172-31-23-167,olap,benchANT
2026-06-04 08:04:10+00:00,system,uptime_format,19:45,dbms,tpc-ds,postgresql-plain-100gb-load,1,ip-172-31-23-167,olap,benchANT
2026-06-04 08:04:20+00:00,system,uptime_format,19:46,dbms,tpc-ds,postgresql-plain-100gb-load,1,ip-172-31-23-167,olap,benchANT
2026-06-04 08:04:30+00:00,system,uptime_format,19:46,dbms,tpc-ds,postgresql-plain-100gb-load,1,ip-172-31-23-167,olap,benchANT
2026-06-04 08:04:40+00:00,system,uptime_format,19:46,dbms,tpc-ds,postgresql-plain-100gb-load,1,ip-172-31-23-167,olap,benchANT
2026-06-04 08:04:50+00:00,system,uptime_format,19:46,dbms,tpc-ds,postgresql-plain-100gb-load,1,ip-172-31-23-167,olap,benchANT
2026-06-04 08:05:00+00:00,system,uptime_format,19:46,dbms,tpc-ds,postgresql-plain-100gb-load,1,ip-172-31-23-167,olap,benchANT
2026-06-04 08:05:10+00:00,system,uptime_format,19:46,dbms,tpc-ds,postgresql-plain-100gb-load,1,ip-172-31-23-167,olap,benchANT
2026-06-04 08:05:20+00:00,system,uptime_format,19:47,dbms,tpc-ds,postgresql-plain-100gb-load,1,ip-172-31-23-167,olap,benchANT
2026-06-04 08:05:30+00:00,system,uptime_format,19:47,dbms,tpc-ds,postgresql-plain-100gb-load,1,ip-172-31-23-167,olap,benchANT
2026-06-04 08:05:40+00:00,system,uptime_format,19:47,dbms,tpc-ds,postgresql-plain-100gb-load,1,ip-172-31-23-167,olap,benchANT
2026-06-04 08:05:50+00:00,system,uptime_format,19:47,dbms,tpc-ds,postgresql-plain-100gb-load,1,ip-172-31-23-167,olap,benchANT
2026-06-04 08:06:00+00:00,system,uptime_format,19:47,dbms,tpc-ds,postgresql-plain-100gb-load,1,ip-172-31-23-167,olap,benchANT
2026-06-04 08:06:10+00:00,system,uptime_format,19:47,dbms,tpc-ds,postgresql-plain-100gb-load,1,ip-172-31-23-167,olap,benchANT
2026-06-04 08:06:20+00:00,system,uptime_format,19:48,dbms,tpc-ds,postgresql-plain-100gb-load,1,ip-172-31-23-167,olap,benchANT
2026-06-04 08:06:30+00:00,system,uptime_format,19:48,dbms,tpc-ds,postgresql-plain-100gb-load,1,ip-172-31-23-167,olap,benchANT
2026-06-04 08:06:40+00:00,system,uptime_format,19:48,dbms,tpc-ds,postgresql-plain-100gb-load,1,ip-172-31-23-167,olap,benchANT
2026-06-04 08:06:50+00:00,system,uptime_format,19:48,dbms,tpc-ds,postgresql-plain-100gb-load,1,ip-172-31-23-167,olap,benchANT
2026-06-04 08:07:00+00:00,system,uptime_format,19:48,dbms,tpc-ds,postgresql-plain-100gb-load,1,ip-172-31-23-167,olap,benchANT
2026-06-04 08:07:10+00:00,system,uptime_format,19:48,dbms,tpc-ds,postgresql-plain-100gb-load,1,ip-172-31-23-167,olap,benchANT
2026-06-04 08:07:20+00:00,system,uptime_format,19:49,dbms,tpc-ds,postgresql-plain-100gb-load,1,ip-172-31-23-167,olap,benchANT
2026-06-04 08:07:30+00:00,system,uptime_format,19:49,dbms,tpc-ds,postgresql-plain-100gb-load,1,ip-172-31-23-167,olap,benchANT
2026-06-04 08:07:40+00:00,system,uptime_format,19:49,dbms,tpc-ds,postgresql-plain-100gb-load,1,ip-172-31-23-167,olap,benchANT
2026-06-04 08:07:50+00:00,system,uptime_format,19:49,dbms,tpc-ds,postgresql-plain-100gb-load,1,ip-172-31-23-167,olap,benchANT
2026-06-04 08:08:00+00:00,system,uptime_format,19:49,dbms,tpc-ds,postgresql-plain-100gb-load,1,ip-172-31-23-167,olap,benchANT
2026-06-04 08:08:10+00:00,system,uptime_format,19:49,dbms,tpc-ds,postgresql-plain-100gb-load,1,ip-172-31-23-167,olap,benchANT
2026-06-04 08:08:20+00:00,system,uptime_format,19:50,dbms,tpc-ds,postgresql-plain-100gb-load,1,ip-172-31-23-167,olap,benchANT
2026-06-04 08:08:30+00:00,system,uptime_format,19:50,dbms,tpc-ds,postgresql-plain-100gb-load,1,ip-172-31-23-167,olap,benchANT
2026-06-04 08:08:40+00:00,system,uptime_format,19:50,dbms,tpc-ds,postgresql-plain-100gb-load,1,ip-172-31-23-167,olap,benchANT
2026-06-04 08:08:50+00:00,system,uptime_format,19:50,dbms,tpc-ds,postgresql-plain-100gb-load,1,ip-172-31-23-167,olap,benchANT
2026-06-04 08:09:00+00:00,system,uptime_format,19:50,dbms,tpc-ds,postgresql-plain-100gb-load,1,ip-172-31-23-167,olap,benchANT
2026-06-04 08:09:10+00:00,system,uptime_format,19:50,dbms,tpc-ds,postgresql-plain-100gb-load,1,ip-172-31-23-167,olap,benchANT
2026-06-04 08:09:20+00:00,system,uptime_format,19:51,dbms,tpc-ds,postgresql-plain-100gb-load,1,ip-172-31-23-167,olap,benchANT
2026-06-04 08:09:30+00:00,system,uptime_format,19:51,dbms,tpc-ds,postgresql-plain-100gb-load,1,ip-172-31-23-167,olap,benchANT
2026-06-04 08:09:40+00:00,system,uptime_format,19:51,dbms,tpc-ds,postgresql-plain-100gb-load,1,ip-172-31-23-167,olap,benchANT
2026-06-04 08:09:50+00:00,system,uptime_format,19:51,dbms,tpc-ds,postgresql-plain-100gb-load,1,ip-172-31-23-167,olap,benchANT
2026-06-04 08:10:00+00:00,system,uptime_format,19:51,dbms,tpc-ds,postgresql-plain-100gb-load,1,ip-172-31-23-167,olap,benchANT
2026-06-04 08:10:10+00:00,system,uptime_format,19:51,dbms,tpc-ds,postgresql-plain-100gb-load,1,ip-172-31-23-167,olap,benchANT
2026-06-04 08:10:20+00:00,system,uptime_format,19:52,dbms,tpc-ds,postgresql-plain-100gb-load,1,ip-172-31-23-167,olap,benchANT
2026-06-04 08:10:30+00:00,system,uptime_format,19:52,dbms,tpc-ds,postgresql-plain-100gb-load,1,ip-172-31-23-167,olap,benchANT
2026-06-04 08:10:40+00:00,system,uptime_format,19:52,dbms,tpc-ds,postgresql-plain-100gb-load,1,ip-172-31-23-167,olap,benchANT
2026-06-04 08:10:50+00:00,system,uptime_format,19:52,dbms,tpc-ds,postgresql-plain-100gb-load,1,ip-172-31-23-167,olap,benchANT
2026-06-04 08:11:00+00:00,system,uptime_format,19:52,dbms,tpc-ds,postgresql-plain-100gb-load,1,ip-172-31-23-167,olap,benchANT
2026-06-04 08:11:10+00:00,system,uptime_format,19:52,dbms,tpc-ds,postgresql-plain-100gb-load,1,ip-172-31-23-167,olap,benchANT
2026-06-04 08:11:20+00:00,system,uptime_format,19:53,dbms,tpc-ds,postgresql-plain-100gb-load,1,ip-172-31-23-167,olap,benchANT
2026-06-04 08:11:30+00:00,system,uptime_format,19:53,dbms,tpc-ds,postgresql-plain-100gb-load,1,ip-172-31-23-167,olap,benchANT
2026-06-04 08:11:40+00:00,system,uptime_format,19:53,dbms,tpc-ds,postgresql-plain-100gb-load,1,ip-172-31-23-167,olap,benchANT
2026-06-04 08:11:50+00:00,system,uptime_format,19:53,dbms,tpc-ds,postgresql-plain-100gb-load,1,ip-172-31-23-167,olap,benchANT
2026-06-04 08:12:00+00:00,system,uptime_format,19:53,dbms,tpc-ds,postgresql-plain-100gb-load,1,ip-172-31-23-167,olap,benchANT
2026-06-04 08:12:10+00:00,system,uptime_format,19:53,dbms,tpc-ds,postgresql-plain-100gb-load,1,ip-172-31-23-167,olap,benchANT
2026-06-04 08:12:20+00:00,system,uptime_format,19:54,dbms,tpc-ds,postgresql-plain-100gb-load,1,ip-172-31-23-167,olap,benchANT
2026-06-04 08:12:30+00:00,system,uptime_format,19:54,dbms,tpc-ds,postgresql-plain-100gb-load,1,ip-172-31-23-167,olap,benchANT
2026-06-04 08:12:40+00:00,system,uptime_format,19:54,dbms,tpc-ds,postgresql-plain-100gb-load,1,ip-172-31-23-167,olap,benchANT
2026-06-04 08:12:50+00:00,system,uptime_format,19:54,dbms,tpc-ds,postgresql-plain-100gb-load,1,ip-172-31-23-167,olap,benchANT
2026-06-04 08:13:00+00:00,system,uptime_format,19:54,dbms,tpc-ds,postgresql-plain-100gb-load,1,ip-172-31-23-167,olap,benchANT
2026-06-04 08:13:10+00:00,system,uptime_format,19:54,dbms,tpc-ds,postgresql-plain-100gb-load,1,ip-172-31-23-167,olap,benchANT
2026-06-04 08:13:20+00:00,system,uptime_format,19:55,dbms,tpc-ds,postgresql-plain-100gb-load,1,ip-172-31-23-167,olap,benchANT
2026-06-04 08:13:30+00:00,system,uptime_format,19:55,dbms,tpc-ds,postgresql-plain-100gb-load,1,ip-172-31-23-167,olap,benchANT
2026-06-04 08:13:40+00:00,system,uptime_format,19:55,dbms,tpc-ds,postgresql-plain-100gb-load,1,ip-172-31-23-167,olap,benchANT
2026-06-04 08:13:50+00:00,system,uptime_format,19:55,dbms,tpc-ds,postgresql-plain-100gb-load,1,ip-172-31-23-167,olap,benchANT
2026-06-04 08:14:00+00:00,system,uptime_format,19:55,dbms,tpc-ds,postgresql-plain-100gb-load,1,ip-172-31-23-167,olap,benchANT
2026-06-04 08:14:10+00:00,system,uptime_format,19:55,dbms,tpc-ds,postgresql-plain-100gb-load,1,ip-172-31-23-167,olap,benchANT
2026-06-04 08:14:20+00:00,system,uptime_format,19:56,dbms,tpc-ds,postgresql-plain-100gb-load,1,ip-172-31-23-167,olap,benchANT
2026-06-04 08:14:30+00:00,system,uptime_format,19:56,dbms,tpc-ds,postgresql-plain-100gb-load,1,ip-172-31-23-167,olap,benchANT
2026-06-04 08:14:40+00:00,system,uptime_format,19:56,dbms,tpc-ds,postgresql-plain-100gb-load,1,ip-172-31-23-167,olap,benchANT
2026-06-04 08:14:50+00:00,system,uptime_format,19:56,dbms,tpc-ds,postgresql-plain-100gb-load,1,ip-172-31-23-167,olap,benchANT
2026-06-04 08:15:00+00:00,system,uptime_format,19:56,dbms,tpc-ds,postgresql-plain-100gb-load,1,ip-172-31-23-167,olap,benchANT
2026-06-04 08:15:10+00:00,system,uptime_format,19:56,dbms,tpc-ds,postgresql-plain-100gb-load,1,ip-172-31-23-167,olap,benchANT
2026-06-04 08:15:20+00:00,system,uptime_format,19:57,dbms,tpc-ds,postgresql-plain-100gb-load,1,ip-172-31-23-167,olap,benchANT
2026-06-04 08:15:30+00:00,system,uptime_format,19:57,dbms,tpc-ds,postgresql-plain-100gb-load,1,ip-172-31-23-167,olap,benchANT
2026-06-04 08:15:40+00:00,system,uptime_format,19:57,dbms,tpc-ds,postgresql-plain-100gb-load,1,ip-172-31-23-167,olap,benchANT
2026-06-04 08:15:50+00:00,system,uptime_format,19:57,dbms,tpc-ds,postgresql-plain-100gb-load,1,ip-172-31-23-167,olap,benchANT
2026-06-04 08:16:00+00:00,system,uptime_format,19:57,dbms,tpc-ds,postgresql-plain-100gb-load,1,ip-172-31-23-167,olap,benchANT
2026-06-04 08:16:10+00:00,system,uptime_format,19:57,dbms,tpc-ds,postgresql-plain-100gb-load,1,ip-172-31-23-167,olap,benchANT
2026-06-04 08:16:20+00:00,system,uptime_format,19:58,dbms,tpc-ds,postgresql-plain-100gb-load,1,ip-172-31-23-167,olap,benchANT
2026-06-04 08:16:30+00:00,system,uptime_format,19:58,dbms,tpc-ds,postgresql-plain-100gb-load,1,ip-172-31-23-167,olap,benchANT
2026-06-04 08:16:40+00:00,system,uptime_format,19:58,dbms,tpc-ds,postgresql-plain-100gb-load,1,ip-172-31-23-167,olap,benchANT
2026-06-04 08:16:50+00:00,system,uptime_format,19:58,dbms,tpc-ds,postgresql-plain-100gb-load,1,ip-172-31-23-167,olap,benchANT
2026-06-04 08:17:00+00:00,system,uptime_format,19:58,dbms,tpc-ds,postgresql-plain-100gb-load,1,ip-172-31-23-167,olap,benchANT
2026-06-04 08:17:10+00:00,system,uptime_format,19:58,dbms,tpc-ds,postgresql-plain-100gb-load,1,ip-172-31-23-167,olap,benchANT
2026-06-04 08:17:20+00:00,system,uptime_format,19:59,dbms,tpc-ds,postgresql-plain-100gb-load,1,ip-172-31-23-167,olap,benchANT
2026-06-04 08:17:30+00:00,system,uptime_format,19:59,dbms,tpc-ds,postgresql-plain-100gb-load,1,ip-172-31-23-167,olap,benchANT
2026-06-04 08:17:40+00:00,system,uptime_format,19:59,dbms,tpc-ds,postgresql-plain-100gb-load,1,ip-172-31-23-167,olap,benchANT
2026-06-04 08:17:50+00:00,system,uptime_format,19:59,dbms,tpc-ds,postgresql-plain-100gb-load,1,ip-172-31-23-167,olap,benchANT
2026-06-04 08:18:00+00:00,system,uptime_format,19:59,dbms,tpc-ds,postgresql-plain-100gb-load,1,ip-172-31-23-167,olap,benchANT
2026-06-04 08:18:10+00:00,system,uptime_format,19:59,dbms,tpc-ds,postgresql-plain-100gb-load,1,ip-172-31-23-167,olap,benchANT
2026-06-04 08:18:20+00:00,system,uptime_format,20:00,dbms,tpc-ds,postgresql-plain-100gb-load,1,ip-172-31-23-167,olap,benchANT
2026-06-04 08:18:30+00:00,system,uptime_format,20:00,dbms,tpc-ds,postgresql-plain-100gb-load,1,ip-172-31-23-167,olap,benchANT
2026-06-04 08:18:40+00:00,system,uptime_format,20:00,dbms,tpc-ds,postgresql-plain-100gb-load,1,ip-172-31-23-167,olap,benchANT
2026-06-04 08:18:50+00:00,system,uptime_format,20:00,dbms,tpc-ds,postgresql-plain-100gb-load,1,ip-172-31-23-167,olap,benchANT
2026-06-04 08:19:00+00:00,system,uptime_format,20:00,dbms,tpc-ds,postgresql-plain-100gb-load,1,ip-172-31-23-167,olap,benchANT
2026-06-04 08:19:10+00:00,system,uptime_format,20:00,dbms,tpc-ds,postgresql-plain-100gb-load,1,ip-172-31-23-167,olap,benchANT
2026-06-04 08:19:20+00:00,system,uptime_format,20:01,dbms,tpc-ds,postgresql-plain-100gb-load,1,ip-172-31-23-167,olap,benchANT
2026-06-04 08:19:30+00:00,system,uptime_format,20:01,dbms,tpc-ds,postgresql-plain-100gb-load,1,ip-172-31-23-167,olap,benchANT
2026-06-04 08:19:40+00:00,system,uptime_format,20:01,dbms,tpc-ds,postgresql-plain-100gb-load,1,ip-172-31-23-167,olap,benchANT
2026-06-04 08:19:50+00:00,system,uptime_format,20:01,dbms,tpc-ds,postgresql-plain-100gb-load,1,ip-172-31-23-167,olap,benchANT
2026-06-04 08:20:00+00:00,system,uptime_format,20:01,dbms,tpc-ds,postgresql-plain-100gb-load,1,ip-172-31-23-167,olap,benchANT
2026-06-04 08:20:10+00:00,system,uptime_format,20:01,dbms,tpc-ds,postgresql-plain-100gb-load,1,ip-172-31-23-167,olap,benchANT
2026-06-04 08:20:20+00:00,system,uptime_format,20:02,dbms,tpc-ds,postgresql-plain-100gb-load,1,ip-172-31-23-167,olap,benchANT
2026-06-04 08:20:30+00:00,system,uptime_format,20:02,dbms,tpc-ds,postgresql-plain-100gb-load,1,ip-172-31-23-167,olap,benchANT
2026-06-04 08:20:40+00:00,system,uptime_format,20:02,dbms,tpc-ds,postgresql-plain-100gb-load,1,ip-172-31-23-167,olap,benchANT
2026-06-04 08:20:50+00:00,system,uptime_format,20:02,dbms,tpc-ds,postgresql-plain-100gb-load,1,ip-172-31-23-167,olap,benchANT
2026-06-04 08:21:00+00:00,system,uptime_format,20:02,dbms,tpc-ds,postgresql-plain-100gb-load,1,ip-172-31-23-167,olap,benchANT
2026-06-04 08:21:10+00:00,system,uptime_format,20:02,dbms,tpc-ds,postgresql-plain-100gb-load,1,ip-172-31-23-167,olap,benchANT
2026-06-04 08:21:20+00:00,system,uptime_format,20:03,dbms,tpc-ds,postgresql-plain-100gb-load,1,ip-172-31-23-167,olap,benchANT
2026-06-04 08:21:30+00:00,system,uptime_format,20:03,dbms,tpc-ds,postgresql-plain-100gb-load,1,ip-172-31-23-167,olap,benchANT
2026-06-04 08:21:40+00:00,system,uptime_format,20:03,dbms,tpc-ds,postgresql-plain-100gb-load,1,ip-172-31-23-167,olap,benchANT
2026-06-04 08:21:50+00:00,system,uptime_format,20:03,dbms,tpc-ds,postgresql-plain-100gb-load,1,ip-172-31-23-167,olap,benchANT
2026-06-04 08:22:00+00:00,system,uptime_format,20:03,dbms,tpc-ds,postgresql-plain-100gb-load,1,ip-172-31-23-167,olap,benchANT
2026-06-04 08:22:10+00:00,system,uptime_format,20:03,dbms,tpc-ds,postgresql-plain-100gb-load,1,ip-172-31-23-167,olap,benchANT
2026-06-04 08:22:20+00:00,system,uptime_format,20:04,dbms,tpc-ds,postgresql-plain-100gb-load,1,ip-172-31-23-167,olap,benchANT
2026-06-04 08:22:30+00:00,system,uptime_format,20:04,dbms,tpc-ds,postgresql-plain-100gb-load,1,ip-172-31-23-167,olap,benchANT
2026-06-04 08:22:40+00:00,system,uptime_format,20:04,dbms,tpc-ds,postgresql-plain-100gb-load,1,ip-172-31-23-167,olap,benchANT
2026-06-04 08:22:50+00:00,system,uptime_format,20:04,dbms,tpc-ds,postgresql-plain-100gb-load,1,ip-172-31-23-167,olap,benchANT
2026-06-04 08:23:00+00:00,system,uptime_format,20:04,dbms,tpc-ds,postgresql-plain-100gb-load,1,ip-172-31-23-167,olap,benchANT
2026-06-04 08:23:10+00:00,system,uptime_format,20:04,dbms,tpc-ds,postgresql-plain-100gb-load,1,ip-172-31-23-167,olap,benchANT
2026-06-04 08:23:20+00:00,system,uptime_format,20:05,dbms,tpc-ds,postgresql-plain-100gb-load,1,ip-172-31-23-167,olap,benchANT
2026-06-04 08:23:30+00:00,system,uptime_format,20:05,dbms,tpc-ds,postgresql-plain-100gb-load,1,ip-172-31-23-167,olap,benchANT
2026-06-04 08:23:40+00:00,system,uptime_format,20:05,dbms,tpc-ds,postgresql-plain-100gb-load,1,ip-172-31-23-167,olap,benchANT
2026-06-04 08:23:50+00:00,system,uptime_format,20:05,dbms,tpc-ds,postgresql-plain-100gb-load,1,ip-172-31-23-167,olap,benchANT
2026-06-04 08:24:00+00:00,system,uptime_format,20:05,dbms,tpc-ds,postgresql-plain-100gb-load,1,ip-172-31-23-167,olap,benchANT
2026-06-04 08:24:10+00:00,system,uptime_format,20:05,dbms,tpc-ds,postgresql-plain-100gb-load,1,ip-172-31-23-167,olap,benchANT
2026-06-04 08:24:20+00:00,system,uptime_format,20:06,dbms,tpc-ds,postgresql-plain-100gb-load,1,ip-172-31-23-167,olap,benchANT
2026-06-04 08:24:30+00:00,system,uptime_format,20:06,dbms,tpc-ds,postgresql-plain-100gb-load,1,ip-172-31-23-167,olap,benchANT
2026-06-04 08:24:40+00:00,system,uptime_format,20:06,dbms,tpc-ds,postgresql-plain-100gb-load,1,ip-172-31-23-167,olap,benchANT
2026-06-04 08:24:50+00:00,system,uptime_format,20:06,dbms,tpc-ds,postgresql-plain-100gb-load,1,ip-172-31-23-167,olap,benchANT
2026-06-04 08:25:00+00:00,system,uptime_format,20:06,dbms,tpc-ds,postgresql-plain-100gb-load,1,ip-172-31-23-167,olap,benchANT
2026-06-04 08:25:10+00:00,system,uptime_format,20:06,dbms,tpc-ds,postgresql-plain-100gb-load,1,ip-172-31-23-167,olap,benchANT
2026-06-04 08:25:20+00:00,system,uptime_format,20:07,dbms,tpc-ds,postgresql-plain-100gb-load,1,ip-172-31-23-167,olap,benchANT
2026-06-04 08:25:30+00:00,system,uptime_format,20:07,dbms,tpc-ds,postgresql-plain-100gb-load,1,ip-172-31-23-167,olap,benchANT
2026-06-04 08:25:40+00:00,system,uptime_format,20:07,dbms,tpc-ds,postgresql-plain-100gb-load,1,ip-172-31-23-167,olap,benchANT
2026-06-04 08:25:50+00:00,system,uptime_format,20:07,dbms,tpc-ds,postgresql-plain-100gb-load,1,ip-172-31-23-167,olap,benchANT
2026-06-04 08:26:00+00:00,system,uptime_format,20:07,dbms,tpc-ds,postgresql-plain-100gb-load,1,ip-172-31-23-167,olap,benchANT
2026-06-04 08:26:10+00:00,system,uptime_format,20:07,dbms,tpc-ds,postgresql-plain-100gb-load,1,ip-172-31-23-167,olap,benchANT
2026-06-04 08:26:20+00:00,system,uptime_format,20:08,dbms,tpc-ds,postgresql-plain-100gb-load,1,ip-172-31-23-167,olap,benchANT
2026-06-04 08:26:30+00:00,system,uptime_format,20:08,dbms,tpc-ds,postgresql-plain-100gb-load,1,ip-172-31-23-167,olap,benchANT
2026-06-04 08:26:40+00:00,system,uptime_format,20:08,dbms,tpc-ds,postgresql-plain-100gb-load,1,ip-172-31-23-167,olap,benchANT
2026-06-04 08:26:50+00:00,system,uptime_format,20:08,dbms,tpc-ds,postgresql-plain-100gb-load,1,ip-172-31-23-167,olap,benchANT
2026-06-04 08:27:00+00:00,system,uptime_format,20:08,dbms,tpc-ds,postgresql-plain-100gb-load,1,ip-172-31-23-167,olap,benchANT
2026-06-04 08:27:10+00:00,system,uptime_format,20:08,dbms,tpc-ds,postgresql-plain-100gb-load,1,ip-172-31-23-167,olap,benchANT
2026-06-04 08:27:20+00:00,system,uptime_format,20:09,dbms,tpc-ds,postgresql-plain-100gb-load,1,ip-172-31-23-167,olap,benchANT
2026-06-04 08:27:30+00:00,system,uptime_format,20:09,dbms,tpc-ds,postgresql-plain-100gb-load,1,ip-172-31-23-167,olap,benchANT
2026-06-04 08:27:40+00:00,system,uptime_format,20:09,dbms,tpc-ds,postgresql-plain-100gb-load,1,ip-172-31-23-167,olap,benchANT
2026-06-04 08:27:50+00:00,system,uptime_format,20:09,dbms,tpc-ds,postgresql-plain-100gb-load,1,ip-172-31-23-167,olap,benchANT
2026-06-04 08:28:00+00:00,system,uptime_format,20:09,dbms,tpc-ds,postgresql-plain-100gb-load,1,ip-172-31-23-167,olap,benchANT
2026-06-04 08:28:10+00:00,system,uptime_format,20:09,dbms,tpc-ds,postgresql-plain-100gb-load,1,ip-172-31-23-167,olap,benchANT
2026-06-04 08:28:20+00:00,system,uptime_format,20:10,dbms,tpc-ds,postgresql-plain-100gb-load,1,ip-172-31-23-167,olap,benchANT
2026-06-04 08:28:30+00:00,system,uptime_format,20:10,dbms,tpc-ds,postgresql-plain-100gb-load,1,ip-172-31-23-167,olap,benchANT
2026-06-04 08:28:40+00:00,system,uptime_format,20:10,dbms,tpc-ds,postgresql-plain-100gb-load,1,ip-172-31-23-167,olap,benchANT
2026-06-04 08:28:50+00:00,system,uptime_format,20:10,dbms,tpc-ds,postgresql-plain-100gb-load,1,ip-172-31-23-167,olap,benchANT
2026-06-04 08:29:00+00:00,system,uptime_format,20:10,dbms,tpc-ds,postgresql-plain-100gb-load,1,ip-172-31-23-167,olap,benchANT
2026-06-04 08:29:10+00:00,system,uptime_format,20:10,dbms,tpc-ds,postgresql-plain-100gb-load,1,ip-172-31-23-167,olap,benchANT
2026-06-04 08:29:20+00:00,system,uptime_format,20:11,dbms,tpc-ds,postgresql-plain-100gb-load,1,ip-172-31-23-167,olap,benchANT
2026-06-04 08:29:30+00:00,system,uptime_format,20:11,dbms,tpc-ds,postgresql-plain-100gb-load,1,ip-172-31-23-167,olap,benchANT
2026-06-04 08:29:40+00:00,system,uptime_format,20:11,dbms,tpc-ds,postgresql-plain-100gb-load,1,ip-172-31-23-167,olap,benchANT
2026-06-04 08:29:50+00:00,system,uptime_format,20:11,dbms,tpc-ds,postgresql-plain-100gb-load,1,ip-172-31-23-167,olap,benchANT
2026-06-04 08:30:00+00:00,system,uptime_format,20:11,dbms,tpc-ds,postgresql-plain-100gb-load,1,ip-172-31-23-167,olap,benchANT
2026-06-04 08:30:10+00:00,system,uptime_format,20:11,dbms,tpc-ds,postgresql-plain-100gb-load,1,ip-172-31-23-167,olap,benchANT
2026-06-04 08:30:20+00:00,system,uptime_format,20:12,dbms,tpc-ds,postgresql-plain-100gb-load,1,ip-172-31-23-167,olap,benchANT
2026-06-04 08:30:30+00:00,system,uptime_format,20:12,dbms,tpc-ds,postgresql-plain-100gb-load,1,ip-172-31-23-167,olap,benchANT
2026-06-04 08:30:40+00:00,system,uptime_format,20:12,dbms,tpc-ds,postgresql-plain-100gb-load,1,ip-172-31-23-167,olap,benchANT
2026-06-04 08:30:50+00:00,system,uptime_format,20:12,dbms,tpc-ds,postgresql-plain-100gb-load,1,ip-172-31-23-167,olap,benchANT
2026-06-04 08:31:00+00:00,system,uptime_format,20:12,dbms,tpc-ds,postgresql-plain-100gb-load,1,ip-172-31-23-167,olap,benchANT
2026-06-04 08:31:10+00:00,system,uptime_format,20:12,dbms,tpc-ds,postgresql-plain-100gb-load,1,ip-172-31-23-167,olap,benchANT
2026-06-04 08:31:20+00:00,system,uptime_format,20:13,dbms,tpc-ds,postgresql-plain-100gb-load,1,ip-172-31-23-167,olap,benchANT
2026-06-04 08:31:30+00:00,system,uptime_format,20:13,dbms,tpc-ds,postgresql-plain-100gb-load,1,ip-172-31-23-167,olap,benchANT
2026-06-04 08:31:40+00:00,system,uptime_format,20:13,dbms,tpc-ds,postgresql-plain-100gb-load,1,ip-172-31-23-167,olap,benchANT
2026-06-04 08:31:50+00:00,system,uptime_format,20:13,dbms,tpc-ds,postgresql-plain-100gb-load,1,ip-172-31-23-167,olap,benchANT
2026-06-04 08:32:00+00:00,system,uptime_format,20:13,dbms,tpc-ds,postgresql-plain-100gb-load,1,ip-172-31-23-167,olap,benchANT
2026-06-04 08:32:10+00:00,system,uptime_format,20:13,dbms,tpc-ds,postgresql-plain-100gb-load,1,ip-172-31-23-167,olap,benchANT
2026-06-04 08:32:20+00:00,system,uptime_format,20:14,dbms,tpc-ds,postgresql-plain-100gb-load,1,ip-172-31-23-167,olap,benchANT
2026-06-04 08:32:30+00:00,system,uptime_format,20:14,dbms,tpc-ds,postgresql-plain-100gb-load,1,ip-172-31-23-167,olap,benchANT
2026-06-04 08:32:40+00:00,system,uptime_format,20:14,dbms,tpc-ds,postgresql-plain-100gb-load,1,ip-172-31-23-167,olap,benchANT
2026-06-04 08:32:50+00:00,system,uptime_format,20:14,dbms,tpc-ds,postgresql-plain-100gb-load,1,ip-172-31-23-167,olap,benchANT
2026-06-04 08:33:00+00:00,system,uptime_format,20:14,dbms,tpc-ds,postgresql-plain-100gb-load,1,ip-172-31-23-167,olap,benchANT
2026-06-04 08:33:10+00:00,system,uptime_format,20:14,dbms,tpc-ds,postgresql-plain-100gb-load,1,ip-172-31-23-167,olap,benchANT
2026-06-04 08:33:20+00:00,system,uptime_format,20:15,dbms,tpc-ds,postgresql-plain-100gb-load,1,ip-172-31-23-167,olap,benchANT
2026-06-04 08:33:30+00:00,system,uptime_format,20:15,dbms,tpc-ds,postgresql-plain-100gb-load,1,ip-172-31-23-167,olap,benchANT
2026-06-04 08:33:40+00:00,system,uptime_format,20:15,dbms,tpc-ds,postgresql-plain-100gb-load,1,ip-172-31-23-167,olap,benchANT
2026-06-04 08:33:50+00:00,system,uptime_format,20:15,dbms,tpc-ds,postgresql-plain-100gb-load,1,ip-172-31-23-167,olap,benchANT
2026-06-04 08:34:00+00:00,system,uptime_format,20:15,dbms,tpc-ds,postgresql-plain-100gb-load,1,ip-172-31-23-167,olap,benchANT
2026-06-04 08:34:10+00:00,system,uptime_format,20:15,dbms,tpc-ds,postgresql-plain-100gb-load,1,ip-172-31-23-167,olap,benchANT
2026-06-04 08:34:20+00:00,system,uptime_format,20:16,dbms,tpc-ds,postgresql-plain-100gb-load,1,ip-172-31-23-167,olap,benchANT
2026-06-04 08:34:30+00:00,system,uptime_format,20:16,dbms,tpc-ds,postgresql-plain-100gb-load,1,ip-172-31-23-167,olap,benchANT
2026-06-04 08:34:40+00:00,system,uptime_format,20:16,dbms,tpc-ds,postgresql-plain-100gb-load,1,ip-172-31-23-167,olap,benchANT
2026-06-04 08:34:50+00:00,system,uptime_format,20:16,dbms,tpc-ds,postgresql-plain-100gb-load,1,ip-172-31-23-167,olap,benchANT
2026-06-04 08:35:00+00:00,system,uptime_format,20:16,dbms,tpc-ds,postgresql-plain-100gb-load,1,ip-172-31-23-167,olap,benchANT
2026-06-04 08:35:10+00:00,system,uptime_format,20:16,dbms,tpc-ds,postgresql-plain-100gb-load,1,ip-172-31-23-167,olap,benchANT
2026-06-04 08:35:20+00:00,system,uptime_format,20:17,dbms,tpc-ds,postgresql-plain-100gb-load,1,ip-172-31-23-167,olap,benchANT
2026-06-04 08:35:30+00:00,system,uptime_format,20:17,dbms,tpc-ds,postgresql-plain-100gb-load,1,ip-172-31-23-167,olap,benchANT
2026-06-04 08:35:40+00:00,system,uptime_format,20:17,dbms,tpc-ds,postgresql-plain-100gb-load,1,ip-172-31-23-167,olap,benchANT
2026-06-04 08:35:50+00:00,system,uptime_format,20:17,dbms,tpc-ds,postgresql-plain-100gb-load,1,ip-172-31-23-167,olap,benchANT
2026-06-04 08:36:00+00:00,system,uptime_format,20:17,dbms,tpc-ds,postgresql-plain-100gb-load,1,ip-172-31-23-167,olap,benchANT
2026-06-04 08:36:10+00:00,system,uptime_format,20:17,dbms,tpc-ds,postgresql-plain-100gb-load,1,ip-172-31-23-167,olap,benchANT
2026-06-04 08:36:20+00:00,system,uptime_format,20:18,dbms,tpc-ds,postgresql-plain-100gb-load,1,ip-172-31-23-167,olap,benchANT
2026-06-04 08:36:30+00:00,system,uptime_format,20:18,dbms,tpc-ds,postgresql-plain-100gb-load,1,ip-172-31-23-167,olap,benchANT
2026-06-04 08:36:40+00:00,system,uptime_format,20:18,dbms,tpc-ds,postgresql-plain-100gb-load,1,ip-172-31-23-167,olap,benchANT
2026-06-04 08:36:50+00:00,system,uptime_format,20:18,dbms,tpc-ds,postgresql-plain-100gb-load,1,ip-172-31-23-167,olap,benchANT
2026-06-04 08:37:00+00:00,system,uptime_format,20:18,dbms,tpc-ds,postgresql-plain-100gb-load,1,ip-172-31-23-167,olap,benchANT
2026-06-04 08:37:10+00:00,system,uptime_format,20:18,dbms,tpc-ds,postgresql-plain-100gb-load,1,ip-172-31-23-167,olap,benchANT
2026-06-04 08:37:20+00:00,system,uptime_format,20:19,dbms,tpc-ds,postgresql-plain-100gb-load,1,ip-172-31-23-167,olap,benchANT
2026-06-04 08:37:30+00:00,system,uptime_format,20:19,dbms,tpc-ds,postgresql-plain-100gb-load,1,ip-172-31-23-167,olap,benchANT
2026-06-04 08:37:40+00:00,system,uptime_format,20:19,dbms,tpc-ds,postgresql-plain-100gb-load,1,ip-172-31-23-167,olap,benchANT
2026-06-04 08:37:50+00:00,system,uptime_format,20:19,dbms,tpc-ds,postgresql-plain-100gb-load,1,ip-172-31-23-167,olap,benchANT
2026-06-04 08:38:00+00:00,system,uptime_format,20:19,dbms,tpc-ds,postgresql-plain-100gb-load,1,ip-172-31-23-167,olap,benchANT
2026-06-04 08:38:10+00:00,system,uptime_format,20:19,dbms,tpc-ds,postgresql-plain-100gb-load,1,ip-172-31-23-167,olap,benchANT
2026-06-04 08:38:20+00:00,system,uptime_format,20:20,dbms,tpc-ds,postgresql-plain-100gb-load,1,ip-172-31-23-167,olap,benchANT
2026-06-04 08:38:30+00:00,system,uptime_format,20:20,dbms,tpc-ds,postgresql-plain-100gb-load,1,ip-172-31-23-167,olap,benchANT
2026-06-04 08:38:40+00:00,system,uptime_format,20:20,dbms,tpc-ds,postgresql-plain-100gb-load,1,ip-172-31-23-167,olap,benchANT
2026-06-04 08:38:50+00:00,system,uptime_format,20:20,dbms,tpc-ds,postgresql-plain-100gb-load,1,ip-172-31-23-167,olap,benchANT
2026-06-04 08:39:00+00:00,system,uptime_format,20:20,dbms,tpc-ds,postgresql-plain-100gb-load,1,ip-172-31-23-167,olap,benchANT
2026-06-04 08:39:10+00:00,system,uptime_format,20:20,dbms,tpc-ds,postgresql-plain-100gb-load,1,ip-172-31-23-167,olap,benchANT
2026-06-04 08:39:20+00:00,system,uptime_format,20:21,dbms,tpc-ds,postgresql-plain-100gb-load,1,ip-172-31-23-167,olap,benchANT
2026-06-04 08:39:30+00:00,system,uptime_format,20:21,dbms,tpc-ds,postgresql-plain-100gb-load,1,ip-172-31-23-167,olap,benchANT
2026-06-04 08:39:40+00:00,system,uptime_format,20:21,dbms,tpc-ds,postgresql-plain-100gb-load,1,ip-172-31-23-167,olap,benchANT
2026-06-04 08:39:50+00:00,system,uptime_format,20:21,dbms,tpc-ds,postgresql-plain-100gb-load,1,ip-172-31-23-167,olap,benchANT
2026-06-04 08:40:00+00:00,system,uptime_format,20:21,dbms,tpc-ds,postgresql-plain-100gb-load,1,ip-172-31-23-167,olap,benchANT
2026-06-04 08:40:10+00:00,system,uptime_format,20:21,dbms,tpc-ds,postgresql-plain-100gb-load,1,ip-172-31-23-167,olap,benchANT
2026-06-04 08:40:20+00:00,system,uptime_format,20:22,dbms,tpc-ds,postgresql-plain-100gb-load,1,ip-172-31-23-167,olap,benchANT
2026-06-04 08:40:30+00:00,system,uptime_format,20:22,dbms,tpc-ds,postgresql-plain-100gb-load,1,ip-172-31-23-167,olap,benchANT
2026-06-04 08:40:40+00:00,system,uptime_format,20:22,dbms,tpc-ds,postgresql-plain-100gb-load,1,ip-172-31-23-167,olap,benchANT
2026-06-04 08:40:50+00:00,system,uptime_format,20:22,dbms,tpc-ds,postgresql-plain-100gb-load,1,ip-172-31-23-167,olap,benchANT
2026-06-04 08:41:00+00:00,system,uptime_format,20:22,dbms,tpc-ds,postgresql-plain-100gb-load,1,ip-172-31-23-167,olap,benchANT
2026-06-04 08:41:10+00:00,system,uptime_format,20:22,dbms,tpc-ds,postgresql-plain-100gb-load,1,ip-172-31-23-167,olap,benchANT
2026-06-04 08:41:20+00:00,system,uptime_format,20:23,dbms,tpc-ds,postgresql-plain-100gb-load,1,ip-172-31-23-167,olap,benchANT
2026-06-04 08:41:30+00:00,system,uptime_format,20:23,dbms,tpc-ds,postgresql-plain-100gb-load,1,ip-172-31-23-167,olap,benchANT
2026-06-04 08:41:40+00:00,system,uptime_format,20:23,dbms,tpc-ds,postgresql-plain-100gb-load,1,ip-172-31-23-167,olap,benchANT
2026-06-04 08:41:50+00:00,system,uptime_format,20:23,dbms,tpc-ds,postgresql-plain-100gb-load,1,ip-172-31-23-167,olap,benchANT
2026-06-04 08:42:00+00:00,system,uptime_format,20:23,dbms,tpc-ds,postgresql-plain-100gb-load,1,ip-172-31-23-167,olap,benchANT
2026-06-04 08:42:10+00:00,system,uptime_format,20:23,dbms,tpc-ds,postgresql-plain-100gb-load,1,ip-172-31-23-167,olap,benchANT
2026-06-04 08:42:20+00:00,system,uptime_format,20:24,dbms,tpc-ds,postgresql-plain-100gb-load,1,ip-172-31-23-167,olap,benchANT
2026-06-04 08:42:30+00:00,system,uptime_format,20:24,dbms,tpc-ds,postgresql-plain-100gb-load,1,ip-172-31-23-167,olap,benchANT
2026-06-04 08:42:40+00:00,system,uptime_format,20:24,dbms,tpc-ds,postgresql-plain-100gb-load,1,ip-172-31-23-167,olap,benchANT
2026-06-04 08:42:50+00:00,system,uptime_format,20:24,dbms,tpc-ds,postgresql-plain-100gb-load,1,ip-172-31-23-167,olap,benchANT
2026-06-04 08:43:00+00:00,system,uptime_format,20:24,dbms,tpc-ds,postgresql-plain-100gb-load,1,ip-172-31-23-167,olap,benchANT
2026-06-04 08:43:10+00:00,system,uptime_format,20:24,dbms,tpc-ds,postgresql-plain-100gb-load,1,ip-172-31-23-167,olap,benchANT
2026-06-04 08:43:20+00:00,system,uptime_format,20:25,dbms,tpc-ds,postgresql-plain-100gb-load,1,ip-172-31-23-167,olap,benchANT
2026-06-04 08:43:30+00:00,system,uptime_format,20:25,dbms,tpc-ds,postgresql-plain-100gb-load,1,ip-172-31-23-167,olap,benchANT
2026-06-04 08:43:40+00:00,system,uptime_format,20:25,dbms,tpc-ds,postgresql-plain-100gb-load,1,ip-172-31-23-167,olap,benchANT
2026-06-04 08:43:50+00:00,system,uptime_format,20:25,dbms,tpc-ds,postgresql-plain-100gb-load,1,ip-172-31-23-167,olap,benchANT
2026-06-04 08:44:00+00:00,system,uptime_format,20:25,dbms,tpc-ds,postgresql-plain-100gb-load,1,ip-172-31-23-167,olap,benchANT
2026-06-04 08:44:10+00:00,system,uptime_format,20:25,dbms,tpc-ds,postgresql-plain-100gb-load,1,ip-172-31-23-167,olap,benchANT
2026-06-04 08:44:20+00:00,system,uptime_format,20:26,dbms,tpc-ds,postgresql-plain-100gb-load,1,ip-172-31-23-167,olap,benchANT
2026-06-04 08:44:30+00:00,system,uptime_format,20:26,dbms,tpc-ds,postgresql-plain-100gb-load,1,ip-172-31-23-167,olap,benchANT
2026-06-04 08:44:40+00:00,system,uptime_format,20:26,dbms,tpc-ds,postgresql-plain-100gb-load,1,ip-172-31-23-167,olap,benchANT
2026-06-04 08:44:50+00:00,system,uptime_format,20:26,dbms,tpc-ds,postgresql-plain-100gb-load,1,ip-172-31-23-167,olap,benchANT
2026-06-04 08:45:00+00:00,system,uptime_format,20:26,dbms,tpc-ds,postgresql-plain-100gb-load,1,ip-172-31-23-167,olap,benchANT
2026-06-04 08:45:10+00:00,system,uptime_format,20:26,dbms,tpc-ds,postgresql-plain-100gb-load,1,ip-172-31-23-167,olap,benchANT
2026-06-04 08:45:20+00:00,system,uptime_format,20:27,dbms,tpc-ds,postgresql-plain-100gb-load,1,ip-172-31-23-167,olap,benchANT
2026-06-04 08:45:30+00:00,system,uptime_format,20:27,dbms,tpc-ds,postgresql-plain-100gb-load,1,ip-172-31-23-167,olap,benchANT
2026-06-04 08:45:40+00:00,system,uptime_format,20:27,dbms,tpc-ds,postgresql-plain-100gb-load,1,ip-172-31-23-167,olap,benchANT
2026-06-04 08:45:50+00:00,system,uptime_format,20:27,dbms,tpc-ds,postgresql-plain-100gb-load,1,ip-172-31-23-167,olap,benchANT
2026-06-04 08:46:00+00:00,system,uptime_format,20:27,dbms,tpc-ds,postgresql-plain-100gb-load,1,ip-172-31-23-167,olap,benchANT
2026-06-04 08:46:10+00:00,system,uptime_format,20:27,dbms,tpc-ds,postgresql-plain-100gb-load,1,ip-172-31-23-167,olap,benchANT
2026-06-04 08:46:20+00:00,system,uptime_format,20:28,dbms,tpc-ds,postgresql-plain-100gb-load,1,ip-172-31-23-167,olap,benchANT
2026-06-04 08:46:30+00:00,system,uptime_format,20:28,dbms,tpc-ds,postgresql-plain-100gb-load,1,ip-172-31-23-167,olap,benchANT
2026-06-04 08:46:40+00:00,system,uptime_format,20:28,dbms,tpc-ds,postgresql-plain-100gb-load,1,ip-172-31-23-167,olap,benchANT
2026-06-04 08:46:50+00:00,system,uptime_format,20:28,dbms,tpc-ds,postgresql-plain-100gb-load,1,ip-172-31-23-167,olap,benchANT
2026-06-04 08:47:00+00:00,system,uptime_format,20:28,dbms,tpc-ds,postgresql-plain-100gb-load,1,ip-172-31-23-167,olap,benchANT
2026-06-04 08:47:10+00:00,system,uptime_format,20:28,dbms,tpc-ds,postgresql-plain-100gb-load,1,ip-172-31-23-167,olap,benchANT
2026-06-04 08:47:20+00:00,system,uptime_format,20:29,dbms,tpc-ds,postgresql-plain-100gb-load,1,ip-172-31-23-167,olap,benchANT
2026-06-04 08:47:30+00:00,system,uptime_format,20:29,dbms,tpc-ds,postgresql-plain-100gb-load,1,ip-172-31-23-167,olap,benchANT
2026-06-04 08:47:40+00:00,system,uptime_format,20:29,dbms,tpc-ds,postgresql-plain-100gb-load,1,ip-172-31-23-167,olap,benchANT
2026-06-04 08:47:50+00:00,system,uptime_format,20:29,dbms,tpc-ds,postgresql-plain-100gb-load,1,ip-172-31-23-167,olap,benchANT
2026-06-04 08:48:00+00:00,system,uptime_format,20:29,dbms,tpc-ds,postgresql-plain-100gb-load,1,ip-172-31-23-167,olap,benchANT
2026-06-04 08:48:10+00:00,system,uptime_format,20:29,dbms,tpc-ds,postgresql-plain-100gb-load,1,ip-172-31-23-167,olap,benchANT
2026-06-04 08:48:20+00:00,system,uptime_format,20:30,dbms,tpc-ds,postgresql-plain-100gb-load,1,ip-172-31-23-167,olap,benchANT
2026-06-04 08:48:30+00:00,system,uptime_format,20:30,dbms,tpc-ds,postgresql-plain-100gb-load,1,ip-172-31-23-167,olap,benchANT
2026-06-04 08:48:40+00:00,system,uptime_format,20:30,dbms,tpc-ds,postgresql-plain-100gb-load,1,ip-172-31-23-167,olap,benchANT
2026-06-04 08:48:50+00:00,system,uptime_format,20:30,dbms,tpc-ds,postgresql-plain-100gb-load,1,ip-172-31-23-167,olap,benchANT
2026-06-04 08:49:00+00:00,system,uptime_format,20:30,dbms,tpc-ds,postgresql-plain-100gb-load,1,ip-172-31-23-167,olap,benchANT
2026-06-04 08:49:10+00:00,system,uptime_format,20:30,dbms,tpc-ds,postgresql-plain-100gb-load,1,ip-172-31-23-167,olap,benchANT
2026-06-04 08:49:20+00:00,system,uptime_format,20:31,dbms,tpc-ds,postgresql-plain-100gb-load,1,ip-172-31-23-167,olap,benchANT
2026-06-04 08:49:30+00:00,system,uptime_format,20:31,dbms,tpc-ds,postgresql-plain-100gb-load,1,ip-172-31-23-167,olap,benchANT
2026-06-04 08:49:40+00:00,system,uptime_format,20:31,dbms,tpc-ds,postgresql-plain-100gb-load,1,ip-172-31-23-167,olap,benchANT
2026-06-04 08:49:50+00:00,system,uptime_format,20:31,dbms,tpc-ds,postgresql-plain-100gb-load,1,ip-172-31-23-167,olap,benchANT
2026-06-04 08:50:00+00:00,system,uptime_format,20:31,dbms,tpc-ds,postgresql-plain-100gb-load,1,ip-172-31-23-167,olap,benchANT
2026-06-04 08:50:10+00:00,system,uptime_format,20:31,dbms,tpc-ds,postgresql-plain-100gb-load,1,ip-172-31-23-167,olap,benchANT
2026-06-04 08:50:20+00:00,system,uptime_format,20:32,dbms,tpc-ds,postgresql-plain-100gb-load,1,ip-172-31-23-167,olap,benchANT
2026-06-04 08:50:30+00:00,system,uptime_format,20:32,dbms,tpc-ds,postgresql-plain-100gb-load,1,ip-172-31-23-167,olap,benchANT
2026-06-04 08:50:40+00:00,system,uptime_format,20:32,dbms,tpc-ds,postgresql-plain-100gb-load,1,ip-172-31-23-167,olap,benchANT
2026-06-04 08:50:50+00:00,system,uptime_format,20:32,dbms,tpc-ds,postgresql-plain-100gb-load,1,ip-172-31-23-167,olap,benchANT
