time,measurement,field,value,application,batchId,configurationId,executionCounter,host,projectId,userId
2026-06-04 07:50:20+00:00,system,load1,0.0,dbms,tpc-ds,postgresql-100gb-load,1,ip-172-31-16-115,olap,benchANT
2026-06-04 07:50:30+00:00,system,load1,0.7,dbms,tpc-ds,postgresql-100gb-load,1,ip-172-31-16-115,olap,benchANT
2026-06-04 07:50:40+00:00,system,load1,1.2,dbms,tpc-ds,postgresql-100gb-load,1,ip-172-31-16-115,olap,benchANT
2026-06-04 07:50:50+00:00,system,load1,1.63,dbms,tpc-ds,postgresql-100gb-load,1,ip-172-31-16-115,olap,benchANT
2026-06-04 07:51:00+00:00,system,load1,2.0,dbms,tpc-ds,postgresql-100gb-load,1,ip-172-31-16-115,olap,benchANT
2026-06-04 07:51:10+00:00,system,load1,2.31,dbms,tpc-ds,postgresql-100gb-load,1,ip-172-31-16-115,olap,benchANT
2026-06-04 07:51:20+00:00,system,load1,2.57,dbms,tpc-ds,postgresql-100gb-load,1,ip-172-31-16-115,olap,benchANT
2026-06-04 07:51:30+00:00,system,load1,2.79,dbms,tpc-ds,postgresql-100gb-load,1,ip-172-31-16-115,olap,benchANT
2026-06-04 07:51:40+00:00,system,load1,3.05,dbms,tpc-ds,postgresql-100gb-load,1,ip-172-31-16-115,olap,benchANT
2026-06-04 07:51:50+00:00,system,load1,3.2,dbms,tpc-ds,postgresql-100gb-load,1,ip-172-31-16-115,olap,benchANT
2026-06-04 07:52:00+00:00,system,load1,3.32,dbms,tpc-ds,postgresql-100gb-load,1,ip-172-31-16-115,olap,benchANT
2026-06-04 07:52:10+00:00,system,load1,3.65,dbms,tpc-ds,postgresql-100gb-load,1,ip-172-31-16-115,olap,benchANT
2026-06-04 07:52:20+00:00,system,load1,3.71,dbms,tpc-ds,postgresql-100gb-load,1,ip-172-31-16-115,olap,benchANT
2026-06-04 07:52:30+00:00,system,load1,3.75,dbms,tpc-ds,postgresql-100gb-load,1,ip-172-31-16-115,olap,benchANT
2026-06-04 07:52:40+00:00,system,load1,3.86,dbms,tpc-ds,postgresql-100gb-load,1,ip-172-31-16-115,olap,benchANT
2026-06-04 07:52:50+00:00,system,load1,3.96,dbms,tpc-ds,postgresql-100gb-load,1,ip-172-31-16-115,olap,benchANT
2026-06-04 07:53:00+00:00,system,load1,3.97,dbms,tpc-ds,postgresql-100gb-load,1,ip-172-31-16-115,olap,benchANT
2026-06-04 07:53:10+00:00,system,load1,3.97,dbms,tpc-ds,postgresql-100gb-load,1,ip-172-31-16-115,olap,benchANT
2026-06-04 07:53:20+00:00,system,load1,3.98,dbms,tpc-ds,postgresql-100gb-load,1,ip-172-31-16-115,olap,benchANT
2026-06-04 07:53:30+00:00,system,load1,4.06,dbms,tpc-ds,postgresql-100gb-load,1,ip-172-31-16-115,olap,benchANT
2026-06-04 07:53:40+00:00,system,load1,4.05,dbms,tpc-ds,postgresql-100gb-load,1,ip-172-31-16-115,olap,benchANT
2026-06-04 07:53:50+00:00,system,load1,4.04,dbms,tpc-ds,postgresql-100gb-load,1,ip-172-31-16-115,olap,benchANT
2026-06-04 07:54:00+00:00,system,load1,4.04,dbms,tpc-ds,postgresql-100gb-load,1,ip-172-31-16-115,olap,benchANT
2026-06-04 07:54:10+00:00,system,load1,4.03,dbms,tpc-ds,postgresql-100gb-load,1,ip-172-31-16-115,olap,benchANT
2026-06-04 07:54:20+00:00,system,load1,4.02,dbms,tpc-ds,postgresql-100gb-load,1,ip-172-31-16-115,olap,benchANT
2026-06-04 07:54:30+00:00,system,load1,4.02,dbms,tpc-ds,postgresql-100gb-load,1,ip-172-31-16-115,olap,benchANT
2026-06-04 07:54:40+00:00,system,load1,4.02,dbms,tpc-ds,postgresql-100gb-load,1,ip-172-31-16-115,olap,benchANT
2026-06-04 07:54:50+00:00,system,load1,4.01,dbms,tpc-ds,postgresql-100gb-load,1,ip-172-31-16-115,olap,benchANT
2026-06-04 07:55:00+00:00,system,load1,4.01,dbms,tpc-ds,postgresql-100gb-load,1,ip-172-31-16-115,olap,benchANT
2026-06-04 07:55:10+00:00,system,load1,4.08,dbms,tpc-ds,postgresql-100gb-load,1,ip-172-31-16-115,olap,benchANT
2026-06-04 07:55:20+00:00,system,load1,4.07,dbms,tpc-ds,postgresql-100gb-load,1,ip-172-31-16-115,olap,benchANT
2026-06-04 07:55:30+00:00,system,load1,4.06,dbms,tpc-ds,postgresql-100gb-load,1,ip-172-31-16-115,olap,benchANT
2026-06-04 07:55:40+00:00,system,load1,4.05,dbms,tpc-ds,postgresql-100gb-load,1,ip-172-31-16-115,olap,benchANT
2026-06-04 07:55:50+00:00,system,load1,4.04,dbms,tpc-ds,postgresql-100gb-load,1,ip-172-31-16-115,olap,benchANT
2026-06-04 07:56:00+00:00,system,load1,4.03,dbms,tpc-ds,postgresql-100gb-load,1,ip-172-31-16-115,olap,benchANT
2026-06-04 07:56:10+00:00,system,load1,4.03,dbms,tpc-ds,postgresql-100gb-load,1,ip-172-31-16-115,olap,benchANT
2026-06-04 07:56:20+00:00,system,load1,4.02,dbms,tpc-ds,postgresql-100gb-load,1,ip-172-31-16-115,olap,benchANT
2026-06-04 07:56:30+00:00,system,load1,4.02,dbms,tpc-ds,postgresql-100gb-load,1,ip-172-31-16-115,olap,benchANT
2026-06-04 07:56:40+00:00,system,load1,4.02,dbms,tpc-ds,postgresql-100gb-load,1,ip-172-31-16-115,olap,benchANT
2026-06-04 07:56:50+00:00,system,load1,4.01,dbms,tpc-ds,postgresql-100gb-load,1,ip-172-31-16-115,olap,benchANT
2026-06-04 07:57:00+00:00,system,load1,4.01,dbms,tpc-ds,postgresql-100gb-load,1,ip-172-31-16-115,olap,benchANT
2026-06-04 07:57:10+00:00,system,load1,4.16,dbms,tpc-ds,postgresql-100gb-load,1,ip-172-31-16-115,olap,benchANT
2026-06-04 07:57:20+00:00,system,load1,4.13,dbms,tpc-ds,postgresql-100gb-load,1,ip-172-31-16-115,olap,benchANT
2026-06-04 07:57:30+00:00,system,load1,4.11,dbms,tpc-ds,postgresql-100gb-load,1,ip-172-31-16-115,olap,benchANT
2026-06-04 07:57:40+00:00,system,load1,4.09,dbms,tpc-ds,postgresql-100gb-load,1,ip-172-31-16-115,olap,benchANT
2026-06-04 07:57:50+00:00,system,load1,4.08,dbms,tpc-ds,postgresql-100gb-load,1,ip-172-31-16-115,olap,benchANT
2026-06-04 07:58:00+00:00,system,load1,4.07,dbms,tpc-ds,postgresql-100gb-load,1,ip-172-31-16-115,olap,benchANT
2026-06-04 07:58:10+00:00,system,load1,4.06,dbms,tpc-ds,postgresql-100gb-load,1,ip-172-31-16-115,olap,benchANT
2026-06-04 07:58:20+00:00,system,load1,4.13,dbms,tpc-ds,postgresql-100gb-load,1,ip-172-31-16-115,olap,benchANT
2026-06-04 07:58:30+00:00,system,load1,4.11,dbms,tpc-ds,postgresql-100gb-load,1,ip-172-31-16-115,olap,benchANT
2026-06-04 07:58:40+00:00,system,load1,4.09,dbms,tpc-ds,postgresql-100gb-load,1,ip-172-31-16-115,olap,benchANT
2026-06-04 07:58:50+00:00,system,load1,4.08,dbms,tpc-ds,postgresql-100gb-load,1,ip-172-31-16-115,olap,benchANT
2026-06-04 07:59:00+00:00,system,load1,4.06,dbms,tpc-ds,postgresql-100gb-load,1,ip-172-31-16-115,olap,benchANT
2026-06-04 07:59:10+00:00,system,load1,4.05,dbms,tpc-ds,postgresql-100gb-load,1,ip-172-31-16-115,olap,benchANT
2026-06-04 07:59:20+00:00,system,load1,4.04,dbms,tpc-ds,postgresql-100gb-load,1,ip-172-31-16-115,olap,benchANT
2026-06-04 07:59:30+00:00,system,load1,4.04,dbms,tpc-ds,postgresql-100gb-load,1,ip-172-31-16-115,olap,benchANT
2026-06-04 07:59:40+00:00,system,load1,4.11,dbms,tpc-ds,postgresql-100gb-load,1,ip-172-31-16-115,olap,benchANT
2026-06-04 07:59:50+00:00,system,load1,4.09,dbms,tpc-ds,postgresql-100gb-load,1,ip-172-31-16-115,olap,benchANT
2026-06-04 08:00:00+00:00,system,load1,4.08,dbms,tpc-ds,postgresql-100gb-load,1,ip-172-31-16-115,olap,benchANT
2026-06-04 08:00:10+00:00,system,load1,4.07,dbms,tpc-ds,postgresql-100gb-load,1,ip-172-31-16-115,olap,benchANT
2026-06-04 08:00:20+00:00,system,load1,4.06,dbms,tpc-ds,postgresql-100gb-load,1,ip-172-31-16-115,olap,benchANT
2026-06-04 08:00:30+00:00,system,load1,4.05,dbms,tpc-ds,postgresql-100gb-load,1,ip-172-31-16-115,olap,benchANT
2026-06-04 08:00:40+00:00,system,load1,4.04,dbms,tpc-ds,postgresql-100gb-load,1,ip-172-31-16-115,olap,benchANT
2026-06-04 08:00:50+00:00,system,load1,4.03,dbms,tpc-ds,postgresql-100gb-load,1,ip-172-31-16-115,olap,benchANT
2026-06-04 08:01:00+00:00,system,load1,4.03,dbms,tpc-ds,postgresql-100gb-load,1,ip-172-31-16-115,olap,benchANT
2026-06-04 08:01:10+00:00,system,load1,4.26,dbms,tpc-ds,postgresql-100gb-load,1,ip-172-31-16-115,olap,benchANT
2026-06-04 08:01:20+00:00,system,load1,4.22,dbms,tpc-ds,postgresql-100gb-load,1,ip-172-31-16-115,olap,benchANT
2026-06-04 08:01:30+00:00,system,load1,4.19,dbms,tpc-ds,postgresql-100gb-load,1,ip-172-31-16-115,olap,benchANT
2026-06-04 08:01:40+00:00,system,load1,4.16,dbms,tpc-ds,postgresql-100gb-load,1,ip-172-31-16-115,olap,benchANT
2026-06-04 08:01:50+00:00,system,load1,4.13,dbms,tpc-ds,postgresql-100gb-load,1,ip-172-31-16-115,olap,benchANT
2026-06-04 08:02:00+00:00,system,load1,4.11,dbms,tpc-ds,postgresql-100gb-load,1,ip-172-31-16-115,olap,benchANT
2026-06-04 08:02:10+00:00,system,load1,4.1,dbms,tpc-ds,postgresql-100gb-load,1,ip-172-31-16-115,olap,benchANT
2026-06-04 08:02:20+00:00,system,load1,4.15,dbms,tpc-ds,postgresql-100gb-load,1,ip-172-31-16-115,olap,benchANT
2026-06-04 08:02:30+00:00,system,load1,4.13,dbms,tpc-ds,postgresql-100gb-load,1,ip-172-31-16-115,olap,benchANT
2026-06-04 08:02:40+00:00,system,load1,4.11,dbms,tpc-ds,postgresql-100gb-load,1,ip-172-31-16-115,olap,benchANT
2026-06-04 08:02:50+00:00,system,load1,4.09,dbms,tpc-ds,postgresql-100gb-load,1,ip-172-31-16-115,olap,benchANT
2026-06-04 08:03:00+00:00,system,load1,4.08,dbms,tpc-ds,postgresql-100gb-load,1,ip-172-31-16-115,olap,benchANT
2026-06-04 08:03:10+00:00,system,load1,4.15,dbms,tpc-ds,postgresql-100gb-load,1,ip-172-31-16-115,olap,benchANT
2026-06-04 08:03:20+00:00,system,load1,4.12,dbms,tpc-ds,postgresql-100gb-load,1,ip-172-31-16-115,olap,benchANT
2026-06-04 08:03:30+00:00,system,load1,4.1,dbms,tpc-ds,postgresql-100gb-load,1,ip-172-31-16-115,olap,benchANT
2026-06-04 08:03:40+00:00,system,load1,4.16,dbms,tpc-ds,postgresql-100gb-load,1,ip-172-31-16-115,olap,benchANT
2026-06-04 08:03:50+00:00,system,load1,4.14,dbms,tpc-ds,postgresql-100gb-load,1,ip-172-31-16-115,olap,benchANT
2026-06-04 08:04:00+00:00,system,load1,4.11,dbms,tpc-ds,postgresql-100gb-load,1,ip-172-31-16-115,olap,benchANT
2026-06-04 08:04:10+00:00,system,load1,4.1,dbms,tpc-ds,postgresql-100gb-load,1,ip-172-31-16-115,olap,benchANT
2026-06-04 08:04:20+00:00,system,load1,4.16,dbms,tpc-ds,postgresql-100gb-load,1,ip-172-31-16-115,olap,benchANT
2026-06-04 08:04:30+00:00,system,load1,4.29,dbms,tpc-ds,postgresql-100gb-load,1,ip-172-31-16-115,olap,benchANT
2026-06-04 08:04:40+00:00,system,load1,4.4,dbms,tpc-ds,postgresql-100gb-load,1,ip-172-31-16-115,olap,benchANT
2026-06-04 08:04:50+00:00,system,load1,4.49,dbms,tpc-ds,postgresql-100gb-load,1,ip-172-31-16-115,olap,benchANT
2026-06-04 08:05:00+00:00,system,load1,4.65,dbms,tpc-ds,postgresql-100gb-load,1,ip-172-31-16-115,olap,benchANT
2026-06-04 08:05:10+00:00,system,load1,4.7,dbms,tpc-ds,postgresql-100gb-load,1,ip-172-31-16-115,olap,benchANT
2026-06-04 08:05:20+00:00,system,load1,4.75,dbms,tpc-ds,postgresql-100gb-load,1,ip-172-31-16-115,olap,benchANT
2026-06-04 08:05:30+00:00,system,load1,4.79,dbms,tpc-ds,postgresql-100gb-load,1,ip-172-31-16-115,olap,benchANT
2026-06-04 08:05:40+00:00,system,load1,4.82,dbms,tpc-ds,postgresql-100gb-load,1,ip-172-31-16-115,olap,benchANT
2026-06-04 08:05:50+00:00,system,load1,4.85,dbms,tpc-ds,postgresql-100gb-load,1,ip-172-31-16-115,olap,benchANT
2026-06-04 08:06:00+00:00,system,load1,4.87,dbms,tpc-ds,postgresql-100gb-load,1,ip-172-31-16-115,olap,benchANT
2026-06-04 08:06:10+00:00,system,load1,4.89,dbms,tpc-ds,postgresql-100gb-load,1,ip-172-31-16-115,olap,benchANT
2026-06-04 08:06:20+00:00,system,load1,4.91,dbms,tpc-ds,postgresql-100gb-load,1,ip-172-31-16-115,olap,benchANT
2026-06-04 08:06:30+00:00,system,load1,4.92,dbms,tpc-ds,postgresql-100gb-load,1,ip-172-31-16-115,olap,benchANT
2026-06-04 08:06:40+00:00,system,load1,4.94,dbms,tpc-ds,postgresql-100gb-load,1,ip-172-31-16-115,olap,benchANT
2026-06-04 08:06:50+00:00,system,load1,4.95,dbms,tpc-ds,postgresql-100gb-load,1,ip-172-31-16-115,olap,benchANT
2026-06-04 08:07:00+00:00,system,load1,4.95,dbms,tpc-ds,postgresql-100gb-load,1,ip-172-31-16-115,olap,benchANT
2026-06-04 08:07:10+00:00,system,load1,4.96,dbms,tpc-ds,postgresql-100gb-load,1,ip-172-31-16-115,olap,benchANT
2026-06-04 08:07:20+00:00,system,load1,4.97,dbms,tpc-ds,postgresql-100gb-load,1,ip-172-31-16-115,olap,benchANT
2026-06-04 08:07:30+00:00,system,load1,4.97,dbms,tpc-ds,postgresql-100gb-load,1,ip-172-31-16-115,olap,benchANT
2026-06-04 08:07:40+00:00,system,load1,4.98,dbms,tpc-ds,postgresql-100gb-load,1,ip-172-31-16-115,olap,benchANT
2026-06-04 08:07:50+00:00,system,load1,4.98,dbms,tpc-ds,postgresql-100gb-load,1,ip-172-31-16-115,olap,benchANT
2026-06-04 08:08:00+00:00,system,load1,4.98,dbms,tpc-ds,postgresql-100gb-load,1,ip-172-31-16-115,olap,benchANT
2026-06-04 08:08:10+00:00,system,load1,4.99,dbms,tpc-ds,postgresql-100gb-load,1,ip-172-31-16-115,olap,benchANT
2026-06-04 08:08:20+00:00,system,load1,4.99,dbms,tpc-ds,postgresql-100gb-load,1,ip-172-31-16-115,olap,benchANT
2026-06-04 08:08:30+00:00,system,load1,4.99,dbms,tpc-ds,postgresql-100gb-load,1,ip-172-31-16-115,olap,benchANT
2026-06-04 08:08:40+00:00,system,load1,4.99,dbms,tpc-ds,postgresql-100gb-load,1,ip-172-31-16-115,olap,benchANT
2026-06-04 08:08:50+00:00,system,load1,5.0,dbms,tpc-ds,postgresql-100gb-load,1,ip-172-31-16-115,olap,benchANT
2026-06-04 08:09:00+00:00,system,load1,5.0,dbms,tpc-ds,postgresql-100gb-load,1,ip-172-31-16-115,olap,benchANT
2026-06-04 08:09:10+00:00,system,load1,5.0,dbms,tpc-ds,postgresql-100gb-load,1,ip-172-31-16-115,olap,benchANT
2026-06-04 08:09:20+00:00,system,load1,5.0,dbms,tpc-ds,postgresql-100gb-load,1,ip-172-31-16-115,olap,benchANT
2026-06-04 08:09:30+00:00,system,load1,5.0,dbms,tpc-ds,postgresql-100gb-load,1,ip-172-31-16-115,olap,benchANT
2026-06-04 08:09:40+00:00,system,load1,5.0,dbms,tpc-ds,postgresql-100gb-load,1,ip-172-31-16-115,olap,benchANT
2026-06-04 08:09:50+00:00,system,load1,5.08,dbms,tpc-ds,postgresql-100gb-load,1,ip-172-31-16-115,olap,benchANT
2026-06-04 08:10:00+00:00,system,load1,5.07,dbms,tpc-ds,postgresql-100gb-load,1,ip-172-31-16-115,olap,benchANT
2026-06-04 08:10:10+00:00,system,load1,5.06,dbms,tpc-ds,postgresql-100gb-load,1,ip-172-31-16-115,olap,benchANT
2026-06-04 08:10:20+00:00,system,load1,5.05,dbms,tpc-ds,postgresql-100gb-load,1,ip-172-31-16-115,olap,benchANT
2026-06-04 08:10:30+00:00,system,load1,5.04,dbms,tpc-ds,postgresql-100gb-load,1,ip-172-31-16-115,olap,benchANT
2026-06-04 08:10:40+00:00,system,load1,5.03,dbms,tpc-ds,postgresql-100gb-load,1,ip-172-31-16-115,olap,benchANT
2026-06-04 08:10:50+00:00,system,load1,5.03,dbms,tpc-ds,postgresql-100gb-load,1,ip-172-31-16-115,olap,benchANT
2026-06-04 08:11:00+00:00,system,load1,5.02,dbms,tpc-ds,postgresql-100gb-load,1,ip-172-31-16-115,olap,benchANT
2026-06-04 08:11:10+00:00,system,load1,5.02,dbms,tpc-ds,postgresql-100gb-load,1,ip-172-31-16-115,olap,benchANT
2026-06-04 08:11:20+00:00,system,load1,5.02,dbms,tpc-ds,postgresql-100gb-load,1,ip-172-31-16-115,olap,benchANT
2026-06-04 08:11:30+00:00,system,load1,5.01,dbms,tpc-ds,postgresql-100gb-load,1,ip-172-31-16-115,olap,benchANT
2026-06-04 08:11:40+00:00,system,load1,5.01,dbms,tpc-ds,postgresql-100gb-load,1,ip-172-31-16-115,olap,benchANT
2026-06-04 08:11:50+00:00,system,load1,5.01,dbms,tpc-ds,postgresql-100gb-load,1,ip-172-31-16-115,olap,benchANT
2026-06-04 08:12:00+00:00,system,load1,5.01,dbms,tpc-ds,postgresql-100gb-load,1,ip-172-31-16-115,olap,benchANT
2026-06-04 08:12:10+00:00,system,load1,5.0,dbms,tpc-ds,postgresql-100gb-load,1,ip-172-31-16-115,olap,benchANT
2026-06-04 08:12:20+00:00,system,load1,5.0,dbms,tpc-ds,postgresql-100gb-load,1,ip-172-31-16-115,olap,benchANT
2026-06-04 08:12:30+00:00,system,load1,5.0,dbms,tpc-ds,postgresql-100gb-load,1,ip-172-31-16-115,olap,benchANT
2026-06-04 08:12:40+00:00,system,load1,5.0,dbms,tpc-ds,postgresql-100gb-load,1,ip-172-31-16-115,olap,benchANT
2026-06-04 08:12:50+00:00,system,load1,5.0,dbms,tpc-ds,postgresql-100gb-load,1,ip-172-31-16-115,olap,benchANT
2026-06-04 08:13:00+00:00,system,load1,5.0,dbms,tpc-ds,postgresql-100gb-load,1,ip-172-31-16-115,olap,benchANT
2026-06-04 08:13:10+00:00,system,load1,5.0,dbms,tpc-ds,postgresql-100gb-load,1,ip-172-31-16-115,olap,benchANT
2026-06-04 08:13:20+00:00,system,load1,5.0,dbms,tpc-ds,postgresql-100gb-load,1,ip-172-31-16-115,olap,benchANT
2026-06-04 08:13:30+00:00,system,load1,5.0,dbms,tpc-ds,postgresql-100gb-load,1,ip-172-31-16-115,olap,benchANT
2026-06-04 08:13:40+00:00,system,load1,5.0,dbms,tpc-ds,postgresql-100gb-load,1,ip-172-31-16-115,olap,benchANT
2026-06-04 08:13:50+00:00,system,load1,5.0,dbms,tpc-ds,postgresql-100gb-load,1,ip-172-31-16-115,olap,benchANT
2026-06-04 08:14:00+00:00,system,load1,5.08,dbms,tpc-ds,postgresql-100gb-load,1,ip-172-31-16-115,olap,benchANT
2026-06-04 08:14:10+00:00,system,load1,5.07,dbms,tpc-ds,postgresql-100gb-load,1,ip-172-31-16-115,olap,benchANT
2026-06-04 08:14:20+00:00,system,load1,5.06,dbms,tpc-ds,postgresql-100gb-load,1,ip-172-31-16-115,olap,benchANT
2026-06-04 08:14:30+00:00,system,load1,5.05,dbms,tpc-ds,postgresql-100gb-load,1,ip-172-31-16-115,olap,benchANT
2026-06-04 08:14:40+00:00,system,load1,5.04,dbms,tpc-ds,postgresql-100gb-load,1,ip-172-31-16-115,olap,benchANT
2026-06-04 08:14:50+00:00,system,load1,5.03,dbms,tpc-ds,postgresql-100gb-load,1,ip-172-31-16-115,olap,benchANT
2026-06-04 08:15:00+00:00,system,load1,5.03,dbms,tpc-ds,postgresql-100gb-load,1,ip-172-31-16-115,olap,benchANT
2026-06-04 08:15:10+00:00,system,load1,5.02,dbms,tpc-ds,postgresql-100gb-load,1,ip-172-31-16-115,olap,benchANT
2026-06-04 08:15:20+00:00,system,load1,5.02,dbms,tpc-ds,postgresql-100gb-load,1,ip-172-31-16-115,olap,benchANT
2026-06-04 08:15:30+00:00,system,load1,5.02,dbms,tpc-ds,postgresql-100gb-load,1,ip-172-31-16-115,olap,benchANT
2026-06-04 08:15:40+00:00,system,load1,5.01,dbms,tpc-ds,postgresql-100gb-load,1,ip-172-31-16-115,olap,benchANT
2026-06-04 08:15:50+00:00,system,load1,5.01,dbms,tpc-ds,postgresql-100gb-load,1,ip-172-31-16-115,olap,benchANT
2026-06-04 08:16:00+00:00,system,load1,5.01,dbms,tpc-ds,postgresql-100gb-load,1,ip-172-31-16-115,olap,benchANT
2026-06-04 08:16:10+00:00,system,load1,5.01,dbms,tpc-ds,postgresql-100gb-load,1,ip-172-31-16-115,olap,benchANT
2026-06-04 08:16:20+00:00,system,load1,5.0,dbms,tpc-ds,postgresql-100gb-load,1,ip-172-31-16-115,olap,benchANT
2026-06-04 08:16:30+00:00,system,load1,5.0,dbms,tpc-ds,postgresql-100gb-load,1,ip-172-31-16-115,olap,benchANT
2026-06-04 08:16:40+00:00,system,load1,5.0,dbms,tpc-ds,postgresql-100gb-load,1,ip-172-31-16-115,olap,benchANT
2026-06-04 08:16:50+00:00,system,load1,5.0,dbms,tpc-ds,postgresql-100gb-load,1,ip-172-31-16-115,olap,benchANT
2026-06-04 08:17:00+00:00,system,load1,5.0,dbms,tpc-ds,postgresql-100gb-load,1,ip-172-31-16-115,olap,benchANT
2026-06-04 08:17:10+00:00,system,load1,5.0,dbms,tpc-ds,postgresql-100gb-load,1,ip-172-31-16-115,olap,benchANT
2026-06-04 08:17:20+00:00,system,load1,5.0,dbms,tpc-ds,postgresql-100gb-load,1,ip-172-31-16-115,olap,benchANT
2026-06-04 08:17:30+00:00,system,load1,5.0,dbms,tpc-ds,postgresql-100gb-load,1,ip-172-31-16-115,olap,benchANT
2026-06-04 08:17:40+00:00,system,load1,5.0,dbms,tpc-ds,postgresql-100gb-load,1,ip-172-31-16-115,olap,benchANT
2026-06-04 08:17:50+00:00,system,load1,5.07,dbms,tpc-ds,postgresql-100gb-load,1,ip-172-31-16-115,olap,benchANT
2026-06-04 08:18:00+00:00,system,load1,5.06,dbms,tpc-ds,postgresql-100gb-load,1,ip-172-31-16-115,olap,benchANT
2026-06-04 08:18:10+00:00,system,load1,5.05,dbms,tpc-ds,postgresql-100gb-load,1,ip-172-31-16-115,olap,benchANT
2026-06-04 08:18:20+00:00,system,load1,5.04,dbms,tpc-ds,postgresql-100gb-load,1,ip-172-31-16-115,olap,benchANT
2026-06-04 08:18:30+00:00,system,load1,5.04,dbms,tpc-ds,postgresql-100gb-load,1,ip-172-31-16-115,olap,benchANT
2026-06-04 08:18:40+00:00,system,load1,5.03,dbms,tpc-ds,postgresql-100gb-load,1,ip-172-31-16-115,olap,benchANT
2026-06-04 08:18:50+00:00,system,load1,5.02,dbms,tpc-ds,postgresql-100gb-load,1,ip-172-31-16-115,olap,benchANT
2026-06-04 08:19:00+00:00,system,load1,5.02,dbms,tpc-ds,postgresql-100gb-load,1,ip-172-31-16-115,olap,benchANT
2026-06-04 08:19:10+00:00,system,load1,5.02,dbms,tpc-ds,postgresql-100gb-load,1,ip-172-31-16-115,olap,benchANT
2026-06-04 08:19:20+00:00,system,load1,5.01,dbms,tpc-ds,postgresql-100gb-load,1,ip-172-31-16-115,olap,benchANT
2026-06-04 08:19:30+00:00,system,load1,5.01,dbms,tpc-ds,postgresql-100gb-load,1,ip-172-31-16-115,olap,benchANT
2026-06-04 08:19:40+00:00,system,load1,5.01,dbms,tpc-ds,postgresql-100gb-load,1,ip-172-31-16-115,olap,benchANT
2026-06-04 08:19:50+00:00,system,load1,5.01,dbms,tpc-ds,postgresql-100gb-load,1,ip-172-31-16-115,olap,benchANT
2026-06-04 08:20:00+00:00,system,load1,5.01,dbms,tpc-ds,postgresql-100gb-load,1,ip-172-31-16-115,olap,benchANT
2026-06-04 08:20:10+00:00,system,load1,5.0,dbms,tpc-ds,postgresql-100gb-load,1,ip-172-31-16-115,olap,benchANT
2026-06-04 08:20:20+00:00,system,load1,5.0,dbms,tpc-ds,postgresql-100gb-load,1,ip-172-31-16-115,olap,benchANT
2026-06-04 08:20:30+00:00,system,load1,5.0,dbms,tpc-ds,postgresql-100gb-load,1,ip-172-31-16-115,olap,benchANT
2026-06-04 08:20:40+00:00,system,load1,5.0,dbms,tpc-ds,postgresql-100gb-load,1,ip-172-31-16-115,olap,benchANT
2026-06-04 08:20:50+00:00,system,load1,5.0,dbms,tpc-ds,postgresql-100gb-load,1,ip-172-31-16-115,olap,benchANT
2026-06-04 08:21:00+00:00,system,load1,5.0,dbms,tpc-ds,postgresql-100gb-load,1,ip-172-31-16-115,olap,benchANT
2026-06-04 08:21:10+00:00,system,load1,5.0,dbms,tpc-ds,postgresql-100gb-load,1,ip-172-31-16-115,olap,benchANT
2026-06-04 08:21:20+00:00,system,load1,5.0,dbms,tpc-ds,postgresql-100gb-load,1,ip-172-31-16-115,olap,benchANT
2026-06-04 08:21:30+00:00,system,load1,5.0,dbms,tpc-ds,postgresql-100gb-load,1,ip-172-31-16-115,olap,benchANT
2026-06-04 08:21:40+00:00,system,load1,5.0,dbms,tpc-ds,postgresql-100gb-load,1,ip-172-31-16-115,olap,benchANT
2026-06-04 08:21:50+00:00,system,load1,5.0,dbms,tpc-ds,postgresql-100gb-load,1,ip-172-31-16-115,olap,benchANT
2026-06-04 08:22:00+00:00,system,load1,5.0,dbms,tpc-ds,postgresql-100gb-load,1,ip-172-31-16-115,olap,benchANT
2026-06-04 08:22:10+00:00,system,load1,5.0,dbms,tpc-ds,postgresql-100gb-load,1,ip-172-31-16-115,olap,benchANT
2026-06-04 08:22:20+00:00,system,load1,5.0,dbms,tpc-ds,postgresql-100gb-load,1,ip-172-31-16-115,olap,benchANT
2026-06-04 08:22:30+00:00,system,load1,5.08,dbms,tpc-ds,postgresql-100gb-load,1,ip-172-31-16-115,olap,benchANT
2026-06-04 08:22:40+00:00,system,load1,5.07,dbms,tpc-ds,postgresql-100gb-load,1,ip-172-31-16-115,olap,benchANT
2026-06-04 08:22:50+00:00,system,load1,5.06,dbms,tpc-ds,postgresql-100gb-load,1,ip-172-31-16-115,olap,benchANT
2026-06-04 08:23:00+00:00,system,load1,5.05,dbms,tpc-ds,postgresql-100gb-load,1,ip-172-31-16-115,olap,benchANT
2026-06-04 08:23:10+00:00,system,load1,5.12,dbms,tpc-ds,postgresql-100gb-load,1,ip-172-31-16-115,olap,benchANT
2026-06-04 08:23:20+00:00,system,load1,5.18,dbms,tpc-ds,postgresql-100gb-load,1,ip-172-31-16-115,olap,benchANT
2026-06-04 08:23:30+00:00,system,load1,5.15,dbms,tpc-ds,postgresql-100gb-load,1,ip-172-31-16-115,olap,benchANT
2026-06-04 08:23:40+00:00,system,load1,5.13,dbms,tpc-ds,postgresql-100gb-load,1,ip-172-31-16-115,olap,benchANT
2026-06-04 08:23:50+00:00,system,load1,5.11,dbms,tpc-ds,postgresql-100gb-load,1,ip-172-31-16-115,olap,benchANT
2026-06-04 08:24:00+00:00,system,load1,5.09,dbms,tpc-ds,postgresql-100gb-load,1,ip-172-31-16-115,olap,benchANT
2026-06-04 08:24:10+00:00,system,load1,5.08,dbms,tpc-ds,postgresql-100gb-load,1,ip-172-31-16-115,olap,benchANT
2026-06-04 08:24:20+00:00,system,load1,5.06,dbms,tpc-ds,postgresql-100gb-load,1,ip-172-31-16-115,olap,benchANT
2026-06-04 08:24:30+00:00,system,load1,5.05,dbms,tpc-ds,postgresql-100gb-load,1,ip-172-31-16-115,olap,benchANT
2026-06-04 08:24:40+00:00,system,load1,5.05,dbms,tpc-ds,postgresql-100gb-load,1,ip-172-31-16-115,olap,benchANT
2026-06-04 08:24:50+00:00,system,load1,5.04,dbms,tpc-ds,postgresql-100gb-load,1,ip-172-31-16-115,olap,benchANT
2026-06-04 08:25:00+00:00,system,load1,5.03,dbms,tpc-ds,postgresql-100gb-load,1,ip-172-31-16-115,olap,benchANT
2026-06-04 08:25:10+00:00,system,load1,5.03,dbms,tpc-ds,postgresql-100gb-load,1,ip-172-31-16-115,olap,benchANT
2026-06-04 08:25:20+00:00,system,load1,4.94,dbms,tpc-ds,postgresql-100gb-load,1,ip-172-31-16-115,olap,benchANT
2026-06-04 08:25:30+00:00,system,load1,4.8,dbms,tpc-ds,postgresql-100gb-load,1,ip-172-31-16-115,olap,benchANT
2026-06-04 08:25:40+00:00,system,load1,4.67,dbms,tpc-ds,postgresql-100gb-load,1,ip-172-31-16-115,olap,benchANT
2026-06-04 08:25:50+00:00,system,load1,4.57,dbms,tpc-ds,postgresql-100gb-load,1,ip-172-31-16-115,olap,benchANT
2026-06-04 08:26:00+00:00,system,load1,4.48,dbms,tpc-ds,postgresql-100gb-load,1,ip-172-31-16-115,olap,benchANT
2026-06-04 08:26:10+00:00,system,load1,4.41,dbms,tpc-ds,postgresql-100gb-load,1,ip-172-31-16-115,olap,benchANT
2026-06-04 08:26:20+00:00,system,load1,4.34,dbms,tpc-ds,postgresql-100gb-load,1,ip-172-31-16-115,olap,benchANT
2026-06-04 08:26:30+00:00,system,load1,4.29,dbms,tpc-ds,postgresql-100gb-load,1,ip-172-31-16-115,olap,benchANT
2026-06-04 08:26:40+00:00,system,load1,4.25,dbms,tpc-ds,postgresql-100gb-load,1,ip-172-31-16-115,olap,benchANT
2026-06-04 08:26:50+00:00,system,load1,4.21,dbms,tpc-ds,postgresql-100gb-load,1,ip-172-31-16-115,olap,benchANT
2026-06-04 08:27:00+00:00,system,load1,4.17,dbms,tpc-ds,postgresql-100gb-load,1,ip-172-31-16-115,olap,benchANT
2026-06-04 08:27:10+00:00,system,load1,4.15,dbms,tpc-ds,postgresql-100gb-load,1,ip-172-31-16-115,olap,benchANT
2026-06-04 08:27:20+00:00,system,load1,4.12,dbms,tpc-ds,postgresql-100gb-load,1,ip-172-31-16-115,olap,benchANT
2026-06-04 08:27:30+00:00,system,load1,4.1,dbms,tpc-ds,postgresql-100gb-load,1,ip-172-31-16-115,olap,benchANT
2026-06-04 08:27:40+00:00,system,load1,4.09,dbms,tpc-ds,postgresql-100gb-load,1,ip-172-31-16-115,olap,benchANT
2026-06-04 08:27:50+00:00,system,load1,4.07,dbms,tpc-ds,postgresql-100gb-load,1,ip-172-31-16-115,olap,benchANT
2026-06-04 08:28:00+00:00,system,load1,4.06,dbms,tpc-ds,postgresql-100gb-load,1,ip-172-31-16-115,olap,benchANT
2026-06-04 08:28:10+00:00,system,load1,4.05,dbms,tpc-ds,postgresql-100gb-load,1,ip-172-31-16-115,olap,benchANT
2026-06-04 08:28:20+00:00,system,load1,4.04,dbms,tpc-ds,postgresql-100gb-load,1,ip-172-31-16-115,olap,benchANT
2026-06-04 08:28:30+00:00,system,load1,4.04,dbms,tpc-ds,postgresql-100gb-load,1,ip-172-31-16-115,olap,benchANT
2026-06-04 08:28:40+00:00,system,load1,4.03,dbms,tpc-ds,postgresql-100gb-load,1,ip-172-31-16-115,olap,benchANT
2026-06-04 08:28:50+00:00,system,load1,4.02,dbms,tpc-ds,postgresql-100gb-load,1,ip-172-31-16-115,olap,benchANT
2026-06-04 08:29:00+00:00,system,load1,4.02,dbms,tpc-ds,postgresql-100gb-load,1,ip-172-31-16-115,olap,benchANT
2026-06-04 08:29:10+00:00,system,load1,4.02,dbms,tpc-ds,postgresql-100gb-load,1,ip-172-31-16-115,olap,benchANT
2026-06-04 08:29:20+00:00,system,load1,4.01,dbms,tpc-ds,postgresql-100gb-load,1,ip-172-31-16-115,olap,benchANT
2026-06-04 08:29:30+00:00,system,load1,4.01,dbms,tpc-ds,postgresql-100gb-load,1,ip-172-31-16-115,olap,benchANT
2026-06-04 08:29:40+00:00,system,load1,4.01,dbms,tpc-ds,postgresql-100gb-load,1,ip-172-31-16-115,olap,benchANT
2026-06-04 08:29:50+00:00,system,load1,4.01,dbms,tpc-ds,postgresql-100gb-load,1,ip-172-31-16-115,olap,benchANT
2026-06-04 08:30:00+00:00,system,load1,4.01,dbms,tpc-ds,postgresql-100gb-load,1,ip-172-31-16-115,olap,benchANT
2026-06-04 08:30:10+00:00,system,load1,4.0,dbms,tpc-ds,postgresql-100gb-load,1,ip-172-31-16-115,olap,benchANT
2026-06-04 08:30:20+00:00,system,load1,4.0,dbms,tpc-ds,postgresql-100gb-load,1,ip-172-31-16-115,olap,benchANT
2026-06-04 08:30:30+00:00,system,load1,4.0,dbms,tpc-ds,postgresql-100gb-load,1,ip-172-31-16-115,olap,benchANT
2026-06-04 08:30:40+00:00,system,load1,4.16,dbms,tpc-ds,postgresql-100gb-load,1,ip-172-31-16-115,olap,benchANT
2026-06-04 08:30:50+00:00,system,load1,4.14,dbms,tpc-ds,postgresql-100gb-load,1,ip-172-31-16-115,olap,benchANT
2026-06-04 08:31:00+00:00,system,load1,4.2,dbms,tpc-ds,postgresql-100gb-load,1,ip-172-31-16-115,olap,benchANT
2026-06-04 08:31:10+00:00,system,load1,4.16,dbms,tpc-ds,postgresql-100gb-load,1,ip-172-31-16-115,olap,benchANT
2026-06-04 08:31:20+00:00,system,load1,4.14,dbms,tpc-ds,postgresql-100gb-load,1,ip-172-31-16-115,olap,benchANT
2026-06-04 08:31:30+00:00,system,load1,4.19,dbms,tpc-ds,postgresql-100gb-load,1,ip-172-31-16-115,olap,benchANT
2026-06-04 08:31:40+00:00,system,load1,4.16,dbms,tpc-ds,postgresql-100gb-load,1,ip-172-31-16-115,olap,benchANT
2026-06-04 08:31:50+00:00,system,load1,4.14,dbms,tpc-ds,postgresql-100gb-load,1,ip-172-31-16-115,olap,benchANT
2026-06-04 08:32:00+00:00,system,load1,4.11,dbms,tpc-ds,postgresql-100gb-load,1,ip-172-31-16-115,olap,benchANT
2026-06-04 08:32:10+00:00,system,load1,4.1,dbms,tpc-ds,postgresql-100gb-load,1,ip-172-31-16-115,olap,benchANT
2026-06-04 08:32:20+00:00,system,load1,4.24,dbms,tpc-ds,postgresql-100gb-load,1,ip-172-31-16-115,olap,benchANT
2026-06-04 08:32:30+00:00,system,load1,4.35,dbms,tpc-ds,postgresql-100gb-load,1,ip-172-31-16-115,olap,benchANT
2026-06-04 08:32:40+00:00,system,load1,4.45,dbms,tpc-ds,postgresql-100gb-load,1,ip-172-31-16-115,olap,benchANT
2026-06-04 08:32:50+00:00,system,load1,4.54,dbms,tpc-ds,postgresql-100gb-load,1,ip-172-31-16-115,olap,benchANT
2026-06-04 08:33:00+00:00,system,load1,4.76,dbms,tpc-ds,postgresql-100gb-load,1,ip-172-31-16-115,olap,benchANT
2026-06-04 08:33:10+00:00,system,load1,4.79,dbms,tpc-ds,postgresql-100gb-load,1,ip-172-31-16-115,olap,benchANT
2026-06-04 08:33:20+00:00,system,load1,4.83,dbms,tpc-ds,postgresql-100gb-load,1,ip-172-31-16-115,olap,benchANT
2026-06-04 08:33:30+00:00,system,load1,4.85,dbms,tpc-ds,postgresql-100gb-load,1,ip-172-31-16-115,olap,benchANT
2026-06-04 08:33:40+00:00,system,load1,4.96,dbms,tpc-ds,postgresql-100gb-load,1,ip-172-31-16-115,olap,benchANT
2026-06-04 08:33:50+00:00,system,load1,5.04,dbms,tpc-ds,postgresql-100gb-load,1,ip-172-31-16-115,olap,benchANT
2026-06-04 08:34:00+00:00,system,load1,5.04,dbms,tpc-ds,postgresql-100gb-load,1,ip-172-31-16-115,olap,benchANT
2026-06-04 08:34:10+00:00,system,load1,5.03,dbms,tpc-ds,postgresql-100gb-load,1,ip-172-31-16-115,olap,benchANT
2026-06-04 08:34:20+00:00,system,load1,5.03,dbms,tpc-ds,postgresql-100gb-load,1,ip-172-31-16-115,olap,benchANT
2026-06-04 08:34:30+00:00,system,load1,5.02,dbms,tpc-ds,postgresql-100gb-load,1,ip-172-31-16-115,olap,benchANT
2026-06-04 08:34:40+00:00,system,load1,5.09,dbms,tpc-ds,postgresql-100gb-load,1,ip-172-31-16-115,olap,benchANT
2026-06-04 08:34:50+00:00,system,load1,5.16,dbms,tpc-ds,postgresql-100gb-load,1,ip-172-31-16-115,olap,benchANT
2026-06-04 08:35:00+00:00,system,load1,5.13,dbms,tpc-ds,postgresql-100gb-load,1,ip-172-31-16-115,olap,benchANT
2026-06-04 08:35:10+00:00,system,load1,5.11,dbms,tpc-ds,postgresql-100gb-load,1,ip-172-31-16-115,olap,benchANT
2026-06-04 08:35:20+00:00,system,load1,5.17,dbms,tpc-ds,postgresql-100gb-load,1,ip-172-31-16-115,olap,benchANT
2026-06-04 08:35:30+00:00,system,load1,5.3,dbms,tpc-ds,postgresql-100gb-load,1,ip-172-31-16-115,olap,benchANT
2026-06-04 08:35:40+00:00,system,load1,5.41,dbms,tpc-ds,postgresql-100gb-load,1,ip-172-31-16-115,olap,benchANT
2026-06-04 08:35:50+00:00,system,load1,5.5,dbms,tpc-ds,postgresql-100gb-load,1,ip-172-31-16-115,olap,benchANT
2026-06-04 08:36:00+00:00,system,load1,5.66,dbms,tpc-ds,postgresql-100gb-load,1,ip-172-31-16-115,olap,benchANT
2026-06-04 08:36:10+00:00,system,load1,5.86,dbms,tpc-ds,postgresql-100gb-load,1,ip-172-31-16-115,olap,benchANT
2026-06-04 08:36:20+00:00,system,load1,6.04,dbms,tpc-ds,postgresql-100gb-load,1,ip-172-31-16-115,olap,benchANT
2026-06-04 08:36:30+00:00,system,load1,6.19,dbms,tpc-ds,postgresql-100gb-load,1,ip-172-31-16-115,olap,benchANT
2026-06-04 08:36:40+00:00,system,load1,6.31,dbms,tpc-ds,postgresql-100gb-load,1,ip-172-31-16-115,olap,benchANT
2026-06-04 08:36:50+00:00,system,load1,6.42,dbms,tpc-ds,postgresql-100gb-load,1,ip-172-31-16-115,olap,benchANT
2026-06-04 08:37:00+00:00,system,load1,6.51,dbms,tpc-ds,postgresql-100gb-load,1,ip-172-31-16-115,olap,benchANT
2026-06-04 08:37:10+00:00,system,load1,6.58,dbms,tpc-ds,postgresql-100gb-load,1,ip-172-31-16-115,olap,benchANT
2026-06-04 08:37:20+00:00,system,load1,6.65,dbms,tpc-ds,postgresql-100gb-load,1,ip-172-31-16-115,olap,benchANT
2026-06-04 08:37:30+00:00,system,load1,6.55,dbms,tpc-ds,postgresql-100gb-load,1,ip-172-31-16-115,olap,benchANT
2026-06-04 08:37:40+00:00,system,load1,6.46,dbms,tpc-ds,postgresql-100gb-load,1,ip-172-31-16-115,olap,benchANT
2026-06-04 08:37:50+00:00,system,load1,6.39,dbms,tpc-ds,postgresql-100gb-load,1,ip-172-31-16-115,olap,benchANT
2026-06-04 08:38:00+00:00,system,load1,6.33,dbms,tpc-ds,postgresql-100gb-load,1,ip-172-31-16-115,olap,benchANT
2026-06-04 08:38:10+00:00,system,load1,6.35,dbms,tpc-ds,postgresql-100gb-load,1,ip-172-31-16-115,olap,benchANT
2026-06-04 08:38:20+00:00,system,load1,6.3,dbms,tpc-ds,postgresql-100gb-load,1,ip-172-31-16-115,olap,benchANT
2026-06-04 08:38:30+00:00,system,load1,6.25,dbms,tpc-ds,postgresql-100gb-load,1,ip-172-31-16-115,olap,benchANT
2026-06-04 08:38:40+00:00,system,load1,6.29,dbms,tpc-ds,postgresql-100gb-load,1,ip-172-31-16-115,olap,benchANT
2026-06-04 08:38:50+00:00,system,load1,6.24,dbms,tpc-ds,postgresql-100gb-load,1,ip-172-31-16-115,olap,benchANT
2026-06-04 08:39:00+00:00,system,load1,6.2,dbms,tpc-ds,postgresql-100gb-load,1,ip-172-31-16-115,olap,benchANT
2026-06-04 08:39:10+00:00,system,load1,6.17,dbms,tpc-ds,postgresql-100gb-load,1,ip-172-31-16-115,olap,benchANT
2026-06-04 08:39:20+00:00,system,load1,6.15,dbms,tpc-ds,postgresql-100gb-load,1,ip-172-31-16-115,olap,benchANT
2026-06-04 08:39:30+00:00,system,load1,6.12,dbms,tpc-ds,postgresql-100gb-load,1,ip-172-31-16-115,olap,benchANT
2026-06-04 08:39:40+00:00,system,load1,6.1,dbms,tpc-ds,postgresql-100gb-load,1,ip-172-31-16-115,olap,benchANT
2026-06-04 08:39:50+00:00,system,load1,6.09,dbms,tpc-ds,postgresql-100gb-load,1,ip-172-31-16-115,olap,benchANT
2026-06-04 08:40:00+00:00,system,load1,6.07,dbms,tpc-ds,postgresql-100gb-load,1,ip-172-31-16-115,olap,benchANT
2026-06-04 08:40:10+00:00,system,load1,6.06,dbms,tpc-ds,postgresql-100gb-load,1,ip-172-31-16-115,olap,benchANT
2026-06-04 08:40:20+00:00,system,load1,6.05,dbms,tpc-ds,postgresql-100gb-load,1,ip-172-31-16-115,olap,benchANT
2026-06-04 08:40:30+00:00,system,load1,6.04,dbms,tpc-ds,postgresql-100gb-load,1,ip-172-31-16-115,olap,benchANT
2026-06-04 08:40:40+00:00,system,load1,6.04,dbms,tpc-ds,postgresql-100gb-load,1,ip-172-31-16-115,olap,benchANT
2026-06-04 08:40:50+00:00,system,load1,6.03,dbms,tpc-ds,postgresql-100gb-load,1,ip-172-31-16-115,olap,benchANT
2026-06-04 08:41:00+00:00,system,load1,6.02,dbms,tpc-ds,postgresql-100gb-load,1,ip-172-31-16-115,olap,benchANT
2026-06-04 08:41:10+00:00,system,load1,6.18,dbms,tpc-ds,postgresql-100gb-load,1,ip-172-31-16-115,olap,benchANT
2026-06-04 08:41:20+00:00,system,load1,6.3,dbms,tpc-ds,postgresql-100gb-load,1,ip-172-31-16-115,olap,benchANT
2026-06-04 08:41:30+00:00,system,load1,6.41,dbms,tpc-ds,postgresql-100gb-load,1,ip-172-31-16-115,olap,benchANT
2026-06-04 08:41:40+00:00,system,load1,6.5,dbms,tpc-ds,postgresql-100gb-load,1,ip-172-31-16-115,olap,benchANT
2026-06-04 08:41:50+00:00,system,load1,6.58,dbms,tpc-ds,postgresql-100gb-load,1,ip-172-31-16-115,olap,benchANT
2026-06-04 08:42:00+00:00,system,load1,6.64,dbms,tpc-ds,postgresql-100gb-load,1,ip-172-31-16-115,olap,benchANT
2026-06-04 08:42:10+00:00,system,load1,6.7,dbms,tpc-ds,postgresql-100gb-load,1,ip-172-31-16-115,olap,benchANT
2026-06-04 08:42:20+00:00,system,load1,6.83,dbms,tpc-ds,postgresql-100gb-load,1,ip-172-31-16-115,olap,benchANT
2026-06-04 08:42:30+00:00,system,load1,6.85,dbms,tpc-ds,postgresql-100gb-load,1,ip-172-31-16-115,olap,benchANT
2026-06-04 08:42:40+00:00,system,load1,6.88,dbms,tpc-ds,postgresql-100gb-load,1,ip-172-31-16-115,olap,benchANT
2026-06-04 08:42:50+00:00,system,load1,6.74,dbms,tpc-ds,postgresql-100gb-load,1,ip-172-31-16-115,olap,benchANT
2026-06-04 08:43:00+00:00,system,load1,6.47,dbms,tpc-ds,postgresql-100gb-load,1,ip-172-31-16-115,olap,benchANT
2026-06-04 08:43:10+00:00,system,load1,6.24,dbms,tpc-ds,postgresql-100gb-load,1,ip-172-31-16-115,olap,benchANT
2026-06-04 08:43:20+00:00,system,load1,6.05,dbms,tpc-ds,postgresql-100gb-load,1,ip-172-31-16-115,olap,benchANT
2026-06-04 08:43:30+00:00,system,load1,5.96,dbms,tpc-ds,postgresql-100gb-load,1,ip-172-31-16-115,olap,benchANT
2026-06-04 08:43:40+00:00,system,load1,5.81,dbms,tpc-ds,postgresql-100gb-load,1,ip-172-31-16-115,olap,benchANT
2026-06-04 08:43:50+00:00,system,load1,5.69,dbms,tpc-ds,postgresql-100gb-load,1,ip-172-31-16-115,olap,benchANT
2026-06-04 08:44:00+00:00,system,load1,5.58,dbms,tpc-ds,postgresql-100gb-load,1,ip-172-31-16-115,olap,benchANT
2026-06-04 08:44:10+00:00,system,load1,5.49,dbms,tpc-ds,postgresql-100gb-load,1,ip-172-31-16-115,olap,benchANT
2026-06-04 08:44:20+00:00,system,load1,5.42,dbms,tpc-ds,postgresql-100gb-load,1,ip-172-31-16-115,olap,benchANT
2026-06-04 08:44:30+00:00,system,load1,5.35,dbms,tpc-ds,postgresql-100gb-load,1,ip-172-31-16-115,olap,benchANT
2026-06-04 08:44:40+00:00,system,load1,5.3,dbms,tpc-ds,postgresql-100gb-load,1,ip-172-31-16-115,olap,benchANT
2026-06-04 08:44:50+00:00,system,load1,5.25,dbms,tpc-ds,postgresql-100gb-load,1,ip-172-31-16-115,olap,benchANT
2026-06-04 08:45:00+00:00,system,load1,5.21,dbms,tpc-ds,postgresql-100gb-load,1,ip-172-31-16-115,olap,benchANT
2026-06-04 08:45:10+00:00,system,load1,5.18,dbms,tpc-ds,postgresql-100gb-load,1,ip-172-31-16-115,olap,benchANT
2026-06-04 08:45:20+00:00,system,load1,5.15,dbms,tpc-ds,postgresql-100gb-load,1,ip-172-31-16-115,olap,benchANT
2026-06-04 08:45:30+00:00,system,load1,5.13,dbms,tpc-ds,postgresql-100gb-load,1,ip-172-31-16-115,olap,benchANT
2026-06-04 08:45:40+00:00,system,load1,5.11,dbms,tpc-ds,postgresql-100gb-load,1,ip-172-31-16-115,olap,benchANT
2026-06-04 08:45:50+00:00,system,load1,5.09,dbms,tpc-ds,postgresql-100gb-load,1,ip-172-31-16-115,olap,benchANT
2026-06-04 08:46:00+00:00,system,load1,5.08,dbms,tpc-ds,postgresql-100gb-load,1,ip-172-31-16-115,olap,benchANT
2026-06-04 08:46:10+00:00,system,load1,5.06,dbms,tpc-ds,postgresql-100gb-load,1,ip-172-31-16-115,olap,benchANT
2026-06-04 08:46:20+00:00,system,load1,5.05,dbms,tpc-ds,postgresql-100gb-load,1,ip-172-31-16-115,olap,benchANT
2026-06-04 08:46:30+00:00,system,load1,5.05,dbms,tpc-ds,postgresql-100gb-load,1,ip-172-31-16-115,olap,benchANT
2026-06-04 08:46:40+00:00,system,load1,5.04,dbms,tpc-ds,postgresql-100gb-load,1,ip-172-31-16-115,olap,benchANT
2026-06-04 08:46:50+00:00,system,load1,5.03,dbms,tpc-ds,postgresql-100gb-load,1,ip-172-31-16-115,olap,benchANT
2026-06-04 08:47:00+00:00,system,load1,5.11,dbms,tpc-ds,postgresql-100gb-load,1,ip-172-31-16-115,olap,benchANT
2026-06-04 08:47:10+00:00,system,load1,5.09,dbms,tpc-ds,postgresql-100gb-load,1,ip-172-31-16-115,olap,benchANT
2026-06-04 08:47:20+00:00,system,load1,4.78,dbms,tpc-ds,postgresql-100gb-load,1,ip-172-31-16-115,olap,benchANT
2026-06-04 08:47:30+00:00,system,load1,4.81,dbms,tpc-ds,postgresql-100gb-load,1,ip-172-31-16-115,olap,benchANT
2026-06-04 08:47:40+00:00,system,load1,4.84,dbms,tpc-ds,postgresql-100gb-load,1,ip-172-31-16-115,olap,benchANT
2026-06-04 08:47:50+00:00,system,load1,4.87,dbms,tpc-ds,postgresql-100gb-load,1,ip-172-31-16-115,olap,benchANT
2026-06-04 08:48:00+00:00,system,load1,4.89,dbms,tpc-ds,postgresql-100gb-load,1,ip-172-31-16-115,olap,benchANT
2026-06-04 08:48:10+00:00,system,load1,4.91,dbms,tpc-ds,postgresql-100gb-load,1,ip-172-31-16-115,olap,benchANT
2026-06-04 08:48:20+00:00,system,load1,4.92,dbms,tpc-ds,postgresql-100gb-load,1,ip-172-31-16-115,olap,benchANT
2026-06-04 08:48:30+00:00,system,load1,5.01,dbms,tpc-ds,postgresql-100gb-load,1,ip-172-31-16-115,olap,benchANT
2026-06-04 08:48:40+00:00,system,load1,5.01,dbms,tpc-ds,postgresql-100gb-load,1,ip-172-31-16-115,olap,benchANT
2026-06-04 08:48:50+00:00,system,load1,5.0,dbms,tpc-ds,postgresql-100gb-load,1,ip-172-31-16-115,olap,benchANT
2026-06-04 08:49:00+00:00,system,load1,5.0,dbms,tpc-ds,postgresql-100gb-load,1,ip-172-31-16-115,olap,benchANT
2026-06-04 08:49:10+00:00,system,load1,5.0,dbms,tpc-ds,postgresql-100gb-load,1,ip-172-31-16-115,olap,benchANT
2026-06-04 08:49:20+00:00,system,load1,5.0,dbms,tpc-ds,postgresql-100gb-load,1,ip-172-31-16-115,olap,benchANT
2026-06-04 08:49:30+00:00,system,load1,5.0,dbms,tpc-ds,postgresql-100gb-load,1,ip-172-31-16-115,olap,benchANT
2026-06-04 08:49:40+00:00,system,load1,5.0,dbms,tpc-ds,postgresql-100gb-load,1,ip-172-31-16-115,olap,benchANT
2026-06-04 08:49:50+00:00,system,load1,5.0,dbms,tpc-ds,postgresql-100gb-load,1,ip-172-31-16-115,olap,benchANT
2026-06-04 08:50:00+00:00,system,load1,5.0,dbms,tpc-ds,postgresql-100gb-load,1,ip-172-31-16-115,olap,benchANT
2026-06-04 08:50:10+00:00,system,load1,5.0,dbms,tpc-ds,postgresql-100gb-load,1,ip-172-31-16-115,olap,benchANT
2026-06-04 08:50:20+00:00,system,load1,5.0,dbms,tpc-ds,postgresql-100gb-load,1,ip-172-31-16-115,olap,benchANT
2026-06-04 08:50:30+00:00,system,load1,5.0,dbms,tpc-ds,postgresql-100gb-load,1,ip-172-31-16-115,olap,benchANT
2026-06-04 08:50:40+00:00,system,load1,5.0,dbms,tpc-ds,postgresql-100gb-load,1,ip-172-31-16-115,olap,benchANT
2026-06-04 08:50:50+00:00,system,load1,5.0,dbms,tpc-ds,postgresql-100gb-load,1,ip-172-31-16-115,olap,benchANT
2026-06-04 08:51:00+00:00,system,load1,5.08,dbms,tpc-ds,postgresql-100gb-load,1,ip-172-31-16-115,olap,benchANT
2026-06-04 08:51:10+00:00,system,load1,5.07,dbms,tpc-ds,postgresql-100gb-load,1,ip-172-31-16-115,olap,benchANT
2026-06-04 08:51:20+00:00,system,load1,5.06,dbms,tpc-ds,postgresql-100gb-load,1,ip-172-31-16-115,olap,benchANT
2026-06-04 08:51:30+00:00,system,load1,5.05,dbms,tpc-ds,postgresql-100gb-load,1,ip-172-31-16-115,olap,benchANT
2026-06-04 08:51:40+00:00,system,load1,5.04,dbms,tpc-ds,postgresql-100gb-load,1,ip-172-31-16-115,olap,benchANT
2026-06-04 08:51:50+00:00,system,load1,5.03,dbms,tpc-ds,postgresql-100gb-load,1,ip-172-31-16-115,olap,benchANT
2026-06-04 08:52:00+00:00,system,load1,5.03,dbms,tpc-ds,postgresql-100gb-load,1,ip-172-31-16-115,olap,benchANT
2026-06-04 08:52:10+00:00,system,load1,5.02,dbms,tpc-ds,postgresql-100gb-load,1,ip-172-31-16-115,olap,benchANT
2026-06-04 08:52:20+00:00,system,load1,5.02,dbms,tpc-ds,postgresql-100gb-load,1,ip-172-31-16-115,olap,benchANT
2026-06-04 08:52:30+00:00,system,load1,5.09,dbms,tpc-ds,postgresql-100gb-load,1,ip-172-31-16-115,olap,benchANT
2026-06-04 08:52:40+00:00,system,load1,5.08,dbms,tpc-ds,postgresql-100gb-load,1,ip-172-31-16-115,olap,benchANT
2026-06-04 08:52:50+00:00,system,load1,5.06,dbms,tpc-ds,postgresql-100gb-load,1,ip-172-31-16-115,olap,benchANT
2026-06-04 08:53:00+00:00,system,load1,5.05,dbms,tpc-ds,postgresql-100gb-load,1,ip-172-31-16-115,olap,benchANT
2026-06-04 08:53:10+00:00,system,load1,5.04,dbms,tpc-ds,postgresql-100gb-load,1,ip-172-31-16-115,olap,benchANT
2026-06-04 08:53:20+00:00,system,load1,5.04,dbms,tpc-ds,postgresql-100gb-load,1,ip-172-31-16-115,olap,benchANT
2026-06-04 08:53:30+00:00,system,load1,5.03,dbms,tpc-ds,postgresql-100gb-load,1,ip-172-31-16-115,olap,benchANT
2026-06-04 08:53:40+00:00,system,load1,5.03,dbms,tpc-ds,postgresql-100gb-load,1,ip-172-31-16-115,olap,benchANT
2026-06-04 08:53:50+00:00,system,load1,5.02,dbms,tpc-ds,postgresql-100gb-load,1,ip-172-31-16-115,olap,benchANT
2026-06-04 08:54:00+00:00,system,load1,5.02,dbms,tpc-ds,postgresql-100gb-load,1,ip-172-31-16-115,olap,benchANT
2026-06-04 08:54:10+00:00,system,load1,5.01,dbms,tpc-ds,postgresql-100gb-load,1,ip-172-31-16-115,olap,benchANT
2026-06-04 08:54:20+00:00,system,load1,4.86,dbms,tpc-ds,postgresql-100gb-load,1,ip-172-31-16-115,olap,benchANT
2026-06-04 08:54:30+00:00,system,load1,4.73,dbms,tpc-ds,postgresql-100gb-load,1,ip-172-31-16-115,olap,benchANT
2026-06-04 08:54:40+00:00,system,load1,4.61,dbms,tpc-ds,postgresql-100gb-load,1,ip-172-31-16-115,olap,benchANT
2026-06-04 08:54:50+00:00,system,load1,4.52,dbms,tpc-ds,postgresql-100gb-load,1,ip-172-31-16-115,olap,benchANT
2026-06-04 08:55:00+00:00,system,load1,4.44,dbms,tpc-ds,postgresql-100gb-load,1,ip-172-31-16-115,olap,benchANT
2026-06-04 08:55:10+00:00,system,load1,4.37,dbms,tpc-ds,postgresql-100gb-load,1,ip-172-31-16-115,olap,benchANT
2026-06-04 08:55:20+00:00,system,load1,4.31,dbms,tpc-ds,postgresql-100gb-load,1,ip-172-31-16-115,olap,benchANT
2026-06-04 08:55:30+00:00,system,load1,4.26,dbms,tpc-ds,postgresql-100gb-load,1,ip-172-31-16-115,olap,benchANT
2026-06-04 08:55:40+00:00,system,load1,4.22,dbms,tpc-ds,postgresql-100gb-load,1,ip-172-31-16-115,olap,benchANT
2026-06-04 08:55:50+00:00,system,load1,4.19,dbms,tpc-ds,postgresql-100gb-load,1,ip-172-31-16-115,olap,benchANT
2026-06-04 08:56:00+00:00,system,load1,4.16,dbms,tpc-ds,postgresql-100gb-load,1,ip-172-31-16-115,olap,benchANT
2026-06-04 08:56:10+00:00,system,load1,4.13,dbms,tpc-ds,postgresql-100gb-load,1,ip-172-31-16-115,olap,benchANT
2026-06-04 08:56:20+00:00,system,load1,4.11,dbms,tpc-ds,postgresql-100gb-load,1,ip-172-31-16-115,olap,benchANT
2026-06-04 08:56:30+00:00,system,load1,4.1,dbms,tpc-ds,postgresql-100gb-load,1,ip-172-31-16-115,olap,benchANT
2026-06-04 08:56:40+00:00,system,load1,4.08,dbms,tpc-ds,postgresql-100gb-load,1,ip-172-31-16-115,olap,benchANT
2026-06-04 08:56:50+00:00,system,load1,4.07,dbms,tpc-ds,postgresql-100gb-load,1,ip-172-31-16-115,olap,benchANT
2026-06-04 08:57:00+00:00,system,load1,4.13,dbms,tpc-ds,postgresql-100gb-load,1,ip-172-31-16-115,olap,benchANT
2026-06-04 08:57:10+00:00,system,load1,4.11,dbms,tpc-ds,postgresql-100gb-load,1,ip-172-31-16-115,olap,benchANT
2026-06-04 08:57:20+00:00,system,load1,4.09,dbms,tpc-ds,postgresql-100gb-load,1,ip-172-31-16-115,olap,benchANT
2026-06-04 08:57:30+00:00,system,load1,4.08,dbms,tpc-ds,postgresql-100gb-load,1,ip-172-31-16-115,olap,benchANT
2026-06-04 08:57:40+00:00,system,load1,4.07,dbms,tpc-ds,postgresql-100gb-load,1,ip-172-31-16-115,olap,benchANT
2026-06-04 08:57:50+00:00,system,load1,4.06,dbms,tpc-ds,postgresql-100gb-load,1,ip-172-31-16-115,olap,benchANT
2026-06-04 08:58:00+00:00,system,load1,4.05,dbms,tpc-ds,postgresql-100gb-load,1,ip-172-31-16-115,olap,benchANT
2026-06-04 08:58:10+00:00,system,load1,4.04,dbms,tpc-ds,postgresql-100gb-load,1,ip-172-31-16-115,olap,benchANT
2026-06-04 08:58:20+00:00,system,load1,4.03,dbms,tpc-ds,postgresql-100gb-load,1,ip-172-31-16-115,olap,benchANT
2026-06-04 08:58:30+00:00,system,load1,4.03,dbms,tpc-ds,postgresql-100gb-load,1,ip-172-31-16-115,olap,benchANT
2026-06-04 08:58:40+00:00,system,load1,4.02,dbms,tpc-ds,postgresql-100gb-load,1,ip-172-31-16-115,olap,benchANT
2026-06-04 08:58:50+00:00,system,load1,4.02,dbms,tpc-ds,postgresql-100gb-load,1,ip-172-31-16-115,olap,benchANT
2026-06-04 08:59:00+00:00,system,load1,4.02,dbms,tpc-ds,postgresql-100gb-load,1,ip-172-31-16-115,olap,benchANT
2026-06-04 08:59:10+00:00,system,load1,4.01,dbms,tpc-ds,postgresql-100gb-load,1,ip-172-31-16-115,olap,benchANT
2026-06-04 08:59:20+00:00,system,load1,4.01,dbms,tpc-ds,postgresql-100gb-load,1,ip-172-31-16-115,olap,benchANT
2026-06-04 08:59:30+00:00,system,load1,4.01,dbms,tpc-ds,postgresql-100gb-load,1,ip-172-31-16-115,olap,benchANT
2026-06-04 08:59:40+00:00,system,load1,4.08,dbms,tpc-ds,postgresql-100gb-load,1,ip-172-31-16-115,olap,benchANT
2026-06-04 08:59:50+00:00,system,load1,4.07,dbms,tpc-ds,postgresql-100gb-load,1,ip-172-31-16-115,olap,benchANT
2026-06-04 09:00:00+00:00,system,load1,4.06,dbms,tpc-ds,postgresql-100gb-load,1,ip-172-31-16-115,olap,benchANT
2026-06-04 09:00:10+00:00,system,load1,4.05,dbms,tpc-ds,postgresql-100gb-load,1,ip-172-31-16-115,olap,benchANT
2026-06-04 09:00:20+00:00,system,load1,4.04,dbms,tpc-ds,postgresql-100gb-load,1,ip-172-31-16-115,olap,benchANT
2026-06-04 09:00:30+00:00,system,load1,4.03,dbms,tpc-ds,postgresql-100gb-load,1,ip-172-31-16-115,olap,benchANT
2026-06-04 09:00:40+00:00,system,load1,4.03,dbms,tpc-ds,postgresql-100gb-load,1,ip-172-31-16-115,olap,benchANT
2026-06-04 09:00:50+00:00,system,load1,4.02,dbms,tpc-ds,postgresql-100gb-load,1,ip-172-31-16-115,olap,benchANT
2026-06-04 09:01:00+00:00,system,load1,4.02,dbms,tpc-ds,postgresql-100gb-load,1,ip-172-31-16-115,olap,benchANT
2026-06-04 09:01:10+00:00,system,load1,4.02,dbms,tpc-ds,postgresql-100gb-load,1,ip-172-31-16-115,olap,benchANT
2026-06-04 07:50:20+00:00,system,load15,0.0,dbms,tpc-ds,postgresql-100gb-load,1,ip-172-31-16-115,olap,benchANT
2026-06-04 07:50:30+00:00,system,load15,0.05,dbms,tpc-ds,postgresql-100gb-load,1,ip-172-31-16-115,olap,benchANT
2026-06-04 07:50:40+00:00,system,load15,0.09,dbms,tpc-ds,postgresql-100gb-load,1,ip-172-31-16-115,olap,benchANT
2026-06-04 07:50:50+00:00,system,load15,0.13,dbms,tpc-ds,postgresql-100gb-load,1,ip-172-31-16-115,olap,benchANT
2026-06-04 07:51:00+00:00,system,load15,0.18,dbms,tpc-ds,postgresql-100gb-load,1,ip-172-31-16-115,olap,benchANT
2026-06-04 07:51:10+00:00,system,load15,0.22,dbms,tpc-ds,postgresql-100gb-load,1,ip-172-31-16-115,olap,benchANT
2026-06-04 07:51:20+00:00,system,load15,0.26,dbms,tpc-ds,postgresql-100gb-load,1,ip-172-31-16-115,olap,benchANT
2026-06-04 07:51:30+00:00,system,load15,0.3,dbms,tpc-ds,postgresql-100gb-load,1,ip-172-31-16-115,olap,benchANT
2026-06-04 07:51:40+00:00,system,load15,0.34,dbms,tpc-ds,postgresql-100gb-load,1,ip-172-31-16-115,olap,benchANT
2026-06-04 07:51:50+00:00,system,load15,0.38,dbms,tpc-ds,postgresql-100gb-load,1,ip-172-31-16-115,olap,benchANT
2026-06-04 07:52:00+00:00,system,load15,0.42,dbms,tpc-ds,postgresql-100gb-load,1,ip-172-31-16-115,olap,benchANT
2026-06-04 07:52:10+00:00,system,load15,0.48,dbms,tpc-ds,postgresql-100gb-load,1,ip-172-31-16-115,olap,benchANT
2026-06-04 07:52:20+00:00,system,load15,0.52,dbms,tpc-ds,postgresql-100gb-load,1,ip-172-31-16-115,olap,benchANT
2026-06-04 07:52:30+00:00,system,load15,0.55,dbms,tpc-ds,postgresql-100gb-load,1,ip-172-31-16-115,olap,benchANT
2026-06-04 07:52:40+00:00,system,load15,0.6,dbms,tpc-ds,postgresql-100gb-load,1,ip-172-31-16-115,olap,benchANT
2026-06-04 07:52:50+00:00,system,load15,0.64,dbms,tpc-ds,postgresql-100gb-load,1,ip-172-31-16-115,olap,benchANT
2026-06-04 07:53:00+00:00,system,load15,0.67,dbms,tpc-ds,postgresql-100gb-load,1,ip-172-31-16-115,olap,benchANT
2026-06-04 07:53:10+00:00,system,load15,0.71,dbms,tpc-ds,postgresql-100gb-load,1,ip-172-31-16-115,olap,benchANT
2026-06-04 07:53:20+00:00,system,load15,0.75,dbms,tpc-ds,postgresql-100gb-load,1,ip-172-31-16-115,olap,benchANT
2026-06-04 07:53:30+00:00,system,load15,0.79,dbms,tpc-ds,postgresql-100gb-load,1,ip-172-31-16-115,olap,benchANT
2026-06-04 07:53:40+00:00,system,load15,0.82,dbms,tpc-ds,postgresql-100gb-load,1,ip-172-31-16-115,olap,benchANT
2026-06-04 07:53:50+00:00,system,load15,0.86,dbms,tpc-ds,postgresql-100gb-load,1,ip-172-31-16-115,olap,benchANT
2026-06-04 07:54:00+00:00,system,load15,0.89,dbms,tpc-ds,postgresql-100gb-load,1,ip-172-31-16-115,olap,benchANT
2026-06-04 07:54:10+00:00,system,load15,0.92,dbms,tpc-ds,postgresql-100gb-load,1,ip-172-31-16-115,olap,benchANT
2026-06-04 07:54:20+00:00,system,load15,0.96,dbms,tpc-ds,postgresql-100gb-load,1,ip-172-31-16-115,olap,benchANT
2026-06-04 07:54:30+00:00,system,load15,0.99,dbms,tpc-ds,postgresql-100gb-load,1,ip-172-31-16-115,olap,benchANT
2026-06-04 07:54:40+00:00,system,load15,1.02,dbms,tpc-ds,postgresql-100gb-load,1,ip-172-31-16-115,olap,benchANT
2026-06-04 07:54:50+00:00,system,load15,1.06,dbms,tpc-ds,postgresql-100gb-load,1,ip-172-31-16-115,olap,benchANT
2026-06-04 07:55:00+00:00,system,load15,1.09,dbms,tpc-ds,postgresql-100gb-load,1,ip-172-31-16-115,olap,benchANT
2026-06-04 07:55:10+00:00,system,load15,1.13,dbms,tpc-ds,postgresql-100gb-load,1,ip-172-31-16-115,olap,benchANT
2026-06-04 07:55:20+00:00,system,load15,1.16,dbms,tpc-ds,postgresql-100gb-load,1,ip-172-31-16-115,olap,benchANT
2026-06-04 07:55:30+00:00,system,load15,1.19,dbms,tpc-ds,postgresql-100gb-load,1,ip-172-31-16-115,olap,benchANT
2026-06-04 07:55:40+00:00,system,load15,1.22,dbms,tpc-ds,postgresql-100gb-load,1,ip-172-31-16-115,olap,benchANT
2026-06-04 07:55:50+00:00,system,load15,1.25,dbms,tpc-ds,postgresql-100gb-load,1,ip-172-31-16-115,olap,benchANT
2026-06-04 07:56:00+00:00,system,load15,1.28,dbms,tpc-ds,postgresql-100gb-load,1,ip-172-31-16-115,olap,benchANT
2026-06-04 07:56:10+00:00,system,load15,1.31,dbms,tpc-ds,postgresql-100gb-load,1,ip-172-31-16-115,olap,benchANT
2026-06-04 07:56:20+00:00,system,load15,1.34,dbms,tpc-ds,postgresql-100gb-load,1,ip-172-31-16-115,olap,benchANT
2026-06-04 07:56:30+00:00,system,load15,1.37,dbms,tpc-ds,postgresql-100gb-load,1,ip-172-31-16-115,olap,benchANT
2026-06-04 07:56:40+00:00,system,load15,1.39,dbms,tpc-ds,postgresql-100gb-load,1,ip-172-31-16-115,olap,benchANT
2026-06-04 07:56:50+00:00,system,load15,1.42,dbms,tpc-ds,postgresql-100gb-load,1,ip-172-31-16-115,olap,benchANT
2026-06-04 07:57:00+00:00,system,load15,1.45,dbms,tpc-ds,postgresql-100gb-load,1,ip-172-31-16-115,olap,benchANT
2026-06-04 07:57:10+00:00,system,load15,1.49,dbms,tpc-ds,postgresql-100gb-load,1,ip-172-31-16-115,olap,benchANT
2026-06-04 07:57:20+00:00,system,load15,1.52,dbms,tpc-ds,postgresql-100gb-load,1,ip-172-31-16-115,olap,benchANT
2026-06-04 07:57:30+00:00,system,load15,1.54,dbms,tpc-ds,postgresql-100gb-load,1,ip-172-31-16-115,olap,benchANT
2026-06-04 07:57:40+00:00,system,load15,1.57,dbms,tpc-ds,postgresql-100gb-load,1,ip-172-31-16-115,olap,benchANT
2026-06-04 07:57:50+00:00,system,load15,1.6,dbms,tpc-ds,postgresql-100gb-load,1,ip-172-31-16-115,olap,benchANT
2026-06-04 07:58:00+00:00,system,load15,1.62,dbms,tpc-ds,postgresql-100gb-load,1,ip-172-31-16-115,olap,benchANT
2026-06-04 07:58:10+00:00,system,load15,1.65,dbms,tpc-ds,postgresql-100gb-load,1,ip-172-31-16-115,olap,benchANT
2026-06-04 07:58:20+00:00,system,load15,1.68,dbms,tpc-ds,postgresql-100gb-load,1,ip-172-31-16-115,olap,benchANT
2026-06-04 07:58:30+00:00,system,load15,1.71,dbms,tpc-ds,postgresql-100gb-load,1,ip-172-31-16-115,olap,benchANT
2026-06-04 07:58:40+00:00,system,load15,1.73,dbms,tpc-ds,postgresql-100gb-load,1,ip-172-31-16-115,olap,benchANT
2026-06-04 07:58:50+00:00,system,load15,1.76,dbms,tpc-ds,postgresql-100gb-load,1,ip-172-31-16-115,olap,benchANT
2026-06-04 07:59:00+00:00,system,load15,1.78,dbms,tpc-ds,postgresql-100gb-load,1,ip-172-31-16-115,olap,benchANT
2026-06-04 07:59:10+00:00,system,load15,1.81,dbms,tpc-ds,postgresql-100gb-load,1,ip-172-31-16-115,olap,benchANT
2026-06-04 07:59:20+00:00,system,load15,1.83,dbms,tpc-ds,postgresql-100gb-load,1,ip-172-31-16-115,olap,benchANT
2026-06-04 07:59:30+00:00,system,load15,1.85,dbms,tpc-ds,postgresql-100gb-load,1,ip-172-31-16-115,olap,benchANT
2026-06-04 07:59:40+00:00,system,load15,1.88,dbms,tpc-ds,postgresql-100gb-load,1,ip-172-31-16-115,olap,benchANT
2026-06-04 07:59:50+00:00,system,load15,1.91,dbms,tpc-ds,postgresql-100gb-load,1,ip-172-31-16-115,olap,benchANT
2026-06-04 08:00:00+00:00,system,load15,1.93,dbms,tpc-ds,postgresql-100gb-load,1,ip-172-31-16-115,olap,benchANT
2026-06-04 08:00:10+00:00,system,load15,1.95,dbms,tpc-ds,postgresql-100gb-load,1,ip-172-31-16-115,olap,benchANT
2026-06-04 08:00:20+00:00,system,load15,1.97,dbms,tpc-ds,postgresql-100gb-load,1,ip-172-31-16-115,olap,benchANT
2026-06-04 08:00:30+00:00,system,load15,2.0,dbms,tpc-ds,postgresql-100gb-load,1,ip-172-31-16-115,olap,benchANT
2026-06-04 08:00:40+00:00,system,load15,2.02,dbms,tpc-ds,postgresql-100gb-load,1,ip-172-31-16-115,olap,benchANT
2026-06-04 08:00:50+00:00,system,load15,2.04,dbms,tpc-ds,postgresql-100gb-load,1,ip-172-31-16-115,olap,benchANT
2026-06-04 08:01:00+00:00,system,load15,2.06,dbms,tpc-ds,postgresql-100gb-load,1,ip-172-31-16-115,olap,benchANT
2026-06-04 08:01:10+00:00,system,load15,2.1,dbms,tpc-ds,postgresql-100gb-load,1,ip-172-31-16-115,olap,benchANT
2026-06-04 08:01:20+00:00,system,load15,2.12,dbms,tpc-ds,postgresql-100gb-load,1,ip-172-31-16-115,olap,benchANT
2026-06-04 08:01:30+00:00,system,load15,2.14,dbms,tpc-ds,postgresql-100gb-load,1,ip-172-31-16-115,olap,benchANT
2026-06-04 08:01:40+00:00,system,load15,2.16,dbms,tpc-ds,postgresql-100gb-load,1,ip-172-31-16-115,olap,benchANT
2026-06-04 08:01:50+00:00,system,load15,2.18,dbms,tpc-ds,postgresql-100gb-load,1,ip-172-31-16-115,olap,benchANT
2026-06-04 08:02:00+00:00,system,load15,2.2,dbms,tpc-ds,postgresql-100gb-load,1,ip-172-31-16-115,olap,benchANT
2026-06-04 08:02:10+00:00,system,load15,2.22,dbms,tpc-ds,postgresql-100gb-load,1,ip-172-31-16-115,olap,benchANT
2026-06-04 08:02:20+00:00,system,load15,2.24,dbms,tpc-ds,postgresql-100gb-load,1,ip-172-31-16-115,olap,benchANT
2026-06-04 08:02:30+00:00,system,load15,2.26,dbms,tpc-ds,postgresql-100gb-load,1,ip-172-31-16-115,olap,benchANT
2026-06-04 08:02:40+00:00,system,load15,2.28,dbms,tpc-ds,postgresql-100gb-load,1,ip-172-31-16-115,olap,benchANT
2026-06-04 08:02:50+00:00,system,load15,2.3,dbms,tpc-ds,postgresql-100gb-load,1,ip-172-31-16-115,olap,benchANT
2026-06-04 08:03:00+00:00,system,load15,2.32,dbms,tpc-ds,postgresql-100gb-load,1,ip-172-31-16-115,olap,benchANT
2026-06-04 08:03:10+00:00,system,load15,2.34,dbms,tpc-ds,postgresql-100gb-load,1,ip-172-31-16-115,olap,benchANT
2026-06-04 08:03:20+00:00,system,load15,2.36,dbms,tpc-ds,postgresql-100gb-load,1,ip-172-31-16-115,olap,benchANT
2026-06-04 08:03:30+00:00,system,load15,2.38,dbms,tpc-ds,postgresql-100gb-load,1,ip-172-31-16-115,olap,benchANT
2026-06-04 08:03:40+00:00,system,load15,2.4,dbms,tpc-ds,postgresql-100gb-load,1,ip-172-31-16-115,olap,benchANT
2026-06-04 08:03:50+00:00,system,load15,2.42,dbms,tpc-ds,postgresql-100gb-load,1,ip-172-31-16-115,olap,benchANT
2026-06-04 08:04:00+00:00,system,load15,2.44,dbms,tpc-ds,postgresql-100gb-load,1,ip-172-31-16-115,olap,benchANT
2026-06-04 08:04:10+00:00,system,load15,2.46,dbms,tpc-ds,postgresql-100gb-load,1,ip-172-31-16-115,olap,benchANT
2026-06-04 08:04:20+00:00,system,load15,2.48,dbms,tpc-ds,postgresql-100gb-load,1,ip-172-31-16-115,olap,benchANT
2026-06-04 08:04:30+00:00,system,load15,2.51,dbms,tpc-ds,postgresql-100gb-load,1,ip-172-31-16-115,olap,benchANT
2026-06-04 08:04:40+00:00,system,load15,2.53,dbms,tpc-ds,postgresql-100gb-load,1,ip-172-31-16-115,olap,benchANT
2026-06-04 08:04:50+00:00,system,load15,2.56,dbms,tpc-ds,postgresql-100gb-load,1,ip-172-31-16-115,olap,benchANT
2026-06-04 08:05:00+00:00,system,load15,2.59,dbms,tpc-ds,postgresql-100gb-load,1,ip-172-31-16-115,olap,benchANT
2026-06-04 08:05:10+00:00,system,load15,2.62,dbms,tpc-ds,postgresql-100gb-load,1,ip-172-31-16-115,olap,benchANT
2026-06-04 08:05:20+00:00,system,load15,2.64,dbms,tpc-ds,postgresql-100gb-load,1,ip-172-31-16-115,olap,benchANT
2026-06-04 08:05:30+00:00,system,load15,2.67,dbms,tpc-ds,postgresql-100gb-load,1,ip-172-31-16-115,olap,benchANT
2026-06-04 08:05:40+00:00,system,load15,2.7,dbms,tpc-ds,postgresql-100gb-load,1,ip-172-31-16-115,olap,benchANT
2026-06-04 08:05:50+00:00,system,load15,2.72,dbms,tpc-ds,postgresql-100gb-load,1,ip-172-31-16-115,olap,benchANT
2026-06-04 08:06:00+00:00,system,load15,2.75,dbms,tpc-ds,postgresql-100gb-load,1,ip-172-31-16-115,olap,benchANT
2026-06-04 08:06:10+00:00,system,load15,2.77,dbms,tpc-ds,postgresql-100gb-load,1,ip-172-31-16-115,olap,benchANT
2026-06-04 08:06:20+00:00,system,load15,2.79,dbms,tpc-ds,postgresql-100gb-load,1,ip-172-31-16-115,olap,benchANT
2026-06-04 08:06:30+00:00,system,load15,2.82,dbms,tpc-ds,postgresql-100gb-load,1,ip-172-31-16-115,olap,benchANT
2026-06-04 08:06:40+00:00,system,load15,2.84,dbms,tpc-ds,postgresql-100gb-load,1,ip-172-31-16-115,olap,benchANT
2026-06-04 08:06:50+00:00,system,load15,2.87,dbms,tpc-ds,postgresql-100gb-load,1,ip-172-31-16-115,olap,benchANT
2026-06-04 08:07:00+00:00,system,load15,2.89,dbms,tpc-ds,postgresql-100gb-load,1,ip-172-31-16-115,olap,benchANT
2026-06-04 08:07:10+00:00,system,load15,2.91,dbms,tpc-ds,postgresql-100gb-load,1,ip-172-31-16-115,olap,benchANT
2026-06-04 08:07:20+00:00,system,load15,2.93,dbms,tpc-ds,postgresql-100gb-load,1,ip-172-31-16-115,olap,benchANT
2026-06-04 08:07:30+00:00,system,load15,2.96,dbms,tpc-ds,postgresql-100gb-load,1,ip-172-31-16-115,olap,benchANT
2026-06-04 08:07:40+00:00,system,load15,2.98,dbms,tpc-ds,postgresql-100gb-load,1,ip-172-31-16-115,olap,benchANT
2026-06-04 08:07:50+00:00,system,load15,3.0,dbms,tpc-ds,postgresql-100gb-load,1,ip-172-31-16-115,olap,benchANT
2026-06-04 08:08:00+00:00,system,load15,3.02,dbms,tpc-ds,postgresql-100gb-load,1,ip-172-31-16-115,olap,benchANT
2026-06-04 08:08:10+00:00,system,load15,3.05,dbms,tpc-ds,postgresql-100gb-load,1,ip-172-31-16-115,olap,benchANT
2026-06-04 08:08:20+00:00,system,load15,3.07,dbms,tpc-ds,postgresql-100gb-load,1,ip-172-31-16-115,olap,benchANT
2026-06-04 08:08:30+00:00,system,load15,3.09,dbms,tpc-ds,postgresql-100gb-load,1,ip-172-31-16-115,olap,benchANT
2026-06-04 08:08:40+00:00,system,load15,3.11,dbms,tpc-ds,postgresql-100gb-load,1,ip-172-31-16-115,olap,benchANT
2026-06-04 08:08:50+00:00,system,load15,3.13,dbms,tpc-ds,postgresql-100gb-load,1,ip-172-31-16-115,olap,benchANT
2026-06-04 08:09:00+00:00,system,load15,3.15,dbms,tpc-ds,postgresql-100gb-load,1,ip-172-31-16-115,olap,benchANT
2026-06-04 08:09:10+00:00,system,load15,3.17,dbms,tpc-ds,postgresql-100gb-load,1,ip-172-31-16-115,olap,benchANT
2026-06-04 08:09:20+00:00,system,load15,3.19,dbms,tpc-ds,postgresql-100gb-load,1,ip-172-31-16-115,olap,benchANT
2026-06-04 08:09:30+00:00,system,load15,3.21,dbms,tpc-ds,postgresql-100gb-load,1,ip-172-31-16-115,olap,benchANT
2026-06-04 08:09:40+00:00,system,load15,3.23,dbms,tpc-ds,postgresql-100gb-load,1,ip-172-31-16-115,olap,benchANT
2026-06-04 08:09:50+00:00,system,load15,3.26,dbms,tpc-ds,postgresql-100gb-load,1,ip-172-31-16-115,olap,benchANT
2026-06-04 08:10:00+00:00,system,load15,3.27,dbms,tpc-ds,postgresql-100gb-load,1,ip-172-31-16-115,olap,benchANT
2026-06-04 08:10:10+00:00,system,load15,3.29,dbms,tpc-ds,postgresql-100gb-load,1,ip-172-31-16-115,olap,benchANT
2026-06-04 08:10:20+00:00,system,load15,3.31,dbms,tpc-ds,postgresql-100gb-load,1,ip-172-31-16-115,olap,benchANT
2026-06-04 08:10:30+00:00,system,load15,3.33,dbms,tpc-ds,postgresql-100gb-load,1,ip-172-31-16-115,olap,benchANT
2026-06-04 08:10:40+00:00,system,load15,3.35,dbms,tpc-ds,postgresql-100gb-load,1,ip-172-31-16-115,olap,benchANT
2026-06-04 08:10:50+00:00,system,load15,3.37,dbms,tpc-ds,postgresql-100gb-load,1,ip-172-31-16-115,olap,benchANT
2026-06-04 08:11:00+00:00,system,load15,3.39,dbms,tpc-ds,postgresql-100gb-load,1,ip-172-31-16-115,olap,benchANT
2026-06-04 08:11:10+00:00,system,load15,3.4,dbms,tpc-ds,postgresql-100gb-load,1,ip-172-31-16-115,olap,benchANT
2026-06-04 08:11:20+00:00,system,load15,3.42,dbms,tpc-ds,postgresql-100gb-load,1,ip-172-31-16-115,olap,benchANT
2026-06-04 08:11:30+00:00,system,load15,3.44,dbms,tpc-ds,postgresql-100gb-load,1,ip-172-31-16-115,olap,benchANT
2026-06-04 08:11:40+00:00,system,load15,3.46,dbms,tpc-ds,postgresql-100gb-load,1,ip-172-31-16-115,olap,benchANT
2026-06-04 08:11:50+00:00,system,load15,3.47,dbms,tpc-ds,postgresql-100gb-load,1,ip-172-31-16-115,olap,benchANT
2026-06-04 08:12:00+00:00,system,load15,3.49,dbms,tpc-ds,postgresql-100gb-load,1,ip-172-31-16-115,olap,benchANT
2026-06-04 08:12:10+00:00,system,load15,3.51,dbms,tpc-ds,postgresql-100gb-load,1,ip-172-31-16-115,olap,benchANT
2026-06-04 08:12:20+00:00,system,load15,3.52,dbms,tpc-ds,postgresql-100gb-load,1,ip-172-31-16-115,olap,benchANT
2026-06-04 08:12:30+00:00,system,load15,3.54,dbms,tpc-ds,postgresql-100gb-load,1,ip-172-31-16-115,olap,benchANT
2026-06-04 08:12:40+00:00,system,load15,3.55,dbms,tpc-ds,postgresql-100gb-load,1,ip-172-31-16-115,olap,benchANT
2026-06-04 08:12:50+00:00,system,load15,3.57,dbms,tpc-ds,postgresql-100gb-load,1,ip-172-31-16-115,olap,benchANT
2026-06-04 08:13:00+00:00,system,load15,3.59,dbms,tpc-ds,postgresql-100gb-load,1,ip-172-31-16-115,olap,benchANT
2026-06-04 08:13:10+00:00,system,load15,3.6,dbms,tpc-ds,postgresql-100gb-load,1,ip-172-31-16-115,olap,benchANT
2026-06-04 08:13:20+00:00,system,load15,3.62,dbms,tpc-ds,postgresql-100gb-load,1,ip-172-31-16-115,olap,benchANT
2026-06-04 08:13:30+00:00,system,load15,3.63,dbms,tpc-ds,postgresql-100gb-load,1,ip-172-31-16-115,olap,benchANT
2026-06-04 08:13:40+00:00,system,load15,3.65,dbms,tpc-ds,postgresql-100gb-load,1,ip-172-31-16-115,olap,benchANT
2026-06-04 08:13:50+00:00,system,load15,3.66,dbms,tpc-ds,postgresql-100gb-load,1,ip-172-31-16-115,olap,benchANT
2026-06-04 08:14:00+00:00,system,load15,3.68,dbms,tpc-ds,postgresql-100gb-load,1,ip-172-31-16-115,olap,benchANT
2026-06-04 08:14:10+00:00,system,load15,3.7,dbms,tpc-ds,postgresql-100gb-load,1,ip-172-31-16-115,olap,benchANT
2026-06-04 08:14:20+00:00,system,load15,3.71,dbms,tpc-ds,postgresql-100gb-load,1,ip-172-31-16-115,olap,benchANT
2026-06-04 08:14:30+00:00,system,load15,3.73,dbms,tpc-ds,postgresql-100gb-load,1,ip-172-31-16-115,olap,benchANT
2026-06-04 08:14:40+00:00,system,load15,3.74,dbms,tpc-ds,postgresql-100gb-load,1,ip-172-31-16-115,olap,benchANT
2026-06-04 08:14:50+00:00,system,load15,3.75,dbms,tpc-ds,postgresql-100gb-load,1,ip-172-31-16-115,olap,benchANT
2026-06-04 08:15:00+00:00,system,load15,3.77,dbms,tpc-ds,postgresql-100gb-load,1,ip-172-31-16-115,olap,benchANT
2026-06-04 08:15:10+00:00,system,load15,3.78,dbms,tpc-ds,postgresql-100gb-load,1,ip-172-31-16-115,olap,benchANT
2026-06-04 08:15:20+00:00,system,load15,3.8,dbms,tpc-ds,postgresql-100gb-load,1,ip-172-31-16-115,olap,benchANT
2026-06-04 08:15:30+00:00,system,load15,3.81,dbms,tpc-ds,postgresql-100gb-load,1,ip-172-31-16-115,olap,benchANT
2026-06-04 08:15:40+00:00,system,load15,3.82,dbms,tpc-ds,postgresql-100gb-load,1,ip-172-31-16-115,olap,benchANT
2026-06-04 08:15:50+00:00,system,load15,3.84,dbms,tpc-ds,postgresql-100gb-load,1,ip-172-31-16-115,olap,benchANT
2026-06-04 08:16:00+00:00,system,load15,3.85,dbms,tpc-ds,postgresql-100gb-load,1,ip-172-31-16-115,olap,benchANT
2026-06-04 08:16:10+00:00,system,load15,3.86,dbms,tpc-ds,postgresql-100gb-load,1,ip-172-31-16-115,olap,benchANT
2026-06-04 08:16:20+00:00,system,load15,3.87,dbms,tpc-ds,postgresql-100gb-load,1,ip-172-31-16-115,olap,benchANT
2026-06-04 08:16:30+00:00,system,load15,3.89,dbms,tpc-ds,postgresql-100gb-load,1,ip-172-31-16-115,olap,benchANT
2026-06-04 08:16:40+00:00,system,load15,3.9,dbms,tpc-ds,postgresql-100gb-load,1,ip-172-31-16-115,olap,benchANT
2026-06-04 08:16:50+00:00,system,load15,3.91,dbms,tpc-ds,postgresql-100gb-load,1,ip-172-31-16-115,olap,benchANT
2026-06-04 08:17:00+00:00,system,load15,3.92,dbms,tpc-ds,postgresql-100gb-load,1,ip-172-31-16-115,olap,benchANT
2026-06-04 08:17:10+00:00,system,load15,3.93,dbms,tpc-ds,postgresql-100gb-load,1,ip-172-31-16-115,olap,benchANT
2026-06-04 08:17:20+00:00,system,load15,3.95,dbms,tpc-ds,postgresql-100gb-load,1,ip-172-31-16-115,olap,benchANT
2026-06-04 08:17:30+00:00,system,load15,3.96,dbms,tpc-ds,postgresql-100gb-load,1,ip-172-31-16-115,olap,benchANT
2026-06-04 08:17:40+00:00,system,load15,3.97,dbms,tpc-ds,postgresql-100gb-load,1,ip-172-31-16-115,olap,benchANT
2026-06-04 08:17:50+00:00,system,load15,3.99,dbms,tpc-ds,postgresql-100gb-load,1,ip-172-31-16-115,olap,benchANT
2026-06-04 08:18:00+00:00,system,load15,4.0,dbms,tpc-ds,postgresql-100gb-load,1,ip-172-31-16-115,olap,benchANT
2026-06-04 08:18:10+00:00,system,load15,4.01,dbms,tpc-ds,postgresql-100gb-load,1,ip-172-31-16-115,olap,benchANT
2026-06-04 08:18:20+00:00,system,load15,4.02,dbms,tpc-ds,postgresql-100gb-load,1,ip-172-31-16-115,olap,benchANT
2026-06-04 08:18:30+00:00,system,load15,4.03,dbms,tpc-ds,postgresql-100gb-load,1,ip-172-31-16-115,olap,benchANT
2026-06-04 08:18:40+00:00,system,load15,4.04,dbms,tpc-ds,postgresql-100gb-load,1,ip-172-31-16-115,olap,benchANT
2026-06-04 08:18:50+00:00,system,load15,4.05,dbms,tpc-ds,postgresql-100gb-load,1,ip-172-31-16-115,olap,benchANT
2026-06-04 08:19:00+00:00,system,load15,4.06,dbms,tpc-ds,postgresql-100gb-load,1,ip-172-31-16-115,olap,benchANT
2026-06-04 08:19:10+00:00,system,load15,4.07,dbms,tpc-ds,postgresql-100gb-load,1,ip-172-31-16-115,olap,benchANT
2026-06-04 08:19:20+00:00,system,load15,4.09,dbms,tpc-ds,postgresql-100gb-load,1,ip-172-31-16-115,olap,benchANT
2026-06-04 08:19:30+00:00,system,load15,4.1,dbms,tpc-ds,postgresql-100gb-load,1,ip-172-31-16-115,olap,benchANT
2026-06-04 08:19:40+00:00,system,load15,4.11,dbms,tpc-ds,postgresql-100gb-load,1,ip-172-31-16-115,olap,benchANT
2026-06-04 08:19:50+00:00,system,load15,4.12,dbms,tpc-ds,postgresql-100gb-load,1,ip-172-31-16-115,olap,benchANT
2026-06-04 08:20:00+00:00,system,load15,4.13,dbms,tpc-ds,postgresql-100gb-load,1,ip-172-31-16-115,olap,benchANT
2026-06-04 08:20:10+00:00,system,load15,4.14,dbms,tpc-ds,postgresql-100gb-load,1,ip-172-31-16-115,olap,benchANT
2026-06-04 08:20:20+00:00,system,load15,4.14,dbms,tpc-ds,postgresql-100gb-load,1,ip-172-31-16-115,olap,benchANT
2026-06-04 08:20:30+00:00,system,load15,4.15,dbms,tpc-ds,postgresql-100gb-load,1,ip-172-31-16-115,olap,benchANT
2026-06-04 08:20:40+00:00,system,load15,4.16,dbms,tpc-ds,postgresql-100gb-load,1,ip-172-31-16-115,olap,benchANT
2026-06-04 08:20:50+00:00,system,load15,4.17,dbms,tpc-ds,postgresql-100gb-load,1,ip-172-31-16-115,olap,benchANT
2026-06-04 08:21:00+00:00,system,load15,4.18,dbms,tpc-ds,postgresql-100gb-load,1,ip-172-31-16-115,olap,benchANT
2026-06-04 08:21:10+00:00,system,load15,4.19,dbms,tpc-ds,postgresql-100gb-load,1,ip-172-31-16-115,olap,benchANT
2026-06-04 08:21:20+00:00,system,load15,4.2,dbms,tpc-ds,postgresql-100gb-load,1,ip-172-31-16-115,olap,benchANT
2026-06-04 08:21:30+00:00,system,load15,4.21,dbms,tpc-ds,postgresql-100gb-load,1,ip-172-31-16-115,olap,benchANT
2026-06-04 08:21:40+00:00,system,load15,4.22,dbms,tpc-ds,postgresql-100gb-load,1,ip-172-31-16-115,olap,benchANT
2026-06-04 08:21:50+00:00,system,load15,4.23,dbms,tpc-ds,postgresql-100gb-load,1,ip-172-31-16-115,olap,benchANT
2026-06-04 08:22:00+00:00,system,load15,4.24,dbms,tpc-ds,postgresql-100gb-load,1,ip-172-31-16-115,olap,benchANT
2026-06-04 08:22:10+00:00,system,load15,4.25,dbms,tpc-ds,postgresql-100gb-load,1,ip-172-31-16-115,olap,benchANT
2026-06-04 08:22:20+00:00,system,load15,4.25,dbms,tpc-ds,postgresql-100gb-load,1,ip-172-31-16-115,olap,benchANT
2026-06-04 08:22:30+00:00,system,load15,4.27,dbms,tpc-ds,postgresql-100gb-load,1,ip-172-31-16-115,olap,benchANT
2026-06-04 08:22:40+00:00,system,load15,4.28,dbms,tpc-ds,postgresql-100gb-load,1,ip-172-31-16-115,olap,benchANT
2026-06-04 08:22:50+00:00,system,load15,4.28,dbms,tpc-ds,postgresql-100gb-load,1,ip-172-31-16-115,olap,benchANT
2026-06-04 08:23:00+00:00,system,load15,4.29,dbms,tpc-ds,postgresql-100gb-load,1,ip-172-31-16-115,olap,benchANT
2026-06-04 08:23:10+00:00,system,load15,4.31,dbms,tpc-ds,postgresql-100gb-load,1,ip-172-31-16-115,olap,benchANT
2026-06-04 08:23:20+00:00,system,load15,4.32,dbms,tpc-ds,postgresql-100gb-load,1,ip-172-31-16-115,olap,benchANT
2026-06-04 08:23:30+00:00,system,load15,4.33,dbms,tpc-ds,postgresql-100gb-load,1,ip-172-31-16-115,olap,benchANT
2026-06-04 08:23:40+00:00,system,load15,4.33,dbms,tpc-ds,postgresql-100gb-load,1,ip-172-31-16-115,olap,benchANT
2026-06-04 08:23:50+00:00,system,load15,4.34,dbms,tpc-ds,postgresql-100gb-load,1,ip-172-31-16-115,olap,benchANT
2026-06-04 08:24:00+00:00,system,load15,4.35,dbms,tpc-ds,postgresql-100gb-load,1,ip-172-31-16-115,olap,benchANT
2026-06-04 08:24:10+00:00,system,load15,4.36,dbms,tpc-ds,postgresql-100gb-load,1,ip-172-31-16-115,olap,benchANT
2026-06-04 08:24:20+00:00,system,load15,4.37,dbms,tpc-ds,postgresql-100gb-load,1,ip-172-31-16-115,olap,benchANT
2026-06-04 08:24:30+00:00,system,load15,4.37,dbms,tpc-ds,postgresql-100gb-load,1,ip-172-31-16-115,olap,benchANT
2026-06-04 08:24:40+00:00,system,load15,4.38,dbms,tpc-ds,postgresql-100gb-load,1,ip-172-31-16-115,olap,benchANT
2026-06-04 08:24:50+00:00,system,load15,4.39,dbms,tpc-ds,postgresql-100gb-load,1,ip-172-31-16-115,olap,benchANT
2026-06-04 08:25:00+00:00,system,load15,4.39,dbms,tpc-ds,postgresql-100gb-load,1,ip-172-31-16-115,olap,benchANT
2026-06-04 08:25:10+00:00,system,load15,4.4,dbms,tpc-ds,postgresql-100gb-load,1,ip-172-31-16-115,olap,benchANT
2026-06-04 08:25:20+00:00,system,load15,4.4,dbms,tpc-ds,postgresql-100gb-load,1,ip-172-31-16-115,olap,benchANT
2026-06-04 08:25:30+00:00,system,load15,4.4,dbms,tpc-ds,postgresql-100gb-load,1,ip-172-31-16-115,olap,benchANT
2026-06-04 08:25:40+00:00,system,load15,4.39,dbms,tpc-ds,postgresql-100gb-load,1,ip-172-31-16-115,olap,benchANT
2026-06-04 08:25:50+00:00,system,load15,4.39,dbms,tpc-ds,postgresql-100gb-load,1,ip-172-31-16-115,olap,benchANT
2026-06-04 08:26:00+00:00,system,load15,4.38,dbms,tpc-ds,postgresql-100gb-load,1,ip-172-31-16-115,olap,benchANT
2026-06-04 08:26:10+00:00,system,load15,4.38,dbms,tpc-ds,postgresql-100gb-load,1,ip-172-31-16-115,olap,benchANT
2026-06-04 08:26:20+00:00,system,load15,4.37,dbms,tpc-ds,postgresql-100gb-load,1,ip-172-31-16-115,olap,benchANT
2026-06-04 08:26:30+00:00,system,load15,4.37,dbms,tpc-ds,postgresql-100gb-load,1,ip-172-31-16-115,olap,benchANT
2026-06-04 08:26:40+00:00,system,load15,4.36,dbms,tpc-ds,postgresql-100gb-load,1,ip-172-31-16-115,olap,benchANT
2026-06-04 08:26:50+00:00,system,load15,4.36,dbms,tpc-ds,postgresql-100gb-load,1,ip-172-31-16-115,olap,benchANT
2026-06-04 08:27:00+00:00,system,load15,4.35,dbms,tpc-ds,postgresql-100gb-load,1,ip-172-31-16-115,olap,benchANT
2026-06-04 08:27:10+00:00,system,load15,4.35,dbms,tpc-ds,postgresql-100gb-load,1,ip-172-31-16-115,olap,benchANT
2026-06-04 08:27:20+00:00,system,load15,4.35,dbms,tpc-ds,postgresql-100gb-load,1,ip-172-31-16-115,olap,benchANT
2026-06-04 08:27:30+00:00,system,load15,4.34,dbms,tpc-ds,postgresql-100gb-load,1,ip-172-31-16-115,olap,benchANT
2026-06-04 08:27:40+00:00,system,load15,4.34,dbms,tpc-ds,postgresql-100gb-load,1,ip-172-31-16-115,olap,benchANT
2026-06-04 08:27:50+00:00,system,load15,4.33,dbms,tpc-ds,postgresql-100gb-load,1,ip-172-31-16-115,olap,benchANT
2026-06-04 08:28:00+00:00,system,load15,4.33,dbms,tpc-ds,postgresql-100gb-load,1,ip-172-31-16-115,olap,benchANT
2026-06-04 08:28:10+00:00,system,load15,4.33,dbms,tpc-ds,postgresql-100gb-load,1,ip-172-31-16-115,olap,benchANT
2026-06-04 08:28:20+00:00,system,load15,4.32,dbms,tpc-ds,postgresql-100gb-load,1,ip-172-31-16-115,olap,benchANT
2026-06-04 08:28:30+00:00,system,load15,4.32,dbms,tpc-ds,postgresql-100gb-load,1,ip-172-31-16-115,olap,benchANT
2026-06-04 08:28:40+00:00,system,load15,4.31,dbms,tpc-ds,postgresql-100gb-load,1,ip-172-31-16-115,olap,benchANT
2026-06-04 08:28:50+00:00,system,load15,4.31,dbms,tpc-ds,postgresql-100gb-load,1,ip-172-31-16-115,olap,benchANT
2026-06-04 08:29:00+00:00,system,load15,4.31,dbms,tpc-ds,postgresql-100gb-load,1,ip-172-31-16-115,olap,benchANT
2026-06-04 08:29:10+00:00,system,load15,4.3,dbms,tpc-ds,postgresql-100gb-load,1,ip-172-31-16-115,olap,benchANT
2026-06-04 08:29:20+00:00,system,load15,4.3,dbms,tpc-ds,postgresql-100gb-load,1,ip-172-31-16-115,olap,benchANT
2026-06-04 08:29:30+00:00,system,load15,4.3,dbms,tpc-ds,postgresql-100gb-load,1,ip-172-31-16-115,olap,benchANT
2026-06-04 08:29:40+00:00,system,load15,4.29,dbms,tpc-ds,postgresql-100gb-load,1,ip-172-31-16-115,olap,benchANT
2026-06-04 08:29:50+00:00,system,load15,4.29,dbms,tpc-ds,postgresql-100gb-load,1,ip-172-31-16-115,olap,benchANT
2026-06-04 08:30:00+00:00,system,load15,4.28,dbms,tpc-ds,postgresql-100gb-load,1,ip-172-31-16-115,olap,benchANT
2026-06-04 08:30:10+00:00,system,load15,4.28,dbms,tpc-ds,postgresql-100gb-load,1,ip-172-31-16-115,olap,benchANT
2026-06-04 08:30:20+00:00,system,load15,4.28,dbms,tpc-ds,postgresql-100gb-load,1,ip-172-31-16-115,olap,benchANT
2026-06-04 08:30:30+00:00,system,load15,4.27,dbms,tpc-ds,postgresql-100gb-load,1,ip-172-31-16-115,olap,benchANT
2026-06-04 08:30:40+00:00,system,load15,4.28,dbms,tpc-ds,postgresql-100gb-load,1,ip-172-31-16-115,olap,benchANT
2026-06-04 08:30:50+00:00,system,load15,4.28,dbms,tpc-ds,postgresql-100gb-load,1,ip-172-31-16-115,olap,benchANT
2026-06-04 08:31:00+00:00,system,load15,4.28,dbms,tpc-ds,postgresql-100gb-load,1,ip-172-31-16-115,olap,benchANT
2026-06-04 08:31:10+00:00,system,load15,4.27,dbms,tpc-ds,postgresql-100gb-load,1,ip-172-31-16-115,olap,benchANT
2026-06-04 08:31:20+00:00,system,load15,4.27,dbms,tpc-ds,postgresql-100gb-load,1,ip-172-31-16-115,olap,benchANT
2026-06-04 08:31:30+00:00,system,load15,4.27,dbms,tpc-ds,postgresql-100gb-load,1,ip-172-31-16-115,olap,benchANT
2026-06-04 08:31:40+00:00,system,load15,4.27,dbms,tpc-ds,postgresql-100gb-load,1,ip-172-31-16-115,olap,benchANT
2026-06-04 08:31:50+00:00,system,load15,4.27,dbms,tpc-ds,postgresql-100gb-load,1,ip-172-31-16-115,olap,benchANT
2026-06-04 08:32:00+00:00,system,load15,4.26,dbms,tpc-ds,postgresql-100gb-load,1,ip-172-31-16-115,olap,benchANT
2026-06-04 08:32:10+00:00,system,load15,4.26,dbms,tpc-ds,postgresql-100gb-load,1,ip-172-31-16-115,olap,benchANT
2026-06-04 08:32:20+00:00,system,load15,4.27,dbms,tpc-ds,postgresql-100gb-load,1,ip-172-31-16-115,olap,benchANT
2026-06-04 08:32:30+00:00,system,load15,4.28,dbms,tpc-ds,postgresql-100gb-load,1,ip-172-31-16-115,olap,benchANT
2026-06-04 08:32:40+00:00,system,load15,4.29,dbms,tpc-ds,postgresql-100gb-load,1,ip-172-31-16-115,olap,benchANT
2026-06-04 08:32:50+00:00,system,load15,4.29,dbms,tpc-ds,postgresql-100gb-load,1,ip-172-31-16-115,olap,benchANT
2026-06-04 08:33:00+00:00,system,load15,4.31,dbms,tpc-ds,postgresql-100gb-load,1,ip-172-31-16-115,olap,benchANT
2026-06-04 08:33:10+00:00,system,load15,4.32,dbms,tpc-ds,postgresql-100gb-load,1,ip-172-31-16-115,olap,benchANT
2026-06-04 08:33:20+00:00,system,load15,4.33,dbms,tpc-ds,postgresql-100gb-load,1,ip-172-31-16-115,olap,benchANT
2026-06-04 08:33:30+00:00,system,load15,4.34,dbms,tpc-ds,postgresql-100gb-load,1,ip-172-31-16-115,olap,benchANT
2026-06-04 08:33:40+00:00,system,load15,4.35,dbms,tpc-ds,postgresql-100gb-load,1,ip-172-31-16-115,olap,benchANT
2026-06-04 08:33:50+00:00,system,load15,4.36,dbms,tpc-ds,postgresql-100gb-load,1,ip-172-31-16-115,olap,benchANT
2026-06-04 08:34:00+00:00,system,load15,4.37,dbms,tpc-ds,postgresql-100gb-load,1,ip-172-31-16-115,olap,benchANT
2026-06-04 08:34:10+00:00,system,load15,4.38,dbms,tpc-ds,postgresql-100gb-load,1,ip-172-31-16-115,olap,benchANT
2026-06-04 08:34:20+00:00,system,load15,4.38,dbms,tpc-ds,postgresql-100gb-load,1,ip-172-31-16-115,olap,benchANT
2026-06-04 08:34:30+00:00,system,load15,4.39,dbms,tpc-ds,postgresql-100gb-load,1,ip-172-31-16-115,olap,benchANT
2026-06-04 08:34:40+00:00,system,load15,4.4,dbms,tpc-ds,postgresql-100gb-load,1,ip-172-31-16-115,olap,benchANT
2026-06-04 08:34:50+00:00,system,load15,4.41,dbms,tpc-ds,postgresql-100gb-load,1,ip-172-31-16-115,olap,benchANT
2026-06-04 08:35:00+00:00,system,load15,4.42,dbms,tpc-ds,postgresql-100gb-load,1,ip-172-31-16-115,olap,benchANT
2026-06-04 08:35:10+00:00,system,load15,4.43,dbms,tpc-ds,postgresql-100gb-load,1,ip-172-31-16-115,olap,benchANT
2026-06-04 08:35:20+00:00,system,load15,4.44,dbms,tpc-ds,postgresql-100gb-load,1,ip-172-31-16-115,olap,benchANT
2026-06-04 08:35:30+00:00,system,load15,4.46,dbms,tpc-ds,postgresql-100gb-load,1,ip-172-31-16-115,olap,benchANT
2026-06-04 08:35:40+00:00,system,load15,4.47,dbms,tpc-ds,postgresql-100gb-load,1,ip-172-31-16-115,olap,benchANT
2026-06-04 08:35:50+00:00,system,load15,4.49,dbms,tpc-ds,postgresql-100gb-load,1,ip-172-31-16-115,olap,benchANT
2026-06-04 08:36:00+00:00,system,load15,4.51,dbms,tpc-ds,postgresql-100gb-load,1,ip-172-31-16-115,olap,benchANT
2026-06-04 08:36:10+00:00,system,load15,4.54,dbms,tpc-ds,postgresql-100gb-load,1,ip-172-31-16-115,olap,benchANT
2026-06-04 08:36:20+00:00,system,load15,4.57,dbms,tpc-ds,postgresql-100gb-load,1,ip-172-31-16-115,olap,benchANT
2026-06-04 08:36:30+00:00,system,load15,4.59,dbms,tpc-ds,postgresql-100gb-load,1,ip-172-31-16-115,olap,benchANT
2026-06-04 08:36:40+00:00,system,load15,4.62,dbms,tpc-ds,postgresql-100gb-load,1,ip-172-31-16-115,olap,benchANT
2026-06-04 08:36:50+00:00,system,load15,4.65,dbms,tpc-ds,postgresql-100gb-load,1,ip-172-31-16-115,olap,benchANT
2026-06-04 08:37:00+00:00,system,load15,4.67,dbms,tpc-ds,postgresql-100gb-load,1,ip-172-31-16-115,olap,benchANT
2026-06-04 08:37:10+00:00,system,load15,4.7,dbms,tpc-ds,postgresql-100gb-load,1,ip-172-31-16-115,olap,benchANT
2026-06-04 08:37:20+00:00,system,load15,4.72,dbms,tpc-ds,postgresql-100gb-load,1,ip-172-31-16-115,olap,benchANT
2026-06-04 08:37:30+00:00,system,load15,4.74,dbms,tpc-ds,postgresql-100gb-load,1,ip-172-31-16-115,olap,benchANT
2026-06-04 08:37:40+00:00,system,load15,4.75,dbms,tpc-ds,postgresql-100gb-load,1,ip-172-31-16-115,olap,benchANT
2026-06-04 08:37:50+00:00,system,load15,4.76,dbms,tpc-ds,postgresql-100gb-load,1,ip-172-31-16-115,olap,benchANT
2026-06-04 08:38:00+00:00,system,load15,4.78,dbms,tpc-ds,postgresql-100gb-load,1,ip-172-31-16-115,olap,benchANT
2026-06-04 08:38:10+00:00,system,load15,4.8,dbms,tpc-ds,postgresql-100gb-load,1,ip-172-31-16-115,olap,benchANT
2026-06-04 08:38:20+00:00,system,load15,4.81,dbms,tpc-ds,postgresql-100gb-load,1,ip-172-31-16-115,olap,benchANT
2026-06-04 08:38:30+00:00,system,load15,4.82,dbms,tpc-ds,postgresql-100gb-load,1,ip-172-31-16-115,olap,benchANT
2026-06-04 08:38:40+00:00,system,load15,4.84,dbms,tpc-ds,postgresql-100gb-load,1,ip-172-31-16-115,olap,benchANT
2026-06-04 08:38:50+00:00,system,load15,4.85,dbms,tpc-ds,postgresql-100gb-load,1,ip-172-31-16-115,olap,benchANT
2026-06-04 08:39:00+00:00,system,load15,4.87,dbms,tpc-ds,postgresql-100gb-load,1,ip-172-31-16-115,olap,benchANT
2026-06-04 08:39:10+00:00,system,load15,4.88,dbms,tpc-ds,postgresql-100gb-load,1,ip-172-31-16-115,olap,benchANT
2026-06-04 08:39:20+00:00,system,load15,4.89,dbms,tpc-ds,postgresql-100gb-load,1,ip-172-31-16-115,olap,benchANT
2026-06-04 08:39:30+00:00,system,load15,4.91,dbms,tpc-ds,postgresql-100gb-load,1,ip-172-31-16-115,olap,benchANT
2026-06-04 08:39:40+00:00,system,load15,4.92,dbms,tpc-ds,postgresql-100gb-load,1,ip-172-31-16-115,olap,benchANT
2026-06-04 08:39:50+00:00,system,load15,4.93,dbms,tpc-ds,postgresql-100gb-load,1,ip-172-31-16-115,olap,benchANT
2026-06-04 08:40:00+00:00,system,load15,4.94,dbms,tpc-ds,postgresql-100gb-load,1,ip-172-31-16-115,olap,benchANT
2026-06-04 08:40:10+00:00,system,load15,4.95,dbms,tpc-ds,postgresql-100gb-load,1,ip-172-31-16-115,olap,benchANT
2026-06-04 08:40:20+00:00,system,load15,4.96,dbms,tpc-ds,postgresql-100gb-load,1,ip-172-31-16-115,olap,benchANT
2026-06-04 08:40:30+00:00,system,load15,4.98,dbms,tpc-ds,postgresql-100gb-load,1,ip-172-31-16-115,olap,benchANT
2026-06-04 08:40:40+00:00,system,load15,4.99,dbms,tpc-ds,postgresql-100gb-load,1,ip-172-31-16-115,olap,benchANT
2026-06-04 08:40:50+00:00,system,load15,5.0,dbms,tpc-ds,postgresql-100gb-load,1,ip-172-31-16-115,olap,benchANT
2026-06-04 08:41:00+00:00,system,load15,5.01,dbms,tpc-ds,postgresql-100gb-load,1,ip-172-31-16-115,olap,benchANT
2026-06-04 08:41:10+00:00,system,load15,5.03,dbms,tpc-ds,postgresql-100gb-load,1,ip-172-31-16-115,olap,benchANT
2026-06-04 08:41:20+00:00,system,load15,5.05,dbms,tpc-ds,postgresql-100gb-load,1,ip-172-31-16-115,olap,benchANT
2026-06-04 08:41:30+00:00,system,load15,5.08,dbms,tpc-ds,postgresql-100gb-load,1,ip-172-31-16-115,olap,benchANT
2026-06-04 08:41:40+00:00,system,load15,5.1,dbms,tpc-ds,postgresql-100gb-load,1,ip-172-31-16-115,olap,benchANT
2026-06-04 08:41:50+00:00,system,load15,5.12,dbms,tpc-ds,postgresql-100gb-load,1,ip-172-31-16-115,olap,benchANT
2026-06-04 08:42:00+00:00,system,load15,5.14,dbms,tpc-ds,postgresql-100gb-load,1,ip-172-31-16-115,olap,benchANT
2026-06-04 08:42:10+00:00,system,load15,5.16,dbms,tpc-ds,postgresql-100gb-load,1,ip-172-31-16-115,olap,benchANT
2026-06-04 08:42:20+00:00,system,load15,5.18,dbms,tpc-ds,postgresql-100gb-load,1,ip-172-31-16-115,olap,benchANT
2026-06-04 08:42:30+00:00,system,load15,5.2,dbms,tpc-ds,postgresql-100gb-load,1,ip-172-31-16-115,olap,benchANT
2026-06-04 08:42:40+00:00,system,load15,5.22,dbms,tpc-ds,postgresql-100gb-load,1,ip-172-31-16-115,olap,benchANT
2026-06-04 08:42:50+00:00,system,load15,5.23,dbms,tpc-ds,postgresql-100gb-load,1,ip-172-31-16-115,olap,benchANT
2026-06-04 08:43:00+00:00,system,load15,5.23,dbms,tpc-ds,postgresql-100gb-load,1,ip-172-31-16-115,olap,benchANT
2026-06-04 08:43:10+00:00,system,load15,5.23,dbms,tpc-ds,postgresql-100gb-load,1,ip-172-31-16-115,olap,benchANT
2026-06-04 08:43:20+00:00,system,load15,5.22,dbms,tpc-ds,postgresql-100gb-load,1,ip-172-31-16-115,olap,benchANT
2026-06-04 08:43:30+00:00,system,load15,5.23,dbms,tpc-ds,postgresql-100gb-load,1,ip-172-31-16-115,olap,benchANT
2026-06-04 08:43:40+00:00,system,load15,5.22,dbms,tpc-ds,postgresql-100gb-load,1,ip-172-31-16-115,olap,benchANT
2026-06-04 08:43:50+00:00,system,load15,5.22,dbms,tpc-ds,postgresql-100gb-load,1,ip-172-31-16-115,olap,benchANT
2026-06-04 08:44:00+00:00,system,load15,5.22,dbms,tpc-ds,postgresql-100gb-load,1,ip-172-31-16-115,olap,benchANT
2026-06-04 08:44:10+00:00,system,load15,5.21,dbms,tpc-ds,postgresql-100gb-load,1,ip-172-31-16-115,olap,benchANT
2026-06-04 08:44:20+00:00,system,load15,5.21,dbms,tpc-ds,postgresql-100gb-load,1,ip-172-31-16-115,olap,benchANT
2026-06-04 08:44:30+00:00,system,load15,5.21,dbms,tpc-ds,postgresql-100gb-load,1,ip-172-31-16-115,olap,benchANT
2026-06-04 08:44:40+00:00,system,load15,5.2,dbms,tpc-ds,postgresql-100gb-load,1,ip-172-31-16-115,olap,benchANT
2026-06-04 08:44:50+00:00,system,load15,5.2,dbms,tpc-ds,postgresql-100gb-load,1,ip-172-31-16-115,olap,benchANT
2026-06-04 08:45:00+00:00,system,load15,5.2,dbms,tpc-ds,postgresql-100gb-load,1,ip-172-31-16-115,olap,benchANT
2026-06-04 08:45:10+00:00,system,load15,5.2,dbms,tpc-ds,postgresql-100gb-load,1,ip-172-31-16-115,olap,benchANT
2026-06-04 08:45:20+00:00,system,load15,5.19,dbms,tpc-ds,postgresql-100gb-load,1,ip-172-31-16-115,olap,benchANT
2026-06-04 08:45:30+00:00,system,load15,5.19,dbms,tpc-ds,postgresql-100gb-load,1,ip-172-31-16-115,olap,benchANT
2026-06-04 08:45:40+00:00,system,load15,5.19,dbms,tpc-ds,postgresql-100gb-load,1,ip-172-31-16-115,olap,benchANT
2026-06-04 08:45:50+00:00,system,load15,5.18,dbms,tpc-ds,postgresql-100gb-load,1,ip-172-31-16-115,olap,benchANT
2026-06-04 08:46:00+00:00,system,load15,5.18,dbms,tpc-ds,postgresql-100gb-load,1,ip-172-31-16-115,olap,benchANT
2026-06-04 08:46:10+00:00,system,load15,5.18,dbms,tpc-ds,postgresql-100gb-load,1,ip-172-31-16-115,olap,benchANT
2026-06-04 08:46:20+00:00,system,load15,5.18,dbms,tpc-ds,postgresql-100gb-load,1,ip-172-31-16-115,olap,benchANT
2026-06-04 08:46:30+00:00,system,load15,5.18,dbms,tpc-ds,postgresql-100gb-load,1,ip-172-31-16-115,olap,benchANT
2026-06-04 08:46:40+00:00,system,load15,5.17,dbms,tpc-ds,postgresql-100gb-load,1,ip-172-31-16-115,olap,benchANT
2026-06-04 08:46:50+00:00,system,load15,5.17,dbms,tpc-ds,postgresql-100gb-load,1,ip-172-31-16-115,olap,benchANT
2026-06-04 08:47:00+00:00,system,load15,5.18,dbms,tpc-ds,postgresql-100gb-load,1,ip-172-31-16-115,olap,benchANT
2026-06-04 08:47:10+00:00,system,load15,5.17,dbms,tpc-ds,postgresql-100gb-load,1,ip-172-31-16-115,olap,benchANT
2026-06-04 08:47:20+00:00,system,load15,5.15,dbms,tpc-ds,postgresql-100gb-load,1,ip-172-31-16-115,olap,benchANT
2026-06-04 08:47:30+00:00,system,load15,5.15,dbms,tpc-ds,postgresql-100gb-load,1,ip-172-31-16-115,olap,benchANT
2026-06-04 08:47:40+00:00,system,load15,5.15,dbms,tpc-ds,postgresql-100gb-load,1,ip-172-31-16-115,olap,benchANT
2026-06-04 08:47:50+00:00,system,load15,5.14,dbms,tpc-ds,postgresql-100gb-load,1,ip-172-31-16-115,olap,benchANT
2026-06-04 08:48:00+00:00,system,load15,5.14,dbms,tpc-ds,postgresql-100gb-load,1,ip-172-31-16-115,olap,benchANT
2026-06-04 08:48:10+00:00,system,load15,5.14,dbms,tpc-ds,postgresql-100gb-load,1,ip-172-31-16-115,olap,benchANT
2026-06-04 08:48:20+00:00,system,load15,5.14,dbms,tpc-ds,postgresql-100gb-load,1,ip-172-31-16-115,olap,benchANT
2026-06-04 08:48:30+00:00,system,load15,5.14,dbms,tpc-ds,postgresql-100gb-load,1,ip-172-31-16-115,olap,benchANT
2026-06-04 08:48:40+00:00,system,load15,5.14,dbms,tpc-ds,postgresql-100gb-load,1,ip-172-31-16-115,olap,benchANT
2026-06-04 08:48:50+00:00,system,load15,5.14,dbms,tpc-ds,postgresql-100gb-load,1,ip-172-31-16-115,olap,benchANT
2026-06-04 08:49:00+00:00,system,load15,5.14,dbms,tpc-ds,postgresql-100gb-load,1,ip-172-31-16-115,olap,benchANT
2026-06-04 08:49:10+00:00,system,load15,5.13,dbms,tpc-ds,postgresql-100gb-load,1,ip-172-31-16-115,olap,benchANT
2026-06-04 08:49:20+00:00,system,load15,5.13,dbms,tpc-ds,postgresql-100gb-load,1,ip-172-31-16-115,olap,benchANT
2026-06-04 08:49:30+00:00,system,load15,5.13,dbms,tpc-ds,postgresql-100gb-load,1,ip-172-31-16-115,olap,benchANT
2026-06-04 08:49:40+00:00,system,load15,5.13,dbms,tpc-ds,postgresql-100gb-load,1,ip-172-31-16-115,olap,benchANT
2026-06-04 08:49:50+00:00,system,load15,5.13,dbms,tpc-ds,postgresql-100gb-load,1,ip-172-31-16-115,olap,benchANT
2026-06-04 08:50:00+00:00,system,load15,5.12,dbms,tpc-ds,postgresql-100gb-load,1,ip-172-31-16-115,olap,benchANT
2026-06-04 08:50:10+00:00,system,load15,5.12,dbms,tpc-ds,postgresql-100gb-load,1,ip-172-31-16-115,olap,benchANT
2026-06-04 08:50:20+00:00,system,load15,5.12,dbms,tpc-ds,postgresql-100gb-load,1,ip-172-31-16-115,olap,benchANT
2026-06-04 08:50:30+00:00,system,load15,5.12,dbms,tpc-ds,postgresql-100gb-load,1,ip-172-31-16-115,olap,benchANT
2026-06-04 08:50:40+00:00,system,load15,5.12,dbms,tpc-ds,postgresql-100gb-load,1,ip-172-31-16-115,olap,benchANT
2026-06-04 08:50:50+00:00,system,load15,5.12,dbms,tpc-ds,postgresql-100gb-load,1,ip-172-31-16-115,olap,benchANT
2026-06-04 08:51:00+00:00,system,load15,5.12,dbms,tpc-ds,postgresql-100gb-load,1,ip-172-31-16-115,olap,benchANT
2026-06-04 08:51:10+00:00,system,load15,5.12,dbms,tpc-ds,postgresql-100gb-load,1,ip-172-31-16-115,olap,benchANT
2026-06-04 08:51:20+00:00,system,load15,5.12,dbms,tpc-ds,postgresql-100gb-load,1,ip-172-31-16-115,olap,benchANT
2026-06-04 08:51:30+00:00,system,load15,5.11,dbms,tpc-ds,postgresql-100gb-load,1,ip-172-31-16-115,olap,benchANT
2026-06-04 08:51:40+00:00,system,load15,5.11,dbms,tpc-ds,postgresql-100gb-load,1,ip-172-31-16-115,olap,benchANT
2026-06-04 08:51:50+00:00,system,load15,5.11,dbms,tpc-ds,postgresql-100gb-load,1,ip-172-31-16-115,olap,benchANT
2026-06-04 08:52:00+00:00,system,load15,5.11,dbms,tpc-ds,postgresql-100gb-load,1,ip-172-31-16-115,olap,benchANT
2026-06-04 08:52:10+00:00,system,load15,5.11,dbms,tpc-ds,postgresql-100gb-load,1,ip-172-31-16-115,olap,benchANT
2026-06-04 08:52:20+00:00,system,load15,5.1,dbms,tpc-ds,postgresql-100gb-load,1,ip-172-31-16-115,olap,benchANT
2026-06-04 08:52:30+00:00,system,load15,5.11,dbms,tpc-ds,postgresql-100gb-load,1,ip-172-31-16-115,olap,benchANT
2026-06-04 08:52:40+00:00,system,load15,5.11,dbms,tpc-ds,postgresql-100gb-load,1,ip-172-31-16-115,olap,benchANT
2026-06-04 08:52:50+00:00,system,load15,5.1,dbms,tpc-ds,postgresql-100gb-load,1,ip-172-31-16-115,olap,benchANT
2026-06-04 08:53:00+00:00,system,load15,5.1,dbms,tpc-ds,postgresql-100gb-load,1,ip-172-31-16-115,olap,benchANT
2026-06-04 08:53:10+00:00,system,load15,5.1,dbms,tpc-ds,postgresql-100gb-load,1,ip-172-31-16-115,olap,benchANT
2026-06-04 08:53:20+00:00,system,load15,5.1,dbms,tpc-ds,postgresql-100gb-load,1,ip-172-31-16-115,olap,benchANT
2026-06-04 08:53:30+00:00,system,load15,5.1,dbms,tpc-ds,postgresql-100gb-load,1,ip-172-31-16-115,olap,benchANT
2026-06-04 08:53:40+00:00,system,load15,5.09,dbms,tpc-ds,postgresql-100gb-load,1,ip-172-31-16-115,olap,benchANT
2026-06-04 08:53:50+00:00,system,load15,5.09,dbms,tpc-ds,postgresql-100gb-load,1,ip-172-31-16-115,olap,benchANT
2026-06-04 08:54:00+00:00,system,load15,5.09,dbms,tpc-ds,postgresql-100gb-load,1,ip-172-31-16-115,olap,benchANT
2026-06-04 08:54:10+00:00,system,load15,5.09,dbms,tpc-ds,postgresql-100gb-load,1,ip-172-31-16-115,olap,benchANT
2026-06-04 08:54:20+00:00,system,load15,5.08,dbms,tpc-ds,postgresql-100gb-load,1,ip-172-31-16-115,olap,benchANT
2026-06-04 08:54:30+00:00,system,load15,5.07,dbms,tpc-ds,postgresql-100gb-load,1,ip-172-31-16-115,olap,benchANT
2026-06-04 08:54:40+00:00,system,load15,5.05,dbms,tpc-ds,postgresql-100gb-load,1,ip-172-31-16-115,olap,benchANT
2026-06-04 08:54:50+00:00,system,load15,5.04,dbms,tpc-ds,postgresql-100gb-load,1,ip-172-31-16-115,olap,benchANT
2026-06-04 08:55:00+00:00,system,load15,5.03,dbms,tpc-ds,postgresql-100gb-load,1,ip-172-31-16-115,olap,benchANT
2026-06-04 08:55:10+00:00,system,load15,5.02,dbms,tpc-ds,postgresql-100gb-load,1,ip-172-31-16-115,olap,benchANT
2026-06-04 08:55:20+00:00,system,load15,5.01,dbms,tpc-ds,postgresql-100gb-load,1,ip-172-31-16-115,olap,benchANT
2026-06-04 08:55:30+00:00,system,load15,5.0,dbms,tpc-ds,postgresql-100gb-load,1,ip-172-31-16-115,olap,benchANT
2026-06-04 08:55:40+00:00,system,load15,4.98,dbms,tpc-ds,postgresql-100gb-load,1,ip-172-31-16-115,olap,benchANT
2026-06-04 08:55:50+00:00,system,load15,4.97,dbms,tpc-ds,postgresql-100gb-load,1,ip-172-31-16-115,olap,benchANT
2026-06-04 08:56:00+00:00,system,load15,4.96,dbms,tpc-ds,postgresql-100gb-load,1,ip-172-31-16-115,olap,benchANT
2026-06-04 08:56:10+00:00,system,load15,4.95,dbms,tpc-ds,postgresql-100gb-load,1,ip-172-31-16-115,olap,benchANT
2026-06-04 08:56:20+00:00,system,load15,4.94,dbms,tpc-ds,postgresql-100gb-load,1,ip-172-31-16-115,olap,benchANT
2026-06-04 08:56:30+00:00,system,load15,4.93,dbms,tpc-ds,postgresql-100gb-load,1,ip-172-31-16-115,olap,benchANT
2026-06-04 08:56:40+00:00,system,load15,4.92,dbms,tpc-ds,postgresql-100gb-load,1,ip-172-31-16-115,olap,benchANT
2026-06-04 08:56:50+00:00,system,load15,4.91,dbms,tpc-ds,postgresql-100gb-load,1,ip-172-31-16-115,olap,benchANT
2026-06-04 08:57:00+00:00,system,load15,4.9,dbms,tpc-ds,postgresql-100gb-load,1,ip-172-31-16-115,olap,benchANT
2026-06-04 08:57:10+00:00,system,load15,4.89,dbms,tpc-ds,postgresql-100gb-load,1,ip-172-31-16-115,olap,benchANT
2026-06-04 08:57:20+00:00,system,load15,4.89,dbms,tpc-ds,postgresql-100gb-load,1,ip-172-31-16-115,olap,benchANT
2026-06-04 08:57:30+00:00,system,load15,4.88,dbms,tpc-ds,postgresql-100gb-load,1,ip-172-31-16-115,olap,benchANT
2026-06-04 08:57:40+00:00,system,load15,4.87,dbms,tpc-ds,postgresql-100gb-load,1,ip-172-31-16-115,olap,benchANT
2026-06-04 08:57:50+00:00,system,load15,4.86,dbms,tpc-ds,postgresql-100gb-load,1,ip-172-31-16-115,olap,benchANT
2026-06-04 08:58:00+00:00,system,load15,4.85,dbms,tpc-ds,postgresql-100gb-load,1,ip-172-31-16-115,olap,benchANT
2026-06-04 08:58:10+00:00,system,load15,4.84,dbms,tpc-ds,postgresql-100gb-load,1,ip-172-31-16-115,olap,benchANT
2026-06-04 08:58:20+00:00,system,load15,4.83,dbms,tpc-ds,postgresql-100gb-load,1,ip-172-31-16-115,olap,benchANT
2026-06-04 08:58:30+00:00,system,load15,4.82,dbms,tpc-ds,postgresql-100gb-load,1,ip-172-31-16-115,olap,benchANT
2026-06-04 08:58:40+00:00,system,load15,4.81,dbms,tpc-ds,postgresql-100gb-load,1,ip-172-31-16-115,olap,benchANT
2026-06-04 08:58:50+00:00,system,load15,4.8,dbms,tpc-ds,postgresql-100gb-load,1,ip-172-31-16-115,olap,benchANT
2026-06-04 08:59:00+00:00,system,load15,4.79,dbms,tpc-ds,postgresql-100gb-load,1,ip-172-31-16-115,olap,benchANT
2026-06-04 08:59:10+00:00,system,load15,4.78,dbms,tpc-ds,postgresql-100gb-load,1,ip-172-31-16-115,olap,benchANT
2026-06-04 08:59:20+00:00,system,load15,4.77,dbms,tpc-ds,postgresql-100gb-load,1,ip-172-31-16-115,olap,benchANT
2026-06-04 08:59:30+00:00,system,load15,4.76,dbms,tpc-ds,postgresql-100gb-load,1,ip-172-31-16-115,olap,benchANT
2026-06-04 08:59:40+00:00,system,load15,4.76,dbms,tpc-ds,postgresql-100gb-load,1,ip-172-31-16-115,olap,benchANT
2026-06-04 08:59:50+00:00,system,load15,4.75,dbms,tpc-ds,postgresql-100gb-load,1,ip-172-31-16-115,olap,benchANT
2026-06-04 09:00:00+00:00,system,load15,4.74,dbms,tpc-ds,postgresql-100gb-load,1,ip-172-31-16-115,olap,benchANT
2026-06-04 09:00:10+00:00,system,load15,4.73,dbms,tpc-ds,postgresql-100gb-load,1,ip-172-31-16-115,olap,benchANT
2026-06-04 09:00:20+00:00,system,load15,4.73,dbms,tpc-ds,postgresql-100gb-load,1,ip-172-31-16-115,olap,benchANT
2026-06-04 09:00:30+00:00,system,load15,4.72,dbms,tpc-ds,postgresql-100gb-load,1,ip-172-31-16-115,olap,benchANT
2026-06-04 09:00:40+00:00,system,load15,4.71,dbms,tpc-ds,postgresql-100gb-load,1,ip-172-31-16-115,olap,benchANT
2026-06-04 09:00:50+00:00,system,load15,4.7,dbms,tpc-ds,postgresql-100gb-load,1,ip-172-31-16-115,olap,benchANT
2026-06-04 09:01:00+00:00,system,load15,4.69,dbms,tpc-ds,postgresql-100gb-load,1,ip-172-31-16-115,olap,benchANT
2026-06-04 09:01:10+00:00,system,load15,4.69,dbms,tpc-ds,postgresql-100gb-load,1,ip-172-31-16-115,olap,benchANT
2026-06-04 07:50:20+00:00,system,load5,0.0,dbms,tpc-ds,postgresql-100gb-load,1,ip-172-31-16-115,olap,benchANT
2026-06-04 07:50:30+00:00,system,load5,0.15,dbms,tpc-ds,postgresql-100gb-load,1,ip-172-31-16-115,olap,benchANT
2026-06-04 07:50:40+00:00,system,load5,0.28,dbms,tpc-ds,postgresql-100gb-load,1,ip-172-31-16-115,olap,benchANT
2026-06-04 07:50:50+00:00,system,load5,0.4,dbms,tpc-ds,postgresql-100gb-load,1,ip-172-31-16-115,olap,benchANT
2026-06-04 07:51:00+00:00,system,load5,0.52,dbms,tpc-ds,postgresql-100gb-load,1,ip-172-31-16-115,olap,benchANT
2026-06-04 07:51:10+00:00,system,load5,0.63,dbms,tpc-ds,postgresql-100gb-load,1,ip-172-31-16-115,olap,benchANT
2026-06-04 07:51:20+00:00,system,load5,0.74,dbms,tpc-ds,postgresql-100gb-load,1,ip-172-31-16-115,olap,benchANT
2026-06-04 07:51:30+00:00,system,load5,0.85,dbms,tpc-ds,postgresql-100gb-load,1,ip-172-31-16-115,olap,benchANT
2026-06-04 07:51:40+00:00,system,load5,0.97,dbms,tpc-ds,postgresql-100gb-load,1,ip-172-31-16-115,olap,benchANT
2026-06-04 07:51:50+00:00,system,load5,1.07,dbms,tpc-ds,postgresql-100gb-load,1,ip-172-31-16-115,olap,benchANT
2026-06-04 07:52:00+00:00,system,load5,1.17,dbms,tpc-ds,postgresql-100gb-load,1,ip-172-31-16-115,olap,benchANT
2026-06-04 07:52:10+00:00,system,load5,1.31,dbms,tpc-ds,postgresql-100gb-load,1,ip-172-31-16-115,olap,benchANT
2026-06-04 07:52:20+00:00,system,load5,1.4,dbms,tpc-ds,postgresql-100gb-load,1,ip-172-31-16-115,olap,benchANT
2026-06-04 07:52:30+00:00,system,load5,1.49,dbms,tpc-ds,postgresql-100gb-load,1,ip-172-31-16-115,olap,benchANT
2026-06-04 07:52:40+00:00,system,load5,1.59,dbms,tpc-ds,postgresql-100gb-load,1,ip-172-31-16-115,olap,benchANT
2026-06-04 07:52:50+00:00,system,load5,1.68,dbms,tpc-ds,postgresql-100gb-load,1,ip-172-31-16-115,olap,benchANT
2026-06-04 07:53:00+00:00,system,load5,1.76,dbms,tpc-ds,postgresql-100gb-load,1,ip-172-31-16-115,olap,benchANT
2026-06-04 07:53:10+00:00,system,load5,1.83,dbms,tpc-ds,postgresql-100gb-load,1,ip-172-31-16-115,olap,benchANT
2026-06-04 07:53:20+00:00,system,load5,1.91,dbms,tpc-ds,postgresql-100gb-load,1,ip-172-31-16-115,olap,benchANT
2026-06-04 07:53:30+00:00,system,load5,1.99,dbms,tpc-ds,postgresql-100gb-load,1,ip-172-31-16-115,olap,benchANT
2026-06-04 07:53:40+00:00,system,load5,2.06,dbms,tpc-ds,postgresql-100gb-load,1,ip-172-31-16-115,olap,benchANT
2026-06-04 07:53:50+00:00,system,load5,2.12,dbms,tpc-ds,postgresql-100gb-load,1,ip-172-31-16-115,olap,benchANT
2026-06-04 07:54:00+00:00,system,load5,2.18,dbms,tpc-ds,postgresql-100gb-load,1,ip-172-31-16-115,olap,benchANT
2026-06-04 07:54:10+00:00,system,load5,2.25,dbms,tpc-ds,postgresql-100gb-load,1,ip-172-31-16-115,olap,benchANT
2026-06-04 07:54:20+00:00,system,load5,2.3,dbms,tpc-ds,postgresql-100gb-load,1,ip-172-31-16-115,olap,benchANT
2026-06-04 07:54:30+00:00,system,load5,2.36,dbms,tpc-ds,postgresql-100gb-load,1,ip-172-31-16-115,olap,benchANT
2026-06-04 07:54:40+00:00,system,load5,2.41,dbms,tpc-ds,postgresql-100gb-load,1,ip-172-31-16-115,olap,benchANT
2026-06-04 07:54:50+00:00,system,load5,2.47,dbms,tpc-ds,postgresql-100gb-load,1,ip-172-31-16-115,olap,benchANT
2026-06-04 07:55:00+00:00,system,load5,2.52,dbms,tpc-ds,postgresql-100gb-load,1,ip-172-31-16-115,olap,benchANT
2026-06-04 07:55:10+00:00,system,load5,2.58,dbms,tpc-ds,postgresql-100gb-load,1,ip-172-31-16-115,olap,benchANT
2026-06-04 07:55:20+00:00,system,load5,2.63,dbms,tpc-ds,postgresql-100gb-load,1,ip-172-31-16-115,olap,benchANT
2026-06-04 07:55:30+00:00,system,load5,2.68,dbms,tpc-ds,postgresql-100gb-load,1,ip-172-31-16-115,olap,benchANT
2026-06-04 07:55:40+00:00,system,load5,2.72,dbms,tpc-ds,postgresql-100gb-load,1,ip-172-31-16-115,olap,benchANT
2026-06-04 07:55:50+00:00,system,load5,2.76,dbms,tpc-ds,postgresql-100gb-load,1,ip-172-31-16-115,olap,benchANT
2026-06-04 07:56:00+00:00,system,load5,2.8,dbms,tpc-ds,postgresql-100gb-load,1,ip-172-31-16-115,olap,benchANT
2026-06-04 07:56:10+00:00,system,load5,2.84,dbms,tpc-ds,postgresql-100gb-load,1,ip-172-31-16-115,olap,benchANT
2026-06-04 07:56:20+00:00,system,load5,2.88,dbms,tpc-ds,postgresql-100gb-load,1,ip-172-31-16-115,olap,benchANT
2026-06-04 07:56:30+00:00,system,load5,2.92,dbms,tpc-ds,postgresql-100gb-load,1,ip-172-31-16-115,olap,benchANT
2026-06-04 07:56:40+00:00,system,load5,2.96,dbms,tpc-ds,postgresql-100gb-load,1,ip-172-31-16-115,olap,benchANT
2026-06-04 07:56:50+00:00,system,load5,2.99,dbms,tpc-ds,postgresql-100gb-load,1,ip-172-31-16-115,olap,benchANT
2026-06-04 07:57:00+00:00,system,load5,3.02,dbms,tpc-ds,postgresql-100gb-load,1,ip-172-31-16-115,olap,benchANT
2026-06-04 07:57:10+00:00,system,load5,3.09,dbms,tpc-ds,postgresql-100gb-load,1,ip-172-31-16-115,olap,benchANT
2026-06-04 07:57:20+00:00,system,load5,3.12,dbms,tpc-ds,postgresql-100gb-load,1,ip-172-31-16-115,olap,benchANT
2026-06-04 07:57:30+00:00,system,load5,3.15,dbms,tpc-ds,postgresql-100gb-load,1,ip-172-31-16-115,olap,benchANT
2026-06-04 07:57:40+00:00,system,load5,3.18,dbms,tpc-ds,postgresql-100gb-load,1,ip-172-31-16-115,olap,benchANT
2026-06-04 07:57:50+00:00,system,load5,3.2,dbms,tpc-ds,postgresql-100gb-load,1,ip-172-31-16-115,olap,benchANT
2026-06-04 07:58:00+00:00,system,load5,3.23,dbms,tpc-ds,postgresql-100gb-load,1,ip-172-31-16-115,olap,benchANT
2026-06-04 07:58:10+00:00,system,load5,3.26,dbms,tpc-ds,postgresql-100gb-load,1,ip-172-31-16-115,olap,benchANT
2026-06-04 07:58:20+00:00,system,load5,3.3,dbms,tpc-ds,postgresql-100gb-load,1,ip-172-31-16-115,olap,benchANT
2026-06-04 07:58:30+00:00,system,load5,3.32,dbms,tpc-ds,postgresql-100gb-load,1,ip-172-31-16-115,olap,benchANT
2026-06-04 07:58:40+00:00,system,load5,3.35,dbms,tpc-ds,postgresql-100gb-load,1,ip-172-31-16-115,olap,benchANT
2026-06-04 07:58:50+00:00,system,load5,3.37,dbms,tpc-ds,postgresql-100gb-load,1,ip-172-31-16-115,olap,benchANT
2026-06-04 07:59:00+00:00,system,load5,3.39,dbms,tpc-ds,postgresql-100gb-load,1,ip-172-31-16-115,olap,benchANT
2026-06-04 07:59:10+00:00,system,load5,3.41,dbms,tpc-ds,postgresql-100gb-load,1,ip-172-31-16-115,olap,benchANT
2026-06-04 07:59:20+00:00,system,load5,3.43,dbms,tpc-ds,postgresql-100gb-load,1,ip-172-31-16-115,olap,benchANT
2026-06-04 07:59:30+00:00,system,load5,3.45,dbms,tpc-ds,postgresql-100gb-load,1,ip-172-31-16-115,olap,benchANT
2026-06-04 07:59:40+00:00,system,load5,3.48,dbms,tpc-ds,postgresql-100gb-load,1,ip-172-31-16-115,olap,benchANT
2026-06-04 07:59:50+00:00,system,load5,3.5,dbms,tpc-ds,postgresql-100gb-load,1,ip-172-31-16-115,olap,benchANT
2026-06-04 08:00:00+00:00,system,load5,3.52,dbms,tpc-ds,postgresql-100gb-load,1,ip-172-31-16-115,olap,benchANT
2026-06-04 08:00:10+00:00,system,load5,3.54,dbms,tpc-ds,postgresql-100gb-load,1,ip-172-31-16-115,olap,benchANT
2026-06-04 08:00:20+00:00,system,load5,3.55,dbms,tpc-ds,postgresql-100gb-load,1,ip-172-31-16-115,olap,benchANT
2026-06-04 08:00:30+00:00,system,load5,3.57,dbms,tpc-ds,postgresql-100gb-load,1,ip-172-31-16-115,olap,benchANT
2026-06-04 08:00:40+00:00,system,load5,3.58,dbms,tpc-ds,postgresql-100gb-load,1,ip-172-31-16-115,olap,benchANT
2026-06-04 08:00:50+00:00,system,load5,3.6,dbms,tpc-ds,postgresql-100gb-load,1,ip-172-31-16-115,olap,benchANT
2026-06-04 08:01:00+00:00,system,load5,3.61,dbms,tpc-ds,postgresql-100gb-load,1,ip-172-31-16-115,olap,benchANT
2026-06-04 08:01:10+00:00,system,load5,3.67,dbms,tpc-ds,postgresql-100gb-load,1,ip-172-31-16-115,olap,benchANT
2026-06-04 08:01:20+00:00,system,load5,3.68,dbms,tpc-ds,postgresql-100gb-load,1,ip-172-31-16-115,olap,benchANT
2026-06-04 08:01:30+00:00,system,load5,3.69,dbms,tpc-ds,postgresql-100gb-load,1,ip-172-31-16-115,olap,benchANT
2026-06-04 08:01:40+00:00,system,load5,3.7,dbms,tpc-ds,postgresql-100gb-load,1,ip-172-31-16-115,olap,benchANT
2026-06-04 08:01:50+00:00,system,load5,3.72,dbms,tpc-ds,postgresql-100gb-load,1,ip-172-31-16-115,olap,benchANT
2026-06-04 08:02:00+00:00,system,load5,3.72,dbms,tpc-ds,postgresql-100gb-load,1,ip-172-31-16-115,olap,benchANT
2026-06-04 08:02:10+00:00,system,load5,3.73,dbms,tpc-ds,postgresql-100gb-load,1,ip-172-31-16-115,olap,benchANT
2026-06-04 08:02:20+00:00,system,load5,3.76,dbms,tpc-ds,postgresql-100gb-load,1,ip-172-31-16-115,olap,benchANT
2026-06-04 08:02:30+00:00,system,load5,3.77,dbms,tpc-ds,postgresql-100gb-load,1,ip-172-31-16-115,olap,benchANT
2026-06-04 08:02:40+00:00,system,load5,3.78,dbms,tpc-ds,postgresql-100gb-load,1,ip-172-31-16-115,olap,benchANT
2026-06-04 08:02:50+00:00,system,load5,3.78,dbms,tpc-ds,postgresql-100gb-load,1,ip-172-31-16-115,olap,benchANT
2026-06-04 08:03:00+00:00,system,load5,3.79,dbms,tpc-ds,postgresql-100gb-load,1,ip-172-31-16-115,olap,benchANT
2026-06-04 08:03:10+00:00,system,load5,3.82,dbms,tpc-ds,postgresql-100gb-load,1,ip-172-31-16-115,olap,benchANT
2026-06-04 08:03:20+00:00,system,load5,3.82,dbms,tpc-ds,postgresql-100gb-load,1,ip-172-31-16-115,olap,benchANT
2026-06-04 08:03:30+00:00,system,load5,3.83,dbms,tpc-ds,postgresql-100gb-load,1,ip-172-31-16-115,olap,benchANT
2026-06-04 08:03:40+00:00,system,load5,3.85,dbms,tpc-ds,postgresql-100gb-load,1,ip-172-31-16-115,olap,benchANT
2026-06-04 08:03:50+00:00,system,load5,3.86,dbms,tpc-ds,postgresql-100gb-load,1,ip-172-31-16-115,olap,benchANT
2026-06-04 08:04:00+00:00,system,load5,3.86,dbms,tpc-ds,postgresql-100gb-load,1,ip-172-31-16-115,olap,benchANT
2026-06-04 08:04:10+00:00,system,load5,3.87,dbms,tpc-ds,postgresql-100gb-load,1,ip-172-31-16-115,olap,benchANT
2026-06-04 08:04:20+00:00,system,load5,3.89,dbms,tpc-ds,postgresql-100gb-load,1,ip-172-31-16-115,olap,benchANT
2026-06-04 08:04:30+00:00,system,load5,3.93,dbms,tpc-ds,postgresql-100gb-load,1,ip-172-31-16-115,olap,benchANT
2026-06-04 08:04:40+00:00,system,load5,3.96,dbms,tpc-ds,postgresql-100gb-load,1,ip-172-31-16-115,olap,benchANT
2026-06-04 08:04:50+00:00,system,load5,4.0,dbms,tpc-ds,postgresql-100gb-load,1,ip-172-31-16-115,olap,benchANT
2026-06-04 08:05:00+00:00,system,load5,4.05,dbms,tpc-ds,postgresql-100gb-load,1,ip-172-31-16-115,olap,benchANT
2026-06-04 08:05:10+00:00,system,load5,4.08,dbms,tpc-ds,postgresql-100gb-load,1,ip-172-31-16-115,olap,benchANT
2026-06-04 08:05:20+00:00,system,load5,4.11,dbms,tpc-ds,postgresql-100gb-load,1,ip-172-31-16-115,olap,benchANT
2026-06-04 08:05:30+00:00,system,load5,4.14,dbms,tpc-ds,postgresql-100gb-load,1,ip-172-31-16-115,olap,benchANT
2026-06-04 08:05:40+00:00,system,load5,4.17,dbms,tpc-ds,postgresql-100gb-load,1,ip-172-31-16-115,olap,benchANT
2026-06-04 08:05:50+00:00,system,load5,4.19,dbms,tpc-ds,postgresql-100gb-load,1,ip-172-31-16-115,olap,benchANT
2026-06-04 08:06:00+00:00,system,load5,4.22,dbms,tpc-ds,postgresql-100gb-load,1,ip-172-31-16-115,olap,benchANT
2026-06-04 08:06:10+00:00,system,load5,4.25,dbms,tpc-ds,postgresql-100gb-load,1,ip-172-31-16-115,olap,benchANT
2026-06-04 08:06:20+00:00,system,load5,4.27,dbms,tpc-ds,postgresql-100gb-load,1,ip-172-31-16-115,olap,benchANT
2026-06-04 08:06:30+00:00,system,load5,4.3,dbms,tpc-ds,postgresql-100gb-load,1,ip-172-31-16-115,olap,benchANT
2026-06-04 08:06:40+00:00,system,load5,4.32,dbms,tpc-ds,postgresql-100gb-load,1,ip-172-31-16-115,olap,benchANT
2026-06-04 08:06:50+00:00,system,load5,4.34,dbms,tpc-ds,postgresql-100gb-load,1,ip-172-31-16-115,olap,benchANT
2026-06-04 08:07:00+00:00,system,load5,4.37,dbms,tpc-ds,postgresql-100gb-load,1,ip-172-31-16-115,olap,benchANT
2026-06-04 08:07:10+00:00,system,load5,4.39,dbms,tpc-ds,postgresql-100gb-load,1,ip-172-31-16-115,olap,benchANT
2026-06-04 08:07:20+00:00,system,load5,4.41,dbms,tpc-ds,postgresql-100gb-load,1,ip-172-31-16-115,olap,benchANT
2026-06-04 08:07:30+00:00,system,load5,4.43,dbms,tpc-ds,postgresql-100gb-load,1,ip-172-31-16-115,olap,benchANT
2026-06-04 08:07:40+00:00,system,load5,4.45,dbms,tpc-ds,postgresql-100gb-load,1,ip-172-31-16-115,olap,benchANT
2026-06-04 08:07:50+00:00,system,load5,4.47,dbms,tpc-ds,postgresql-100gb-load,1,ip-172-31-16-115,olap,benchANT
2026-06-04 08:08:00+00:00,system,load5,4.48,dbms,tpc-ds,postgresql-100gb-load,1,ip-172-31-16-115,olap,benchANT
2026-06-04 08:08:10+00:00,system,load5,4.5,dbms,tpc-ds,postgresql-100gb-load,1,ip-172-31-16-115,olap,benchANT
2026-06-04 08:08:20+00:00,system,load5,4.52,dbms,tpc-ds,postgresql-100gb-load,1,ip-172-31-16-115,olap,benchANT
2026-06-04 08:08:30+00:00,system,load5,4.54,dbms,tpc-ds,postgresql-100gb-load,1,ip-172-31-16-115,olap,benchANT
2026-06-04 08:08:40+00:00,system,load5,4.55,dbms,tpc-ds,postgresql-100gb-load,1,ip-172-31-16-115,olap,benchANT
2026-06-04 08:08:50+00:00,system,load5,4.57,dbms,tpc-ds,postgresql-100gb-load,1,ip-172-31-16-115,olap,benchANT
2026-06-04 08:09:00+00:00,system,load5,4.58,dbms,tpc-ds,postgresql-100gb-load,1,ip-172-31-16-115,olap,benchANT
2026-06-04 08:09:10+00:00,system,load5,4.6,dbms,tpc-ds,postgresql-100gb-load,1,ip-172-31-16-115,olap,benchANT
2026-06-04 08:09:20+00:00,system,load5,4.61,dbms,tpc-ds,postgresql-100gb-load,1,ip-172-31-16-115,olap,benchANT
2026-06-04 08:09:30+00:00,system,load5,4.62,dbms,tpc-ds,postgresql-100gb-load,1,ip-172-31-16-115,olap,benchANT
2026-06-04 08:09:40+00:00,system,load5,4.64,dbms,tpc-ds,postgresql-100gb-load,1,ip-172-31-16-115,olap,benchANT
2026-06-04 08:09:50+00:00,system,load5,4.66,dbms,tpc-ds,postgresql-100gb-load,1,ip-172-31-16-115,olap,benchANT
2026-06-04 08:10:00+00:00,system,load5,4.68,dbms,tpc-ds,postgresql-100gb-load,1,ip-172-31-16-115,olap,benchANT
2026-06-04 08:10:10+00:00,system,load5,4.69,dbms,tpc-ds,postgresql-100gb-load,1,ip-172-31-16-115,olap,benchANT
2026-06-04 08:10:20+00:00,system,load5,4.7,dbms,tpc-ds,postgresql-100gb-load,1,ip-172-31-16-115,olap,benchANT
2026-06-04 08:10:30+00:00,system,load5,4.71,dbms,tpc-ds,postgresql-100gb-load,1,ip-172-31-16-115,olap,benchANT
2026-06-04 08:10:40+00:00,system,load5,4.72,dbms,tpc-ds,postgresql-100gb-load,1,ip-172-31-16-115,olap,benchANT
2026-06-04 08:10:50+00:00,system,load5,4.73,dbms,tpc-ds,postgresql-100gb-load,1,ip-172-31-16-115,olap,benchANT
2026-06-04 08:11:00+00:00,system,load5,4.74,dbms,tpc-ds,postgresql-100gb-load,1,ip-172-31-16-115,olap,benchANT
2026-06-04 08:11:10+00:00,system,load5,4.75,dbms,tpc-ds,postgresql-100gb-load,1,ip-172-31-16-115,olap,benchANT
2026-06-04 08:11:20+00:00,system,load5,4.76,dbms,tpc-ds,postgresql-100gb-load,1,ip-172-31-16-115,olap,benchANT
2026-06-04 08:11:30+00:00,system,load5,4.76,dbms,tpc-ds,postgresql-100gb-load,1,ip-172-31-16-115,olap,benchANT
2026-06-04 08:11:40+00:00,system,load5,4.77,dbms,tpc-ds,postgresql-100gb-load,1,ip-172-31-16-115,olap,benchANT
2026-06-04 08:11:50+00:00,system,load5,4.78,dbms,tpc-ds,postgresql-100gb-load,1,ip-172-31-16-115,olap,benchANT
2026-06-04 08:12:00+00:00,system,load5,4.79,dbms,tpc-ds,postgresql-100gb-load,1,ip-172-31-16-115,olap,benchANT
2026-06-04 08:12:10+00:00,system,load5,4.8,dbms,tpc-ds,postgresql-100gb-load,1,ip-172-31-16-115,olap,benchANT
2026-06-04 08:12:20+00:00,system,load5,4.8,dbms,tpc-ds,postgresql-100gb-load,1,ip-172-31-16-115,olap,benchANT
2026-06-04 08:12:30+00:00,system,load5,4.81,dbms,tpc-ds,postgresql-100gb-load,1,ip-172-31-16-115,olap,benchANT
2026-06-04 08:12:40+00:00,system,load5,4.82,dbms,tpc-ds,postgresql-100gb-load,1,ip-172-31-16-115,olap,benchANT
2026-06-04 08:12:50+00:00,system,load5,4.82,dbms,tpc-ds,postgresql-100gb-load,1,ip-172-31-16-115,olap,benchANT
2026-06-04 08:13:00+00:00,system,load5,4.83,dbms,tpc-ds,postgresql-100gb-load,1,ip-172-31-16-115,olap,benchANT
2026-06-04 08:13:10+00:00,system,load5,4.84,dbms,tpc-ds,postgresql-100gb-load,1,ip-172-31-16-115,olap,benchANT
2026-06-04 08:13:20+00:00,system,load5,4.84,dbms,tpc-ds,postgresql-100gb-load,1,ip-172-31-16-115,olap,benchANT
2026-06-04 08:13:30+00:00,system,load5,4.85,dbms,tpc-ds,postgresql-100gb-load,1,ip-172-31-16-115,olap,benchANT
2026-06-04 08:13:40+00:00,system,load5,4.85,dbms,tpc-ds,postgresql-100gb-load,1,ip-172-31-16-115,olap,benchANT
2026-06-04 08:13:50+00:00,system,load5,4.86,dbms,tpc-ds,postgresql-100gb-load,1,ip-172-31-16-115,olap,benchANT
2026-06-04 08:14:00+00:00,system,load5,4.88,dbms,tpc-ds,postgresql-100gb-load,1,ip-172-31-16-115,olap,benchANT
2026-06-04 08:14:10+00:00,system,load5,4.88,dbms,tpc-ds,postgresql-100gb-load,1,ip-172-31-16-115,olap,benchANT
2026-06-04 08:14:20+00:00,system,load5,4.89,dbms,tpc-ds,postgresql-100gb-load,1,ip-172-31-16-115,olap,benchANT
2026-06-04 08:14:30+00:00,system,load5,4.89,dbms,tpc-ds,postgresql-100gb-load,1,ip-172-31-16-115,olap,benchANT
2026-06-04 08:14:40+00:00,system,load5,4.9,dbms,tpc-ds,postgresql-100gb-load,1,ip-172-31-16-115,olap,benchANT
2026-06-04 08:14:50+00:00,system,load5,4.9,dbms,tpc-ds,postgresql-100gb-load,1,ip-172-31-16-115,olap,benchANT
2026-06-04 08:15:00+00:00,system,load5,4.9,dbms,tpc-ds,postgresql-100gb-load,1,ip-172-31-16-115,olap,benchANT
2026-06-04 08:15:10+00:00,system,load5,4.91,dbms,tpc-ds,postgresql-100gb-load,1,ip-172-31-16-115,olap,benchANT
2026-06-04 08:15:20+00:00,system,load5,4.91,dbms,tpc-ds,postgresql-100gb-load,1,ip-172-31-16-115,olap,benchANT
2026-06-04 08:15:30+00:00,system,load5,4.91,dbms,tpc-ds,postgresql-100gb-load,1,ip-172-31-16-115,olap,benchANT
2026-06-04 08:15:40+00:00,system,load5,4.92,dbms,tpc-ds,postgresql-100gb-load,1,ip-172-31-16-115,olap,benchANT
2026-06-04 08:15:50+00:00,system,load5,4.92,dbms,tpc-ds,postgresql-100gb-load,1,ip-172-31-16-115,olap,benchANT
2026-06-04 08:16:00+00:00,system,load5,4.92,dbms,tpc-ds,postgresql-100gb-load,1,ip-172-31-16-115,olap,benchANT
2026-06-04 08:16:10+00:00,system,load5,4.93,dbms,tpc-ds,postgresql-100gb-load,1,ip-172-31-16-115,olap,benchANT
2026-06-04 08:16:20+00:00,system,load5,4.93,dbms,tpc-ds,postgresql-100gb-load,1,ip-172-31-16-115,olap,benchANT
2026-06-04 08:16:30+00:00,system,load5,4.93,dbms,tpc-ds,postgresql-100gb-load,1,ip-172-31-16-115,olap,benchANT
2026-06-04 08:16:40+00:00,system,load5,4.94,dbms,tpc-ds,postgresql-100gb-load,1,ip-172-31-16-115,olap,benchANT
2026-06-04 08:16:50+00:00,system,load5,4.94,dbms,tpc-ds,postgresql-100gb-load,1,ip-172-31-16-115,olap,benchANT
2026-06-04 08:17:00+00:00,system,load5,4.94,dbms,tpc-ds,postgresql-100gb-load,1,ip-172-31-16-115,olap,benchANT
2026-06-04 08:17:10+00:00,system,load5,4.94,dbms,tpc-ds,postgresql-100gb-load,1,ip-172-31-16-115,olap,benchANT
2026-06-04 08:17:20+00:00,system,load5,4.95,dbms,tpc-ds,postgresql-100gb-load,1,ip-172-31-16-115,olap,benchANT
2026-06-04 08:17:30+00:00,system,load5,4.95,dbms,tpc-ds,postgresql-100gb-load,1,ip-172-31-16-115,olap,benchANT
2026-06-04 08:17:40+00:00,system,load5,4.95,dbms,tpc-ds,postgresql-100gb-load,1,ip-172-31-16-115,olap,benchANT
2026-06-04 08:17:50+00:00,system,load5,4.97,dbms,tpc-ds,postgresql-100gb-load,1,ip-172-31-16-115,olap,benchANT
2026-06-04 08:18:00+00:00,system,load5,4.97,dbms,tpc-ds,postgresql-100gb-load,1,ip-172-31-16-115,olap,benchANT
2026-06-04 08:18:10+00:00,system,load5,4.97,dbms,tpc-ds,postgresql-100gb-load,1,ip-172-31-16-115,olap,benchANT
2026-06-04 08:18:20+00:00,system,load5,4.97,dbms,tpc-ds,postgresql-100gb-load,1,ip-172-31-16-115,olap,benchANT
2026-06-04 08:18:30+00:00,system,load5,4.97,dbms,tpc-ds,postgresql-100gb-load,1,ip-172-31-16-115,olap,benchANT
2026-06-04 08:18:40+00:00,system,load5,4.97,dbms,tpc-ds,postgresql-100gb-load,1,ip-172-31-16-115,olap,benchANT
2026-06-04 08:18:50+00:00,system,load5,4.97,dbms,tpc-ds,postgresql-100gb-load,1,ip-172-31-16-115,olap,benchANT
2026-06-04 08:19:00+00:00,system,load5,4.98,dbms,tpc-ds,postgresql-100gb-load,1,ip-172-31-16-115,olap,benchANT
2026-06-04 08:19:10+00:00,system,load5,4.98,dbms,tpc-ds,postgresql-100gb-load,1,ip-172-31-16-115,olap,benchANT
2026-06-04 08:19:20+00:00,system,load5,4.98,dbms,tpc-ds,postgresql-100gb-load,1,ip-172-31-16-115,olap,benchANT
2026-06-04 08:19:30+00:00,system,load5,4.98,dbms,tpc-ds,postgresql-100gb-load,1,ip-172-31-16-115,olap,benchANT
2026-06-04 08:19:40+00:00,system,load5,4.98,dbms,tpc-ds,postgresql-100gb-load,1,ip-172-31-16-115,olap,benchANT
2026-06-04 08:19:50+00:00,system,load5,4.98,dbms,tpc-ds,postgresql-100gb-load,1,ip-172-31-16-115,olap,benchANT
2026-06-04 08:20:00+00:00,system,load5,4.98,dbms,tpc-ds,postgresql-100gb-load,1,ip-172-31-16-115,olap,benchANT
2026-06-04 08:20:10+00:00,system,load5,4.98,dbms,tpc-ds,postgresql-100gb-load,1,ip-172-31-16-115,olap,benchANT
2026-06-04 08:20:20+00:00,system,load5,4.98,dbms,tpc-ds,postgresql-100gb-load,1,ip-172-31-16-115,olap,benchANT
2026-06-04 08:20:30+00:00,system,load5,4.98,dbms,tpc-ds,postgresql-100gb-load,1,ip-172-31-16-115,olap,benchANT
2026-06-04 08:20:40+00:00,system,load5,4.99,dbms,tpc-ds,postgresql-100gb-load,1,ip-172-31-16-115,olap,benchANT
2026-06-04 08:20:50+00:00,system,load5,4.99,dbms,tpc-ds,postgresql-100gb-load,1,ip-172-31-16-115,olap,benchANT
2026-06-04 08:21:00+00:00,system,load5,4.99,dbms,tpc-ds,postgresql-100gb-load,1,ip-172-31-16-115,olap,benchANT
2026-06-04 08:21:10+00:00,system,load5,4.99,dbms,tpc-ds,postgresql-100gb-load,1,ip-172-31-16-115,olap,benchANT
2026-06-04 08:21:20+00:00,system,load5,4.99,dbms,tpc-ds,postgresql-100gb-load,1,ip-172-31-16-115,olap,benchANT
2026-06-04 08:21:30+00:00,system,load5,4.99,dbms,tpc-ds,postgresql-100gb-load,1,ip-172-31-16-115,olap,benchANT
2026-06-04 08:21:40+00:00,system,load5,4.99,dbms,tpc-ds,postgresql-100gb-load,1,ip-172-31-16-115,olap,benchANT
2026-06-04 08:21:50+00:00,system,load5,4.99,dbms,tpc-ds,postgresql-100gb-load,1,ip-172-31-16-115,olap,benchANT
2026-06-04 08:22:00+00:00,system,load5,4.99,dbms,tpc-ds,postgresql-100gb-load,1,ip-172-31-16-115,olap,benchANT
2026-06-04 08:22:10+00:00,system,load5,4.99,dbms,tpc-ds,postgresql-100gb-load,1,ip-172-31-16-115,olap,benchANT
2026-06-04 08:22:20+00:00,system,load5,5.0,dbms,tpc-ds,postgresql-100gb-load,1,ip-172-31-16-115,olap,benchANT
2026-06-04 08:22:30+00:00,system,load5,5.01,dbms,tpc-ds,postgresql-100gb-load,1,ip-172-31-16-115,olap,benchANT
2026-06-04 08:22:40+00:00,system,load5,5.01,dbms,tpc-ds,postgresql-100gb-load,1,ip-172-31-16-115,olap,benchANT
2026-06-04 08:22:50+00:00,system,load5,5.01,dbms,tpc-ds,postgresql-100gb-load,1,ip-172-31-16-115,olap,benchANT
2026-06-04 08:23:00+00:00,system,load5,5.01,dbms,tpc-ds,postgresql-100gb-load,1,ip-172-31-16-115,olap,benchANT
2026-06-04 08:23:10+00:00,system,load5,5.03,dbms,tpc-ds,postgresql-100gb-load,1,ip-172-31-16-115,olap,benchANT
2026-06-04 08:23:20+00:00,system,load5,5.04,dbms,tpc-ds,postgresql-100gb-load,1,ip-172-31-16-115,olap,benchANT
2026-06-04 08:23:30+00:00,system,load5,5.04,dbms,tpc-ds,postgresql-100gb-load,1,ip-172-31-16-115,olap,benchANT
2026-06-04 08:23:40+00:00,system,load5,5.04,dbms,tpc-ds,postgresql-100gb-load,1,ip-172-31-16-115,olap,benchANT
2026-06-04 08:23:50+00:00,system,load5,5.04,dbms,tpc-ds,postgresql-100gb-load,1,ip-172-31-16-115,olap,benchANT
2026-06-04 08:24:00+00:00,system,load5,5.03,dbms,tpc-ds,postgresql-100gb-load,1,ip-172-31-16-115,olap,benchANT
2026-06-04 08:24:10+00:00,system,load5,5.03,dbms,tpc-ds,postgresql-100gb-load,1,ip-172-31-16-115,olap,benchANT
2026-06-04 08:24:20+00:00,system,load5,5.03,dbms,tpc-ds,postgresql-100gb-load,1,ip-172-31-16-115,olap,benchANT
2026-06-04 08:24:30+00:00,system,load5,5.03,dbms,tpc-ds,postgresql-100gb-load,1,ip-172-31-16-115,olap,benchANT
2026-06-04 08:24:40+00:00,system,load5,5.03,dbms,tpc-ds,postgresql-100gb-load,1,ip-172-31-16-115,olap,benchANT
2026-06-04 08:24:50+00:00,system,load5,5.03,dbms,tpc-ds,postgresql-100gb-load,1,ip-172-31-16-115,olap,benchANT
2026-06-04 08:25:00+00:00,system,load5,5.03,dbms,tpc-ds,postgresql-100gb-load,1,ip-172-31-16-115,olap,benchANT
2026-06-04 08:25:10+00:00,system,load5,5.02,dbms,tpc-ds,postgresql-100gb-load,1,ip-172-31-16-115,olap,benchANT
2026-06-04 08:25:20+00:00,system,load5,5.01,dbms,tpc-ds,postgresql-100gb-load,1,ip-172-31-16-115,olap,benchANT
2026-06-04 08:25:30+00:00,system,load5,4.97,dbms,tpc-ds,postgresql-100gb-load,1,ip-172-31-16-115,olap,benchANT
2026-06-04 08:25:40+00:00,system,load5,4.94,dbms,tpc-ds,postgresql-100gb-load,1,ip-172-31-16-115,olap,benchANT
2026-06-04 08:25:50+00:00,system,load5,4.91,dbms,tpc-ds,postgresql-100gb-load,1,ip-172-31-16-115,olap,benchANT
2026-06-04 08:26:00+00:00,system,load5,4.88,dbms,tpc-ds,postgresql-100gb-load,1,ip-172-31-16-115,olap,benchANT
2026-06-04 08:26:10+00:00,system,load5,4.85,dbms,tpc-ds,postgresql-100gb-load,1,ip-172-31-16-115,olap,benchANT
2026-06-04 08:26:20+00:00,system,load5,4.82,dbms,tpc-ds,postgresql-100gb-load,1,ip-172-31-16-115,olap,benchANT
2026-06-04 08:26:30+00:00,system,load5,4.79,dbms,tpc-ds,postgresql-100gb-load,1,ip-172-31-16-115,olap,benchANT
2026-06-04 08:26:40+00:00,system,load5,4.77,dbms,tpc-ds,postgresql-100gb-load,1,ip-172-31-16-115,olap,benchANT
2026-06-04 08:26:50+00:00,system,load5,4.74,dbms,tpc-ds,postgresql-100gb-load,1,ip-172-31-16-115,olap,benchANT
2026-06-04 08:27:00+00:00,system,load5,4.72,dbms,tpc-ds,postgresql-100gb-load,1,ip-172-31-16-115,olap,benchANT
2026-06-04 08:27:10+00:00,system,load5,4.69,dbms,tpc-ds,postgresql-100gb-load,1,ip-172-31-16-115,olap,benchANT
2026-06-04 08:27:20+00:00,system,load5,4.67,dbms,tpc-ds,postgresql-100gb-load,1,ip-172-31-16-115,olap,benchANT
2026-06-04 08:27:30+00:00,system,load5,4.65,dbms,tpc-ds,postgresql-100gb-load,1,ip-172-31-16-115,olap,benchANT
2026-06-04 08:27:40+00:00,system,load5,4.63,dbms,tpc-ds,postgresql-100gb-load,1,ip-172-31-16-115,olap,benchANT
2026-06-04 08:27:50+00:00,system,load5,4.6,dbms,tpc-ds,postgresql-100gb-load,1,ip-172-31-16-115,olap,benchANT
2026-06-04 08:28:00+00:00,system,load5,4.58,dbms,tpc-ds,postgresql-100gb-load,1,ip-172-31-16-115,olap,benchANT
2026-06-04 08:28:10+00:00,system,load5,4.56,dbms,tpc-ds,postgresql-100gb-load,1,ip-172-31-16-115,olap,benchANT
2026-06-04 08:28:20+00:00,system,load5,4.55,dbms,tpc-ds,postgresql-100gb-load,1,ip-172-31-16-115,olap,benchANT
2026-06-04 08:28:30+00:00,system,load5,4.53,dbms,tpc-ds,postgresql-100gb-load,1,ip-172-31-16-115,olap,benchANT
2026-06-04 08:28:40+00:00,system,load5,4.51,dbms,tpc-ds,postgresql-100gb-load,1,ip-172-31-16-115,olap,benchANT
2026-06-04 08:28:50+00:00,system,load5,4.49,dbms,tpc-ds,postgresql-100gb-load,1,ip-172-31-16-115,olap,benchANT
2026-06-04 08:29:00+00:00,system,load5,4.47,dbms,tpc-ds,postgresql-100gb-load,1,ip-172-31-16-115,olap,benchANT
2026-06-04 08:29:10+00:00,system,load5,4.46,dbms,tpc-ds,postgresql-100gb-load,1,ip-172-31-16-115,olap,benchANT
2026-06-04 08:29:20+00:00,system,load5,4.44,dbms,tpc-ds,postgresql-100gb-load,1,ip-172-31-16-115,olap,benchANT
2026-06-04 08:29:30+00:00,system,load5,4.43,dbms,tpc-ds,postgresql-100gb-load,1,ip-172-31-16-115,olap,benchANT
2026-06-04 08:29:40+00:00,system,load5,4.41,dbms,tpc-ds,postgresql-100gb-load,1,ip-172-31-16-115,olap,benchANT
2026-06-04 08:29:50+00:00,system,load5,4.4,dbms,tpc-ds,postgresql-100gb-load,1,ip-172-31-16-115,olap,benchANT
2026-06-04 08:30:00+00:00,system,load5,4.39,dbms,tpc-ds,postgresql-100gb-load,1,ip-172-31-16-115,olap,benchANT
2026-06-04 08:30:10+00:00,system,load5,4.37,dbms,tpc-ds,postgresql-100gb-load,1,ip-172-31-16-115,olap,benchANT
2026-06-04 08:30:20+00:00,system,load5,4.36,dbms,tpc-ds,postgresql-100gb-load,1,ip-172-31-16-115,olap,benchANT
2026-06-04 08:30:30+00:00,system,load5,4.35,dbms,tpc-ds,postgresql-100gb-load,1,ip-172-31-16-115,olap,benchANT
2026-06-04 08:30:40+00:00,system,load5,4.37,dbms,tpc-ds,postgresql-100gb-load,1,ip-172-31-16-115,olap,benchANT
2026-06-04 08:30:50+00:00,system,load5,4.36,dbms,tpc-ds,postgresql-100gb-load,1,ip-172-31-16-115,olap,benchANT
2026-06-04 08:31:00+00:00,system,load5,4.36,dbms,tpc-ds,postgresql-100gb-load,1,ip-172-31-16-115,olap,benchANT
2026-06-04 08:31:10+00:00,system,load5,4.35,dbms,tpc-ds,postgresql-100gb-load,1,ip-172-31-16-115,olap,benchANT
2026-06-04 08:31:20+00:00,system,load5,4.34,dbms,tpc-ds,postgresql-100gb-load,1,ip-172-31-16-115,olap,benchANT
2026-06-04 08:31:30+00:00,system,load5,4.34,dbms,tpc-ds,postgresql-100gb-load,1,ip-172-31-16-115,olap,benchANT
2026-06-04 08:31:40+00:00,system,load5,4.33,dbms,tpc-ds,postgresql-100gb-load,1,ip-172-31-16-115,olap,benchANT
2026-06-04 08:31:50+00:00,system,load5,4.32,dbms,tpc-ds,postgresql-100gb-load,1,ip-172-31-16-115,olap,benchANT
2026-06-04 08:32:00+00:00,system,load5,4.31,dbms,tpc-ds,postgresql-100gb-load,1,ip-172-31-16-115,olap,benchANT
2026-06-04 08:32:10+00:00,system,load5,4.3,dbms,tpc-ds,postgresql-100gb-load,1,ip-172-31-16-115,olap,benchANT
2026-06-04 08:32:20+00:00,system,load5,4.32,dbms,tpc-ds,postgresql-100gb-load,1,ip-172-31-16-115,olap,benchANT
2026-06-04 08:32:30+00:00,system,load5,4.34,dbms,tpc-ds,postgresql-100gb-load,1,ip-172-31-16-115,olap,benchANT
2026-06-04 08:32:40+00:00,system,load5,4.37,dbms,tpc-ds,postgresql-100gb-load,1,ip-172-31-16-115,olap,benchANT
2026-06-04 08:32:50+00:00,system,load5,4.39,dbms,tpc-ds,postgresql-100gb-load,1,ip-172-31-16-115,olap,benchANT
2026-06-04 08:33:00+00:00,system,load5,4.44,dbms,tpc-ds,postgresql-100gb-load,1,ip-172-31-16-115,olap,benchANT
2026-06-04 08:33:10+00:00,system,load5,4.46,dbms,tpc-ds,postgresql-100gb-load,1,ip-172-31-16-115,olap,benchANT
2026-06-04 08:33:20+00:00,system,load5,4.48,dbms,tpc-ds,postgresql-100gb-load,1,ip-172-31-16-115,olap,benchANT
2026-06-04 08:33:30+00:00,system,load5,4.5,dbms,tpc-ds,postgresql-100gb-load,1,ip-172-31-16-115,olap,benchANT
2026-06-04 08:33:40+00:00,system,load5,4.53,dbms,tpc-ds,postgresql-100gb-load,1,ip-172-31-16-115,olap,benchANT
2026-06-04 08:33:50+00:00,system,load5,4.56,dbms,tpc-ds,postgresql-100gb-load,1,ip-172-31-16-115,olap,benchANT
2026-06-04 08:34:00+00:00,system,load5,4.58,dbms,tpc-ds,postgresql-100gb-load,1,ip-172-31-16-115,olap,benchANT
2026-06-04 08:34:10+00:00,system,load5,4.59,dbms,tpc-ds,postgresql-100gb-load,1,ip-172-31-16-115,olap,benchANT
2026-06-04 08:34:20+00:00,system,load5,4.6,dbms,tpc-ds,postgresql-100gb-load,1,ip-172-31-16-115,olap,benchANT
2026-06-04 08:34:30+00:00,system,load5,4.62,dbms,tpc-ds,postgresql-100gb-load,1,ip-172-31-16-115,olap,benchANT
2026-06-04 08:34:40+00:00,system,load5,4.65,dbms,tpc-ds,postgresql-100gb-load,1,ip-172-31-16-115,olap,benchANT
2026-06-04 08:34:50+00:00,system,load5,4.68,dbms,tpc-ds,postgresql-100gb-load,1,ip-172-31-16-115,olap,benchANT
2026-06-04 08:35:00+00:00,system,load5,4.69,dbms,tpc-ds,postgresql-100gb-load,1,ip-172-31-16-115,olap,benchANT
2026-06-04 08:35:10+00:00,system,load5,4.7,dbms,tpc-ds,postgresql-100gb-load,1,ip-172-31-16-115,olap,benchANT
2026-06-04 08:35:20+00:00,system,load5,4.72,dbms,tpc-ds,postgresql-100gb-load,1,ip-172-31-16-115,olap,benchANT
2026-06-04 08:35:30+00:00,system,load5,4.77,dbms,tpc-ds,postgresql-100gb-load,1,ip-172-31-16-115,olap,benchANT
2026-06-04 08:35:40+00:00,system,load5,4.81,dbms,tpc-ds,postgresql-100gb-load,1,ip-172-31-16-115,olap,benchANT
2026-06-04 08:35:50+00:00,system,load5,4.85,dbms,tpc-ds,postgresql-100gb-load,1,ip-172-31-16-115,olap,benchANT
2026-06-04 08:36:00+00:00,system,load5,4.9,dbms,tpc-ds,postgresql-100gb-load,1,ip-172-31-16-115,olap,benchANT
2026-06-04 08:36:10+00:00,system,load5,4.97,dbms,tpc-ds,postgresql-100gb-load,1,ip-172-31-16-115,olap,benchANT
2026-06-04 08:36:20+00:00,system,load5,5.04,dbms,tpc-ds,postgresql-100gb-load,1,ip-172-31-16-115,olap,benchANT
2026-06-04 08:36:30+00:00,system,load5,5.1,dbms,tpc-ds,postgresql-100gb-load,1,ip-172-31-16-115,olap,benchANT
2026-06-04 08:36:40+00:00,system,load5,5.17,dbms,tpc-ds,postgresql-100gb-load,1,ip-172-31-16-115,olap,benchANT
2026-06-04 08:36:50+00:00,system,load5,5.23,dbms,tpc-ds,postgresql-100gb-load,1,ip-172-31-16-115,olap,benchANT
2026-06-04 08:37:00+00:00,system,load5,5.29,dbms,tpc-ds,postgresql-100gb-load,1,ip-172-31-16-115,olap,benchANT
2026-06-04 08:37:10+00:00,system,load5,5.35,dbms,tpc-ds,postgresql-100gb-load,1,ip-172-31-16-115,olap,benchANT
2026-06-04 08:37:20+00:00,system,load5,5.4,dbms,tpc-ds,postgresql-100gb-load,1,ip-172-31-16-115,olap,benchANT
2026-06-04 08:37:30+00:00,system,load5,5.42,dbms,tpc-ds,postgresql-100gb-load,1,ip-172-31-16-115,olap,benchANT
2026-06-04 08:37:40+00:00,system,load5,5.44,dbms,tpc-ds,postgresql-100gb-load,1,ip-172-31-16-115,olap,benchANT
2026-06-04 08:37:50+00:00,system,load5,5.46,dbms,tpc-ds,postgresql-100gb-load,1,ip-172-31-16-115,olap,benchANT
2026-06-04 08:38:00+00:00,system,load5,5.48,dbms,tpc-ds,postgresql-100gb-load,1,ip-172-31-16-115,olap,benchANT
2026-06-04 08:38:10+00:00,system,load5,5.51,dbms,tpc-ds,postgresql-100gb-load,1,ip-172-31-16-115,olap,benchANT
2026-06-04 08:38:20+00:00,system,load5,5.53,dbms,tpc-ds,postgresql-100gb-load,1,ip-172-31-16-115,olap,benchANT
2026-06-04 08:38:30+00:00,system,load5,5.54,dbms,tpc-ds,postgresql-100gb-load,1,ip-172-31-16-115,olap,benchANT
2026-06-04 08:38:40+00:00,system,load5,5.58,dbms,tpc-ds,postgresql-100gb-load,1,ip-172-31-16-115,olap,benchANT
2026-06-04 08:38:50+00:00,system,load5,5.59,dbms,tpc-ds,postgresql-100gb-load,1,ip-172-31-16-115,olap,benchANT
2026-06-04 08:39:00+00:00,system,load5,5.6,dbms,tpc-ds,postgresql-100gb-load,1,ip-172-31-16-115,olap,benchANT
2026-06-04 08:39:10+00:00,system,load5,5.62,dbms,tpc-ds,postgresql-100gb-load,1,ip-172-31-16-115,olap,benchANT
2026-06-04 08:39:20+00:00,system,load5,5.63,dbms,tpc-ds,postgresql-100gb-load,1,ip-172-31-16-115,olap,benchANT
2026-06-04 08:39:30+00:00,system,load5,5.64,dbms,tpc-ds,postgresql-100gb-load,1,ip-172-31-16-115,olap,benchANT
2026-06-04 08:39:40+00:00,system,load5,5.66,dbms,tpc-ds,postgresql-100gb-load,1,ip-172-31-16-115,olap,benchANT
2026-06-04 08:39:50+00:00,system,load5,5.67,dbms,tpc-ds,postgresql-100gb-load,1,ip-172-31-16-115,olap,benchANT
2026-06-04 08:40:00+00:00,system,load5,5.68,dbms,tpc-ds,postgresql-100gb-load,1,ip-172-31-16-115,olap,benchANT
2026-06-04 08:40:10+00:00,system,load5,5.69,dbms,tpc-ds,postgresql-100gb-load,1,ip-172-31-16-115,olap,benchANT
2026-06-04 08:40:20+00:00,system,load5,5.7,dbms,tpc-ds,postgresql-100gb-load,1,ip-172-31-16-115,olap,benchANT
2026-06-04 08:40:30+00:00,system,load5,5.71,dbms,tpc-ds,postgresql-100gb-load,1,ip-172-31-16-115,olap,benchANT
2026-06-04 08:40:40+00:00,system,load5,5.72,dbms,tpc-ds,postgresql-100gb-load,1,ip-172-31-16-115,olap,benchANT
2026-06-04 08:40:50+00:00,system,load5,5.73,dbms,tpc-ds,postgresql-100gb-load,1,ip-172-31-16-115,olap,benchANT
2026-06-04 08:41:00+00:00,system,load5,5.74,dbms,tpc-ds,postgresql-100gb-load,1,ip-172-31-16-115,olap,benchANT
2026-06-04 08:41:10+00:00,system,load5,5.78,dbms,tpc-ds,postgresql-100gb-load,1,ip-172-31-16-115,olap,benchANT
2026-06-04 08:41:20+00:00,system,load5,5.82,dbms,tpc-ds,postgresql-100gb-load,1,ip-172-31-16-115,olap,benchANT
2026-06-04 08:41:30+00:00,system,load5,5.86,dbms,tpc-ds,postgresql-100gb-load,1,ip-172-31-16-115,olap,benchANT
2026-06-04 08:41:40+00:00,system,load5,5.9,dbms,tpc-ds,postgresql-100gb-load,1,ip-172-31-16-115,olap,benchANT
2026-06-04 08:41:50+00:00,system,load5,5.94,dbms,tpc-ds,postgresql-100gb-load,1,ip-172-31-16-115,olap,benchANT
2026-06-04 08:42:00+00:00,system,load5,5.97,dbms,tpc-ds,postgresql-100gb-load,1,ip-172-31-16-115,olap,benchANT
2026-06-04 08:42:10+00:00,system,load5,6.01,dbms,tpc-ds,postgresql-100gb-load,1,ip-172-31-16-115,olap,benchANT
2026-06-04 08:42:20+00:00,system,load5,6.06,dbms,tpc-ds,postgresql-100gb-load,1,ip-172-31-16-115,olap,benchANT
2026-06-04 08:42:30+00:00,system,load5,6.09,dbms,tpc-ds,postgresql-100gb-load,1,ip-172-31-16-115,olap,benchANT
2026-06-04 08:42:40+00:00,system,load5,6.12,dbms,tpc-ds,postgresql-100gb-load,1,ip-172-31-16-115,olap,benchANT
2026-06-04 08:42:50+00:00,system,load5,6.11,dbms,tpc-ds,postgresql-100gb-load,1,ip-172-31-16-115,olap,benchANT
2026-06-04 08:43:00+00:00,system,load5,6.08,dbms,tpc-ds,postgresql-100gb-load,1,ip-172-31-16-115,olap,benchANT
2026-06-04 08:43:10+00:00,system,load5,6.04,dbms,tpc-ds,postgresql-100gb-load,1,ip-172-31-16-115,olap,benchANT
2026-06-04 08:43:20+00:00,system,load5,6.01,dbms,tpc-ds,postgresql-100gb-load,1,ip-172-31-16-115,olap,benchANT
2026-06-04 08:43:30+00:00,system,load5,5.99,dbms,tpc-ds,postgresql-100gb-load,1,ip-172-31-16-115,olap,benchANT
2026-06-04 08:43:40+00:00,system,load5,5.96,dbms,tpc-ds,postgresql-100gb-load,1,ip-172-31-16-115,olap,benchANT
2026-06-04 08:43:50+00:00,system,load5,5.92,dbms,tpc-ds,postgresql-100gb-load,1,ip-172-31-16-115,olap,benchANT
2026-06-04 08:44:00+00:00,system,load5,5.89,dbms,tpc-ds,postgresql-100gb-load,1,ip-172-31-16-115,olap,benchANT
2026-06-04 08:44:10+00:00,system,load5,5.86,dbms,tpc-ds,postgresql-100gb-load,1,ip-172-31-16-115,olap,benchANT
2026-06-04 08:44:20+00:00,system,load5,5.83,dbms,tpc-ds,postgresql-100gb-load,1,ip-172-31-16-115,olap,benchANT
2026-06-04 08:44:30+00:00,system,load5,5.81,dbms,tpc-ds,postgresql-100gb-load,1,ip-172-31-16-115,olap,benchANT
2026-06-04 08:44:40+00:00,system,load5,5.78,dbms,tpc-ds,postgresql-100gb-load,1,ip-172-31-16-115,olap,benchANT
2026-06-04 08:44:50+00:00,system,load5,5.75,dbms,tpc-ds,postgresql-100gb-load,1,ip-172-31-16-115,olap,benchANT
2026-06-04 08:45:00+00:00,system,load5,5.73,dbms,tpc-ds,postgresql-100gb-load,1,ip-172-31-16-115,olap,benchANT
2026-06-04 08:45:10+00:00,system,load5,5.7,dbms,tpc-ds,postgresql-100gb-load,1,ip-172-31-16-115,olap,benchANT
2026-06-04 08:45:20+00:00,system,load5,5.68,dbms,tpc-ds,postgresql-100gb-load,1,ip-172-31-16-115,olap,benchANT
2026-06-04 08:45:30+00:00,system,load5,5.66,dbms,tpc-ds,postgresql-100gb-load,1,ip-172-31-16-115,olap,benchANT
2026-06-04 08:45:40+00:00,system,load5,5.64,dbms,tpc-ds,postgresql-100gb-load,1,ip-172-31-16-115,olap,benchANT
2026-06-04 08:45:50+00:00,system,load5,5.61,dbms,tpc-ds,postgresql-100gb-load,1,ip-172-31-16-115,olap,benchANT
2026-06-04 08:46:00+00:00,system,load5,5.59,dbms,tpc-ds,postgresql-100gb-load,1,ip-172-31-16-115,olap,benchANT
2026-06-04 08:46:10+00:00,system,load5,5.57,dbms,tpc-ds,postgresql-100gb-load,1,ip-172-31-16-115,olap,benchANT
2026-06-04 08:46:20+00:00,system,load5,5.55,dbms,tpc-ds,postgresql-100gb-load,1,ip-172-31-16-115,olap,benchANT
2026-06-04 08:46:30+00:00,system,load5,5.54,dbms,tpc-ds,postgresql-100gb-load,1,ip-172-31-16-115,olap,benchANT
2026-06-04 08:46:40+00:00,system,load5,5.52,dbms,tpc-ds,postgresql-100gb-load,1,ip-172-31-16-115,olap,benchANT
2026-06-04 08:46:50+00:00,system,load5,5.5,dbms,tpc-ds,postgresql-100gb-load,1,ip-172-31-16-115,olap,benchANT
2026-06-04 08:47:00+00:00,system,load5,5.5,dbms,tpc-ds,postgresql-100gb-load,1,ip-172-31-16-115,olap,benchANT
2026-06-04 08:47:10+00:00,system,load5,5.48,dbms,tpc-ds,postgresql-100gb-load,1,ip-172-31-16-115,olap,benchANT
2026-06-04 08:47:20+00:00,system,load5,5.4,dbms,tpc-ds,postgresql-100gb-load,1,ip-172-31-16-115,olap,benchANT
2026-06-04 08:47:30+00:00,system,load5,5.39,dbms,tpc-ds,postgresql-100gb-load,1,ip-172-31-16-115,olap,benchANT
2026-06-04 08:47:40+00:00,system,load5,5.37,dbms,tpc-ds,postgresql-100gb-load,1,ip-172-31-16-115,olap,benchANT
2026-06-04 08:47:50+00:00,system,load5,5.36,dbms,tpc-ds,postgresql-100gb-load,1,ip-172-31-16-115,olap,benchANT
2026-06-04 08:48:00+00:00,system,load5,5.35,dbms,tpc-ds,postgresql-100gb-load,1,ip-172-31-16-115,olap,benchANT
2026-06-04 08:48:10+00:00,system,load5,5.34,dbms,tpc-ds,postgresql-100gb-load,1,ip-172-31-16-115,olap,benchANT
2026-06-04 08:48:20+00:00,system,load5,5.33,dbms,tpc-ds,postgresql-100gb-load,1,ip-172-31-16-115,olap,benchANT
2026-06-04 08:48:30+00:00,system,load5,5.33,dbms,tpc-ds,postgresql-100gb-load,1,ip-172-31-16-115,olap,benchANT
2026-06-04 08:48:40+00:00,system,load5,5.32,dbms,tpc-ds,postgresql-100gb-load,1,ip-172-31-16-115,olap,benchANT
2026-06-04 08:48:50+00:00,system,load5,5.31,dbms,tpc-ds,postgresql-100gb-load,1,ip-172-31-16-115,olap,benchANT
2026-06-04 08:49:00+00:00,system,load5,5.3,dbms,tpc-ds,postgresql-100gb-load,1,ip-172-31-16-115,olap,benchANT
2026-06-04 08:49:10+00:00,system,load5,5.29,dbms,tpc-ds,postgresql-100gb-load,1,ip-172-31-16-115,olap,benchANT
2026-06-04 08:49:20+00:00,system,load5,5.28,dbms,tpc-ds,postgresql-100gb-load,1,ip-172-31-16-115,olap,benchANT
2026-06-04 08:49:30+00:00,system,load5,5.27,dbms,tpc-ds,postgresql-100gb-load,1,ip-172-31-16-115,olap,benchANT
2026-06-04 08:49:40+00:00,system,load5,5.26,dbms,tpc-ds,postgresql-100gb-load,1,ip-172-31-16-115,olap,benchANT
2026-06-04 08:49:50+00:00,system,load5,5.25,dbms,tpc-ds,postgresql-100gb-load,1,ip-172-31-16-115,olap,benchANT
2026-06-04 08:50:00+00:00,system,load5,5.24,dbms,tpc-ds,postgresql-100gb-load,1,ip-172-31-16-115,olap,benchANT
2026-06-04 08:50:10+00:00,system,load5,5.23,dbms,tpc-ds,postgresql-100gb-load,1,ip-172-31-16-115,olap,benchANT
2026-06-04 08:50:20+00:00,system,load5,5.22,dbms,tpc-ds,postgresql-100gb-load,1,ip-172-31-16-115,olap,benchANT
2026-06-04 08:50:30+00:00,system,load5,5.22,dbms,tpc-ds,postgresql-100gb-load,1,ip-172-31-16-115,olap,benchANT
2026-06-04 08:50:40+00:00,system,load5,5.21,dbms,tpc-ds,postgresql-100gb-load,1,ip-172-31-16-115,olap,benchANT
2026-06-04 08:50:50+00:00,system,load5,5.2,dbms,tpc-ds,postgresql-100gb-load,1,ip-172-31-16-115,olap,benchANT
2026-06-04 08:51:00+00:00,system,load5,5.21,dbms,tpc-ds,postgresql-100gb-load,1,ip-172-31-16-115,olap,benchANT
2026-06-04 08:51:10+00:00,system,load5,5.2,dbms,tpc-ds,postgresql-100gb-load,1,ip-172-31-16-115,olap,benchANT
2026-06-04 08:51:20+00:00,system,load5,5.2,dbms,tpc-ds,postgresql-100gb-load,1,ip-172-31-16-115,olap,benchANT
2026-06-04 08:51:30+00:00,system,load5,5.19,dbms,tpc-ds,postgresql-100gb-load,1,ip-172-31-16-115,olap,benchANT
2026-06-04 08:51:40+00:00,system,load5,5.18,dbms,tpc-ds,postgresql-100gb-load,1,ip-172-31-16-115,olap,benchANT
2026-06-04 08:51:50+00:00,system,load5,5.18,dbms,tpc-ds,postgresql-100gb-load,1,ip-172-31-16-115,olap,benchANT
2026-06-04 08:52:00+00:00,system,load5,5.17,dbms,tpc-ds,postgresql-100gb-load,1,ip-172-31-16-115,olap,benchANT
2026-06-04 08:52:10+00:00,system,load5,5.16,dbms,tpc-ds,postgresql-100gb-load,1,ip-172-31-16-115,olap,benchANT
2026-06-04 08:52:20+00:00,system,load5,5.16,dbms,tpc-ds,postgresql-100gb-load,1,ip-172-31-16-115,olap,benchANT
2026-06-04 08:52:30+00:00,system,load5,5.17,dbms,tpc-ds,postgresql-100gb-load,1,ip-172-31-16-115,olap,benchANT
2026-06-04 08:52:40+00:00,system,load5,5.16,dbms,tpc-ds,postgresql-100gb-load,1,ip-172-31-16-115,olap,benchANT
2026-06-04 08:52:50+00:00,system,load5,5.16,dbms,tpc-ds,postgresql-100gb-load,1,ip-172-31-16-115,olap,benchANT
2026-06-04 08:53:00+00:00,system,load5,5.15,dbms,tpc-ds,postgresql-100gb-load,1,ip-172-31-16-115,olap,benchANT
2026-06-04 08:53:10+00:00,system,load5,5.15,dbms,tpc-ds,postgresql-100gb-load,1,ip-172-31-16-115,olap,benchANT
2026-06-04 08:53:20+00:00,system,load5,5.14,dbms,tpc-ds,postgresql-100gb-load,1,ip-172-31-16-115,olap,benchANT
2026-06-04 08:53:30+00:00,system,load5,5.14,dbms,tpc-ds,postgresql-100gb-load,1,ip-172-31-16-115,olap,benchANT
2026-06-04 08:53:40+00:00,system,load5,5.13,dbms,tpc-ds,postgresql-100gb-load,1,ip-172-31-16-115,olap,benchANT
2026-06-04 08:53:50+00:00,system,load5,5.13,dbms,tpc-ds,postgresql-100gb-load,1,ip-172-31-16-115,olap,benchANT
2026-06-04 08:54:00+00:00,system,load5,5.12,dbms,tpc-ds,postgresql-100gb-load,1,ip-172-31-16-115,olap,benchANT
2026-06-04 08:54:10+00:00,system,load5,5.12,dbms,tpc-ds,postgresql-100gb-load,1,ip-172-31-16-115,olap,benchANT
2026-06-04 08:54:20+00:00,system,load5,5.08,dbms,tpc-ds,postgresql-100gb-load,1,ip-172-31-16-115,olap,benchANT
2026-06-04 08:54:30+00:00,system,load5,5.04,dbms,tpc-ds,postgresql-100gb-load,1,ip-172-31-16-115,olap,benchANT
2026-06-04 08:54:40+00:00,system,load5,5.01,dbms,tpc-ds,postgresql-100gb-load,1,ip-172-31-16-115,olap,benchANT
2026-06-04 08:54:50+00:00,system,load5,4.98,dbms,tpc-ds,postgresql-100gb-load,1,ip-172-31-16-115,olap,benchANT
2026-06-04 08:55:00+00:00,system,load5,4.94,dbms,tpc-ds,postgresql-100gb-load,1,ip-172-31-16-115,olap,benchANT
2026-06-04 08:55:10+00:00,system,load5,4.91,dbms,tpc-ds,postgresql-100gb-load,1,ip-172-31-16-115,olap,benchANT
2026-06-04 08:55:20+00:00,system,load5,4.88,dbms,tpc-ds,postgresql-100gb-load,1,ip-172-31-16-115,olap,benchANT
2026-06-04 08:55:30+00:00,system,load5,4.85,dbms,tpc-ds,postgresql-100gb-load,1,ip-172-31-16-115,olap,benchANT
2026-06-04 08:55:40+00:00,system,load5,4.82,dbms,tpc-ds,postgresql-100gb-load,1,ip-172-31-16-115,olap,benchANT
2026-06-04 08:55:50+00:00,system,load5,4.8,dbms,tpc-ds,postgresql-100gb-load,1,ip-172-31-16-115,olap,benchANT
2026-06-04 08:56:00+00:00,system,load5,4.77,dbms,tpc-ds,postgresql-100gb-load,1,ip-172-31-16-115,olap,benchANT
2026-06-04 08:56:10+00:00,system,load5,4.74,dbms,tpc-ds,postgresql-100gb-load,1,ip-172-31-16-115,olap,benchANT
2026-06-04 08:56:20+00:00,system,load5,4.72,dbms,tpc-ds,postgresql-100gb-load,1,ip-172-31-16-115,olap,benchANT
2026-06-04 08:56:30+00:00,system,load5,4.69,dbms,tpc-ds,postgresql-100gb-load,1,ip-172-31-16-115,olap,benchANT
2026-06-04 08:56:40+00:00,system,load5,4.67,dbms,tpc-ds,postgresql-100gb-load,1,ip-172-31-16-115,olap,benchANT
2026-06-04 08:56:50+00:00,system,load5,4.65,dbms,tpc-ds,postgresql-100gb-load,1,ip-172-31-16-115,olap,benchANT
2026-06-04 08:57:00+00:00,system,load5,4.64,dbms,tpc-ds,postgresql-100gb-load,1,ip-172-31-16-115,olap,benchANT
2026-06-04 08:57:10+00:00,system,load5,4.62,dbms,tpc-ds,postgresql-100gb-load,1,ip-172-31-16-115,olap,benchANT
2026-06-04 08:57:20+00:00,system,load5,4.6,dbms,tpc-ds,postgresql-100gb-load,1,ip-172-31-16-115,olap,benchANT
2026-06-04 08:57:30+00:00,system,load5,4.58,dbms,tpc-ds,postgresql-100gb-load,1,ip-172-31-16-115,olap,benchANT
2026-06-04 08:57:40+00:00,system,load5,4.56,dbms,tpc-ds,postgresql-100gb-load,1,ip-172-31-16-115,olap,benchANT
2026-06-04 08:57:50+00:00,system,load5,4.54,dbms,tpc-ds,postgresql-100gb-load,1,ip-172-31-16-115,olap,benchANT
2026-06-04 08:58:00+00:00,system,load5,4.52,dbms,tpc-ds,postgresql-100gb-load,1,ip-172-31-16-115,olap,benchANT
2026-06-04 08:58:10+00:00,system,load5,4.5,dbms,tpc-ds,postgresql-100gb-load,1,ip-172-31-16-115,olap,benchANT
2026-06-04 08:58:20+00:00,system,load5,4.49,dbms,tpc-ds,postgresql-100gb-load,1,ip-172-31-16-115,olap,benchANT
2026-06-04 08:58:30+00:00,system,load5,4.47,dbms,tpc-ds,postgresql-100gb-load,1,ip-172-31-16-115,olap,benchANT
2026-06-04 08:58:40+00:00,system,load5,4.45,dbms,tpc-ds,postgresql-100gb-load,1,ip-172-31-16-115,olap,benchANT
2026-06-04 08:58:50+00:00,system,load5,4.44,dbms,tpc-ds,postgresql-100gb-load,1,ip-172-31-16-115,olap,benchANT
2026-06-04 08:59:00+00:00,system,load5,4.42,dbms,tpc-ds,postgresql-100gb-load,1,ip-172-31-16-115,olap,benchANT
2026-06-04 08:59:10+00:00,system,load5,4.41,dbms,tpc-ds,postgresql-100gb-load,1,ip-172-31-16-115,olap,benchANT
2026-06-04 08:59:20+00:00,system,load5,4.4,dbms,tpc-ds,postgresql-100gb-load,1,ip-172-31-16-115,olap,benchANT
2026-06-04 08:59:30+00:00,system,load5,4.38,dbms,tpc-ds,postgresql-100gb-load,1,ip-172-31-16-115,olap,benchANT
2026-06-04 08:59:40+00:00,system,load5,4.39,dbms,tpc-ds,postgresql-100gb-load,1,ip-172-31-16-115,olap,benchANT
2026-06-04 08:59:50+00:00,system,load5,4.37,dbms,tpc-ds,postgresql-100gb-load,1,ip-172-31-16-115,olap,benchANT
2026-06-04 09:00:00+00:00,system,load5,4.36,dbms,tpc-ds,postgresql-100gb-load,1,ip-172-31-16-115,olap,benchANT
2026-06-04 09:00:10+00:00,system,load5,4.35,dbms,tpc-ds,postgresql-100gb-load,1,ip-172-31-16-115,olap,benchANT
2026-06-04 09:00:20+00:00,system,load5,4.34,dbms,tpc-ds,postgresql-100gb-load,1,ip-172-31-16-115,olap,benchANT
2026-06-04 09:00:30+00:00,system,load5,4.32,dbms,tpc-ds,postgresql-100gb-load,1,ip-172-31-16-115,olap,benchANT
2026-06-04 09:00:40+00:00,system,load5,4.31,dbms,tpc-ds,postgresql-100gb-load,1,ip-172-31-16-115,olap,benchANT
2026-06-04 09:00:50+00:00,system,load5,4.3,dbms,tpc-ds,postgresql-100gb-load,1,ip-172-31-16-115,olap,benchANT
2026-06-04 09:01:00+00:00,system,load5,4.29,dbms,tpc-ds,postgresql-100gb-load,1,ip-172-31-16-115,olap,benchANT
2026-06-04 09:01:10+00:00,system,load5,4.28,dbms,tpc-ds,postgresql-100gb-load,1,ip-172-31-16-115,olap,benchANT
2026-06-04 07:50:20+00:00,system,n_cpus,8,dbms,tpc-ds,postgresql-100gb-load,1,ip-172-31-16-115,olap,benchANT
2026-06-04 07:50:30+00:00,system,n_cpus,8,dbms,tpc-ds,postgresql-100gb-load,1,ip-172-31-16-115,olap,benchANT
2026-06-04 07:50:40+00:00,system,n_cpus,8,dbms,tpc-ds,postgresql-100gb-load,1,ip-172-31-16-115,olap,benchANT
2026-06-04 07:50:50+00:00,system,n_cpus,8,dbms,tpc-ds,postgresql-100gb-load,1,ip-172-31-16-115,olap,benchANT
2026-06-04 07:51:00+00:00,system,n_cpus,8,dbms,tpc-ds,postgresql-100gb-load,1,ip-172-31-16-115,olap,benchANT
2026-06-04 07:51:10+00:00,system,n_cpus,8,dbms,tpc-ds,postgresql-100gb-load,1,ip-172-31-16-115,olap,benchANT
2026-06-04 07:51:20+00:00,system,n_cpus,8,dbms,tpc-ds,postgresql-100gb-load,1,ip-172-31-16-115,olap,benchANT
2026-06-04 07:51:30+00:00,system,n_cpus,8,dbms,tpc-ds,postgresql-100gb-load,1,ip-172-31-16-115,olap,benchANT
2026-06-04 07:51:40+00:00,system,n_cpus,8,dbms,tpc-ds,postgresql-100gb-load,1,ip-172-31-16-115,olap,benchANT
2026-06-04 07:51:50+00:00,system,n_cpus,8,dbms,tpc-ds,postgresql-100gb-load,1,ip-172-31-16-115,olap,benchANT
2026-06-04 07:52:00+00:00,system,n_cpus,8,dbms,tpc-ds,postgresql-100gb-load,1,ip-172-31-16-115,olap,benchANT
2026-06-04 07:52:10+00:00,system,n_cpus,8,dbms,tpc-ds,postgresql-100gb-load,1,ip-172-31-16-115,olap,benchANT
2026-06-04 07:52:20+00:00,system,n_cpus,8,dbms,tpc-ds,postgresql-100gb-load,1,ip-172-31-16-115,olap,benchANT
2026-06-04 07:52:30+00:00,system,n_cpus,8,dbms,tpc-ds,postgresql-100gb-load,1,ip-172-31-16-115,olap,benchANT
2026-06-04 07:52:40+00:00,system,n_cpus,8,dbms,tpc-ds,postgresql-100gb-load,1,ip-172-31-16-115,olap,benchANT
2026-06-04 07:52:50+00:00,system,n_cpus,8,dbms,tpc-ds,postgresql-100gb-load,1,ip-172-31-16-115,olap,benchANT
2026-06-04 07:53:00+00:00,system,n_cpus,8,dbms,tpc-ds,postgresql-100gb-load,1,ip-172-31-16-115,olap,benchANT
2026-06-04 07:53:10+00:00,system,n_cpus,8,dbms,tpc-ds,postgresql-100gb-load,1,ip-172-31-16-115,olap,benchANT
2026-06-04 07:53:20+00:00,system,n_cpus,8,dbms,tpc-ds,postgresql-100gb-load,1,ip-172-31-16-115,olap,benchANT
2026-06-04 07:53:30+00:00,system,n_cpus,8,dbms,tpc-ds,postgresql-100gb-load,1,ip-172-31-16-115,olap,benchANT
2026-06-04 07:53:40+00:00,system,n_cpus,8,dbms,tpc-ds,postgresql-100gb-load,1,ip-172-31-16-115,olap,benchANT
2026-06-04 07:53:50+00:00,system,n_cpus,8,dbms,tpc-ds,postgresql-100gb-load,1,ip-172-31-16-115,olap,benchANT
2026-06-04 07:54:00+00:00,system,n_cpus,8,dbms,tpc-ds,postgresql-100gb-load,1,ip-172-31-16-115,olap,benchANT
2026-06-04 07:54:10+00:00,system,n_cpus,8,dbms,tpc-ds,postgresql-100gb-load,1,ip-172-31-16-115,olap,benchANT
2026-06-04 07:54:20+00:00,system,n_cpus,8,dbms,tpc-ds,postgresql-100gb-load,1,ip-172-31-16-115,olap,benchANT
2026-06-04 07:54:30+00:00,system,n_cpus,8,dbms,tpc-ds,postgresql-100gb-load,1,ip-172-31-16-115,olap,benchANT
2026-06-04 07:54:40+00:00,system,n_cpus,8,dbms,tpc-ds,postgresql-100gb-load,1,ip-172-31-16-115,olap,benchANT
2026-06-04 07:54:50+00:00,system,n_cpus,8,dbms,tpc-ds,postgresql-100gb-load,1,ip-172-31-16-115,olap,benchANT
2026-06-04 07:55:00+00:00,system,n_cpus,8,dbms,tpc-ds,postgresql-100gb-load,1,ip-172-31-16-115,olap,benchANT
2026-06-04 07:55:10+00:00,system,n_cpus,8,dbms,tpc-ds,postgresql-100gb-load,1,ip-172-31-16-115,olap,benchANT
2026-06-04 07:55:20+00:00,system,n_cpus,8,dbms,tpc-ds,postgresql-100gb-load,1,ip-172-31-16-115,olap,benchANT
2026-06-04 07:55:30+00:00,system,n_cpus,8,dbms,tpc-ds,postgresql-100gb-load,1,ip-172-31-16-115,olap,benchANT
2026-06-04 07:55:40+00:00,system,n_cpus,8,dbms,tpc-ds,postgresql-100gb-load,1,ip-172-31-16-115,olap,benchANT
2026-06-04 07:55:50+00:00,system,n_cpus,8,dbms,tpc-ds,postgresql-100gb-load,1,ip-172-31-16-115,olap,benchANT
2026-06-04 07:56:00+00:00,system,n_cpus,8,dbms,tpc-ds,postgresql-100gb-load,1,ip-172-31-16-115,olap,benchANT
2026-06-04 07:56:10+00:00,system,n_cpus,8,dbms,tpc-ds,postgresql-100gb-load,1,ip-172-31-16-115,olap,benchANT
2026-06-04 07:56:20+00:00,system,n_cpus,8,dbms,tpc-ds,postgresql-100gb-load,1,ip-172-31-16-115,olap,benchANT
2026-06-04 07:56:30+00:00,system,n_cpus,8,dbms,tpc-ds,postgresql-100gb-load,1,ip-172-31-16-115,olap,benchANT
2026-06-04 07:56:40+00:00,system,n_cpus,8,dbms,tpc-ds,postgresql-100gb-load,1,ip-172-31-16-115,olap,benchANT
2026-06-04 07:56:50+00:00,system,n_cpus,8,dbms,tpc-ds,postgresql-100gb-load,1,ip-172-31-16-115,olap,benchANT
2026-06-04 07:57:00+00:00,system,n_cpus,8,dbms,tpc-ds,postgresql-100gb-load,1,ip-172-31-16-115,olap,benchANT
2026-06-04 07:57:10+00:00,system,n_cpus,8,dbms,tpc-ds,postgresql-100gb-load,1,ip-172-31-16-115,olap,benchANT
2026-06-04 07:57:20+00:00,system,n_cpus,8,dbms,tpc-ds,postgresql-100gb-load,1,ip-172-31-16-115,olap,benchANT
2026-06-04 07:57:30+00:00,system,n_cpus,8,dbms,tpc-ds,postgresql-100gb-load,1,ip-172-31-16-115,olap,benchANT
2026-06-04 07:57:40+00:00,system,n_cpus,8,dbms,tpc-ds,postgresql-100gb-load,1,ip-172-31-16-115,olap,benchANT
2026-06-04 07:57:50+00:00,system,n_cpus,8,dbms,tpc-ds,postgresql-100gb-load,1,ip-172-31-16-115,olap,benchANT
2026-06-04 07:58:00+00:00,system,n_cpus,8,dbms,tpc-ds,postgresql-100gb-load,1,ip-172-31-16-115,olap,benchANT
2026-06-04 07:58:10+00:00,system,n_cpus,8,dbms,tpc-ds,postgresql-100gb-load,1,ip-172-31-16-115,olap,benchANT
2026-06-04 07:58:20+00:00,system,n_cpus,8,dbms,tpc-ds,postgresql-100gb-load,1,ip-172-31-16-115,olap,benchANT
2026-06-04 07:58:30+00:00,system,n_cpus,8,dbms,tpc-ds,postgresql-100gb-load,1,ip-172-31-16-115,olap,benchANT
2026-06-04 07:58:40+00:00,system,n_cpus,8,dbms,tpc-ds,postgresql-100gb-load,1,ip-172-31-16-115,olap,benchANT
2026-06-04 07:58:50+00:00,system,n_cpus,8,dbms,tpc-ds,postgresql-100gb-load,1,ip-172-31-16-115,olap,benchANT
2026-06-04 07:59:00+00:00,system,n_cpus,8,dbms,tpc-ds,postgresql-100gb-load,1,ip-172-31-16-115,olap,benchANT
2026-06-04 07:59:10+00:00,system,n_cpus,8,dbms,tpc-ds,postgresql-100gb-load,1,ip-172-31-16-115,olap,benchANT
2026-06-04 07:59:20+00:00,system,n_cpus,8,dbms,tpc-ds,postgresql-100gb-load,1,ip-172-31-16-115,olap,benchANT
2026-06-04 07:59:30+00:00,system,n_cpus,8,dbms,tpc-ds,postgresql-100gb-load,1,ip-172-31-16-115,olap,benchANT
2026-06-04 07:59:40+00:00,system,n_cpus,8,dbms,tpc-ds,postgresql-100gb-load,1,ip-172-31-16-115,olap,benchANT
2026-06-04 07:59:50+00:00,system,n_cpus,8,dbms,tpc-ds,postgresql-100gb-load,1,ip-172-31-16-115,olap,benchANT
2026-06-04 08:00:00+00:00,system,n_cpus,8,dbms,tpc-ds,postgresql-100gb-load,1,ip-172-31-16-115,olap,benchANT
2026-06-04 08:00:10+00:00,system,n_cpus,8,dbms,tpc-ds,postgresql-100gb-load,1,ip-172-31-16-115,olap,benchANT
2026-06-04 08:00:20+00:00,system,n_cpus,8,dbms,tpc-ds,postgresql-100gb-load,1,ip-172-31-16-115,olap,benchANT
2026-06-04 08:00:30+00:00,system,n_cpus,8,dbms,tpc-ds,postgresql-100gb-load,1,ip-172-31-16-115,olap,benchANT
2026-06-04 08:00:40+00:00,system,n_cpus,8,dbms,tpc-ds,postgresql-100gb-load,1,ip-172-31-16-115,olap,benchANT
2026-06-04 08:00:50+00:00,system,n_cpus,8,dbms,tpc-ds,postgresql-100gb-load,1,ip-172-31-16-115,olap,benchANT
2026-06-04 08:01:00+00:00,system,n_cpus,8,dbms,tpc-ds,postgresql-100gb-load,1,ip-172-31-16-115,olap,benchANT
2026-06-04 08:01:10+00:00,system,n_cpus,8,dbms,tpc-ds,postgresql-100gb-load,1,ip-172-31-16-115,olap,benchANT
2026-06-04 08:01:20+00:00,system,n_cpus,8,dbms,tpc-ds,postgresql-100gb-load,1,ip-172-31-16-115,olap,benchANT
2026-06-04 08:01:30+00:00,system,n_cpus,8,dbms,tpc-ds,postgresql-100gb-load,1,ip-172-31-16-115,olap,benchANT
2026-06-04 08:01:40+00:00,system,n_cpus,8,dbms,tpc-ds,postgresql-100gb-load,1,ip-172-31-16-115,olap,benchANT
2026-06-04 08:01:50+00:00,system,n_cpus,8,dbms,tpc-ds,postgresql-100gb-load,1,ip-172-31-16-115,olap,benchANT
2026-06-04 08:02:00+00:00,system,n_cpus,8,dbms,tpc-ds,postgresql-100gb-load,1,ip-172-31-16-115,olap,benchANT
2026-06-04 08:02:10+00:00,system,n_cpus,8,dbms,tpc-ds,postgresql-100gb-load,1,ip-172-31-16-115,olap,benchANT
2026-06-04 08:02:20+00:00,system,n_cpus,8,dbms,tpc-ds,postgresql-100gb-load,1,ip-172-31-16-115,olap,benchANT
2026-06-04 08:02:30+00:00,system,n_cpus,8,dbms,tpc-ds,postgresql-100gb-load,1,ip-172-31-16-115,olap,benchANT
2026-06-04 08:02:40+00:00,system,n_cpus,8,dbms,tpc-ds,postgresql-100gb-load,1,ip-172-31-16-115,olap,benchANT
2026-06-04 08:02:50+00:00,system,n_cpus,8,dbms,tpc-ds,postgresql-100gb-load,1,ip-172-31-16-115,olap,benchANT
2026-06-04 08:03:00+00:00,system,n_cpus,8,dbms,tpc-ds,postgresql-100gb-load,1,ip-172-31-16-115,olap,benchANT
2026-06-04 08:03:10+00:00,system,n_cpus,8,dbms,tpc-ds,postgresql-100gb-load,1,ip-172-31-16-115,olap,benchANT
2026-06-04 08:03:20+00:00,system,n_cpus,8,dbms,tpc-ds,postgresql-100gb-load,1,ip-172-31-16-115,olap,benchANT
2026-06-04 08:03:30+00:00,system,n_cpus,8,dbms,tpc-ds,postgresql-100gb-load,1,ip-172-31-16-115,olap,benchANT
2026-06-04 08:03:40+00:00,system,n_cpus,8,dbms,tpc-ds,postgresql-100gb-load,1,ip-172-31-16-115,olap,benchANT
2026-06-04 08:03:50+00:00,system,n_cpus,8,dbms,tpc-ds,postgresql-100gb-load,1,ip-172-31-16-115,olap,benchANT
2026-06-04 08:04:00+00:00,system,n_cpus,8,dbms,tpc-ds,postgresql-100gb-load,1,ip-172-31-16-115,olap,benchANT
2026-06-04 08:04:10+00:00,system,n_cpus,8,dbms,tpc-ds,postgresql-100gb-load,1,ip-172-31-16-115,olap,benchANT
2026-06-04 08:04:20+00:00,system,n_cpus,8,dbms,tpc-ds,postgresql-100gb-load,1,ip-172-31-16-115,olap,benchANT
2026-06-04 08:04:30+00:00,system,n_cpus,8,dbms,tpc-ds,postgresql-100gb-load,1,ip-172-31-16-115,olap,benchANT
2026-06-04 08:04:40+00:00,system,n_cpus,8,dbms,tpc-ds,postgresql-100gb-load,1,ip-172-31-16-115,olap,benchANT
2026-06-04 08:04:50+00:00,system,n_cpus,8,dbms,tpc-ds,postgresql-100gb-load,1,ip-172-31-16-115,olap,benchANT
2026-06-04 08:05:00+00:00,system,n_cpus,8,dbms,tpc-ds,postgresql-100gb-load,1,ip-172-31-16-115,olap,benchANT
2026-06-04 08:05:10+00:00,system,n_cpus,8,dbms,tpc-ds,postgresql-100gb-load,1,ip-172-31-16-115,olap,benchANT
2026-06-04 08:05:20+00:00,system,n_cpus,8,dbms,tpc-ds,postgresql-100gb-load,1,ip-172-31-16-115,olap,benchANT
2026-06-04 08:05:30+00:00,system,n_cpus,8,dbms,tpc-ds,postgresql-100gb-load,1,ip-172-31-16-115,olap,benchANT
2026-06-04 08:05:40+00:00,system,n_cpus,8,dbms,tpc-ds,postgresql-100gb-load,1,ip-172-31-16-115,olap,benchANT
2026-06-04 08:05:50+00:00,system,n_cpus,8,dbms,tpc-ds,postgresql-100gb-load,1,ip-172-31-16-115,olap,benchANT
2026-06-04 08:06:00+00:00,system,n_cpus,8,dbms,tpc-ds,postgresql-100gb-load,1,ip-172-31-16-115,olap,benchANT
2026-06-04 08:06:10+00:00,system,n_cpus,8,dbms,tpc-ds,postgresql-100gb-load,1,ip-172-31-16-115,olap,benchANT
2026-06-04 08:06:20+00:00,system,n_cpus,8,dbms,tpc-ds,postgresql-100gb-load,1,ip-172-31-16-115,olap,benchANT
2026-06-04 08:06:30+00:00,system,n_cpus,8,dbms,tpc-ds,postgresql-100gb-load,1,ip-172-31-16-115,olap,benchANT
2026-06-04 08:06:40+00:00,system,n_cpus,8,dbms,tpc-ds,postgresql-100gb-load,1,ip-172-31-16-115,olap,benchANT
2026-06-04 08:06:50+00:00,system,n_cpus,8,dbms,tpc-ds,postgresql-100gb-load,1,ip-172-31-16-115,olap,benchANT
2026-06-04 08:07:00+00:00,system,n_cpus,8,dbms,tpc-ds,postgresql-100gb-load,1,ip-172-31-16-115,olap,benchANT
2026-06-04 08:07:10+00:00,system,n_cpus,8,dbms,tpc-ds,postgresql-100gb-load,1,ip-172-31-16-115,olap,benchANT
2026-06-04 08:07:20+00:00,system,n_cpus,8,dbms,tpc-ds,postgresql-100gb-load,1,ip-172-31-16-115,olap,benchANT
2026-06-04 08:07:30+00:00,system,n_cpus,8,dbms,tpc-ds,postgresql-100gb-load,1,ip-172-31-16-115,olap,benchANT
2026-06-04 08:07:40+00:00,system,n_cpus,8,dbms,tpc-ds,postgresql-100gb-load,1,ip-172-31-16-115,olap,benchANT
2026-06-04 08:07:50+00:00,system,n_cpus,8,dbms,tpc-ds,postgresql-100gb-load,1,ip-172-31-16-115,olap,benchANT
2026-06-04 08:08:00+00:00,system,n_cpus,8,dbms,tpc-ds,postgresql-100gb-load,1,ip-172-31-16-115,olap,benchANT
2026-06-04 08:08:10+00:00,system,n_cpus,8,dbms,tpc-ds,postgresql-100gb-load,1,ip-172-31-16-115,olap,benchANT
2026-06-04 08:08:20+00:00,system,n_cpus,8,dbms,tpc-ds,postgresql-100gb-load,1,ip-172-31-16-115,olap,benchANT
2026-06-04 08:08:30+00:00,system,n_cpus,8,dbms,tpc-ds,postgresql-100gb-load,1,ip-172-31-16-115,olap,benchANT
2026-06-04 08:08:40+00:00,system,n_cpus,8,dbms,tpc-ds,postgresql-100gb-load,1,ip-172-31-16-115,olap,benchANT
2026-06-04 08:08:50+00:00,system,n_cpus,8,dbms,tpc-ds,postgresql-100gb-load,1,ip-172-31-16-115,olap,benchANT
2026-06-04 08:09:00+00:00,system,n_cpus,8,dbms,tpc-ds,postgresql-100gb-load,1,ip-172-31-16-115,olap,benchANT
2026-06-04 08:09:10+00:00,system,n_cpus,8,dbms,tpc-ds,postgresql-100gb-load,1,ip-172-31-16-115,olap,benchANT
2026-06-04 08:09:20+00:00,system,n_cpus,8,dbms,tpc-ds,postgresql-100gb-load,1,ip-172-31-16-115,olap,benchANT
2026-06-04 08:09:30+00:00,system,n_cpus,8,dbms,tpc-ds,postgresql-100gb-load,1,ip-172-31-16-115,olap,benchANT
2026-06-04 08:09:40+00:00,system,n_cpus,8,dbms,tpc-ds,postgresql-100gb-load,1,ip-172-31-16-115,olap,benchANT
2026-06-04 08:09:50+00:00,system,n_cpus,8,dbms,tpc-ds,postgresql-100gb-load,1,ip-172-31-16-115,olap,benchANT
2026-06-04 08:10:00+00:00,system,n_cpus,8,dbms,tpc-ds,postgresql-100gb-load,1,ip-172-31-16-115,olap,benchANT
2026-06-04 08:10:10+00:00,system,n_cpus,8,dbms,tpc-ds,postgresql-100gb-load,1,ip-172-31-16-115,olap,benchANT
2026-06-04 08:10:20+00:00,system,n_cpus,8,dbms,tpc-ds,postgresql-100gb-load,1,ip-172-31-16-115,olap,benchANT
2026-06-04 08:10:30+00:00,system,n_cpus,8,dbms,tpc-ds,postgresql-100gb-load,1,ip-172-31-16-115,olap,benchANT
2026-06-04 08:10:40+00:00,system,n_cpus,8,dbms,tpc-ds,postgresql-100gb-load,1,ip-172-31-16-115,olap,benchANT
2026-06-04 08:10:50+00:00,system,n_cpus,8,dbms,tpc-ds,postgresql-100gb-load,1,ip-172-31-16-115,olap,benchANT
2026-06-04 08:11:00+00:00,system,n_cpus,8,dbms,tpc-ds,postgresql-100gb-load,1,ip-172-31-16-115,olap,benchANT
2026-06-04 08:11:10+00:00,system,n_cpus,8,dbms,tpc-ds,postgresql-100gb-load,1,ip-172-31-16-115,olap,benchANT
2026-06-04 08:11:20+00:00,system,n_cpus,8,dbms,tpc-ds,postgresql-100gb-load,1,ip-172-31-16-115,olap,benchANT
2026-06-04 08:11:30+00:00,system,n_cpus,8,dbms,tpc-ds,postgresql-100gb-load,1,ip-172-31-16-115,olap,benchANT
2026-06-04 08:11:40+00:00,system,n_cpus,8,dbms,tpc-ds,postgresql-100gb-load,1,ip-172-31-16-115,olap,benchANT
2026-06-04 08:11:50+00:00,system,n_cpus,8,dbms,tpc-ds,postgresql-100gb-load,1,ip-172-31-16-115,olap,benchANT
2026-06-04 08:12:00+00:00,system,n_cpus,8,dbms,tpc-ds,postgresql-100gb-load,1,ip-172-31-16-115,olap,benchANT
2026-06-04 08:12:10+00:00,system,n_cpus,8,dbms,tpc-ds,postgresql-100gb-load,1,ip-172-31-16-115,olap,benchANT
2026-06-04 08:12:20+00:00,system,n_cpus,8,dbms,tpc-ds,postgresql-100gb-load,1,ip-172-31-16-115,olap,benchANT
2026-06-04 08:12:30+00:00,system,n_cpus,8,dbms,tpc-ds,postgresql-100gb-load,1,ip-172-31-16-115,olap,benchANT
2026-06-04 08:12:40+00:00,system,n_cpus,8,dbms,tpc-ds,postgresql-100gb-load,1,ip-172-31-16-115,olap,benchANT
2026-06-04 08:12:50+00:00,system,n_cpus,8,dbms,tpc-ds,postgresql-100gb-load,1,ip-172-31-16-115,olap,benchANT
2026-06-04 08:13:00+00:00,system,n_cpus,8,dbms,tpc-ds,postgresql-100gb-load,1,ip-172-31-16-115,olap,benchANT
2026-06-04 08:13:10+00:00,system,n_cpus,8,dbms,tpc-ds,postgresql-100gb-load,1,ip-172-31-16-115,olap,benchANT
2026-06-04 08:13:20+00:00,system,n_cpus,8,dbms,tpc-ds,postgresql-100gb-load,1,ip-172-31-16-115,olap,benchANT
2026-06-04 08:13:30+00:00,system,n_cpus,8,dbms,tpc-ds,postgresql-100gb-load,1,ip-172-31-16-115,olap,benchANT
2026-06-04 08:13:40+00:00,system,n_cpus,8,dbms,tpc-ds,postgresql-100gb-load,1,ip-172-31-16-115,olap,benchANT
2026-06-04 08:13:50+00:00,system,n_cpus,8,dbms,tpc-ds,postgresql-100gb-load,1,ip-172-31-16-115,olap,benchANT
2026-06-04 08:14:00+00:00,system,n_cpus,8,dbms,tpc-ds,postgresql-100gb-load,1,ip-172-31-16-115,olap,benchANT
2026-06-04 08:14:10+00:00,system,n_cpus,8,dbms,tpc-ds,postgresql-100gb-load,1,ip-172-31-16-115,olap,benchANT
2026-06-04 08:14:20+00:00,system,n_cpus,8,dbms,tpc-ds,postgresql-100gb-load,1,ip-172-31-16-115,olap,benchANT
2026-06-04 08:14:30+00:00,system,n_cpus,8,dbms,tpc-ds,postgresql-100gb-load,1,ip-172-31-16-115,olap,benchANT
2026-06-04 08:14:40+00:00,system,n_cpus,8,dbms,tpc-ds,postgresql-100gb-load,1,ip-172-31-16-115,olap,benchANT
2026-06-04 08:14:50+00:00,system,n_cpus,8,dbms,tpc-ds,postgresql-100gb-load,1,ip-172-31-16-115,olap,benchANT
2026-06-04 08:15:00+00:00,system,n_cpus,8,dbms,tpc-ds,postgresql-100gb-load,1,ip-172-31-16-115,olap,benchANT
2026-06-04 08:15:10+00:00,system,n_cpus,8,dbms,tpc-ds,postgresql-100gb-load,1,ip-172-31-16-115,olap,benchANT
2026-06-04 08:15:20+00:00,system,n_cpus,8,dbms,tpc-ds,postgresql-100gb-load,1,ip-172-31-16-115,olap,benchANT
2026-06-04 08:15:30+00:00,system,n_cpus,8,dbms,tpc-ds,postgresql-100gb-load,1,ip-172-31-16-115,olap,benchANT
2026-06-04 08:15:40+00:00,system,n_cpus,8,dbms,tpc-ds,postgresql-100gb-load,1,ip-172-31-16-115,olap,benchANT
2026-06-04 08:15:50+00:00,system,n_cpus,8,dbms,tpc-ds,postgresql-100gb-load,1,ip-172-31-16-115,olap,benchANT
2026-06-04 08:16:00+00:00,system,n_cpus,8,dbms,tpc-ds,postgresql-100gb-load,1,ip-172-31-16-115,olap,benchANT
2026-06-04 08:16:10+00:00,system,n_cpus,8,dbms,tpc-ds,postgresql-100gb-load,1,ip-172-31-16-115,olap,benchANT
2026-06-04 08:16:20+00:00,system,n_cpus,8,dbms,tpc-ds,postgresql-100gb-load,1,ip-172-31-16-115,olap,benchANT
2026-06-04 08:16:30+00:00,system,n_cpus,8,dbms,tpc-ds,postgresql-100gb-load,1,ip-172-31-16-115,olap,benchANT
2026-06-04 08:16:40+00:00,system,n_cpus,8,dbms,tpc-ds,postgresql-100gb-load,1,ip-172-31-16-115,olap,benchANT
2026-06-04 08:16:50+00:00,system,n_cpus,8,dbms,tpc-ds,postgresql-100gb-load,1,ip-172-31-16-115,olap,benchANT
2026-06-04 08:17:00+00:00,system,n_cpus,8,dbms,tpc-ds,postgresql-100gb-load,1,ip-172-31-16-115,olap,benchANT
2026-06-04 08:17:10+00:00,system,n_cpus,8,dbms,tpc-ds,postgresql-100gb-load,1,ip-172-31-16-115,olap,benchANT
2026-06-04 08:17:20+00:00,system,n_cpus,8,dbms,tpc-ds,postgresql-100gb-load,1,ip-172-31-16-115,olap,benchANT
2026-06-04 08:17:30+00:00,system,n_cpus,8,dbms,tpc-ds,postgresql-100gb-load,1,ip-172-31-16-115,olap,benchANT
2026-06-04 08:17:40+00:00,system,n_cpus,8,dbms,tpc-ds,postgresql-100gb-load,1,ip-172-31-16-115,olap,benchANT
2026-06-04 08:17:50+00:00,system,n_cpus,8,dbms,tpc-ds,postgresql-100gb-load,1,ip-172-31-16-115,olap,benchANT
2026-06-04 08:18:00+00:00,system,n_cpus,8,dbms,tpc-ds,postgresql-100gb-load,1,ip-172-31-16-115,olap,benchANT
2026-06-04 08:18:10+00:00,system,n_cpus,8,dbms,tpc-ds,postgresql-100gb-load,1,ip-172-31-16-115,olap,benchANT
2026-06-04 08:18:20+00:00,system,n_cpus,8,dbms,tpc-ds,postgresql-100gb-load,1,ip-172-31-16-115,olap,benchANT
2026-06-04 08:18:30+00:00,system,n_cpus,8,dbms,tpc-ds,postgresql-100gb-load,1,ip-172-31-16-115,olap,benchANT
2026-06-04 08:18:40+00:00,system,n_cpus,8,dbms,tpc-ds,postgresql-100gb-load,1,ip-172-31-16-115,olap,benchANT
2026-06-04 08:18:50+00:00,system,n_cpus,8,dbms,tpc-ds,postgresql-100gb-load,1,ip-172-31-16-115,olap,benchANT
2026-06-04 08:19:00+00:00,system,n_cpus,8,dbms,tpc-ds,postgresql-100gb-load,1,ip-172-31-16-115,olap,benchANT
2026-06-04 08:19:10+00:00,system,n_cpus,8,dbms,tpc-ds,postgresql-100gb-load,1,ip-172-31-16-115,olap,benchANT
2026-06-04 08:19:20+00:00,system,n_cpus,8,dbms,tpc-ds,postgresql-100gb-load,1,ip-172-31-16-115,olap,benchANT
2026-06-04 08:19:30+00:00,system,n_cpus,8,dbms,tpc-ds,postgresql-100gb-load,1,ip-172-31-16-115,olap,benchANT
2026-06-04 08:19:40+00:00,system,n_cpus,8,dbms,tpc-ds,postgresql-100gb-load,1,ip-172-31-16-115,olap,benchANT
2026-06-04 08:19:50+00:00,system,n_cpus,8,dbms,tpc-ds,postgresql-100gb-load,1,ip-172-31-16-115,olap,benchANT
2026-06-04 08:20:00+00:00,system,n_cpus,8,dbms,tpc-ds,postgresql-100gb-load,1,ip-172-31-16-115,olap,benchANT
2026-06-04 08:20:10+00:00,system,n_cpus,8,dbms,tpc-ds,postgresql-100gb-load,1,ip-172-31-16-115,olap,benchANT
2026-06-04 08:20:20+00:00,system,n_cpus,8,dbms,tpc-ds,postgresql-100gb-load,1,ip-172-31-16-115,olap,benchANT
2026-06-04 08:20:30+00:00,system,n_cpus,8,dbms,tpc-ds,postgresql-100gb-load,1,ip-172-31-16-115,olap,benchANT
2026-06-04 08:20:40+00:00,system,n_cpus,8,dbms,tpc-ds,postgresql-100gb-load,1,ip-172-31-16-115,olap,benchANT
2026-06-04 08:20:50+00:00,system,n_cpus,8,dbms,tpc-ds,postgresql-100gb-load,1,ip-172-31-16-115,olap,benchANT
2026-06-04 08:21:00+00:00,system,n_cpus,8,dbms,tpc-ds,postgresql-100gb-load,1,ip-172-31-16-115,olap,benchANT
2026-06-04 08:21:10+00:00,system,n_cpus,8,dbms,tpc-ds,postgresql-100gb-load,1,ip-172-31-16-115,olap,benchANT
2026-06-04 08:21:20+00:00,system,n_cpus,8,dbms,tpc-ds,postgresql-100gb-load,1,ip-172-31-16-115,olap,benchANT
2026-06-04 08:21:30+00:00,system,n_cpus,8,dbms,tpc-ds,postgresql-100gb-load,1,ip-172-31-16-115,olap,benchANT
2026-06-04 08:21:40+00:00,system,n_cpus,8,dbms,tpc-ds,postgresql-100gb-load,1,ip-172-31-16-115,olap,benchANT
2026-06-04 08:21:50+00:00,system,n_cpus,8,dbms,tpc-ds,postgresql-100gb-load,1,ip-172-31-16-115,olap,benchANT
2026-06-04 08:22:00+00:00,system,n_cpus,8,dbms,tpc-ds,postgresql-100gb-load,1,ip-172-31-16-115,olap,benchANT
2026-06-04 08:22:10+00:00,system,n_cpus,8,dbms,tpc-ds,postgresql-100gb-load,1,ip-172-31-16-115,olap,benchANT
2026-06-04 08:22:20+00:00,system,n_cpus,8,dbms,tpc-ds,postgresql-100gb-load,1,ip-172-31-16-115,olap,benchANT
2026-06-04 08:22:30+00:00,system,n_cpus,8,dbms,tpc-ds,postgresql-100gb-load,1,ip-172-31-16-115,olap,benchANT
2026-06-04 08:22:40+00:00,system,n_cpus,8,dbms,tpc-ds,postgresql-100gb-load,1,ip-172-31-16-115,olap,benchANT
2026-06-04 08:22:50+00:00,system,n_cpus,8,dbms,tpc-ds,postgresql-100gb-load,1,ip-172-31-16-115,olap,benchANT
2026-06-04 08:23:00+00:00,system,n_cpus,8,dbms,tpc-ds,postgresql-100gb-load,1,ip-172-31-16-115,olap,benchANT
2026-06-04 08:23:10+00:00,system,n_cpus,8,dbms,tpc-ds,postgresql-100gb-load,1,ip-172-31-16-115,olap,benchANT
2026-06-04 08:23:20+00:00,system,n_cpus,8,dbms,tpc-ds,postgresql-100gb-load,1,ip-172-31-16-115,olap,benchANT
2026-06-04 08:23:30+00:00,system,n_cpus,8,dbms,tpc-ds,postgresql-100gb-load,1,ip-172-31-16-115,olap,benchANT
2026-06-04 08:23:40+00:00,system,n_cpus,8,dbms,tpc-ds,postgresql-100gb-load,1,ip-172-31-16-115,olap,benchANT
2026-06-04 08:23:50+00:00,system,n_cpus,8,dbms,tpc-ds,postgresql-100gb-load,1,ip-172-31-16-115,olap,benchANT
2026-06-04 08:24:00+00:00,system,n_cpus,8,dbms,tpc-ds,postgresql-100gb-load,1,ip-172-31-16-115,olap,benchANT
2026-06-04 08:24:10+00:00,system,n_cpus,8,dbms,tpc-ds,postgresql-100gb-load,1,ip-172-31-16-115,olap,benchANT
2026-06-04 08:24:20+00:00,system,n_cpus,8,dbms,tpc-ds,postgresql-100gb-load,1,ip-172-31-16-115,olap,benchANT
2026-06-04 08:24:30+00:00,system,n_cpus,8,dbms,tpc-ds,postgresql-100gb-load,1,ip-172-31-16-115,olap,benchANT
2026-06-04 08:24:40+00:00,system,n_cpus,8,dbms,tpc-ds,postgresql-100gb-load,1,ip-172-31-16-115,olap,benchANT
2026-06-04 08:24:50+00:00,system,n_cpus,8,dbms,tpc-ds,postgresql-100gb-load,1,ip-172-31-16-115,olap,benchANT
2026-06-04 08:25:00+00:00,system,n_cpus,8,dbms,tpc-ds,postgresql-100gb-load,1,ip-172-31-16-115,olap,benchANT
2026-06-04 08:25:10+00:00,system,n_cpus,8,dbms,tpc-ds,postgresql-100gb-load,1,ip-172-31-16-115,olap,benchANT
2026-06-04 08:25:20+00:00,system,n_cpus,8,dbms,tpc-ds,postgresql-100gb-load,1,ip-172-31-16-115,olap,benchANT
2026-06-04 08:25:30+00:00,system,n_cpus,8,dbms,tpc-ds,postgresql-100gb-load,1,ip-172-31-16-115,olap,benchANT
2026-06-04 08:25:40+00:00,system,n_cpus,8,dbms,tpc-ds,postgresql-100gb-load,1,ip-172-31-16-115,olap,benchANT
2026-06-04 08:25:50+00:00,system,n_cpus,8,dbms,tpc-ds,postgresql-100gb-load,1,ip-172-31-16-115,olap,benchANT
2026-06-04 08:26:00+00:00,system,n_cpus,8,dbms,tpc-ds,postgresql-100gb-load,1,ip-172-31-16-115,olap,benchANT
2026-06-04 08:26:10+00:00,system,n_cpus,8,dbms,tpc-ds,postgresql-100gb-load,1,ip-172-31-16-115,olap,benchANT
2026-06-04 08:26:20+00:00,system,n_cpus,8,dbms,tpc-ds,postgresql-100gb-load,1,ip-172-31-16-115,olap,benchANT
2026-06-04 08:26:30+00:00,system,n_cpus,8,dbms,tpc-ds,postgresql-100gb-load,1,ip-172-31-16-115,olap,benchANT
2026-06-04 08:26:40+00:00,system,n_cpus,8,dbms,tpc-ds,postgresql-100gb-load,1,ip-172-31-16-115,olap,benchANT
2026-06-04 08:26:50+00:00,system,n_cpus,8,dbms,tpc-ds,postgresql-100gb-load,1,ip-172-31-16-115,olap,benchANT
2026-06-04 08:27:00+00:00,system,n_cpus,8,dbms,tpc-ds,postgresql-100gb-load,1,ip-172-31-16-115,olap,benchANT
2026-06-04 08:27:10+00:00,system,n_cpus,8,dbms,tpc-ds,postgresql-100gb-load,1,ip-172-31-16-115,olap,benchANT
2026-06-04 08:27:20+00:00,system,n_cpus,8,dbms,tpc-ds,postgresql-100gb-load,1,ip-172-31-16-115,olap,benchANT
2026-06-04 08:27:30+00:00,system,n_cpus,8,dbms,tpc-ds,postgresql-100gb-load,1,ip-172-31-16-115,olap,benchANT
2026-06-04 08:27:40+00:00,system,n_cpus,8,dbms,tpc-ds,postgresql-100gb-load,1,ip-172-31-16-115,olap,benchANT
2026-06-04 08:27:50+00:00,system,n_cpus,8,dbms,tpc-ds,postgresql-100gb-load,1,ip-172-31-16-115,olap,benchANT
2026-06-04 08:28:00+00:00,system,n_cpus,8,dbms,tpc-ds,postgresql-100gb-load,1,ip-172-31-16-115,olap,benchANT
2026-06-04 08:28:10+00:00,system,n_cpus,8,dbms,tpc-ds,postgresql-100gb-load,1,ip-172-31-16-115,olap,benchANT
2026-06-04 08:28:20+00:00,system,n_cpus,8,dbms,tpc-ds,postgresql-100gb-load,1,ip-172-31-16-115,olap,benchANT
2026-06-04 08:28:30+00:00,system,n_cpus,8,dbms,tpc-ds,postgresql-100gb-load,1,ip-172-31-16-115,olap,benchANT
2026-06-04 08:28:40+00:00,system,n_cpus,8,dbms,tpc-ds,postgresql-100gb-load,1,ip-172-31-16-115,olap,benchANT
2026-06-04 08:28:50+00:00,system,n_cpus,8,dbms,tpc-ds,postgresql-100gb-load,1,ip-172-31-16-115,olap,benchANT
2026-06-04 08:29:00+00:00,system,n_cpus,8,dbms,tpc-ds,postgresql-100gb-load,1,ip-172-31-16-115,olap,benchANT
2026-06-04 08:29:10+00:00,system,n_cpus,8,dbms,tpc-ds,postgresql-100gb-load,1,ip-172-31-16-115,olap,benchANT
2026-06-04 08:29:20+00:00,system,n_cpus,8,dbms,tpc-ds,postgresql-100gb-load,1,ip-172-31-16-115,olap,benchANT
2026-06-04 08:29:30+00:00,system,n_cpus,8,dbms,tpc-ds,postgresql-100gb-load,1,ip-172-31-16-115,olap,benchANT
2026-06-04 08:29:40+00:00,system,n_cpus,8,dbms,tpc-ds,postgresql-100gb-load,1,ip-172-31-16-115,olap,benchANT
2026-06-04 08:29:50+00:00,system,n_cpus,8,dbms,tpc-ds,postgresql-100gb-load,1,ip-172-31-16-115,olap,benchANT
2026-06-04 08:30:00+00:00,system,n_cpus,8,dbms,tpc-ds,postgresql-100gb-load,1,ip-172-31-16-115,olap,benchANT
2026-06-04 08:30:10+00:00,system,n_cpus,8,dbms,tpc-ds,postgresql-100gb-load,1,ip-172-31-16-115,olap,benchANT
2026-06-04 08:30:20+00:00,system,n_cpus,8,dbms,tpc-ds,postgresql-100gb-load,1,ip-172-31-16-115,olap,benchANT
2026-06-04 08:30:30+00:00,system,n_cpus,8,dbms,tpc-ds,postgresql-100gb-load,1,ip-172-31-16-115,olap,benchANT
2026-06-04 08:30:40+00:00,system,n_cpus,8,dbms,tpc-ds,postgresql-100gb-load,1,ip-172-31-16-115,olap,benchANT
2026-06-04 08:30:50+00:00,system,n_cpus,8,dbms,tpc-ds,postgresql-100gb-load,1,ip-172-31-16-115,olap,benchANT
2026-06-04 08:31:00+00:00,system,n_cpus,8,dbms,tpc-ds,postgresql-100gb-load,1,ip-172-31-16-115,olap,benchANT
2026-06-04 08:31:10+00:00,system,n_cpus,8,dbms,tpc-ds,postgresql-100gb-load,1,ip-172-31-16-115,olap,benchANT
2026-06-04 08:31:20+00:00,system,n_cpus,8,dbms,tpc-ds,postgresql-100gb-load,1,ip-172-31-16-115,olap,benchANT
2026-06-04 08:31:30+00:00,system,n_cpus,8,dbms,tpc-ds,postgresql-100gb-load,1,ip-172-31-16-115,olap,benchANT
2026-06-04 08:31:40+00:00,system,n_cpus,8,dbms,tpc-ds,postgresql-100gb-load,1,ip-172-31-16-115,olap,benchANT
2026-06-04 08:31:50+00:00,system,n_cpus,8,dbms,tpc-ds,postgresql-100gb-load,1,ip-172-31-16-115,olap,benchANT
2026-06-04 08:32:00+00:00,system,n_cpus,8,dbms,tpc-ds,postgresql-100gb-load,1,ip-172-31-16-115,olap,benchANT
2026-06-04 08:32:10+00:00,system,n_cpus,8,dbms,tpc-ds,postgresql-100gb-load,1,ip-172-31-16-115,olap,benchANT
2026-06-04 08:32:20+00:00,system,n_cpus,8,dbms,tpc-ds,postgresql-100gb-load,1,ip-172-31-16-115,olap,benchANT
2026-06-04 08:32:30+00:00,system,n_cpus,8,dbms,tpc-ds,postgresql-100gb-load,1,ip-172-31-16-115,olap,benchANT
2026-06-04 08:32:40+00:00,system,n_cpus,8,dbms,tpc-ds,postgresql-100gb-load,1,ip-172-31-16-115,olap,benchANT
2026-06-04 08:32:50+00:00,system,n_cpus,8,dbms,tpc-ds,postgresql-100gb-load,1,ip-172-31-16-115,olap,benchANT
2026-06-04 08:33:00+00:00,system,n_cpus,8,dbms,tpc-ds,postgresql-100gb-load,1,ip-172-31-16-115,olap,benchANT
2026-06-04 08:33:10+00:00,system,n_cpus,8,dbms,tpc-ds,postgresql-100gb-load,1,ip-172-31-16-115,olap,benchANT
2026-06-04 08:33:20+00:00,system,n_cpus,8,dbms,tpc-ds,postgresql-100gb-load,1,ip-172-31-16-115,olap,benchANT
2026-06-04 08:33:30+00:00,system,n_cpus,8,dbms,tpc-ds,postgresql-100gb-load,1,ip-172-31-16-115,olap,benchANT
2026-06-04 08:33:40+00:00,system,n_cpus,8,dbms,tpc-ds,postgresql-100gb-load,1,ip-172-31-16-115,olap,benchANT
2026-06-04 08:33:50+00:00,system,n_cpus,8,dbms,tpc-ds,postgresql-100gb-load,1,ip-172-31-16-115,olap,benchANT
2026-06-04 08:34:00+00:00,system,n_cpus,8,dbms,tpc-ds,postgresql-100gb-load,1,ip-172-31-16-115,olap,benchANT
2026-06-04 08:34:10+00:00,system,n_cpus,8,dbms,tpc-ds,postgresql-100gb-load,1,ip-172-31-16-115,olap,benchANT
2026-06-04 08:34:20+00:00,system,n_cpus,8,dbms,tpc-ds,postgresql-100gb-load,1,ip-172-31-16-115,olap,benchANT
2026-06-04 08:34:30+00:00,system,n_cpus,8,dbms,tpc-ds,postgresql-100gb-load,1,ip-172-31-16-115,olap,benchANT
2026-06-04 08:34:40+00:00,system,n_cpus,8,dbms,tpc-ds,postgresql-100gb-load,1,ip-172-31-16-115,olap,benchANT
2026-06-04 08:34:50+00:00,system,n_cpus,8,dbms,tpc-ds,postgresql-100gb-load,1,ip-172-31-16-115,olap,benchANT
2026-06-04 08:35:00+00:00,system,n_cpus,8,dbms,tpc-ds,postgresql-100gb-load,1,ip-172-31-16-115,olap,benchANT
2026-06-04 08:35:10+00:00,system,n_cpus,8,dbms,tpc-ds,postgresql-100gb-load,1,ip-172-31-16-115,olap,benchANT
2026-06-04 08:35:20+00:00,system,n_cpus,8,dbms,tpc-ds,postgresql-100gb-load,1,ip-172-31-16-115,olap,benchANT
2026-06-04 08:35:30+00:00,system,n_cpus,8,dbms,tpc-ds,postgresql-100gb-load,1,ip-172-31-16-115,olap,benchANT
2026-06-04 08:35:40+00:00,system,n_cpus,8,dbms,tpc-ds,postgresql-100gb-load,1,ip-172-31-16-115,olap,benchANT
2026-06-04 08:35:50+00:00,system,n_cpus,8,dbms,tpc-ds,postgresql-100gb-load,1,ip-172-31-16-115,olap,benchANT
2026-06-04 08:36:00+00:00,system,n_cpus,8,dbms,tpc-ds,postgresql-100gb-load,1,ip-172-31-16-115,olap,benchANT
2026-06-04 08:36:10+00:00,system,n_cpus,8,dbms,tpc-ds,postgresql-100gb-load,1,ip-172-31-16-115,olap,benchANT
2026-06-04 08:36:20+00:00,system,n_cpus,8,dbms,tpc-ds,postgresql-100gb-load,1,ip-172-31-16-115,olap,benchANT
2026-06-04 08:36:30+00:00,system,n_cpus,8,dbms,tpc-ds,postgresql-100gb-load,1,ip-172-31-16-115,olap,benchANT
2026-06-04 08:36:40+00:00,system,n_cpus,8,dbms,tpc-ds,postgresql-100gb-load,1,ip-172-31-16-115,olap,benchANT
2026-06-04 08:36:50+00:00,system,n_cpus,8,dbms,tpc-ds,postgresql-100gb-load,1,ip-172-31-16-115,olap,benchANT
2026-06-04 08:37:00+00:00,system,n_cpus,8,dbms,tpc-ds,postgresql-100gb-load,1,ip-172-31-16-115,olap,benchANT
2026-06-04 08:37:10+00:00,system,n_cpus,8,dbms,tpc-ds,postgresql-100gb-load,1,ip-172-31-16-115,olap,benchANT
2026-06-04 08:37:20+00:00,system,n_cpus,8,dbms,tpc-ds,postgresql-100gb-load,1,ip-172-31-16-115,olap,benchANT
2026-06-04 08:37:30+00:00,system,n_cpus,8,dbms,tpc-ds,postgresql-100gb-load,1,ip-172-31-16-115,olap,benchANT
2026-06-04 08:37:40+00:00,system,n_cpus,8,dbms,tpc-ds,postgresql-100gb-load,1,ip-172-31-16-115,olap,benchANT
2026-06-04 08:37:50+00:00,system,n_cpus,8,dbms,tpc-ds,postgresql-100gb-load,1,ip-172-31-16-115,olap,benchANT
2026-06-04 08:38:00+00:00,system,n_cpus,8,dbms,tpc-ds,postgresql-100gb-load,1,ip-172-31-16-115,olap,benchANT
2026-06-04 08:38:10+00:00,system,n_cpus,8,dbms,tpc-ds,postgresql-100gb-load,1,ip-172-31-16-115,olap,benchANT
2026-06-04 08:38:20+00:00,system,n_cpus,8,dbms,tpc-ds,postgresql-100gb-load,1,ip-172-31-16-115,olap,benchANT
2026-06-04 08:38:30+00:00,system,n_cpus,8,dbms,tpc-ds,postgresql-100gb-load,1,ip-172-31-16-115,olap,benchANT
2026-06-04 08:38:40+00:00,system,n_cpus,8,dbms,tpc-ds,postgresql-100gb-load,1,ip-172-31-16-115,olap,benchANT
2026-06-04 08:38:50+00:00,system,n_cpus,8,dbms,tpc-ds,postgresql-100gb-load,1,ip-172-31-16-115,olap,benchANT
2026-06-04 08:39:00+00:00,system,n_cpus,8,dbms,tpc-ds,postgresql-100gb-load,1,ip-172-31-16-115,olap,benchANT
2026-06-04 08:39:10+00:00,system,n_cpus,8,dbms,tpc-ds,postgresql-100gb-load,1,ip-172-31-16-115,olap,benchANT
2026-06-04 08:39:20+00:00,system,n_cpus,8,dbms,tpc-ds,postgresql-100gb-load,1,ip-172-31-16-115,olap,benchANT
2026-06-04 08:39:30+00:00,system,n_cpus,8,dbms,tpc-ds,postgresql-100gb-load,1,ip-172-31-16-115,olap,benchANT
2026-06-04 08:39:40+00:00,system,n_cpus,8,dbms,tpc-ds,postgresql-100gb-load,1,ip-172-31-16-115,olap,benchANT
2026-06-04 08:39:50+00:00,system,n_cpus,8,dbms,tpc-ds,postgresql-100gb-load,1,ip-172-31-16-115,olap,benchANT
2026-06-04 08:40:00+00:00,system,n_cpus,8,dbms,tpc-ds,postgresql-100gb-load,1,ip-172-31-16-115,olap,benchANT
2026-06-04 08:40:10+00:00,system,n_cpus,8,dbms,tpc-ds,postgresql-100gb-load,1,ip-172-31-16-115,olap,benchANT
2026-06-04 08:40:20+00:00,system,n_cpus,8,dbms,tpc-ds,postgresql-100gb-load,1,ip-172-31-16-115,olap,benchANT
2026-06-04 08:40:30+00:00,system,n_cpus,8,dbms,tpc-ds,postgresql-100gb-load,1,ip-172-31-16-115,olap,benchANT
2026-06-04 08:40:40+00:00,system,n_cpus,8,dbms,tpc-ds,postgresql-100gb-load,1,ip-172-31-16-115,olap,benchANT
2026-06-04 08:40:50+00:00,system,n_cpus,8,dbms,tpc-ds,postgresql-100gb-load,1,ip-172-31-16-115,olap,benchANT
2026-06-04 08:41:00+00:00,system,n_cpus,8,dbms,tpc-ds,postgresql-100gb-load,1,ip-172-31-16-115,olap,benchANT
2026-06-04 08:41:10+00:00,system,n_cpus,8,dbms,tpc-ds,postgresql-100gb-load,1,ip-172-31-16-115,olap,benchANT
2026-06-04 08:41:20+00:00,system,n_cpus,8,dbms,tpc-ds,postgresql-100gb-load,1,ip-172-31-16-115,olap,benchANT
2026-06-04 08:41:30+00:00,system,n_cpus,8,dbms,tpc-ds,postgresql-100gb-load,1,ip-172-31-16-115,olap,benchANT
2026-06-04 08:41:40+00:00,system,n_cpus,8,dbms,tpc-ds,postgresql-100gb-load,1,ip-172-31-16-115,olap,benchANT
2026-06-04 08:41:50+00:00,system,n_cpus,8,dbms,tpc-ds,postgresql-100gb-load,1,ip-172-31-16-115,olap,benchANT
2026-06-04 08:42:00+00:00,system,n_cpus,8,dbms,tpc-ds,postgresql-100gb-load,1,ip-172-31-16-115,olap,benchANT
2026-06-04 08:42:10+00:00,system,n_cpus,8,dbms,tpc-ds,postgresql-100gb-load,1,ip-172-31-16-115,olap,benchANT
2026-06-04 08:42:20+00:00,system,n_cpus,8,dbms,tpc-ds,postgresql-100gb-load,1,ip-172-31-16-115,olap,benchANT
2026-06-04 08:42:30+00:00,system,n_cpus,8,dbms,tpc-ds,postgresql-100gb-load,1,ip-172-31-16-115,olap,benchANT
2026-06-04 08:42:40+00:00,system,n_cpus,8,dbms,tpc-ds,postgresql-100gb-load,1,ip-172-31-16-115,olap,benchANT
2026-06-04 08:42:50+00:00,system,n_cpus,8,dbms,tpc-ds,postgresql-100gb-load,1,ip-172-31-16-115,olap,benchANT
2026-06-04 08:43:00+00:00,system,n_cpus,8,dbms,tpc-ds,postgresql-100gb-load,1,ip-172-31-16-115,olap,benchANT
2026-06-04 08:43:10+00:00,system,n_cpus,8,dbms,tpc-ds,postgresql-100gb-load,1,ip-172-31-16-115,olap,benchANT
2026-06-04 08:43:20+00:00,system,n_cpus,8,dbms,tpc-ds,postgresql-100gb-load,1,ip-172-31-16-115,olap,benchANT
2026-06-04 08:43:30+00:00,system,n_cpus,8,dbms,tpc-ds,postgresql-100gb-load,1,ip-172-31-16-115,olap,benchANT
2026-06-04 08:43:40+00:00,system,n_cpus,8,dbms,tpc-ds,postgresql-100gb-load,1,ip-172-31-16-115,olap,benchANT
2026-06-04 08:43:50+00:00,system,n_cpus,8,dbms,tpc-ds,postgresql-100gb-load,1,ip-172-31-16-115,olap,benchANT
2026-06-04 08:44:00+00:00,system,n_cpus,8,dbms,tpc-ds,postgresql-100gb-load,1,ip-172-31-16-115,olap,benchANT
2026-06-04 08:44:10+00:00,system,n_cpus,8,dbms,tpc-ds,postgresql-100gb-load,1,ip-172-31-16-115,olap,benchANT
2026-06-04 08:44:20+00:00,system,n_cpus,8,dbms,tpc-ds,postgresql-100gb-load,1,ip-172-31-16-115,olap,benchANT
2026-06-04 08:44:30+00:00,system,n_cpus,8,dbms,tpc-ds,postgresql-100gb-load,1,ip-172-31-16-115,olap,benchANT
2026-06-04 08:44:40+00:00,system,n_cpus,8,dbms,tpc-ds,postgresql-100gb-load,1,ip-172-31-16-115,olap,benchANT
2026-06-04 08:44:50+00:00,system,n_cpus,8,dbms,tpc-ds,postgresql-100gb-load,1,ip-172-31-16-115,olap,benchANT
2026-06-04 08:45:00+00:00,system,n_cpus,8,dbms,tpc-ds,postgresql-100gb-load,1,ip-172-31-16-115,olap,benchANT
2026-06-04 08:45:10+00:00,system,n_cpus,8,dbms,tpc-ds,postgresql-100gb-load,1,ip-172-31-16-115,olap,benchANT
2026-06-04 08:45:20+00:00,system,n_cpus,8,dbms,tpc-ds,postgresql-100gb-load,1,ip-172-31-16-115,olap,benchANT
2026-06-04 08:45:30+00:00,system,n_cpus,8,dbms,tpc-ds,postgresql-100gb-load,1,ip-172-31-16-115,olap,benchANT
2026-06-04 08:45:40+00:00,system,n_cpus,8,dbms,tpc-ds,postgresql-100gb-load,1,ip-172-31-16-115,olap,benchANT
2026-06-04 08:45:50+00:00,system,n_cpus,8,dbms,tpc-ds,postgresql-100gb-load,1,ip-172-31-16-115,olap,benchANT
2026-06-04 08:46:00+00:00,system,n_cpus,8,dbms,tpc-ds,postgresql-100gb-load,1,ip-172-31-16-115,olap,benchANT
2026-06-04 08:46:10+00:00,system,n_cpus,8,dbms,tpc-ds,postgresql-100gb-load,1,ip-172-31-16-115,olap,benchANT
2026-06-04 08:46:20+00:00,system,n_cpus,8,dbms,tpc-ds,postgresql-100gb-load,1,ip-172-31-16-115,olap,benchANT
2026-06-04 08:46:30+00:00,system,n_cpus,8,dbms,tpc-ds,postgresql-100gb-load,1,ip-172-31-16-115,olap,benchANT
2026-06-04 08:46:40+00:00,system,n_cpus,8,dbms,tpc-ds,postgresql-100gb-load,1,ip-172-31-16-115,olap,benchANT
2026-06-04 08:46:50+00:00,system,n_cpus,8,dbms,tpc-ds,postgresql-100gb-load,1,ip-172-31-16-115,olap,benchANT
2026-06-04 08:47:00+00:00,system,n_cpus,8,dbms,tpc-ds,postgresql-100gb-load,1,ip-172-31-16-115,olap,benchANT
2026-06-04 08:47:10+00:00,system,n_cpus,8,dbms,tpc-ds,postgresql-100gb-load,1,ip-172-31-16-115,olap,benchANT
2026-06-04 08:47:20+00:00,system,n_cpus,8,dbms,tpc-ds,postgresql-100gb-load,1,ip-172-31-16-115,olap,benchANT
2026-06-04 08:47:30+00:00,system,n_cpus,8,dbms,tpc-ds,postgresql-100gb-load,1,ip-172-31-16-115,olap,benchANT
2026-06-04 08:47:40+00:00,system,n_cpus,8,dbms,tpc-ds,postgresql-100gb-load,1,ip-172-31-16-115,olap,benchANT
2026-06-04 08:47:50+00:00,system,n_cpus,8,dbms,tpc-ds,postgresql-100gb-load,1,ip-172-31-16-115,olap,benchANT
2026-06-04 08:48:00+00:00,system,n_cpus,8,dbms,tpc-ds,postgresql-100gb-load,1,ip-172-31-16-115,olap,benchANT
2026-06-04 08:48:10+00:00,system,n_cpus,8,dbms,tpc-ds,postgresql-100gb-load,1,ip-172-31-16-115,olap,benchANT
2026-06-04 08:48:20+00:00,system,n_cpus,8,dbms,tpc-ds,postgresql-100gb-load,1,ip-172-31-16-115,olap,benchANT
2026-06-04 08:48:30+00:00,system,n_cpus,8,dbms,tpc-ds,postgresql-100gb-load,1,ip-172-31-16-115,olap,benchANT
2026-06-04 08:48:40+00:00,system,n_cpus,8,dbms,tpc-ds,postgresql-100gb-load,1,ip-172-31-16-115,olap,benchANT
2026-06-04 08:48:50+00:00,system,n_cpus,8,dbms,tpc-ds,postgresql-100gb-load,1,ip-172-31-16-115,olap,benchANT
2026-06-04 08:49:00+00:00,system,n_cpus,8,dbms,tpc-ds,postgresql-100gb-load,1,ip-172-31-16-115,olap,benchANT
2026-06-04 08:49:10+00:00,system,n_cpus,8,dbms,tpc-ds,postgresql-100gb-load,1,ip-172-31-16-115,olap,benchANT
2026-06-04 08:49:20+00:00,system,n_cpus,8,dbms,tpc-ds,postgresql-100gb-load,1,ip-172-31-16-115,olap,benchANT
2026-06-04 08:49:30+00:00,system,n_cpus,8,dbms,tpc-ds,postgresql-100gb-load,1,ip-172-31-16-115,olap,benchANT
2026-06-04 08:49:40+00:00,system,n_cpus,8,dbms,tpc-ds,postgresql-100gb-load,1,ip-172-31-16-115,olap,benchANT
2026-06-04 08:49:50+00:00,system,n_cpus,8,dbms,tpc-ds,postgresql-100gb-load,1,ip-172-31-16-115,olap,benchANT
2026-06-04 08:50:00+00:00,system,n_cpus,8,dbms,tpc-ds,postgresql-100gb-load,1,ip-172-31-16-115,olap,benchANT
2026-06-04 08:50:10+00:00,system,n_cpus,8,dbms,tpc-ds,postgresql-100gb-load,1,ip-172-31-16-115,olap,benchANT
2026-06-04 08:50:20+00:00,system,n_cpus,8,dbms,tpc-ds,postgresql-100gb-load,1,ip-172-31-16-115,olap,benchANT
2026-06-04 08:50:30+00:00,system,n_cpus,8,dbms,tpc-ds,postgresql-100gb-load,1,ip-172-31-16-115,olap,benchANT
2026-06-04 08:50:40+00:00,system,n_cpus,8,dbms,tpc-ds,postgresql-100gb-load,1,ip-172-31-16-115,olap,benchANT
2026-06-04 08:50:50+00:00,system,n_cpus,8,dbms,tpc-ds,postgresql-100gb-load,1,ip-172-31-16-115,olap,benchANT
2026-06-04 08:51:00+00:00,system,n_cpus,8,dbms,tpc-ds,postgresql-100gb-load,1,ip-172-31-16-115,olap,benchANT
2026-06-04 08:51:10+00:00,system,n_cpus,8,dbms,tpc-ds,postgresql-100gb-load,1,ip-172-31-16-115,olap,benchANT
2026-06-04 08:51:20+00:00,system,n_cpus,8,dbms,tpc-ds,postgresql-100gb-load,1,ip-172-31-16-115,olap,benchANT
2026-06-04 08:51:30+00:00,system,n_cpus,8,dbms,tpc-ds,postgresql-100gb-load,1,ip-172-31-16-115,olap,benchANT
2026-06-04 08:51:40+00:00,system,n_cpus,8,dbms,tpc-ds,postgresql-100gb-load,1,ip-172-31-16-115,olap,benchANT
2026-06-04 08:51:50+00:00,system,n_cpus,8,dbms,tpc-ds,postgresql-100gb-load,1,ip-172-31-16-115,olap,benchANT
2026-06-04 08:52:00+00:00,system,n_cpus,8,dbms,tpc-ds,postgresql-100gb-load,1,ip-172-31-16-115,olap,benchANT
2026-06-04 08:52:10+00:00,system,n_cpus,8,dbms,tpc-ds,postgresql-100gb-load,1,ip-172-31-16-115,olap,benchANT
2026-06-04 08:52:20+00:00,system,n_cpus,8,dbms,tpc-ds,postgresql-100gb-load,1,ip-172-31-16-115,olap,benchANT
2026-06-04 08:52:30+00:00,system,n_cpus,8,dbms,tpc-ds,postgresql-100gb-load,1,ip-172-31-16-115,olap,benchANT
2026-06-04 08:52:40+00:00,system,n_cpus,8,dbms,tpc-ds,postgresql-100gb-load,1,ip-172-31-16-115,olap,benchANT
2026-06-04 08:52:50+00:00,system,n_cpus,8,dbms,tpc-ds,postgresql-100gb-load,1,ip-172-31-16-115,olap,benchANT
2026-06-04 08:53:00+00:00,system,n_cpus,8,dbms,tpc-ds,postgresql-100gb-load,1,ip-172-31-16-115,olap,benchANT
2026-06-04 08:53:10+00:00,system,n_cpus,8,dbms,tpc-ds,postgresql-100gb-load,1,ip-172-31-16-115,olap,benchANT
2026-06-04 08:53:20+00:00,system,n_cpus,8,dbms,tpc-ds,postgresql-100gb-load,1,ip-172-31-16-115,olap,benchANT
2026-06-04 08:53:30+00:00,system,n_cpus,8,dbms,tpc-ds,postgresql-100gb-load,1,ip-172-31-16-115,olap,benchANT
2026-06-04 08:53:40+00:00,system,n_cpus,8,dbms,tpc-ds,postgresql-100gb-load,1,ip-172-31-16-115,olap,benchANT
2026-06-04 08:53:50+00:00,system,n_cpus,8,dbms,tpc-ds,postgresql-100gb-load,1,ip-172-31-16-115,olap,benchANT
2026-06-04 08:54:00+00:00,system,n_cpus,8,dbms,tpc-ds,postgresql-100gb-load,1,ip-172-31-16-115,olap,benchANT
2026-06-04 08:54:10+00:00,system,n_cpus,8,dbms,tpc-ds,postgresql-100gb-load,1,ip-172-31-16-115,olap,benchANT
2026-06-04 08:54:20+00:00,system,n_cpus,8,dbms,tpc-ds,postgresql-100gb-load,1,ip-172-31-16-115,olap,benchANT
2026-06-04 08:54:30+00:00,system,n_cpus,8,dbms,tpc-ds,postgresql-100gb-load,1,ip-172-31-16-115,olap,benchANT
2026-06-04 08:54:40+00:00,system,n_cpus,8,dbms,tpc-ds,postgresql-100gb-load,1,ip-172-31-16-115,olap,benchANT
2026-06-04 08:54:50+00:00,system,n_cpus,8,dbms,tpc-ds,postgresql-100gb-load,1,ip-172-31-16-115,olap,benchANT
2026-06-04 08:55:00+00:00,system,n_cpus,8,dbms,tpc-ds,postgresql-100gb-load,1,ip-172-31-16-115,olap,benchANT
2026-06-04 08:55:10+00:00,system,n_cpus,8,dbms,tpc-ds,postgresql-100gb-load,1,ip-172-31-16-115,olap,benchANT
2026-06-04 08:55:20+00:00,system,n_cpus,8,dbms,tpc-ds,postgresql-100gb-load,1,ip-172-31-16-115,olap,benchANT
2026-06-04 08:55:30+00:00,system,n_cpus,8,dbms,tpc-ds,postgresql-100gb-load,1,ip-172-31-16-115,olap,benchANT
2026-06-04 08:55:40+00:00,system,n_cpus,8,dbms,tpc-ds,postgresql-100gb-load,1,ip-172-31-16-115,olap,benchANT
2026-06-04 08:55:50+00:00,system,n_cpus,8,dbms,tpc-ds,postgresql-100gb-load,1,ip-172-31-16-115,olap,benchANT
2026-06-04 08:56:00+00:00,system,n_cpus,8,dbms,tpc-ds,postgresql-100gb-load,1,ip-172-31-16-115,olap,benchANT
2026-06-04 08:56:10+00:00,system,n_cpus,8,dbms,tpc-ds,postgresql-100gb-load,1,ip-172-31-16-115,olap,benchANT
2026-06-04 08:56:20+00:00,system,n_cpus,8,dbms,tpc-ds,postgresql-100gb-load,1,ip-172-31-16-115,olap,benchANT
2026-06-04 08:56:30+00:00,system,n_cpus,8,dbms,tpc-ds,postgresql-100gb-load,1,ip-172-31-16-115,olap,benchANT
2026-06-04 08:56:40+00:00,system,n_cpus,8,dbms,tpc-ds,postgresql-100gb-load,1,ip-172-31-16-115,olap,benchANT
2026-06-04 08:56:50+00:00,system,n_cpus,8,dbms,tpc-ds,postgresql-100gb-load,1,ip-172-31-16-115,olap,benchANT
2026-06-04 08:57:00+00:00,system,n_cpus,8,dbms,tpc-ds,postgresql-100gb-load,1,ip-172-31-16-115,olap,benchANT
2026-06-04 08:57:10+00:00,system,n_cpus,8,dbms,tpc-ds,postgresql-100gb-load,1,ip-172-31-16-115,olap,benchANT
2026-06-04 08:57:20+00:00,system,n_cpus,8,dbms,tpc-ds,postgresql-100gb-load,1,ip-172-31-16-115,olap,benchANT
2026-06-04 08:57:30+00:00,system,n_cpus,8,dbms,tpc-ds,postgresql-100gb-load,1,ip-172-31-16-115,olap,benchANT
2026-06-04 08:57:40+00:00,system,n_cpus,8,dbms,tpc-ds,postgresql-100gb-load,1,ip-172-31-16-115,olap,benchANT
2026-06-04 08:57:50+00:00,system,n_cpus,8,dbms,tpc-ds,postgresql-100gb-load,1,ip-172-31-16-115,olap,benchANT
2026-06-04 08:58:00+00:00,system,n_cpus,8,dbms,tpc-ds,postgresql-100gb-load,1,ip-172-31-16-115,olap,benchANT
2026-06-04 08:58:10+00:00,system,n_cpus,8,dbms,tpc-ds,postgresql-100gb-load,1,ip-172-31-16-115,olap,benchANT
2026-06-04 08:58:20+00:00,system,n_cpus,8,dbms,tpc-ds,postgresql-100gb-load,1,ip-172-31-16-115,olap,benchANT
2026-06-04 08:58:30+00:00,system,n_cpus,8,dbms,tpc-ds,postgresql-100gb-load,1,ip-172-31-16-115,olap,benchANT
2026-06-04 08:58:40+00:00,system,n_cpus,8,dbms,tpc-ds,postgresql-100gb-load,1,ip-172-31-16-115,olap,benchANT
2026-06-04 08:58:50+00:00,system,n_cpus,8,dbms,tpc-ds,postgresql-100gb-load,1,ip-172-31-16-115,olap,benchANT
2026-06-04 08:59:00+00:00,system,n_cpus,8,dbms,tpc-ds,postgresql-100gb-load,1,ip-172-31-16-115,olap,benchANT
2026-06-04 08:59:10+00:00,system,n_cpus,8,dbms,tpc-ds,postgresql-100gb-load,1,ip-172-31-16-115,olap,benchANT
2026-06-04 08:59:20+00:00,system,n_cpus,8,dbms,tpc-ds,postgresql-100gb-load,1,ip-172-31-16-115,olap,benchANT
2026-06-04 08:59:30+00:00,system,n_cpus,8,dbms,tpc-ds,postgresql-100gb-load,1,ip-172-31-16-115,olap,benchANT
2026-06-04 08:59:40+00:00,system,n_cpus,8,dbms,tpc-ds,postgresql-100gb-load,1,ip-172-31-16-115,olap,benchANT
2026-06-04 08:59:50+00:00,system,n_cpus,8,dbms,tpc-ds,postgresql-100gb-load,1,ip-172-31-16-115,olap,benchANT
2026-06-04 09:00:00+00:00,system,n_cpus,8,dbms,tpc-ds,postgresql-100gb-load,1,ip-172-31-16-115,olap,benchANT
2026-06-04 09:00:10+00:00,system,n_cpus,8,dbms,tpc-ds,postgresql-100gb-load,1,ip-172-31-16-115,olap,benchANT
2026-06-04 09:00:20+00:00,system,n_cpus,8,dbms,tpc-ds,postgresql-100gb-load,1,ip-172-31-16-115,olap,benchANT
2026-06-04 09:00:30+00:00,system,n_cpus,8,dbms,tpc-ds,postgresql-100gb-load,1,ip-172-31-16-115,olap,benchANT
2026-06-04 09:00:40+00:00,system,n_cpus,8,dbms,tpc-ds,postgresql-100gb-load,1,ip-172-31-16-115,olap,benchANT
2026-06-04 09:00:50+00:00,system,n_cpus,8,dbms,tpc-ds,postgresql-100gb-load,1,ip-172-31-16-115,olap,benchANT
2026-06-04 09:01:00+00:00,system,n_cpus,8,dbms,tpc-ds,postgresql-100gb-load,1,ip-172-31-16-115,olap,benchANT
2026-06-04 09:01:10+00:00,system,n_cpus,8,dbms,tpc-ds,postgresql-100gb-load,1,ip-172-31-16-115,olap,benchANT
2026-06-04 07:50:20+00:00,system,n_users,0,dbms,tpc-ds,postgresql-100gb-load,1,ip-172-31-16-115,olap,benchANT
2026-06-04 07:50:30+00:00,system,n_users,0,dbms,tpc-ds,postgresql-100gb-load,1,ip-172-31-16-115,olap,benchANT
2026-06-04 07:50:40+00:00,system,n_users,0,dbms,tpc-ds,postgresql-100gb-load,1,ip-172-31-16-115,olap,benchANT
2026-06-04 07:50:50+00:00,system,n_users,0,dbms,tpc-ds,postgresql-100gb-load,1,ip-172-31-16-115,olap,benchANT
2026-06-04 07:51:00+00:00,system,n_users,0,dbms,tpc-ds,postgresql-100gb-load,1,ip-172-31-16-115,olap,benchANT
2026-06-04 07:51:10+00:00,system,n_users,0,dbms,tpc-ds,postgresql-100gb-load,1,ip-172-31-16-115,olap,benchANT
2026-06-04 07:51:20+00:00,system,n_users,0,dbms,tpc-ds,postgresql-100gb-load,1,ip-172-31-16-115,olap,benchANT
2026-06-04 07:51:30+00:00,system,n_users,0,dbms,tpc-ds,postgresql-100gb-load,1,ip-172-31-16-115,olap,benchANT
2026-06-04 07:51:40+00:00,system,n_users,0,dbms,tpc-ds,postgresql-100gb-load,1,ip-172-31-16-115,olap,benchANT
2026-06-04 07:51:50+00:00,system,n_users,0,dbms,tpc-ds,postgresql-100gb-load,1,ip-172-31-16-115,olap,benchANT
2026-06-04 07:52:00+00:00,system,n_users,0,dbms,tpc-ds,postgresql-100gb-load,1,ip-172-31-16-115,olap,benchANT
2026-06-04 07:52:10+00:00,system,n_users,0,dbms,tpc-ds,postgresql-100gb-load,1,ip-172-31-16-115,olap,benchANT
2026-06-04 07:52:20+00:00,system,n_users,0,dbms,tpc-ds,postgresql-100gb-load,1,ip-172-31-16-115,olap,benchANT
2026-06-04 07:52:30+00:00,system,n_users,0,dbms,tpc-ds,postgresql-100gb-load,1,ip-172-31-16-115,olap,benchANT
2026-06-04 07:52:40+00:00,system,n_users,0,dbms,tpc-ds,postgresql-100gb-load,1,ip-172-31-16-115,olap,benchANT
2026-06-04 07:52:50+00:00,system,n_users,0,dbms,tpc-ds,postgresql-100gb-load,1,ip-172-31-16-115,olap,benchANT
2026-06-04 07:53:00+00:00,system,n_users,0,dbms,tpc-ds,postgresql-100gb-load,1,ip-172-31-16-115,olap,benchANT
2026-06-04 07:53:10+00:00,system,n_users,0,dbms,tpc-ds,postgresql-100gb-load,1,ip-172-31-16-115,olap,benchANT
2026-06-04 07:53:20+00:00,system,n_users,0,dbms,tpc-ds,postgresql-100gb-load,1,ip-172-31-16-115,olap,benchANT
2026-06-04 07:53:30+00:00,system,n_users,0,dbms,tpc-ds,postgresql-100gb-load,1,ip-172-31-16-115,olap,benchANT
2026-06-04 07:53:40+00:00,system,n_users,0,dbms,tpc-ds,postgresql-100gb-load,1,ip-172-31-16-115,olap,benchANT
2026-06-04 07:53:50+00:00,system,n_users,0,dbms,tpc-ds,postgresql-100gb-load,1,ip-172-31-16-115,olap,benchANT
2026-06-04 07:54:00+00:00,system,n_users,0,dbms,tpc-ds,postgresql-100gb-load,1,ip-172-31-16-115,olap,benchANT
2026-06-04 07:54:10+00:00,system,n_users,0,dbms,tpc-ds,postgresql-100gb-load,1,ip-172-31-16-115,olap,benchANT
2026-06-04 07:54:20+00:00,system,n_users,0,dbms,tpc-ds,postgresql-100gb-load,1,ip-172-31-16-115,olap,benchANT
2026-06-04 07:54:30+00:00,system,n_users,0,dbms,tpc-ds,postgresql-100gb-load,1,ip-172-31-16-115,olap,benchANT
2026-06-04 07:54:40+00:00,system,n_users,0,dbms,tpc-ds,postgresql-100gb-load,1,ip-172-31-16-115,olap,benchANT
2026-06-04 07:54:50+00:00,system,n_users,0,dbms,tpc-ds,postgresql-100gb-load,1,ip-172-31-16-115,olap,benchANT
2026-06-04 07:55:00+00:00,system,n_users,0,dbms,tpc-ds,postgresql-100gb-load,1,ip-172-31-16-115,olap,benchANT
2026-06-04 07:55:10+00:00,system,n_users,0,dbms,tpc-ds,postgresql-100gb-load,1,ip-172-31-16-115,olap,benchANT
2026-06-04 07:55:20+00:00,system,n_users,0,dbms,tpc-ds,postgresql-100gb-load,1,ip-172-31-16-115,olap,benchANT
2026-06-04 07:55:30+00:00,system,n_users,0,dbms,tpc-ds,postgresql-100gb-load,1,ip-172-31-16-115,olap,benchANT
2026-06-04 07:55:40+00:00,system,n_users,0,dbms,tpc-ds,postgresql-100gb-load,1,ip-172-31-16-115,olap,benchANT
2026-06-04 07:55:50+00:00,system,n_users,0,dbms,tpc-ds,postgresql-100gb-load,1,ip-172-31-16-115,olap,benchANT
2026-06-04 07:56:00+00:00,system,n_users,0,dbms,tpc-ds,postgresql-100gb-load,1,ip-172-31-16-115,olap,benchANT
2026-06-04 07:56:10+00:00,system,n_users,0,dbms,tpc-ds,postgresql-100gb-load,1,ip-172-31-16-115,olap,benchANT
2026-06-04 07:56:20+00:00,system,n_users,0,dbms,tpc-ds,postgresql-100gb-load,1,ip-172-31-16-115,olap,benchANT
2026-06-04 07:56:30+00:00,system,n_users,0,dbms,tpc-ds,postgresql-100gb-load,1,ip-172-31-16-115,olap,benchANT
2026-06-04 07:56:40+00:00,system,n_users,0,dbms,tpc-ds,postgresql-100gb-load,1,ip-172-31-16-115,olap,benchANT
2026-06-04 07:56:50+00:00,system,n_users,0,dbms,tpc-ds,postgresql-100gb-load,1,ip-172-31-16-115,olap,benchANT
2026-06-04 07:57:00+00:00,system,n_users,0,dbms,tpc-ds,postgresql-100gb-load,1,ip-172-31-16-115,olap,benchANT
2026-06-04 07:57:10+00:00,system,n_users,0,dbms,tpc-ds,postgresql-100gb-load,1,ip-172-31-16-115,olap,benchANT
2026-06-04 07:57:20+00:00,system,n_users,0,dbms,tpc-ds,postgresql-100gb-load,1,ip-172-31-16-115,olap,benchANT
2026-06-04 07:57:30+00:00,system,n_users,0,dbms,tpc-ds,postgresql-100gb-load,1,ip-172-31-16-115,olap,benchANT
2026-06-04 07:57:40+00:00,system,n_users,0,dbms,tpc-ds,postgresql-100gb-load,1,ip-172-31-16-115,olap,benchANT
2026-06-04 07:57:50+00:00,system,n_users,0,dbms,tpc-ds,postgresql-100gb-load,1,ip-172-31-16-115,olap,benchANT
2026-06-04 07:58:00+00:00,system,n_users,0,dbms,tpc-ds,postgresql-100gb-load,1,ip-172-31-16-115,olap,benchANT
2026-06-04 07:58:10+00:00,system,n_users,0,dbms,tpc-ds,postgresql-100gb-load,1,ip-172-31-16-115,olap,benchANT
2026-06-04 07:58:20+00:00,system,n_users,0,dbms,tpc-ds,postgresql-100gb-load,1,ip-172-31-16-115,olap,benchANT
2026-06-04 07:58:30+00:00,system,n_users,0,dbms,tpc-ds,postgresql-100gb-load,1,ip-172-31-16-115,olap,benchANT
2026-06-04 07:58:40+00:00,system,n_users,0,dbms,tpc-ds,postgresql-100gb-load,1,ip-172-31-16-115,olap,benchANT
2026-06-04 07:58:50+00:00,system,n_users,0,dbms,tpc-ds,postgresql-100gb-load,1,ip-172-31-16-115,olap,benchANT
2026-06-04 07:59:00+00:00,system,n_users,0,dbms,tpc-ds,postgresql-100gb-load,1,ip-172-31-16-115,olap,benchANT
2026-06-04 07:59:10+00:00,system,n_users,0,dbms,tpc-ds,postgresql-100gb-load,1,ip-172-31-16-115,olap,benchANT
2026-06-04 07:59:20+00:00,system,n_users,0,dbms,tpc-ds,postgresql-100gb-load,1,ip-172-31-16-115,olap,benchANT
2026-06-04 07:59:30+00:00,system,n_users,0,dbms,tpc-ds,postgresql-100gb-load,1,ip-172-31-16-115,olap,benchANT
2026-06-04 07:59:40+00:00,system,n_users,0,dbms,tpc-ds,postgresql-100gb-load,1,ip-172-31-16-115,olap,benchANT
2026-06-04 07:59:50+00:00,system,n_users,0,dbms,tpc-ds,postgresql-100gb-load,1,ip-172-31-16-115,olap,benchANT
2026-06-04 08:00:00+00:00,system,n_users,0,dbms,tpc-ds,postgresql-100gb-load,1,ip-172-31-16-115,olap,benchANT
2026-06-04 08:00:10+00:00,system,n_users,0,dbms,tpc-ds,postgresql-100gb-load,1,ip-172-31-16-115,olap,benchANT
2026-06-04 08:00:20+00:00,system,n_users,0,dbms,tpc-ds,postgresql-100gb-load,1,ip-172-31-16-115,olap,benchANT
2026-06-04 08:00:30+00:00,system,n_users,0,dbms,tpc-ds,postgresql-100gb-load,1,ip-172-31-16-115,olap,benchANT
2026-06-04 08:00:40+00:00,system,n_users,0,dbms,tpc-ds,postgresql-100gb-load,1,ip-172-31-16-115,olap,benchANT
2026-06-04 08:00:50+00:00,system,n_users,0,dbms,tpc-ds,postgresql-100gb-load,1,ip-172-31-16-115,olap,benchANT
2026-06-04 08:01:00+00:00,system,n_users,0,dbms,tpc-ds,postgresql-100gb-load,1,ip-172-31-16-115,olap,benchANT
2026-06-04 08:01:10+00:00,system,n_users,0,dbms,tpc-ds,postgresql-100gb-load,1,ip-172-31-16-115,olap,benchANT
2026-06-04 08:01:20+00:00,system,n_users,0,dbms,tpc-ds,postgresql-100gb-load,1,ip-172-31-16-115,olap,benchANT
2026-06-04 08:01:30+00:00,system,n_users,0,dbms,tpc-ds,postgresql-100gb-load,1,ip-172-31-16-115,olap,benchANT
2026-06-04 08:01:40+00:00,system,n_users,0,dbms,tpc-ds,postgresql-100gb-load,1,ip-172-31-16-115,olap,benchANT
2026-06-04 08:01:50+00:00,system,n_users,0,dbms,tpc-ds,postgresql-100gb-load,1,ip-172-31-16-115,olap,benchANT
2026-06-04 08:02:00+00:00,system,n_users,0,dbms,tpc-ds,postgresql-100gb-load,1,ip-172-31-16-115,olap,benchANT
2026-06-04 08:02:10+00:00,system,n_users,0,dbms,tpc-ds,postgresql-100gb-load,1,ip-172-31-16-115,olap,benchANT
2026-06-04 08:02:20+00:00,system,n_users,0,dbms,tpc-ds,postgresql-100gb-load,1,ip-172-31-16-115,olap,benchANT
2026-06-04 08:02:30+00:00,system,n_users,0,dbms,tpc-ds,postgresql-100gb-load,1,ip-172-31-16-115,olap,benchANT
2026-06-04 08:02:40+00:00,system,n_users,0,dbms,tpc-ds,postgresql-100gb-load,1,ip-172-31-16-115,olap,benchANT
2026-06-04 08:02:50+00:00,system,n_users,0,dbms,tpc-ds,postgresql-100gb-load,1,ip-172-31-16-115,olap,benchANT
2026-06-04 08:03:00+00:00,system,n_users,0,dbms,tpc-ds,postgresql-100gb-load,1,ip-172-31-16-115,olap,benchANT
2026-06-04 08:03:10+00:00,system,n_users,0,dbms,tpc-ds,postgresql-100gb-load,1,ip-172-31-16-115,olap,benchANT
2026-06-04 08:03:20+00:00,system,n_users,0,dbms,tpc-ds,postgresql-100gb-load,1,ip-172-31-16-115,olap,benchANT
2026-06-04 08:03:30+00:00,system,n_users,0,dbms,tpc-ds,postgresql-100gb-load,1,ip-172-31-16-115,olap,benchANT
2026-06-04 08:03:40+00:00,system,n_users,0,dbms,tpc-ds,postgresql-100gb-load,1,ip-172-31-16-115,olap,benchANT
2026-06-04 08:03:50+00:00,system,n_users,0,dbms,tpc-ds,postgresql-100gb-load,1,ip-172-31-16-115,olap,benchANT
2026-06-04 08:04:00+00:00,system,n_users,0,dbms,tpc-ds,postgresql-100gb-load,1,ip-172-31-16-115,olap,benchANT
2026-06-04 08:04:10+00:00,system,n_users,0,dbms,tpc-ds,postgresql-100gb-load,1,ip-172-31-16-115,olap,benchANT
2026-06-04 08:04:20+00:00,system,n_users,0,dbms,tpc-ds,postgresql-100gb-load,1,ip-172-31-16-115,olap,benchANT
2026-06-04 08:04:30+00:00,system,n_users,0,dbms,tpc-ds,postgresql-100gb-load,1,ip-172-31-16-115,olap,benchANT
2026-06-04 08:04:40+00:00,system,n_users,0,dbms,tpc-ds,postgresql-100gb-load,1,ip-172-31-16-115,olap,benchANT
2026-06-04 08:04:50+00:00,system,n_users,0,dbms,tpc-ds,postgresql-100gb-load,1,ip-172-31-16-115,olap,benchANT
2026-06-04 08:05:00+00:00,system,n_users,0,dbms,tpc-ds,postgresql-100gb-load,1,ip-172-31-16-115,olap,benchANT
2026-06-04 08:05:10+00:00,system,n_users,0,dbms,tpc-ds,postgresql-100gb-load,1,ip-172-31-16-115,olap,benchANT
2026-06-04 08:05:20+00:00,system,n_users,0,dbms,tpc-ds,postgresql-100gb-load,1,ip-172-31-16-115,olap,benchANT
2026-06-04 08:05:30+00:00,system,n_users,0,dbms,tpc-ds,postgresql-100gb-load,1,ip-172-31-16-115,olap,benchANT
2026-06-04 08:05:40+00:00,system,n_users,0,dbms,tpc-ds,postgresql-100gb-load,1,ip-172-31-16-115,olap,benchANT
2026-06-04 08:05:50+00:00,system,n_users,0,dbms,tpc-ds,postgresql-100gb-load,1,ip-172-31-16-115,olap,benchANT
2026-06-04 08:06:00+00:00,system,n_users,0,dbms,tpc-ds,postgresql-100gb-load,1,ip-172-31-16-115,olap,benchANT
2026-06-04 08:06:10+00:00,system,n_users,0,dbms,tpc-ds,postgresql-100gb-load,1,ip-172-31-16-115,olap,benchANT
2026-06-04 08:06:20+00:00,system,n_users,0,dbms,tpc-ds,postgresql-100gb-load,1,ip-172-31-16-115,olap,benchANT
2026-06-04 08:06:30+00:00,system,n_users,0,dbms,tpc-ds,postgresql-100gb-load,1,ip-172-31-16-115,olap,benchANT
2026-06-04 08:06:40+00:00,system,n_users,0,dbms,tpc-ds,postgresql-100gb-load,1,ip-172-31-16-115,olap,benchANT
2026-06-04 08:06:50+00:00,system,n_users,0,dbms,tpc-ds,postgresql-100gb-load,1,ip-172-31-16-115,olap,benchANT
2026-06-04 08:07:00+00:00,system,n_users,0,dbms,tpc-ds,postgresql-100gb-load,1,ip-172-31-16-115,olap,benchANT
2026-06-04 08:07:10+00:00,system,n_users,0,dbms,tpc-ds,postgresql-100gb-load,1,ip-172-31-16-115,olap,benchANT
2026-06-04 08:07:20+00:00,system,n_users,0,dbms,tpc-ds,postgresql-100gb-load,1,ip-172-31-16-115,olap,benchANT
2026-06-04 08:07:30+00:00,system,n_users,0,dbms,tpc-ds,postgresql-100gb-load,1,ip-172-31-16-115,olap,benchANT
2026-06-04 08:07:40+00:00,system,n_users,0,dbms,tpc-ds,postgresql-100gb-load,1,ip-172-31-16-115,olap,benchANT
2026-06-04 08:07:50+00:00,system,n_users,0,dbms,tpc-ds,postgresql-100gb-load,1,ip-172-31-16-115,olap,benchANT
2026-06-04 08:08:00+00:00,system,n_users,0,dbms,tpc-ds,postgresql-100gb-load,1,ip-172-31-16-115,olap,benchANT
2026-06-04 08:08:10+00:00,system,n_users,0,dbms,tpc-ds,postgresql-100gb-load,1,ip-172-31-16-115,olap,benchANT
2026-06-04 08:08:20+00:00,system,n_users,0,dbms,tpc-ds,postgresql-100gb-load,1,ip-172-31-16-115,olap,benchANT
2026-06-04 08:08:30+00:00,system,n_users,0,dbms,tpc-ds,postgresql-100gb-load,1,ip-172-31-16-115,olap,benchANT
2026-06-04 08:08:40+00:00,system,n_users,0,dbms,tpc-ds,postgresql-100gb-load,1,ip-172-31-16-115,olap,benchANT
2026-06-04 08:08:50+00:00,system,n_users,0,dbms,tpc-ds,postgresql-100gb-load,1,ip-172-31-16-115,olap,benchANT
2026-06-04 08:09:00+00:00,system,n_users,0,dbms,tpc-ds,postgresql-100gb-load,1,ip-172-31-16-115,olap,benchANT
2026-06-04 08:09:10+00:00,system,n_users,0,dbms,tpc-ds,postgresql-100gb-load,1,ip-172-31-16-115,olap,benchANT
2026-06-04 08:09:20+00:00,system,n_users,0,dbms,tpc-ds,postgresql-100gb-load,1,ip-172-31-16-115,olap,benchANT
2026-06-04 08:09:30+00:00,system,n_users,0,dbms,tpc-ds,postgresql-100gb-load,1,ip-172-31-16-115,olap,benchANT
2026-06-04 08:09:40+00:00,system,n_users,0,dbms,tpc-ds,postgresql-100gb-load,1,ip-172-31-16-115,olap,benchANT
2026-06-04 08:09:50+00:00,system,n_users,0,dbms,tpc-ds,postgresql-100gb-load,1,ip-172-31-16-115,olap,benchANT
2026-06-04 08:10:00+00:00,system,n_users,0,dbms,tpc-ds,postgresql-100gb-load,1,ip-172-31-16-115,olap,benchANT
2026-06-04 08:10:10+00:00,system,n_users,0,dbms,tpc-ds,postgresql-100gb-load,1,ip-172-31-16-115,olap,benchANT
2026-06-04 08:10:20+00:00,system,n_users,0,dbms,tpc-ds,postgresql-100gb-load,1,ip-172-31-16-115,olap,benchANT
2026-06-04 08:10:30+00:00,system,n_users,0,dbms,tpc-ds,postgresql-100gb-load,1,ip-172-31-16-115,olap,benchANT
2026-06-04 08:10:40+00:00,system,n_users,0,dbms,tpc-ds,postgresql-100gb-load,1,ip-172-31-16-115,olap,benchANT
2026-06-04 08:10:50+00:00,system,n_users,0,dbms,tpc-ds,postgresql-100gb-load,1,ip-172-31-16-115,olap,benchANT
2026-06-04 08:11:00+00:00,system,n_users,0,dbms,tpc-ds,postgresql-100gb-load,1,ip-172-31-16-115,olap,benchANT
2026-06-04 08:11:10+00:00,system,n_users,0,dbms,tpc-ds,postgresql-100gb-load,1,ip-172-31-16-115,olap,benchANT
2026-06-04 08:11:20+00:00,system,n_users,0,dbms,tpc-ds,postgresql-100gb-load,1,ip-172-31-16-115,olap,benchANT
2026-06-04 08:11:30+00:00,system,n_users,0,dbms,tpc-ds,postgresql-100gb-load,1,ip-172-31-16-115,olap,benchANT
2026-06-04 08:11:40+00:00,system,n_users,0,dbms,tpc-ds,postgresql-100gb-load,1,ip-172-31-16-115,olap,benchANT
2026-06-04 08:11:50+00:00,system,n_users,0,dbms,tpc-ds,postgresql-100gb-load,1,ip-172-31-16-115,olap,benchANT
2026-06-04 08:12:00+00:00,system,n_users,0,dbms,tpc-ds,postgresql-100gb-load,1,ip-172-31-16-115,olap,benchANT
2026-06-04 08:12:10+00:00,system,n_users,0,dbms,tpc-ds,postgresql-100gb-load,1,ip-172-31-16-115,olap,benchANT
2026-06-04 08:12:20+00:00,system,n_users,0,dbms,tpc-ds,postgresql-100gb-load,1,ip-172-31-16-115,olap,benchANT
2026-06-04 08:12:30+00:00,system,n_users,0,dbms,tpc-ds,postgresql-100gb-load,1,ip-172-31-16-115,olap,benchANT
2026-06-04 08:12:40+00:00,system,n_users,0,dbms,tpc-ds,postgresql-100gb-load,1,ip-172-31-16-115,olap,benchANT
2026-06-04 08:12:50+00:00,system,n_users,0,dbms,tpc-ds,postgresql-100gb-load,1,ip-172-31-16-115,olap,benchANT
2026-06-04 08:13:00+00:00,system,n_users,0,dbms,tpc-ds,postgresql-100gb-load,1,ip-172-31-16-115,olap,benchANT
2026-06-04 08:13:10+00:00,system,n_users,0,dbms,tpc-ds,postgresql-100gb-load,1,ip-172-31-16-115,olap,benchANT
2026-06-04 08:13:20+00:00,system,n_users,0,dbms,tpc-ds,postgresql-100gb-load,1,ip-172-31-16-115,olap,benchANT
2026-06-04 08:13:30+00:00,system,n_users,0,dbms,tpc-ds,postgresql-100gb-load,1,ip-172-31-16-115,olap,benchANT
2026-06-04 08:13:40+00:00,system,n_users,0,dbms,tpc-ds,postgresql-100gb-load,1,ip-172-31-16-115,olap,benchANT
2026-06-04 08:13:50+00:00,system,n_users,0,dbms,tpc-ds,postgresql-100gb-load,1,ip-172-31-16-115,olap,benchANT
2026-06-04 08:14:00+00:00,system,n_users,0,dbms,tpc-ds,postgresql-100gb-load,1,ip-172-31-16-115,olap,benchANT
2026-06-04 08:14:10+00:00,system,n_users,0,dbms,tpc-ds,postgresql-100gb-load,1,ip-172-31-16-115,olap,benchANT
2026-06-04 08:14:20+00:00,system,n_users,0,dbms,tpc-ds,postgresql-100gb-load,1,ip-172-31-16-115,olap,benchANT
2026-06-04 08:14:30+00:00,system,n_users,0,dbms,tpc-ds,postgresql-100gb-load,1,ip-172-31-16-115,olap,benchANT
2026-06-04 08:14:40+00:00,system,n_users,0,dbms,tpc-ds,postgresql-100gb-load,1,ip-172-31-16-115,olap,benchANT
2026-06-04 08:14:50+00:00,system,n_users,0,dbms,tpc-ds,postgresql-100gb-load,1,ip-172-31-16-115,olap,benchANT
2026-06-04 08:15:00+00:00,system,n_users,0,dbms,tpc-ds,postgresql-100gb-load,1,ip-172-31-16-115,olap,benchANT
2026-06-04 08:15:10+00:00,system,n_users,0,dbms,tpc-ds,postgresql-100gb-load,1,ip-172-31-16-115,olap,benchANT
2026-06-04 08:15:20+00:00,system,n_users,0,dbms,tpc-ds,postgresql-100gb-load,1,ip-172-31-16-115,olap,benchANT
2026-06-04 08:15:30+00:00,system,n_users,0,dbms,tpc-ds,postgresql-100gb-load,1,ip-172-31-16-115,olap,benchANT
2026-06-04 08:15:40+00:00,system,n_users,0,dbms,tpc-ds,postgresql-100gb-load,1,ip-172-31-16-115,olap,benchANT
2026-06-04 08:15:50+00:00,system,n_users,0,dbms,tpc-ds,postgresql-100gb-load,1,ip-172-31-16-115,olap,benchANT
2026-06-04 08:16:00+00:00,system,n_users,0,dbms,tpc-ds,postgresql-100gb-load,1,ip-172-31-16-115,olap,benchANT
2026-06-04 08:16:10+00:00,system,n_users,0,dbms,tpc-ds,postgresql-100gb-load,1,ip-172-31-16-115,olap,benchANT
2026-06-04 08:16:20+00:00,system,n_users,0,dbms,tpc-ds,postgresql-100gb-load,1,ip-172-31-16-115,olap,benchANT
2026-06-04 08:16:30+00:00,system,n_users,0,dbms,tpc-ds,postgresql-100gb-load,1,ip-172-31-16-115,olap,benchANT
2026-06-04 08:16:40+00:00,system,n_users,0,dbms,tpc-ds,postgresql-100gb-load,1,ip-172-31-16-115,olap,benchANT
2026-06-04 08:16:50+00:00,system,n_users,0,dbms,tpc-ds,postgresql-100gb-load,1,ip-172-31-16-115,olap,benchANT
2026-06-04 08:17:00+00:00,system,n_users,0,dbms,tpc-ds,postgresql-100gb-load,1,ip-172-31-16-115,olap,benchANT
2026-06-04 08:17:10+00:00,system,n_users,0,dbms,tpc-ds,postgresql-100gb-load,1,ip-172-31-16-115,olap,benchANT
2026-06-04 08:17:20+00:00,system,n_users,0,dbms,tpc-ds,postgresql-100gb-load,1,ip-172-31-16-115,olap,benchANT
2026-06-04 08:17:30+00:00,system,n_users,0,dbms,tpc-ds,postgresql-100gb-load,1,ip-172-31-16-115,olap,benchANT
2026-06-04 08:17:40+00:00,system,n_users,0,dbms,tpc-ds,postgresql-100gb-load,1,ip-172-31-16-115,olap,benchANT
2026-06-04 08:17:50+00:00,system,n_users,0,dbms,tpc-ds,postgresql-100gb-load,1,ip-172-31-16-115,olap,benchANT
2026-06-04 08:18:00+00:00,system,n_users,0,dbms,tpc-ds,postgresql-100gb-load,1,ip-172-31-16-115,olap,benchANT
2026-06-04 08:18:10+00:00,system,n_users,0,dbms,tpc-ds,postgresql-100gb-load,1,ip-172-31-16-115,olap,benchANT
2026-06-04 08:18:20+00:00,system,n_users,0,dbms,tpc-ds,postgresql-100gb-load,1,ip-172-31-16-115,olap,benchANT
2026-06-04 08:18:30+00:00,system,n_users,0,dbms,tpc-ds,postgresql-100gb-load,1,ip-172-31-16-115,olap,benchANT
2026-06-04 08:18:40+00:00,system,n_users,0,dbms,tpc-ds,postgresql-100gb-load,1,ip-172-31-16-115,olap,benchANT
2026-06-04 08:18:50+00:00,system,n_users,0,dbms,tpc-ds,postgresql-100gb-load,1,ip-172-31-16-115,olap,benchANT
2026-06-04 08:19:00+00:00,system,n_users,0,dbms,tpc-ds,postgresql-100gb-load,1,ip-172-31-16-115,olap,benchANT
2026-06-04 08:19:10+00:00,system,n_users,0,dbms,tpc-ds,postgresql-100gb-load,1,ip-172-31-16-115,olap,benchANT
2026-06-04 08:19:20+00:00,system,n_users,0,dbms,tpc-ds,postgresql-100gb-load,1,ip-172-31-16-115,olap,benchANT
2026-06-04 08:19:30+00:00,system,n_users,0,dbms,tpc-ds,postgresql-100gb-load,1,ip-172-31-16-115,olap,benchANT
2026-06-04 08:19:40+00:00,system,n_users,0,dbms,tpc-ds,postgresql-100gb-load,1,ip-172-31-16-115,olap,benchANT
2026-06-04 08:19:50+00:00,system,n_users,0,dbms,tpc-ds,postgresql-100gb-load,1,ip-172-31-16-115,olap,benchANT
2026-06-04 08:20:00+00:00,system,n_users,0,dbms,tpc-ds,postgresql-100gb-load,1,ip-172-31-16-115,olap,benchANT
2026-06-04 08:20:10+00:00,system,n_users,0,dbms,tpc-ds,postgresql-100gb-load,1,ip-172-31-16-115,olap,benchANT
2026-06-04 08:20:20+00:00,system,n_users,0,dbms,tpc-ds,postgresql-100gb-load,1,ip-172-31-16-115,olap,benchANT
2026-06-04 08:20:30+00:00,system,n_users,0,dbms,tpc-ds,postgresql-100gb-load,1,ip-172-31-16-115,olap,benchANT
2026-06-04 08:20:40+00:00,system,n_users,0,dbms,tpc-ds,postgresql-100gb-load,1,ip-172-31-16-115,olap,benchANT
2026-06-04 08:20:50+00:00,system,n_users,0,dbms,tpc-ds,postgresql-100gb-load,1,ip-172-31-16-115,olap,benchANT
2026-06-04 08:21:00+00:00,system,n_users,0,dbms,tpc-ds,postgresql-100gb-load,1,ip-172-31-16-115,olap,benchANT
2026-06-04 08:21:10+00:00,system,n_users,0,dbms,tpc-ds,postgresql-100gb-load,1,ip-172-31-16-115,olap,benchANT
2026-06-04 08:21:20+00:00,system,n_users,0,dbms,tpc-ds,postgresql-100gb-load,1,ip-172-31-16-115,olap,benchANT
2026-06-04 08:21:30+00:00,system,n_users,0,dbms,tpc-ds,postgresql-100gb-load,1,ip-172-31-16-115,olap,benchANT
2026-06-04 08:21:40+00:00,system,n_users,0,dbms,tpc-ds,postgresql-100gb-load,1,ip-172-31-16-115,olap,benchANT
2026-06-04 08:21:50+00:00,system,n_users,0,dbms,tpc-ds,postgresql-100gb-load,1,ip-172-31-16-115,olap,benchANT
2026-06-04 08:22:00+00:00,system,n_users,0,dbms,tpc-ds,postgresql-100gb-load,1,ip-172-31-16-115,olap,benchANT
2026-06-04 08:22:10+00:00,system,n_users,0,dbms,tpc-ds,postgresql-100gb-load,1,ip-172-31-16-115,olap,benchANT
2026-06-04 08:22:20+00:00,system,n_users,0,dbms,tpc-ds,postgresql-100gb-load,1,ip-172-31-16-115,olap,benchANT
2026-06-04 08:22:30+00:00,system,n_users,0,dbms,tpc-ds,postgresql-100gb-load,1,ip-172-31-16-115,olap,benchANT
2026-06-04 08:22:40+00:00,system,n_users,0,dbms,tpc-ds,postgresql-100gb-load,1,ip-172-31-16-115,olap,benchANT
2026-06-04 08:22:50+00:00,system,n_users,0,dbms,tpc-ds,postgresql-100gb-load,1,ip-172-31-16-115,olap,benchANT
2026-06-04 08:23:00+00:00,system,n_users,0,dbms,tpc-ds,postgresql-100gb-load,1,ip-172-31-16-115,olap,benchANT
2026-06-04 08:23:10+00:00,system,n_users,0,dbms,tpc-ds,postgresql-100gb-load,1,ip-172-31-16-115,olap,benchANT
2026-06-04 08:23:20+00:00,system,n_users,0,dbms,tpc-ds,postgresql-100gb-load,1,ip-172-31-16-115,olap,benchANT
2026-06-04 08:23:30+00:00,system,n_users,0,dbms,tpc-ds,postgresql-100gb-load,1,ip-172-31-16-115,olap,benchANT
2026-06-04 08:23:40+00:00,system,n_users,0,dbms,tpc-ds,postgresql-100gb-load,1,ip-172-31-16-115,olap,benchANT
2026-06-04 08:23:50+00:00,system,n_users,0,dbms,tpc-ds,postgresql-100gb-load,1,ip-172-31-16-115,olap,benchANT
2026-06-04 08:24:00+00:00,system,n_users,0,dbms,tpc-ds,postgresql-100gb-load,1,ip-172-31-16-115,olap,benchANT
2026-06-04 08:24:10+00:00,system,n_users,0,dbms,tpc-ds,postgresql-100gb-load,1,ip-172-31-16-115,olap,benchANT
2026-06-04 08:24:20+00:00,system,n_users,0,dbms,tpc-ds,postgresql-100gb-load,1,ip-172-31-16-115,olap,benchANT
2026-06-04 08:24:30+00:00,system,n_users,0,dbms,tpc-ds,postgresql-100gb-load,1,ip-172-31-16-115,olap,benchANT
2026-06-04 08:24:40+00:00,system,n_users,0,dbms,tpc-ds,postgresql-100gb-load,1,ip-172-31-16-115,olap,benchANT
2026-06-04 08:24:50+00:00,system,n_users,0,dbms,tpc-ds,postgresql-100gb-load,1,ip-172-31-16-115,olap,benchANT
2026-06-04 08:25:00+00:00,system,n_users,0,dbms,tpc-ds,postgresql-100gb-load,1,ip-172-31-16-115,olap,benchANT
2026-06-04 08:25:10+00:00,system,n_users,0,dbms,tpc-ds,postgresql-100gb-load,1,ip-172-31-16-115,olap,benchANT
2026-06-04 08:25:20+00:00,system,n_users,0,dbms,tpc-ds,postgresql-100gb-load,1,ip-172-31-16-115,olap,benchANT
2026-06-04 08:25:30+00:00,system,n_users,0,dbms,tpc-ds,postgresql-100gb-load,1,ip-172-31-16-115,olap,benchANT
2026-06-04 08:25:40+00:00,system,n_users,0,dbms,tpc-ds,postgresql-100gb-load,1,ip-172-31-16-115,olap,benchANT
2026-06-04 08:25:50+00:00,system,n_users,0,dbms,tpc-ds,postgresql-100gb-load,1,ip-172-31-16-115,olap,benchANT
2026-06-04 08:26:00+00:00,system,n_users,0,dbms,tpc-ds,postgresql-100gb-load,1,ip-172-31-16-115,olap,benchANT
2026-06-04 08:26:10+00:00,system,n_users,0,dbms,tpc-ds,postgresql-100gb-load,1,ip-172-31-16-115,olap,benchANT
2026-06-04 08:26:20+00:00,system,n_users,0,dbms,tpc-ds,postgresql-100gb-load,1,ip-172-31-16-115,olap,benchANT
2026-06-04 08:26:30+00:00,system,n_users,0,dbms,tpc-ds,postgresql-100gb-load,1,ip-172-31-16-115,olap,benchANT
2026-06-04 08:26:40+00:00,system,n_users,0,dbms,tpc-ds,postgresql-100gb-load,1,ip-172-31-16-115,olap,benchANT
2026-06-04 08:26:50+00:00,system,n_users,0,dbms,tpc-ds,postgresql-100gb-load,1,ip-172-31-16-115,olap,benchANT
2026-06-04 08:27:00+00:00,system,n_users,0,dbms,tpc-ds,postgresql-100gb-load,1,ip-172-31-16-115,olap,benchANT
2026-06-04 08:27:10+00:00,system,n_users,0,dbms,tpc-ds,postgresql-100gb-load,1,ip-172-31-16-115,olap,benchANT
2026-06-04 08:27:20+00:00,system,n_users,0,dbms,tpc-ds,postgresql-100gb-load,1,ip-172-31-16-115,olap,benchANT
2026-06-04 08:27:30+00:00,system,n_users,0,dbms,tpc-ds,postgresql-100gb-load,1,ip-172-31-16-115,olap,benchANT
2026-06-04 08:27:40+00:00,system,n_users,0,dbms,tpc-ds,postgresql-100gb-load,1,ip-172-31-16-115,olap,benchANT
2026-06-04 08:27:50+00:00,system,n_users,0,dbms,tpc-ds,postgresql-100gb-load,1,ip-172-31-16-115,olap,benchANT
2026-06-04 08:28:00+00:00,system,n_users,0,dbms,tpc-ds,postgresql-100gb-load,1,ip-172-31-16-115,olap,benchANT
2026-06-04 08:28:10+00:00,system,n_users,0,dbms,tpc-ds,postgresql-100gb-load,1,ip-172-31-16-115,olap,benchANT
2026-06-04 08:28:20+00:00,system,n_users,0,dbms,tpc-ds,postgresql-100gb-load,1,ip-172-31-16-115,olap,benchANT
2026-06-04 08:28:30+00:00,system,n_users,0,dbms,tpc-ds,postgresql-100gb-load,1,ip-172-31-16-115,olap,benchANT
2026-06-04 08:28:40+00:00,system,n_users,0,dbms,tpc-ds,postgresql-100gb-load,1,ip-172-31-16-115,olap,benchANT
2026-06-04 08:28:50+00:00,system,n_users,0,dbms,tpc-ds,postgresql-100gb-load,1,ip-172-31-16-115,olap,benchANT
2026-06-04 08:29:00+00:00,system,n_users,0,dbms,tpc-ds,postgresql-100gb-load,1,ip-172-31-16-115,olap,benchANT
2026-06-04 08:29:10+00:00,system,n_users,0,dbms,tpc-ds,postgresql-100gb-load,1,ip-172-31-16-115,olap,benchANT
2026-06-04 08:29:20+00:00,system,n_users,0,dbms,tpc-ds,postgresql-100gb-load,1,ip-172-31-16-115,olap,benchANT
2026-06-04 08:29:30+00:00,system,n_users,0,dbms,tpc-ds,postgresql-100gb-load,1,ip-172-31-16-115,olap,benchANT
2026-06-04 08:29:40+00:00,system,n_users,0,dbms,tpc-ds,postgresql-100gb-load,1,ip-172-31-16-115,olap,benchANT
2026-06-04 08:29:50+00:00,system,n_users,0,dbms,tpc-ds,postgresql-100gb-load,1,ip-172-31-16-115,olap,benchANT
2026-06-04 08:30:00+00:00,system,n_users,0,dbms,tpc-ds,postgresql-100gb-load,1,ip-172-31-16-115,olap,benchANT
2026-06-04 08:30:10+00:00,system,n_users,0,dbms,tpc-ds,postgresql-100gb-load,1,ip-172-31-16-115,olap,benchANT
2026-06-04 08:30:20+00:00,system,n_users,0,dbms,tpc-ds,postgresql-100gb-load,1,ip-172-31-16-115,olap,benchANT
2026-06-04 08:30:30+00:00,system,n_users,0,dbms,tpc-ds,postgresql-100gb-load,1,ip-172-31-16-115,olap,benchANT
2026-06-04 08:30:40+00:00,system,n_users,0,dbms,tpc-ds,postgresql-100gb-load,1,ip-172-31-16-115,olap,benchANT
2026-06-04 08:30:50+00:00,system,n_users,0,dbms,tpc-ds,postgresql-100gb-load,1,ip-172-31-16-115,olap,benchANT
2026-06-04 08:31:00+00:00,system,n_users,0,dbms,tpc-ds,postgresql-100gb-load,1,ip-172-31-16-115,olap,benchANT
2026-06-04 08:31:10+00:00,system,n_users,0,dbms,tpc-ds,postgresql-100gb-load,1,ip-172-31-16-115,olap,benchANT
2026-06-04 08:31:20+00:00,system,n_users,0,dbms,tpc-ds,postgresql-100gb-load,1,ip-172-31-16-115,olap,benchANT
2026-06-04 08:31:30+00:00,system,n_users,0,dbms,tpc-ds,postgresql-100gb-load,1,ip-172-31-16-115,olap,benchANT
2026-06-04 08:31:40+00:00,system,n_users,0,dbms,tpc-ds,postgresql-100gb-load,1,ip-172-31-16-115,olap,benchANT
2026-06-04 08:31:50+00:00,system,n_users,0,dbms,tpc-ds,postgresql-100gb-load,1,ip-172-31-16-115,olap,benchANT
2026-06-04 08:32:00+00:00,system,n_users,0,dbms,tpc-ds,postgresql-100gb-load,1,ip-172-31-16-115,olap,benchANT
2026-06-04 08:32:10+00:00,system,n_users,0,dbms,tpc-ds,postgresql-100gb-load,1,ip-172-31-16-115,olap,benchANT
2026-06-04 08:32:20+00:00,system,n_users,0,dbms,tpc-ds,postgresql-100gb-load,1,ip-172-31-16-115,olap,benchANT
2026-06-04 08:32:30+00:00,system,n_users,0,dbms,tpc-ds,postgresql-100gb-load,1,ip-172-31-16-115,olap,benchANT
2026-06-04 08:32:40+00:00,system,n_users,0,dbms,tpc-ds,postgresql-100gb-load,1,ip-172-31-16-115,olap,benchANT
2026-06-04 08:32:50+00:00,system,n_users,0,dbms,tpc-ds,postgresql-100gb-load,1,ip-172-31-16-115,olap,benchANT
2026-06-04 08:33:00+00:00,system,n_users,0,dbms,tpc-ds,postgresql-100gb-load,1,ip-172-31-16-115,olap,benchANT
2026-06-04 08:33:10+00:00,system,n_users,0,dbms,tpc-ds,postgresql-100gb-load,1,ip-172-31-16-115,olap,benchANT
2026-06-04 08:33:20+00:00,system,n_users,0,dbms,tpc-ds,postgresql-100gb-load,1,ip-172-31-16-115,olap,benchANT
2026-06-04 08:33:30+00:00,system,n_users,0,dbms,tpc-ds,postgresql-100gb-load,1,ip-172-31-16-115,olap,benchANT
2026-06-04 08:33:40+00:00,system,n_users,0,dbms,tpc-ds,postgresql-100gb-load,1,ip-172-31-16-115,olap,benchANT
2026-06-04 08:33:50+00:00,system,n_users,0,dbms,tpc-ds,postgresql-100gb-load,1,ip-172-31-16-115,olap,benchANT
2026-06-04 08:34:00+00:00,system,n_users,0,dbms,tpc-ds,postgresql-100gb-load,1,ip-172-31-16-115,olap,benchANT
2026-06-04 08:34:10+00:00,system,n_users,0,dbms,tpc-ds,postgresql-100gb-load,1,ip-172-31-16-115,olap,benchANT
2026-06-04 08:34:20+00:00,system,n_users,0,dbms,tpc-ds,postgresql-100gb-load,1,ip-172-31-16-115,olap,benchANT
2026-06-04 08:34:30+00:00,system,n_users,0,dbms,tpc-ds,postgresql-100gb-load,1,ip-172-31-16-115,olap,benchANT
2026-06-04 08:34:40+00:00,system,n_users,0,dbms,tpc-ds,postgresql-100gb-load,1,ip-172-31-16-115,olap,benchANT
2026-06-04 08:34:50+00:00,system,n_users,0,dbms,tpc-ds,postgresql-100gb-load,1,ip-172-31-16-115,olap,benchANT
2026-06-04 08:35:00+00:00,system,n_users,0,dbms,tpc-ds,postgresql-100gb-load,1,ip-172-31-16-115,olap,benchANT
2026-06-04 08:35:10+00:00,system,n_users,0,dbms,tpc-ds,postgresql-100gb-load,1,ip-172-31-16-115,olap,benchANT
2026-06-04 08:35:20+00:00,system,n_users,0,dbms,tpc-ds,postgresql-100gb-load,1,ip-172-31-16-115,olap,benchANT
2026-06-04 08:35:30+00:00,system,n_users,0,dbms,tpc-ds,postgresql-100gb-load,1,ip-172-31-16-115,olap,benchANT
2026-06-04 08:35:40+00:00,system,n_users,0,dbms,tpc-ds,postgresql-100gb-load,1,ip-172-31-16-115,olap,benchANT
2026-06-04 08:35:50+00:00,system,n_users,0,dbms,tpc-ds,postgresql-100gb-load,1,ip-172-31-16-115,olap,benchANT
2026-06-04 08:36:00+00:00,system,n_users,0,dbms,tpc-ds,postgresql-100gb-load,1,ip-172-31-16-115,olap,benchANT
2026-06-04 08:36:10+00:00,system,n_users,0,dbms,tpc-ds,postgresql-100gb-load,1,ip-172-31-16-115,olap,benchANT
2026-06-04 08:36:20+00:00,system,n_users,0,dbms,tpc-ds,postgresql-100gb-load,1,ip-172-31-16-115,olap,benchANT
2026-06-04 08:36:30+00:00,system,n_users,0,dbms,tpc-ds,postgresql-100gb-load,1,ip-172-31-16-115,olap,benchANT
2026-06-04 08:36:40+00:00,system,n_users,0,dbms,tpc-ds,postgresql-100gb-load,1,ip-172-31-16-115,olap,benchANT
2026-06-04 08:36:50+00:00,system,n_users,0,dbms,tpc-ds,postgresql-100gb-load,1,ip-172-31-16-115,olap,benchANT
2026-06-04 08:37:00+00:00,system,n_users,0,dbms,tpc-ds,postgresql-100gb-load,1,ip-172-31-16-115,olap,benchANT
2026-06-04 08:37:10+00:00,system,n_users,0,dbms,tpc-ds,postgresql-100gb-load,1,ip-172-31-16-115,olap,benchANT
2026-06-04 08:37:20+00:00,system,n_users,0,dbms,tpc-ds,postgresql-100gb-load,1,ip-172-31-16-115,olap,benchANT
2026-06-04 08:37:30+00:00,system,n_users,0,dbms,tpc-ds,postgresql-100gb-load,1,ip-172-31-16-115,olap,benchANT
2026-06-04 08:37:40+00:00,system,n_users,0,dbms,tpc-ds,postgresql-100gb-load,1,ip-172-31-16-115,olap,benchANT
2026-06-04 08:37:50+00:00,system,n_users,0,dbms,tpc-ds,postgresql-100gb-load,1,ip-172-31-16-115,olap,benchANT
2026-06-04 08:38:00+00:00,system,n_users,0,dbms,tpc-ds,postgresql-100gb-load,1,ip-172-31-16-115,olap,benchANT
2026-06-04 08:38:10+00:00,system,n_users,0,dbms,tpc-ds,postgresql-100gb-load,1,ip-172-31-16-115,olap,benchANT
2026-06-04 08:38:20+00:00,system,n_users,0,dbms,tpc-ds,postgresql-100gb-load,1,ip-172-31-16-115,olap,benchANT
2026-06-04 08:38:30+00:00,system,n_users,0,dbms,tpc-ds,postgresql-100gb-load,1,ip-172-31-16-115,olap,benchANT
2026-06-04 08:38:40+00:00,system,n_users,0,dbms,tpc-ds,postgresql-100gb-load,1,ip-172-31-16-115,olap,benchANT
2026-06-04 08:38:50+00:00,system,n_users,0,dbms,tpc-ds,postgresql-100gb-load,1,ip-172-31-16-115,olap,benchANT
2026-06-04 08:39:00+00:00,system,n_users,0,dbms,tpc-ds,postgresql-100gb-load,1,ip-172-31-16-115,olap,benchANT
2026-06-04 08:39:10+00:00,system,n_users,0,dbms,tpc-ds,postgresql-100gb-load,1,ip-172-31-16-115,olap,benchANT
2026-06-04 08:39:20+00:00,system,n_users,0,dbms,tpc-ds,postgresql-100gb-load,1,ip-172-31-16-115,olap,benchANT
2026-06-04 08:39:30+00:00,system,n_users,0,dbms,tpc-ds,postgresql-100gb-load,1,ip-172-31-16-115,olap,benchANT
2026-06-04 08:39:40+00:00,system,n_users,0,dbms,tpc-ds,postgresql-100gb-load,1,ip-172-31-16-115,olap,benchANT
2026-06-04 08:39:50+00:00,system,n_users,0,dbms,tpc-ds,postgresql-100gb-load,1,ip-172-31-16-115,olap,benchANT
2026-06-04 08:40:00+00:00,system,n_users,0,dbms,tpc-ds,postgresql-100gb-load,1,ip-172-31-16-115,olap,benchANT
2026-06-04 08:40:10+00:00,system,n_users,0,dbms,tpc-ds,postgresql-100gb-load,1,ip-172-31-16-115,olap,benchANT
2026-06-04 08:40:20+00:00,system,n_users,0,dbms,tpc-ds,postgresql-100gb-load,1,ip-172-31-16-115,olap,benchANT
2026-06-04 08:40:30+00:00,system,n_users,0,dbms,tpc-ds,postgresql-100gb-load,1,ip-172-31-16-115,olap,benchANT
2026-06-04 08:40:40+00:00,system,n_users,0,dbms,tpc-ds,postgresql-100gb-load,1,ip-172-31-16-115,olap,benchANT
2026-06-04 08:40:50+00:00,system,n_users,0,dbms,tpc-ds,postgresql-100gb-load,1,ip-172-31-16-115,olap,benchANT
2026-06-04 08:41:00+00:00,system,n_users,0,dbms,tpc-ds,postgresql-100gb-load,1,ip-172-31-16-115,olap,benchANT
2026-06-04 08:41:10+00:00,system,n_users,0,dbms,tpc-ds,postgresql-100gb-load,1,ip-172-31-16-115,olap,benchANT
2026-06-04 08:41:20+00:00,system,n_users,0,dbms,tpc-ds,postgresql-100gb-load,1,ip-172-31-16-115,olap,benchANT
2026-06-04 08:41:30+00:00,system,n_users,0,dbms,tpc-ds,postgresql-100gb-load,1,ip-172-31-16-115,olap,benchANT
2026-06-04 08:41:40+00:00,system,n_users,0,dbms,tpc-ds,postgresql-100gb-load,1,ip-172-31-16-115,olap,benchANT
2026-06-04 08:41:50+00:00,system,n_users,0,dbms,tpc-ds,postgresql-100gb-load,1,ip-172-31-16-115,olap,benchANT
2026-06-04 08:42:00+00:00,system,n_users,0,dbms,tpc-ds,postgresql-100gb-load,1,ip-172-31-16-115,olap,benchANT
2026-06-04 08:42:10+00:00,system,n_users,0,dbms,tpc-ds,postgresql-100gb-load,1,ip-172-31-16-115,olap,benchANT
2026-06-04 08:42:20+00:00,system,n_users,0,dbms,tpc-ds,postgresql-100gb-load,1,ip-172-31-16-115,olap,benchANT
2026-06-04 08:42:30+00:00,system,n_users,0,dbms,tpc-ds,postgresql-100gb-load,1,ip-172-31-16-115,olap,benchANT
2026-06-04 08:42:40+00:00,system,n_users,0,dbms,tpc-ds,postgresql-100gb-load,1,ip-172-31-16-115,olap,benchANT
2026-06-04 08:42:50+00:00,system,n_users,0,dbms,tpc-ds,postgresql-100gb-load,1,ip-172-31-16-115,olap,benchANT
2026-06-04 08:43:00+00:00,system,n_users,0,dbms,tpc-ds,postgresql-100gb-load,1,ip-172-31-16-115,olap,benchANT
2026-06-04 08:43:10+00:00,system,n_users,0,dbms,tpc-ds,postgresql-100gb-load,1,ip-172-31-16-115,olap,benchANT
2026-06-04 08:43:20+00:00,system,n_users,0,dbms,tpc-ds,postgresql-100gb-load,1,ip-172-31-16-115,olap,benchANT
2026-06-04 08:43:30+00:00,system,n_users,0,dbms,tpc-ds,postgresql-100gb-load,1,ip-172-31-16-115,olap,benchANT
2026-06-04 08:43:40+00:00,system,n_users,0,dbms,tpc-ds,postgresql-100gb-load,1,ip-172-31-16-115,olap,benchANT
2026-06-04 08:43:50+00:00,system,n_users,0,dbms,tpc-ds,postgresql-100gb-load,1,ip-172-31-16-115,olap,benchANT
2026-06-04 08:44:00+00:00,system,n_users,0,dbms,tpc-ds,postgresql-100gb-load,1,ip-172-31-16-115,olap,benchANT
2026-06-04 08:44:10+00:00,system,n_users,0,dbms,tpc-ds,postgresql-100gb-load,1,ip-172-31-16-115,olap,benchANT
2026-06-04 08:44:20+00:00,system,n_users,0,dbms,tpc-ds,postgresql-100gb-load,1,ip-172-31-16-115,olap,benchANT
2026-06-04 08:44:30+00:00,system,n_users,0,dbms,tpc-ds,postgresql-100gb-load,1,ip-172-31-16-115,olap,benchANT
2026-06-04 08:44:40+00:00,system,n_users,0,dbms,tpc-ds,postgresql-100gb-load,1,ip-172-31-16-115,olap,benchANT
2026-06-04 08:44:50+00:00,system,n_users,0,dbms,tpc-ds,postgresql-100gb-load,1,ip-172-31-16-115,olap,benchANT
2026-06-04 08:45:00+00:00,system,n_users,0,dbms,tpc-ds,postgresql-100gb-load,1,ip-172-31-16-115,olap,benchANT
2026-06-04 08:45:10+00:00,system,n_users,0,dbms,tpc-ds,postgresql-100gb-load,1,ip-172-31-16-115,olap,benchANT
2026-06-04 08:45:20+00:00,system,n_users,0,dbms,tpc-ds,postgresql-100gb-load,1,ip-172-31-16-115,olap,benchANT
2026-06-04 08:45:30+00:00,system,n_users,0,dbms,tpc-ds,postgresql-100gb-load,1,ip-172-31-16-115,olap,benchANT
2026-06-04 08:45:40+00:00,system,n_users,0,dbms,tpc-ds,postgresql-100gb-load,1,ip-172-31-16-115,olap,benchANT
2026-06-04 08:45:50+00:00,system,n_users,0,dbms,tpc-ds,postgresql-100gb-load,1,ip-172-31-16-115,olap,benchANT
2026-06-04 08:46:00+00:00,system,n_users,0,dbms,tpc-ds,postgresql-100gb-load,1,ip-172-31-16-115,olap,benchANT
2026-06-04 08:46:10+00:00,system,n_users,0,dbms,tpc-ds,postgresql-100gb-load,1,ip-172-31-16-115,olap,benchANT
2026-06-04 08:46:20+00:00,system,n_users,0,dbms,tpc-ds,postgresql-100gb-load,1,ip-172-31-16-115,olap,benchANT
2026-06-04 08:46:30+00:00,system,n_users,0,dbms,tpc-ds,postgresql-100gb-load,1,ip-172-31-16-115,olap,benchANT
2026-06-04 08:46:40+00:00,system,n_users,0,dbms,tpc-ds,postgresql-100gb-load,1,ip-172-31-16-115,olap,benchANT
2026-06-04 08:46:50+00:00,system,n_users,0,dbms,tpc-ds,postgresql-100gb-load,1,ip-172-31-16-115,olap,benchANT
2026-06-04 08:47:00+00:00,system,n_users,0,dbms,tpc-ds,postgresql-100gb-load,1,ip-172-31-16-115,olap,benchANT
2026-06-04 08:47:10+00:00,system,n_users,0,dbms,tpc-ds,postgresql-100gb-load,1,ip-172-31-16-115,olap,benchANT
2026-06-04 08:47:20+00:00,system,n_users,0,dbms,tpc-ds,postgresql-100gb-load,1,ip-172-31-16-115,olap,benchANT
2026-06-04 08:47:30+00:00,system,n_users,0,dbms,tpc-ds,postgresql-100gb-load,1,ip-172-31-16-115,olap,benchANT
2026-06-04 08:47:40+00:00,system,n_users,0,dbms,tpc-ds,postgresql-100gb-load,1,ip-172-31-16-115,olap,benchANT
2026-06-04 08:47:50+00:00,system,n_users,0,dbms,tpc-ds,postgresql-100gb-load,1,ip-172-31-16-115,olap,benchANT
2026-06-04 08:48:00+00:00,system,n_users,0,dbms,tpc-ds,postgresql-100gb-load,1,ip-172-31-16-115,olap,benchANT
2026-06-04 08:48:10+00:00,system,n_users,0,dbms,tpc-ds,postgresql-100gb-load,1,ip-172-31-16-115,olap,benchANT
2026-06-04 08:48:20+00:00,system,n_users,0,dbms,tpc-ds,postgresql-100gb-load,1,ip-172-31-16-115,olap,benchANT
2026-06-04 08:48:30+00:00,system,n_users,0,dbms,tpc-ds,postgresql-100gb-load,1,ip-172-31-16-115,olap,benchANT
2026-06-04 08:48:40+00:00,system,n_users,0,dbms,tpc-ds,postgresql-100gb-load,1,ip-172-31-16-115,olap,benchANT
2026-06-04 08:48:50+00:00,system,n_users,0,dbms,tpc-ds,postgresql-100gb-load,1,ip-172-31-16-115,olap,benchANT
2026-06-04 08:49:00+00:00,system,n_users,0,dbms,tpc-ds,postgresql-100gb-load,1,ip-172-31-16-115,olap,benchANT
2026-06-04 08:49:10+00:00,system,n_users,0,dbms,tpc-ds,postgresql-100gb-load,1,ip-172-31-16-115,olap,benchANT
2026-06-04 08:49:20+00:00,system,n_users,0,dbms,tpc-ds,postgresql-100gb-load,1,ip-172-31-16-115,olap,benchANT
2026-06-04 08:49:30+00:00,system,n_users,0,dbms,tpc-ds,postgresql-100gb-load,1,ip-172-31-16-115,olap,benchANT
2026-06-04 08:49:40+00:00,system,n_users,0,dbms,tpc-ds,postgresql-100gb-load,1,ip-172-31-16-115,olap,benchANT
2026-06-04 08:49:50+00:00,system,n_users,0,dbms,tpc-ds,postgresql-100gb-load,1,ip-172-31-16-115,olap,benchANT
2026-06-04 08:50:00+00:00,system,n_users,0,dbms,tpc-ds,postgresql-100gb-load,1,ip-172-31-16-115,olap,benchANT
2026-06-04 08:50:10+00:00,system,n_users,0,dbms,tpc-ds,postgresql-100gb-load,1,ip-172-31-16-115,olap,benchANT
2026-06-04 08:50:20+00:00,system,n_users,0,dbms,tpc-ds,postgresql-100gb-load,1,ip-172-31-16-115,olap,benchANT
2026-06-04 08:50:30+00:00,system,n_users,0,dbms,tpc-ds,postgresql-100gb-load,1,ip-172-31-16-115,olap,benchANT
2026-06-04 08:50:40+00:00,system,n_users,0,dbms,tpc-ds,postgresql-100gb-load,1,ip-172-31-16-115,olap,benchANT
2026-06-04 08:50:50+00:00,system,n_users,0,dbms,tpc-ds,postgresql-100gb-load,1,ip-172-31-16-115,olap,benchANT
2026-06-04 08:51:00+00:00,system,n_users,0,dbms,tpc-ds,postgresql-100gb-load,1,ip-172-31-16-115,olap,benchANT
2026-06-04 08:51:10+00:00,system,n_users,0,dbms,tpc-ds,postgresql-100gb-load,1,ip-172-31-16-115,olap,benchANT
2026-06-04 08:51:20+00:00,system,n_users,0,dbms,tpc-ds,postgresql-100gb-load,1,ip-172-31-16-115,olap,benchANT
2026-06-04 08:51:30+00:00,system,n_users,0,dbms,tpc-ds,postgresql-100gb-load,1,ip-172-31-16-115,olap,benchANT
2026-06-04 08:51:40+00:00,system,n_users,0,dbms,tpc-ds,postgresql-100gb-load,1,ip-172-31-16-115,olap,benchANT
2026-06-04 08:51:50+00:00,system,n_users,0,dbms,tpc-ds,postgresql-100gb-load,1,ip-172-31-16-115,olap,benchANT
2026-06-04 08:52:00+00:00,system,n_users,0,dbms,tpc-ds,postgresql-100gb-load,1,ip-172-31-16-115,olap,benchANT
2026-06-04 08:52:10+00:00,system,n_users,0,dbms,tpc-ds,postgresql-100gb-load,1,ip-172-31-16-115,olap,benchANT
2026-06-04 08:52:20+00:00,system,n_users,0,dbms,tpc-ds,postgresql-100gb-load,1,ip-172-31-16-115,olap,benchANT
2026-06-04 08:52:30+00:00,system,n_users,0,dbms,tpc-ds,postgresql-100gb-load,1,ip-172-31-16-115,olap,benchANT
2026-06-04 08:52:40+00:00,system,n_users,0,dbms,tpc-ds,postgresql-100gb-load,1,ip-172-31-16-115,olap,benchANT
2026-06-04 08:52:50+00:00,system,n_users,0,dbms,tpc-ds,postgresql-100gb-load,1,ip-172-31-16-115,olap,benchANT
2026-06-04 08:53:00+00:00,system,n_users,0,dbms,tpc-ds,postgresql-100gb-load,1,ip-172-31-16-115,olap,benchANT
2026-06-04 08:53:10+00:00,system,n_users,0,dbms,tpc-ds,postgresql-100gb-load,1,ip-172-31-16-115,olap,benchANT
2026-06-04 08:53:20+00:00,system,n_users,0,dbms,tpc-ds,postgresql-100gb-load,1,ip-172-31-16-115,olap,benchANT
2026-06-04 08:53:30+00:00,system,n_users,0,dbms,tpc-ds,postgresql-100gb-load,1,ip-172-31-16-115,olap,benchANT
2026-06-04 08:53:40+00:00,system,n_users,0,dbms,tpc-ds,postgresql-100gb-load,1,ip-172-31-16-115,olap,benchANT
2026-06-04 08:53:50+00:00,system,n_users,0,dbms,tpc-ds,postgresql-100gb-load,1,ip-172-31-16-115,olap,benchANT
2026-06-04 08:54:00+00:00,system,n_users,0,dbms,tpc-ds,postgresql-100gb-load,1,ip-172-31-16-115,olap,benchANT
2026-06-04 08:54:10+00:00,system,n_users,0,dbms,tpc-ds,postgresql-100gb-load,1,ip-172-31-16-115,olap,benchANT
2026-06-04 08:54:20+00:00,system,n_users,0,dbms,tpc-ds,postgresql-100gb-load,1,ip-172-31-16-115,olap,benchANT
2026-06-04 08:54:30+00:00,system,n_users,0,dbms,tpc-ds,postgresql-100gb-load,1,ip-172-31-16-115,olap,benchANT
2026-06-04 08:54:40+00:00,system,n_users,0,dbms,tpc-ds,postgresql-100gb-load,1,ip-172-31-16-115,olap,benchANT
2026-06-04 08:54:50+00:00,system,n_users,0,dbms,tpc-ds,postgresql-100gb-load,1,ip-172-31-16-115,olap,benchANT
2026-06-04 08:55:00+00:00,system,n_users,0,dbms,tpc-ds,postgresql-100gb-load,1,ip-172-31-16-115,olap,benchANT
2026-06-04 08:55:10+00:00,system,n_users,0,dbms,tpc-ds,postgresql-100gb-load,1,ip-172-31-16-115,olap,benchANT
2026-06-04 08:55:20+00:00,system,n_users,0,dbms,tpc-ds,postgresql-100gb-load,1,ip-172-31-16-115,olap,benchANT
2026-06-04 08:55:30+00:00,system,n_users,0,dbms,tpc-ds,postgresql-100gb-load,1,ip-172-31-16-115,olap,benchANT
2026-06-04 08:55:40+00:00,system,n_users,0,dbms,tpc-ds,postgresql-100gb-load,1,ip-172-31-16-115,olap,benchANT
2026-06-04 08:55:50+00:00,system,n_users,0,dbms,tpc-ds,postgresql-100gb-load,1,ip-172-31-16-115,olap,benchANT
2026-06-04 08:56:00+00:00,system,n_users,0,dbms,tpc-ds,postgresql-100gb-load,1,ip-172-31-16-115,olap,benchANT
2026-06-04 08:56:10+00:00,system,n_users,0,dbms,tpc-ds,postgresql-100gb-load,1,ip-172-31-16-115,olap,benchANT
2026-06-04 08:56:20+00:00,system,n_users,0,dbms,tpc-ds,postgresql-100gb-load,1,ip-172-31-16-115,olap,benchANT
2026-06-04 08:56:30+00:00,system,n_users,0,dbms,tpc-ds,postgresql-100gb-load,1,ip-172-31-16-115,olap,benchANT
2026-06-04 08:56:40+00:00,system,n_users,0,dbms,tpc-ds,postgresql-100gb-load,1,ip-172-31-16-115,olap,benchANT
2026-06-04 08:56:50+00:00,system,n_users,0,dbms,tpc-ds,postgresql-100gb-load,1,ip-172-31-16-115,olap,benchANT
2026-06-04 08:57:00+00:00,system,n_users,0,dbms,tpc-ds,postgresql-100gb-load,1,ip-172-31-16-115,olap,benchANT
2026-06-04 08:57:10+00:00,system,n_users,0,dbms,tpc-ds,postgresql-100gb-load,1,ip-172-31-16-115,olap,benchANT
2026-06-04 08:57:20+00:00,system,n_users,0,dbms,tpc-ds,postgresql-100gb-load,1,ip-172-31-16-115,olap,benchANT
2026-06-04 08:57:30+00:00,system,n_users,0,dbms,tpc-ds,postgresql-100gb-load,1,ip-172-31-16-115,olap,benchANT
2026-06-04 08:57:40+00:00,system,n_users,0,dbms,tpc-ds,postgresql-100gb-load,1,ip-172-31-16-115,olap,benchANT
2026-06-04 08:57:50+00:00,system,n_users,0,dbms,tpc-ds,postgresql-100gb-load,1,ip-172-31-16-115,olap,benchANT
2026-06-04 08:58:00+00:00,system,n_users,0,dbms,tpc-ds,postgresql-100gb-load,1,ip-172-31-16-115,olap,benchANT
2026-06-04 08:58:10+00:00,system,n_users,0,dbms,tpc-ds,postgresql-100gb-load,1,ip-172-31-16-115,olap,benchANT
2026-06-04 08:58:20+00:00,system,n_users,0,dbms,tpc-ds,postgresql-100gb-load,1,ip-172-31-16-115,olap,benchANT
2026-06-04 08:58:30+00:00,system,n_users,0,dbms,tpc-ds,postgresql-100gb-load,1,ip-172-31-16-115,olap,benchANT
2026-06-04 08:58:40+00:00,system,n_users,0,dbms,tpc-ds,postgresql-100gb-load,1,ip-172-31-16-115,olap,benchANT
2026-06-04 08:58:50+00:00,system,n_users,0,dbms,tpc-ds,postgresql-100gb-load,1,ip-172-31-16-115,olap,benchANT
2026-06-04 08:59:00+00:00,system,n_users,0,dbms,tpc-ds,postgresql-100gb-load,1,ip-172-31-16-115,olap,benchANT
2026-06-04 08:59:10+00:00,system,n_users,0,dbms,tpc-ds,postgresql-100gb-load,1,ip-172-31-16-115,olap,benchANT
2026-06-04 08:59:20+00:00,system,n_users,0,dbms,tpc-ds,postgresql-100gb-load,1,ip-172-31-16-115,olap,benchANT
2026-06-04 08:59:30+00:00,system,n_users,0,dbms,tpc-ds,postgresql-100gb-load,1,ip-172-31-16-115,olap,benchANT
2026-06-04 08:59:40+00:00,system,n_users,0,dbms,tpc-ds,postgresql-100gb-load,1,ip-172-31-16-115,olap,benchANT
2026-06-04 08:59:50+00:00,system,n_users,0,dbms,tpc-ds,postgresql-100gb-load,1,ip-172-31-16-115,olap,benchANT
2026-06-04 09:00:00+00:00,system,n_users,0,dbms,tpc-ds,postgresql-100gb-load,1,ip-172-31-16-115,olap,benchANT
2026-06-04 09:00:10+00:00,system,n_users,0,dbms,tpc-ds,postgresql-100gb-load,1,ip-172-31-16-115,olap,benchANT
2026-06-04 09:00:20+00:00,system,n_users,0,dbms,tpc-ds,postgresql-100gb-load,1,ip-172-31-16-115,olap,benchANT
2026-06-04 09:00:30+00:00,system,n_users,0,dbms,tpc-ds,postgresql-100gb-load,1,ip-172-31-16-115,olap,benchANT
2026-06-04 09:00:40+00:00,system,n_users,0,dbms,tpc-ds,postgresql-100gb-load,1,ip-172-31-16-115,olap,benchANT
2026-06-04 09:00:50+00:00,system,n_users,0,dbms,tpc-ds,postgresql-100gb-load,1,ip-172-31-16-115,olap,benchANT
2026-06-04 09:01:00+00:00,system,n_users,0,dbms,tpc-ds,postgresql-100gb-load,1,ip-172-31-16-115,olap,benchANT
2026-06-04 09:01:10+00:00,system,n_users,0,dbms,tpc-ds,postgresql-100gb-load,1,ip-172-31-16-115,olap,benchANT
2026-06-04 07:50:20+00:00,system,uptime,71834,dbms,tpc-ds,postgresql-100gb-load,1,ip-172-31-16-115,olap,benchANT
2026-06-04 07:50:30+00:00,system,uptime,71844,dbms,tpc-ds,postgresql-100gb-load,1,ip-172-31-16-115,olap,benchANT
2026-06-04 07:50:40+00:00,system,uptime,71854,dbms,tpc-ds,postgresql-100gb-load,1,ip-172-31-16-115,olap,benchANT
2026-06-04 07:50:50+00:00,system,uptime,71864,dbms,tpc-ds,postgresql-100gb-load,1,ip-172-31-16-115,olap,benchANT
2026-06-04 07:51:00+00:00,system,uptime,71874,dbms,tpc-ds,postgresql-100gb-load,1,ip-172-31-16-115,olap,benchANT
2026-06-04 07:51:10+00:00,system,uptime,71884,dbms,tpc-ds,postgresql-100gb-load,1,ip-172-31-16-115,olap,benchANT
2026-06-04 07:51:20+00:00,system,uptime,71894,dbms,tpc-ds,postgresql-100gb-load,1,ip-172-31-16-115,olap,benchANT
2026-06-04 07:51:30+00:00,system,uptime,71904,dbms,tpc-ds,postgresql-100gb-load,1,ip-172-31-16-115,olap,benchANT
2026-06-04 07:51:40+00:00,system,uptime,71914,dbms,tpc-ds,postgresql-100gb-load,1,ip-172-31-16-115,olap,benchANT
2026-06-04 07:51:50+00:00,system,uptime,71924,dbms,tpc-ds,postgresql-100gb-load,1,ip-172-31-16-115,olap,benchANT
2026-06-04 07:52:00+00:00,system,uptime,71934,dbms,tpc-ds,postgresql-100gb-load,1,ip-172-31-16-115,olap,benchANT
2026-06-04 07:52:10+00:00,system,uptime,71944,dbms,tpc-ds,postgresql-100gb-load,1,ip-172-31-16-115,olap,benchANT
2026-06-04 07:52:20+00:00,system,uptime,71954,dbms,tpc-ds,postgresql-100gb-load,1,ip-172-31-16-115,olap,benchANT
2026-06-04 07:52:30+00:00,system,uptime,71964,dbms,tpc-ds,postgresql-100gb-load,1,ip-172-31-16-115,olap,benchANT
2026-06-04 07:52:40+00:00,system,uptime,71974,dbms,tpc-ds,postgresql-100gb-load,1,ip-172-31-16-115,olap,benchANT
2026-06-04 07:52:50+00:00,system,uptime,71984,dbms,tpc-ds,postgresql-100gb-load,1,ip-172-31-16-115,olap,benchANT
2026-06-04 07:53:00+00:00,system,uptime,71994,dbms,tpc-ds,postgresql-100gb-load,1,ip-172-31-16-115,olap,benchANT
2026-06-04 07:53:10+00:00,system,uptime,72004,dbms,tpc-ds,postgresql-100gb-load,1,ip-172-31-16-115,olap,benchANT
2026-06-04 07:53:20+00:00,system,uptime,72014,dbms,tpc-ds,postgresql-100gb-load,1,ip-172-31-16-115,olap,benchANT
2026-06-04 07:53:30+00:00,system,uptime,72024,dbms,tpc-ds,postgresql-100gb-load,1,ip-172-31-16-115,olap,benchANT
2026-06-04 07:53:40+00:00,system,uptime,72034,dbms,tpc-ds,postgresql-100gb-load,1,ip-172-31-16-115,olap,benchANT
2026-06-04 07:53:50+00:00,system,uptime,72044,dbms,tpc-ds,postgresql-100gb-load,1,ip-172-31-16-115,olap,benchANT
2026-06-04 07:54:00+00:00,system,uptime,72054,dbms,tpc-ds,postgresql-100gb-load,1,ip-172-31-16-115,olap,benchANT
2026-06-04 07:54:10+00:00,system,uptime,72064,dbms,tpc-ds,postgresql-100gb-load,1,ip-172-31-16-115,olap,benchANT
2026-06-04 07:54:20+00:00,system,uptime,72074,dbms,tpc-ds,postgresql-100gb-load,1,ip-172-31-16-115,olap,benchANT
2026-06-04 07:54:30+00:00,system,uptime,72084,dbms,tpc-ds,postgresql-100gb-load,1,ip-172-31-16-115,olap,benchANT
2026-06-04 07:54:40+00:00,system,uptime,72094,dbms,tpc-ds,postgresql-100gb-load,1,ip-172-31-16-115,olap,benchANT
2026-06-04 07:54:50+00:00,system,uptime,72104,dbms,tpc-ds,postgresql-100gb-load,1,ip-172-31-16-115,olap,benchANT
2026-06-04 07:55:00+00:00,system,uptime,72114,dbms,tpc-ds,postgresql-100gb-load,1,ip-172-31-16-115,olap,benchANT
2026-06-04 07:55:10+00:00,system,uptime,72124,dbms,tpc-ds,postgresql-100gb-load,1,ip-172-31-16-115,olap,benchANT
2026-06-04 07:55:20+00:00,system,uptime,72134,dbms,tpc-ds,postgresql-100gb-load,1,ip-172-31-16-115,olap,benchANT
2026-06-04 07:55:30+00:00,system,uptime,72144,dbms,tpc-ds,postgresql-100gb-load,1,ip-172-31-16-115,olap,benchANT
2026-06-04 07:55:40+00:00,system,uptime,72154,dbms,tpc-ds,postgresql-100gb-load,1,ip-172-31-16-115,olap,benchANT
2026-06-04 07:55:50+00:00,system,uptime,72164,dbms,tpc-ds,postgresql-100gb-load,1,ip-172-31-16-115,olap,benchANT
2026-06-04 07:56:00+00:00,system,uptime,72174,dbms,tpc-ds,postgresql-100gb-load,1,ip-172-31-16-115,olap,benchANT
2026-06-04 07:56:10+00:00,system,uptime,72184,dbms,tpc-ds,postgresql-100gb-load,1,ip-172-31-16-115,olap,benchANT
2026-06-04 07:56:20+00:00,system,uptime,72194,dbms,tpc-ds,postgresql-100gb-load,1,ip-172-31-16-115,olap,benchANT
2026-06-04 07:56:30+00:00,system,uptime,72204,dbms,tpc-ds,postgresql-100gb-load,1,ip-172-31-16-115,olap,benchANT
2026-06-04 07:56:40+00:00,system,uptime,72214,dbms,tpc-ds,postgresql-100gb-load,1,ip-172-31-16-115,olap,benchANT
2026-06-04 07:56:50+00:00,system,uptime,72224,dbms,tpc-ds,postgresql-100gb-load,1,ip-172-31-16-115,olap,benchANT
2026-06-04 07:57:00+00:00,system,uptime,72234,dbms,tpc-ds,postgresql-100gb-load,1,ip-172-31-16-115,olap,benchANT
2026-06-04 07:57:10+00:00,system,uptime,72244,dbms,tpc-ds,postgresql-100gb-load,1,ip-172-31-16-115,olap,benchANT
2026-06-04 07:57:20+00:00,system,uptime,72254,dbms,tpc-ds,postgresql-100gb-load,1,ip-172-31-16-115,olap,benchANT
2026-06-04 07:57:30+00:00,system,uptime,72264,dbms,tpc-ds,postgresql-100gb-load,1,ip-172-31-16-115,olap,benchANT
2026-06-04 07:57:40+00:00,system,uptime,72274,dbms,tpc-ds,postgresql-100gb-load,1,ip-172-31-16-115,olap,benchANT
2026-06-04 07:57:50+00:00,system,uptime,72284,dbms,tpc-ds,postgresql-100gb-load,1,ip-172-31-16-115,olap,benchANT
2026-06-04 07:58:00+00:00,system,uptime,72294,dbms,tpc-ds,postgresql-100gb-load,1,ip-172-31-16-115,olap,benchANT
2026-06-04 07:58:10+00:00,system,uptime,72304,dbms,tpc-ds,postgresql-100gb-load,1,ip-172-31-16-115,olap,benchANT
2026-06-04 07:58:20+00:00,system,uptime,72314,dbms,tpc-ds,postgresql-100gb-load,1,ip-172-31-16-115,olap,benchANT
2026-06-04 07:58:30+00:00,system,uptime,72324,dbms,tpc-ds,postgresql-100gb-load,1,ip-172-31-16-115,olap,benchANT
2026-06-04 07:58:40+00:00,system,uptime,72334,dbms,tpc-ds,postgresql-100gb-load,1,ip-172-31-16-115,olap,benchANT
2026-06-04 07:58:50+00:00,system,uptime,72344,dbms,tpc-ds,postgresql-100gb-load,1,ip-172-31-16-115,olap,benchANT
2026-06-04 07:59:00+00:00,system,uptime,72354,dbms,tpc-ds,postgresql-100gb-load,1,ip-172-31-16-115,olap,benchANT
2026-06-04 07:59:10+00:00,system,uptime,72364,dbms,tpc-ds,postgresql-100gb-load,1,ip-172-31-16-115,olap,benchANT
2026-06-04 07:59:20+00:00,system,uptime,72374,dbms,tpc-ds,postgresql-100gb-load,1,ip-172-31-16-115,olap,benchANT
2026-06-04 07:59:30+00:00,system,uptime,72384,dbms,tpc-ds,postgresql-100gb-load,1,ip-172-31-16-115,olap,benchANT
2026-06-04 07:59:40+00:00,system,uptime,72394,dbms,tpc-ds,postgresql-100gb-load,1,ip-172-31-16-115,olap,benchANT
2026-06-04 07:59:50+00:00,system,uptime,72404,dbms,tpc-ds,postgresql-100gb-load,1,ip-172-31-16-115,olap,benchANT
2026-06-04 08:00:00+00:00,system,uptime,72414,dbms,tpc-ds,postgresql-100gb-load,1,ip-172-31-16-115,olap,benchANT
2026-06-04 08:00:10+00:00,system,uptime,72424,dbms,tpc-ds,postgresql-100gb-load,1,ip-172-31-16-115,olap,benchANT
2026-06-04 08:00:20+00:00,system,uptime,72434,dbms,tpc-ds,postgresql-100gb-load,1,ip-172-31-16-115,olap,benchANT
2026-06-04 08:00:30+00:00,system,uptime,72444,dbms,tpc-ds,postgresql-100gb-load,1,ip-172-31-16-115,olap,benchANT
2026-06-04 08:00:40+00:00,system,uptime,72454,dbms,tpc-ds,postgresql-100gb-load,1,ip-172-31-16-115,olap,benchANT
2026-06-04 08:00:50+00:00,system,uptime,72464,dbms,tpc-ds,postgresql-100gb-load,1,ip-172-31-16-115,olap,benchANT
2026-06-04 08:01:00+00:00,system,uptime,72474,dbms,tpc-ds,postgresql-100gb-load,1,ip-172-31-16-115,olap,benchANT
2026-06-04 08:01:10+00:00,system,uptime,72484,dbms,tpc-ds,postgresql-100gb-load,1,ip-172-31-16-115,olap,benchANT
2026-06-04 08:01:20+00:00,system,uptime,72494,dbms,tpc-ds,postgresql-100gb-load,1,ip-172-31-16-115,olap,benchANT
2026-06-04 08:01:30+00:00,system,uptime,72504,dbms,tpc-ds,postgresql-100gb-load,1,ip-172-31-16-115,olap,benchANT
2026-06-04 08:01:40+00:00,system,uptime,72514,dbms,tpc-ds,postgresql-100gb-load,1,ip-172-31-16-115,olap,benchANT
2026-06-04 08:01:50+00:00,system,uptime,72524,dbms,tpc-ds,postgresql-100gb-load,1,ip-172-31-16-115,olap,benchANT
2026-06-04 08:02:00+00:00,system,uptime,72534,dbms,tpc-ds,postgresql-100gb-load,1,ip-172-31-16-115,olap,benchANT
2026-06-04 08:02:10+00:00,system,uptime,72544,dbms,tpc-ds,postgresql-100gb-load,1,ip-172-31-16-115,olap,benchANT
2026-06-04 08:02:20+00:00,system,uptime,72554,dbms,tpc-ds,postgresql-100gb-load,1,ip-172-31-16-115,olap,benchANT
2026-06-04 08:02:30+00:00,system,uptime,72564,dbms,tpc-ds,postgresql-100gb-load,1,ip-172-31-16-115,olap,benchANT
2026-06-04 08:02:40+00:00,system,uptime,72574,dbms,tpc-ds,postgresql-100gb-load,1,ip-172-31-16-115,olap,benchANT
2026-06-04 08:02:50+00:00,system,uptime,72584,dbms,tpc-ds,postgresql-100gb-load,1,ip-172-31-16-115,olap,benchANT
2026-06-04 08:03:00+00:00,system,uptime,72594,dbms,tpc-ds,postgresql-100gb-load,1,ip-172-31-16-115,olap,benchANT
2026-06-04 08:03:10+00:00,system,uptime,72604,dbms,tpc-ds,postgresql-100gb-load,1,ip-172-31-16-115,olap,benchANT
2026-06-04 08:03:20+00:00,system,uptime,72614,dbms,tpc-ds,postgresql-100gb-load,1,ip-172-31-16-115,olap,benchANT
2026-06-04 08:03:30+00:00,system,uptime,72624,dbms,tpc-ds,postgresql-100gb-load,1,ip-172-31-16-115,olap,benchANT
2026-06-04 08:03:40+00:00,system,uptime,72634,dbms,tpc-ds,postgresql-100gb-load,1,ip-172-31-16-115,olap,benchANT
2026-06-04 08:03:50+00:00,system,uptime,72644,dbms,tpc-ds,postgresql-100gb-load,1,ip-172-31-16-115,olap,benchANT
2026-06-04 08:04:00+00:00,system,uptime,72654,dbms,tpc-ds,postgresql-100gb-load,1,ip-172-31-16-115,olap,benchANT
2026-06-04 08:04:10+00:00,system,uptime,72664,dbms,tpc-ds,postgresql-100gb-load,1,ip-172-31-16-115,olap,benchANT
2026-06-04 08:04:20+00:00,system,uptime,72674,dbms,tpc-ds,postgresql-100gb-load,1,ip-172-31-16-115,olap,benchANT
2026-06-04 08:04:30+00:00,system,uptime,72684,dbms,tpc-ds,postgresql-100gb-load,1,ip-172-31-16-115,olap,benchANT
2026-06-04 08:04:40+00:00,system,uptime,72694,dbms,tpc-ds,postgresql-100gb-load,1,ip-172-31-16-115,olap,benchANT
2026-06-04 08:04:50+00:00,system,uptime,72704,dbms,tpc-ds,postgresql-100gb-load,1,ip-172-31-16-115,olap,benchANT
2026-06-04 08:05:00+00:00,system,uptime,72714,dbms,tpc-ds,postgresql-100gb-load,1,ip-172-31-16-115,olap,benchANT
2026-06-04 08:05:10+00:00,system,uptime,72724,dbms,tpc-ds,postgresql-100gb-load,1,ip-172-31-16-115,olap,benchANT
2026-06-04 08:05:20+00:00,system,uptime,72734,dbms,tpc-ds,postgresql-100gb-load,1,ip-172-31-16-115,olap,benchANT
2026-06-04 08:05:30+00:00,system,uptime,72744,dbms,tpc-ds,postgresql-100gb-load,1,ip-172-31-16-115,olap,benchANT
2026-06-04 08:05:40+00:00,system,uptime,72754,dbms,tpc-ds,postgresql-100gb-load,1,ip-172-31-16-115,olap,benchANT
2026-06-04 08:05:50+00:00,system,uptime,72764,dbms,tpc-ds,postgresql-100gb-load,1,ip-172-31-16-115,olap,benchANT
2026-06-04 08:06:00+00:00,system,uptime,72774,dbms,tpc-ds,postgresql-100gb-load,1,ip-172-31-16-115,olap,benchANT
2026-06-04 08:06:10+00:00,system,uptime,72784,dbms,tpc-ds,postgresql-100gb-load,1,ip-172-31-16-115,olap,benchANT
2026-06-04 08:06:20+00:00,system,uptime,72794,dbms,tpc-ds,postgresql-100gb-load,1,ip-172-31-16-115,olap,benchANT
2026-06-04 08:06:30+00:00,system,uptime,72804,dbms,tpc-ds,postgresql-100gb-load,1,ip-172-31-16-115,olap,benchANT
2026-06-04 08:06:40+00:00,system,uptime,72814,dbms,tpc-ds,postgresql-100gb-load,1,ip-172-31-16-115,olap,benchANT
2026-06-04 08:06:50+00:00,system,uptime,72824,dbms,tpc-ds,postgresql-100gb-load,1,ip-172-31-16-115,olap,benchANT
2026-06-04 08:07:00+00:00,system,uptime,72834,dbms,tpc-ds,postgresql-100gb-load,1,ip-172-31-16-115,olap,benchANT
2026-06-04 08:07:10+00:00,system,uptime,72844,dbms,tpc-ds,postgresql-100gb-load,1,ip-172-31-16-115,olap,benchANT
2026-06-04 08:07:20+00:00,system,uptime,72854,dbms,tpc-ds,postgresql-100gb-load,1,ip-172-31-16-115,olap,benchANT
2026-06-04 08:07:30+00:00,system,uptime,72864,dbms,tpc-ds,postgresql-100gb-load,1,ip-172-31-16-115,olap,benchANT
2026-06-04 08:07:40+00:00,system,uptime,72874,dbms,tpc-ds,postgresql-100gb-load,1,ip-172-31-16-115,olap,benchANT
2026-06-04 08:07:50+00:00,system,uptime,72884,dbms,tpc-ds,postgresql-100gb-load,1,ip-172-31-16-115,olap,benchANT
2026-06-04 08:08:00+00:00,system,uptime,72894,dbms,tpc-ds,postgresql-100gb-load,1,ip-172-31-16-115,olap,benchANT
2026-06-04 08:08:10+00:00,system,uptime,72904,dbms,tpc-ds,postgresql-100gb-load,1,ip-172-31-16-115,olap,benchANT
2026-06-04 08:08:20+00:00,system,uptime,72914,dbms,tpc-ds,postgresql-100gb-load,1,ip-172-31-16-115,olap,benchANT
2026-06-04 08:08:30+00:00,system,uptime,72924,dbms,tpc-ds,postgresql-100gb-load,1,ip-172-31-16-115,olap,benchANT
2026-06-04 08:08:40+00:00,system,uptime,72934,dbms,tpc-ds,postgresql-100gb-load,1,ip-172-31-16-115,olap,benchANT
2026-06-04 08:08:50+00:00,system,uptime,72944,dbms,tpc-ds,postgresql-100gb-load,1,ip-172-31-16-115,olap,benchANT
2026-06-04 08:09:00+00:00,system,uptime,72954,dbms,tpc-ds,postgresql-100gb-load,1,ip-172-31-16-115,olap,benchANT
2026-06-04 08:09:10+00:00,system,uptime,72964,dbms,tpc-ds,postgresql-100gb-load,1,ip-172-31-16-115,olap,benchANT
2026-06-04 08:09:20+00:00,system,uptime,72974,dbms,tpc-ds,postgresql-100gb-load,1,ip-172-31-16-115,olap,benchANT
2026-06-04 08:09:30+00:00,system,uptime,72984,dbms,tpc-ds,postgresql-100gb-load,1,ip-172-31-16-115,olap,benchANT
2026-06-04 08:09:40+00:00,system,uptime,72994,dbms,tpc-ds,postgresql-100gb-load,1,ip-172-31-16-115,olap,benchANT
2026-06-04 08:09:50+00:00,system,uptime,73004,dbms,tpc-ds,postgresql-100gb-load,1,ip-172-31-16-115,olap,benchANT
2026-06-04 08:10:00+00:00,system,uptime,73014,dbms,tpc-ds,postgresql-100gb-load,1,ip-172-31-16-115,olap,benchANT
2026-06-04 08:10:10+00:00,system,uptime,73024,dbms,tpc-ds,postgresql-100gb-load,1,ip-172-31-16-115,olap,benchANT
2026-06-04 08:10:20+00:00,system,uptime,73034,dbms,tpc-ds,postgresql-100gb-load,1,ip-172-31-16-115,olap,benchANT
2026-06-04 08:10:30+00:00,system,uptime,73044,dbms,tpc-ds,postgresql-100gb-load,1,ip-172-31-16-115,olap,benchANT
2026-06-04 08:10:40+00:00,system,uptime,73054,dbms,tpc-ds,postgresql-100gb-load,1,ip-172-31-16-115,olap,benchANT
2026-06-04 08:10:50+00:00,system,uptime,73064,dbms,tpc-ds,postgresql-100gb-load,1,ip-172-31-16-115,olap,benchANT
2026-06-04 08:11:00+00:00,system,uptime,73074,dbms,tpc-ds,postgresql-100gb-load,1,ip-172-31-16-115,olap,benchANT
2026-06-04 08:11:10+00:00,system,uptime,73084,dbms,tpc-ds,postgresql-100gb-load,1,ip-172-31-16-115,olap,benchANT
2026-06-04 08:11:20+00:00,system,uptime,73094,dbms,tpc-ds,postgresql-100gb-load,1,ip-172-31-16-115,olap,benchANT
2026-06-04 08:11:30+00:00,system,uptime,73104,dbms,tpc-ds,postgresql-100gb-load,1,ip-172-31-16-115,olap,benchANT
2026-06-04 08:11:40+00:00,system,uptime,73114,dbms,tpc-ds,postgresql-100gb-load,1,ip-172-31-16-115,olap,benchANT
2026-06-04 08:11:50+00:00,system,uptime,73124,dbms,tpc-ds,postgresql-100gb-load,1,ip-172-31-16-115,olap,benchANT
2026-06-04 08:12:00+00:00,system,uptime,73134,dbms,tpc-ds,postgresql-100gb-load,1,ip-172-31-16-115,olap,benchANT
2026-06-04 08:12:10+00:00,system,uptime,73144,dbms,tpc-ds,postgresql-100gb-load,1,ip-172-31-16-115,olap,benchANT
2026-06-04 08:12:20+00:00,system,uptime,73154,dbms,tpc-ds,postgresql-100gb-load,1,ip-172-31-16-115,olap,benchANT
2026-06-04 08:12:30+00:00,system,uptime,73164,dbms,tpc-ds,postgresql-100gb-load,1,ip-172-31-16-115,olap,benchANT
2026-06-04 08:12:40+00:00,system,uptime,73174,dbms,tpc-ds,postgresql-100gb-load,1,ip-172-31-16-115,olap,benchANT
2026-06-04 08:12:50+00:00,system,uptime,73184,dbms,tpc-ds,postgresql-100gb-load,1,ip-172-31-16-115,olap,benchANT
2026-06-04 08:13:00+00:00,system,uptime,73194,dbms,tpc-ds,postgresql-100gb-load,1,ip-172-31-16-115,olap,benchANT
2026-06-04 08:13:10+00:00,system,uptime,73204,dbms,tpc-ds,postgresql-100gb-load,1,ip-172-31-16-115,olap,benchANT
2026-06-04 08:13:20+00:00,system,uptime,73214,dbms,tpc-ds,postgresql-100gb-load,1,ip-172-31-16-115,olap,benchANT
2026-06-04 08:13:30+00:00,system,uptime,73224,dbms,tpc-ds,postgresql-100gb-load,1,ip-172-31-16-115,olap,benchANT
2026-06-04 08:13:40+00:00,system,uptime,73234,dbms,tpc-ds,postgresql-100gb-load,1,ip-172-31-16-115,olap,benchANT
2026-06-04 08:13:50+00:00,system,uptime,73244,dbms,tpc-ds,postgresql-100gb-load,1,ip-172-31-16-115,olap,benchANT
2026-06-04 08:14:00+00:00,system,uptime,73254,dbms,tpc-ds,postgresql-100gb-load,1,ip-172-31-16-115,olap,benchANT
2026-06-04 08:14:10+00:00,system,uptime,73264,dbms,tpc-ds,postgresql-100gb-load,1,ip-172-31-16-115,olap,benchANT
2026-06-04 08:14:20+00:00,system,uptime,73274,dbms,tpc-ds,postgresql-100gb-load,1,ip-172-31-16-115,olap,benchANT
2026-06-04 08:14:30+00:00,system,uptime,73284,dbms,tpc-ds,postgresql-100gb-load,1,ip-172-31-16-115,olap,benchANT
2026-06-04 08:14:40+00:00,system,uptime,73294,dbms,tpc-ds,postgresql-100gb-load,1,ip-172-31-16-115,olap,benchANT
2026-06-04 08:14:50+00:00,system,uptime,73304,dbms,tpc-ds,postgresql-100gb-load,1,ip-172-31-16-115,olap,benchANT
2026-06-04 08:15:00+00:00,system,uptime,73314,dbms,tpc-ds,postgresql-100gb-load,1,ip-172-31-16-115,olap,benchANT
2026-06-04 08:15:10+00:00,system,uptime,73324,dbms,tpc-ds,postgresql-100gb-load,1,ip-172-31-16-115,olap,benchANT
2026-06-04 08:15:20+00:00,system,uptime,73334,dbms,tpc-ds,postgresql-100gb-load,1,ip-172-31-16-115,olap,benchANT
2026-06-04 08:15:30+00:00,system,uptime,73344,dbms,tpc-ds,postgresql-100gb-load,1,ip-172-31-16-115,olap,benchANT
2026-06-04 08:15:40+00:00,system,uptime,73354,dbms,tpc-ds,postgresql-100gb-load,1,ip-172-31-16-115,olap,benchANT
2026-06-04 08:15:50+00:00,system,uptime,73364,dbms,tpc-ds,postgresql-100gb-load,1,ip-172-31-16-115,olap,benchANT
2026-06-04 08:16:00+00:00,system,uptime,73374,dbms,tpc-ds,postgresql-100gb-load,1,ip-172-31-16-115,olap,benchANT
2026-06-04 08:16:10+00:00,system,uptime,73384,dbms,tpc-ds,postgresql-100gb-load,1,ip-172-31-16-115,olap,benchANT
2026-06-04 08:16:20+00:00,system,uptime,73394,dbms,tpc-ds,postgresql-100gb-load,1,ip-172-31-16-115,olap,benchANT
2026-06-04 08:16:30+00:00,system,uptime,73404,dbms,tpc-ds,postgresql-100gb-load,1,ip-172-31-16-115,olap,benchANT
2026-06-04 08:16:40+00:00,system,uptime,73414,dbms,tpc-ds,postgresql-100gb-load,1,ip-172-31-16-115,olap,benchANT
2026-06-04 08:16:50+00:00,system,uptime,73424,dbms,tpc-ds,postgresql-100gb-load,1,ip-172-31-16-115,olap,benchANT
2026-06-04 08:17:00+00:00,system,uptime,73434,dbms,tpc-ds,postgresql-100gb-load,1,ip-172-31-16-115,olap,benchANT
2026-06-04 08:17:10+00:00,system,uptime,73444,dbms,tpc-ds,postgresql-100gb-load,1,ip-172-31-16-115,olap,benchANT
2026-06-04 08:17:20+00:00,system,uptime,73454,dbms,tpc-ds,postgresql-100gb-load,1,ip-172-31-16-115,olap,benchANT
2026-06-04 08:17:30+00:00,system,uptime,73464,dbms,tpc-ds,postgresql-100gb-load,1,ip-172-31-16-115,olap,benchANT
2026-06-04 08:17:40+00:00,system,uptime,73474,dbms,tpc-ds,postgresql-100gb-load,1,ip-172-31-16-115,olap,benchANT
2026-06-04 08:17:50+00:00,system,uptime,73484,dbms,tpc-ds,postgresql-100gb-load,1,ip-172-31-16-115,olap,benchANT
2026-06-04 08:18:00+00:00,system,uptime,73494,dbms,tpc-ds,postgresql-100gb-load,1,ip-172-31-16-115,olap,benchANT
2026-06-04 08:18:10+00:00,system,uptime,73504,dbms,tpc-ds,postgresql-100gb-load,1,ip-172-31-16-115,olap,benchANT
2026-06-04 08:18:20+00:00,system,uptime,73514,dbms,tpc-ds,postgresql-100gb-load,1,ip-172-31-16-115,olap,benchANT
2026-06-04 08:18:30+00:00,system,uptime,73524,dbms,tpc-ds,postgresql-100gb-load,1,ip-172-31-16-115,olap,benchANT
2026-06-04 08:18:40+00:00,system,uptime,73534,dbms,tpc-ds,postgresql-100gb-load,1,ip-172-31-16-115,olap,benchANT
2026-06-04 08:18:50+00:00,system,uptime,73544,dbms,tpc-ds,postgresql-100gb-load,1,ip-172-31-16-115,olap,benchANT
2026-06-04 08:19:00+00:00,system,uptime,73554,dbms,tpc-ds,postgresql-100gb-load,1,ip-172-31-16-115,olap,benchANT
2026-06-04 08:19:10+00:00,system,uptime,73564,dbms,tpc-ds,postgresql-100gb-load,1,ip-172-31-16-115,olap,benchANT
2026-06-04 08:19:20+00:00,system,uptime,73574,dbms,tpc-ds,postgresql-100gb-load,1,ip-172-31-16-115,olap,benchANT
2026-06-04 08:19:30+00:00,system,uptime,73584,dbms,tpc-ds,postgresql-100gb-load,1,ip-172-31-16-115,olap,benchANT
2026-06-04 08:19:40+00:00,system,uptime,73594,dbms,tpc-ds,postgresql-100gb-load,1,ip-172-31-16-115,olap,benchANT
2026-06-04 08:19:50+00:00,system,uptime,73604,dbms,tpc-ds,postgresql-100gb-load,1,ip-172-31-16-115,olap,benchANT
2026-06-04 08:20:00+00:00,system,uptime,73614,dbms,tpc-ds,postgresql-100gb-load,1,ip-172-31-16-115,olap,benchANT
2026-06-04 08:20:10+00:00,system,uptime,73624,dbms,tpc-ds,postgresql-100gb-load,1,ip-172-31-16-115,olap,benchANT
2026-06-04 08:20:20+00:00,system,uptime,73634,dbms,tpc-ds,postgresql-100gb-load,1,ip-172-31-16-115,olap,benchANT
2026-06-04 08:20:30+00:00,system,uptime,73644,dbms,tpc-ds,postgresql-100gb-load,1,ip-172-31-16-115,olap,benchANT
2026-06-04 08:20:40+00:00,system,uptime,73654,dbms,tpc-ds,postgresql-100gb-load,1,ip-172-31-16-115,olap,benchANT
2026-06-04 08:20:50+00:00,system,uptime,73664,dbms,tpc-ds,postgresql-100gb-load,1,ip-172-31-16-115,olap,benchANT
2026-06-04 08:21:00+00:00,system,uptime,73674,dbms,tpc-ds,postgresql-100gb-load,1,ip-172-31-16-115,olap,benchANT
2026-06-04 08:21:10+00:00,system,uptime,73684,dbms,tpc-ds,postgresql-100gb-load,1,ip-172-31-16-115,olap,benchANT
2026-06-04 08:21:20+00:00,system,uptime,73694,dbms,tpc-ds,postgresql-100gb-load,1,ip-172-31-16-115,olap,benchANT
2026-06-04 08:21:30+00:00,system,uptime,73704,dbms,tpc-ds,postgresql-100gb-load,1,ip-172-31-16-115,olap,benchANT
2026-06-04 08:21:40+00:00,system,uptime,73714,dbms,tpc-ds,postgresql-100gb-load,1,ip-172-31-16-115,olap,benchANT
2026-06-04 08:21:50+00:00,system,uptime,73724,dbms,tpc-ds,postgresql-100gb-load,1,ip-172-31-16-115,olap,benchANT
2026-06-04 08:22:00+00:00,system,uptime,73734,dbms,tpc-ds,postgresql-100gb-load,1,ip-172-31-16-115,olap,benchANT
2026-06-04 08:22:10+00:00,system,uptime,73744,dbms,tpc-ds,postgresql-100gb-load,1,ip-172-31-16-115,olap,benchANT
2026-06-04 08:22:20+00:00,system,uptime,73754,dbms,tpc-ds,postgresql-100gb-load,1,ip-172-31-16-115,olap,benchANT
2026-06-04 08:22:30+00:00,system,uptime,73764,dbms,tpc-ds,postgresql-100gb-load,1,ip-172-31-16-115,olap,benchANT
2026-06-04 08:22:40+00:00,system,uptime,73774,dbms,tpc-ds,postgresql-100gb-load,1,ip-172-31-16-115,olap,benchANT
2026-06-04 08:22:50+00:00,system,uptime,73784,dbms,tpc-ds,postgresql-100gb-load,1,ip-172-31-16-115,olap,benchANT
2026-06-04 08:23:00+00:00,system,uptime,73794,dbms,tpc-ds,postgresql-100gb-load,1,ip-172-31-16-115,olap,benchANT
2026-06-04 08:23:10+00:00,system,uptime,73804,dbms,tpc-ds,postgresql-100gb-load,1,ip-172-31-16-115,olap,benchANT
2026-06-04 08:23:20+00:00,system,uptime,73814,dbms,tpc-ds,postgresql-100gb-load,1,ip-172-31-16-115,olap,benchANT
2026-06-04 08:23:30+00:00,system,uptime,73824,dbms,tpc-ds,postgresql-100gb-load,1,ip-172-31-16-115,olap,benchANT
2026-06-04 08:23:40+00:00,system,uptime,73834,dbms,tpc-ds,postgresql-100gb-load,1,ip-172-31-16-115,olap,benchANT
2026-06-04 08:23:50+00:00,system,uptime,73844,dbms,tpc-ds,postgresql-100gb-load,1,ip-172-31-16-115,olap,benchANT
2026-06-04 08:24:00+00:00,system,uptime,73854,dbms,tpc-ds,postgresql-100gb-load,1,ip-172-31-16-115,olap,benchANT
2026-06-04 08:24:10+00:00,system,uptime,73864,dbms,tpc-ds,postgresql-100gb-load,1,ip-172-31-16-115,olap,benchANT
2026-06-04 08:24:20+00:00,system,uptime,73874,dbms,tpc-ds,postgresql-100gb-load,1,ip-172-31-16-115,olap,benchANT
2026-06-04 08:24:30+00:00,system,uptime,73884,dbms,tpc-ds,postgresql-100gb-load,1,ip-172-31-16-115,olap,benchANT
2026-06-04 08:24:40+00:00,system,uptime,73894,dbms,tpc-ds,postgresql-100gb-load,1,ip-172-31-16-115,olap,benchANT
2026-06-04 08:24:50+00:00,system,uptime,73904,dbms,tpc-ds,postgresql-100gb-load,1,ip-172-31-16-115,olap,benchANT
2026-06-04 08:25:00+00:00,system,uptime,73914,dbms,tpc-ds,postgresql-100gb-load,1,ip-172-31-16-115,olap,benchANT
2026-06-04 08:25:10+00:00,system,uptime,73924,dbms,tpc-ds,postgresql-100gb-load,1,ip-172-31-16-115,olap,benchANT
2026-06-04 08:25:20+00:00,system,uptime,73934,dbms,tpc-ds,postgresql-100gb-load,1,ip-172-31-16-115,olap,benchANT
2026-06-04 08:25:30+00:00,system,uptime,73944,dbms,tpc-ds,postgresql-100gb-load,1,ip-172-31-16-115,olap,benchANT
2026-06-04 08:25:40+00:00,system,uptime,73954,dbms,tpc-ds,postgresql-100gb-load,1,ip-172-31-16-115,olap,benchANT
2026-06-04 08:25:50+00:00,system,uptime,73964,dbms,tpc-ds,postgresql-100gb-load,1,ip-172-31-16-115,olap,benchANT
2026-06-04 08:26:00+00:00,system,uptime,73974,dbms,tpc-ds,postgresql-100gb-load,1,ip-172-31-16-115,olap,benchANT
2026-06-04 08:26:10+00:00,system,uptime,73984,dbms,tpc-ds,postgresql-100gb-load,1,ip-172-31-16-115,olap,benchANT
2026-06-04 08:26:20+00:00,system,uptime,73994,dbms,tpc-ds,postgresql-100gb-load,1,ip-172-31-16-115,olap,benchANT
2026-06-04 08:26:30+00:00,system,uptime,74004,dbms,tpc-ds,postgresql-100gb-load,1,ip-172-31-16-115,olap,benchANT
2026-06-04 08:26:40+00:00,system,uptime,74014,dbms,tpc-ds,postgresql-100gb-load,1,ip-172-31-16-115,olap,benchANT
2026-06-04 08:26:50+00:00,system,uptime,74024,dbms,tpc-ds,postgresql-100gb-load,1,ip-172-31-16-115,olap,benchANT
2026-06-04 08:27:00+00:00,system,uptime,74034,dbms,tpc-ds,postgresql-100gb-load,1,ip-172-31-16-115,olap,benchANT
2026-06-04 08:27:10+00:00,system,uptime,74044,dbms,tpc-ds,postgresql-100gb-load,1,ip-172-31-16-115,olap,benchANT
2026-06-04 08:27:20+00:00,system,uptime,74054,dbms,tpc-ds,postgresql-100gb-load,1,ip-172-31-16-115,olap,benchANT
2026-06-04 08:27:30+00:00,system,uptime,74064,dbms,tpc-ds,postgresql-100gb-load,1,ip-172-31-16-115,olap,benchANT
2026-06-04 08:27:40+00:00,system,uptime,74074,dbms,tpc-ds,postgresql-100gb-load,1,ip-172-31-16-115,olap,benchANT
2026-06-04 08:27:50+00:00,system,uptime,74084,dbms,tpc-ds,postgresql-100gb-load,1,ip-172-31-16-115,olap,benchANT
2026-06-04 08:28:00+00:00,system,uptime,74094,dbms,tpc-ds,postgresql-100gb-load,1,ip-172-31-16-115,olap,benchANT
2026-06-04 08:28:10+00:00,system,uptime,74104,dbms,tpc-ds,postgresql-100gb-load,1,ip-172-31-16-115,olap,benchANT
2026-06-04 08:28:20+00:00,system,uptime,74114,dbms,tpc-ds,postgresql-100gb-load,1,ip-172-31-16-115,olap,benchANT
2026-06-04 08:28:30+00:00,system,uptime,74124,dbms,tpc-ds,postgresql-100gb-load,1,ip-172-31-16-115,olap,benchANT
2026-06-04 08:28:40+00:00,system,uptime,74134,dbms,tpc-ds,postgresql-100gb-load,1,ip-172-31-16-115,olap,benchANT
2026-06-04 08:28:50+00:00,system,uptime,74144,dbms,tpc-ds,postgresql-100gb-load,1,ip-172-31-16-115,olap,benchANT
2026-06-04 08:29:00+00:00,system,uptime,74154,dbms,tpc-ds,postgresql-100gb-load,1,ip-172-31-16-115,olap,benchANT
2026-06-04 08:29:10+00:00,system,uptime,74164,dbms,tpc-ds,postgresql-100gb-load,1,ip-172-31-16-115,olap,benchANT
2026-06-04 08:29:20+00:00,system,uptime,74174,dbms,tpc-ds,postgresql-100gb-load,1,ip-172-31-16-115,olap,benchANT
2026-06-04 08:29:30+00:00,system,uptime,74184,dbms,tpc-ds,postgresql-100gb-load,1,ip-172-31-16-115,olap,benchANT
2026-06-04 08:29:40+00:00,system,uptime,74194,dbms,tpc-ds,postgresql-100gb-load,1,ip-172-31-16-115,olap,benchANT
2026-06-04 08:29:50+00:00,system,uptime,74204,dbms,tpc-ds,postgresql-100gb-load,1,ip-172-31-16-115,olap,benchANT
2026-06-04 08:30:00+00:00,system,uptime,74214,dbms,tpc-ds,postgresql-100gb-load,1,ip-172-31-16-115,olap,benchANT
2026-06-04 08:30:10+00:00,system,uptime,74224,dbms,tpc-ds,postgresql-100gb-load,1,ip-172-31-16-115,olap,benchANT
2026-06-04 08:30:20+00:00,system,uptime,74234,dbms,tpc-ds,postgresql-100gb-load,1,ip-172-31-16-115,olap,benchANT
2026-06-04 08:30:30+00:00,system,uptime,74244,dbms,tpc-ds,postgresql-100gb-load,1,ip-172-31-16-115,olap,benchANT
2026-06-04 08:30:40+00:00,system,uptime,74254,dbms,tpc-ds,postgresql-100gb-load,1,ip-172-31-16-115,olap,benchANT
2026-06-04 08:30:50+00:00,system,uptime,74264,dbms,tpc-ds,postgresql-100gb-load,1,ip-172-31-16-115,olap,benchANT
2026-06-04 08:31:00+00:00,system,uptime,74274,dbms,tpc-ds,postgresql-100gb-load,1,ip-172-31-16-115,olap,benchANT
2026-06-04 08:31:10+00:00,system,uptime,74284,dbms,tpc-ds,postgresql-100gb-load,1,ip-172-31-16-115,olap,benchANT
2026-06-04 08:31:20+00:00,system,uptime,74294,dbms,tpc-ds,postgresql-100gb-load,1,ip-172-31-16-115,olap,benchANT
2026-06-04 08:31:30+00:00,system,uptime,74304,dbms,tpc-ds,postgresql-100gb-load,1,ip-172-31-16-115,olap,benchANT
2026-06-04 08:31:40+00:00,system,uptime,74314,dbms,tpc-ds,postgresql-100gb-load,1,ip-172-31-16-115,olap,benchANT
2026-06-04 08:31:50+00:00,system,uptime,74324,dbms,tpc-ds,postgresql-100gb-load,1,ip-172-31-16-115,olap,benchANT
2026-06-04 08:32:00+00:00,system,uptime,74334,dbms,tpc-ds,postgresql-100gb-load,1,ip-172-31-16-115,olap,benchANT
2026-06-04 08:32:10+00:00,system,uptime,74344,dbms,tpc-ds,postgresql-100gb-load,1,ip-172-31-16-115,olap,benchANT
2026-06-04 08:32:20+00:00,system,uptime,74354,dbms,tpc-ds,postgresql-100gb-load,1,ip-172-31-16-115,olap,benchANT
2026-06-04 08:32:30+00:00,system,uptime,74364,dbms,tpc-ds,postgresql-100gb-load,1,ip-172-31-16-115,olap,benchANT
2026-06-04 08:32:40+00:00,system,uptime,74374,dbms,tpc-ds,postgresql-100gb-load,1,ip-172-31-16-115,olap,benchANT
2026-06-04 08:32:50+00:00,system,uptime,74384,dbms,tpc-ds,postgresql-100gb-load,1,ip-172-31-16-115,olap,benchANT
2026-06-04 08:33:00+00:00,system,uptime,74394,dbms,tpc-ds,postgresql-100gb-load,1,ip-172-31-16-115,olap,benchANT
2026-06-04 08:33:10+00:00,system,uptime,74404,dbms,tpc-ds,postgresql-100gb-load,1,ip-172-31-16-115,olap,benchANT
2026-06-04 08:33:20+00:00,system,uptime,74414,dbms,tpc-ds,postgresql-100gb-load,1,ip-172-31-16-115,olap,benchANT
2026-06-04 08:33:30+00:00,system,uptime,74424,dbms,tpc-ds,postgresql-100gb-load,1,ip-172-31-16-115,olap,benchANT
2026-06-04 08:33:40+00:00,system,uptime,74434,dbms,tpc-ds,postgresql-100gb-load,1,ip-172-31-16-115,olap,benchANT
2026-06-04 08:33:50+00:00,system,uptime,74444,dbms,tpc-ds,postgresql-100gb-load,1,ip-172-31-16-115,olap,benchANT
2026-06-04 08:34:00+00:00,system,uptime,74454,dbms,tpc-ds,postgresql-100gb-load,1,ip-172-31-16-115,olap,benchANT
2026-06-04 08:34:10+00:00,system,uptime,74464,dbms,tpc-ds,postgresql-100gb-load,1,ip-172-31-16-115,olap,benchANT
2026-06-04 08:34:20+00:00,system,uptime,74474,dbms,tpc-ds,postgresql-100gb-load,1,ip-172-31-16-115,olap,benchANT
2026-06-04 08:34:30+00:00,system,uptime,74484,dbms,tpc-ds,postgresql-100gb-load,1,ip-172-31-16-115,olap,benchANT
2026-06-04 08:34:40+00:00,system,uptime,74494,dbms,tpc-ds,postgresql-100gb-load,1,ip-172-31-16-115,olap,benchANT
2026-06-04 08:34:50+00:00,system,uptime,74504,dbms,tpc-ds,postgresql-100gb-load,1,ip-172-31-16-115,olap,benchANT
2026-06-04 08:35:00+00:00,system,uptime,74514,dbms,tpc-ds,postgresql-100gb-load,1,ip-172-31-16-115,olap,benchANT
2026-06-04 08:35:10+00:00,system,uptime,74524,dbms,tpc-ds,postgresql-100gb-load,1,ip-172-31-16-115,olap,benchANT
2026-06-04 08:35:20+00:00,system,uptime,74534,dbms,tpc-ds,postgresql-100gb-load,1,ip-172-31-16-115,olap,benchANT
2026-06-04 08:35:30+00:00,system,uptime,74544,dbms,tpc-ds,postgresql-100gb-load,1,ip-172-31-16-115,olap,benchANT
2026-06-04 08:35:40+00:00,system,uptime,74554,dbms,tpc-ds,postgresql-100gb-load,1,ip-172-31-16-115,olap,benchANT
2026-06-04 08:35:50+00:00,system,uptime,74564,dbms,tpc-ds,postgresql-100gb-load,1,ip-172-31-16-115,olap,benchANT
2026-06-04 08:36:00+00:00,system,uptime,74574,dbms,tpc-ds,postgresql-100gb-load,1,ip-172-31-16-115,olap,benchANT
2026-06-04 08:36:10+00:00,system,uptime,74584,dbms,tpc-ds,postgresql-100gb-load,1,ip-172-31-16-115,olap,benchANT
2026-06-04 08:36:20+00:00,system,uptime,74594,dbms,tpc-ds,postgresql-100gb-load,1,ip-172-31-16-115,olap,benchANT
2026-06-04 08:36:30+00:00,system,uptime,74604,dbms,tpc-ds,postgresql-100gb-load,1,ip-172-31-16-115,olap,benchANT
2026-06-04 08:36:40+00:00,system,uptime,74614,dbms,tpc-ds,postgresql-100gb-load,1,ip-172-31-16-115,olap,benchANT
2026-06-04 08:36:50+00:00,system,uptime,74624,dbms,tpc-ds,postgresql-100gb-load,1,ip-172-31-16-115,olap,benchANT
2026-06-04 08:37:00+00:00,system,uptime,74634,dbms,tpc-ds,postgresql-100gb-load,1,ip-172-31-16-115,olap,benchANT
2026-06-04 08:37:10+00:00,system,uptime,74644,dbms,tpc-ds,postgresql-100gb-load,1,ip-172-31-16-115,olap,benchANT
2026-06-04 08:37:20+00:00,system,uptime,74654,dbms,tpc-ds,postgresql-100gb-load,1,ip-172-31-16-115,olap,benchANT
2026-06-04 08:37:30+00:00,system,uptime,74664,dbms,tpc-ds,postgresql-100gb-load,1,ip-172-31-16-115,olap,benchANT
2026-06-04 08:37:40+00:00,system,uptime,74674,dbms,tpc-ds,postgresql-100gb-load,1,ip-172-31-16-115,olap,benchANT
2026-06-04 08:37:50+00:00,system,uptime,74684,dbms,tpc-ds,postgresql-100gb-load,1,ip-172-31-16-115,olap,benchANT
2026-06-04 08:38:00+00:00,system,uptime,74694,dbms,tpc-ds,postgresql-100gb-load,1,ip-172-31-16-115,olap,benchANT
2026-06-04 08:38:10+00:00,system,uptime,74704,dbms,tpc-ds,postgresql-100gb-load,1,ip-172-31-16-115,olap,benchANT
2026-06-04 08:38:20+00:00,system,uptime,74714,dbms,tpc-ds,postgresql-100gb-load,1,ip-172-31-16-115,olap,benchANT
2026-06-04 08:38:30+00:00,system,uptime,74724,dbms,tpc-ds,postgresql-100gb-load,1,ip-172-31-16-115,olap,benchANT
2026-06-04 08:38:40+00:00,system,uptime,74734,dbms,tpc-ds,postgresql-100gb-load,1,ip-172-31-16-115,olap,benchANT
2026-06-04 08:38:50+00:00,system,uptime,74744,dbms,tpc-ds,postgresql-100gb-load,1,ip-172-31-16-115,olap,benchANT
2026-06-04 08:39:00+00:00,system,uptime,74754,dbms,tpc-ds,postgresql-100gb-load,1,ip-172-31-16-115,olap,benchANT
2026-06-04 08:39:10+00:00,system,uptime,74764,dbms,tpc-ds,postgresql-100gb-load,1,ip-172-31-16-115,olap,benchANT
2026-06-04 08:39:20+00:00,system,uptime,74774,dbms,tpc-ds,postgresql-100gb-load,1,ip-172-31-16-115,olap,benchANT
2026-06-04 08:39:30+00:00,system,uptime,74784,dbms,tpc-ds,postgresql-100gb-load,1,ip-172-31-16-115,olap,benchANT
2026-06-04 08:39:40+00:00,system,uptime,74794,dbms,tpc-ds,postgresql-100gb-load,1,ip-172-31-16-115,olap,benchANT
2026-06-04 08:39:50+00:00,system,uptime,74804,dbms,tpc-ds,postgresql-100gb-load,1,ip-172-31-16-115,olap,benchANT
2026-06-04 08:40:00+00:00,system,uptime,74814,dbms,tpc-ds,postgresql-100gb-load,1,ip-172-31-16-115,olap,benchANT
2026-06-04 08:40:10+00:00,system,uptime,74824,dbms,tpc-ds,postgresql-100gb-load,1,ip-172-31-16-115,olap,benchANT
2026-06-04 08:40:20+00:00,system,uptime,74834,dbms,tpc-ds,postgresql-100gb-load,1,ip-172-31-16-115,olap,benchANT
2026-06-04 08:40:30+00:00,system,uptime,74844,dbms,tpc-ds,postgresql-100gb-load,1,ip-172-31-16-115,olap,benchANT
2026-06-04 08:40:40+00:00,system,uptime,74854,dbms,tpc-ds,postgresql-100gb-load,1,ip-172-31-16-115,olap,benchANT
2026-06-04 08:40:50+00:00,system,uptime,74864,dbms,tpc-ds,postgresql-100gb-load,1,ip-172-31-16-115,olap,benchANT
2026-06-04 08:41:00+00:00,system,uptime,74874,dbms,tpc-ds,postgresql-100gb-load,1,ip-172-31-16-115,olap,benchANT
2026-06-04 08:41:10+00:00,system,uptime,74884,dbms,tpc-ds,postgresql-100gb-load,1,ip-172-31-16-115,olap,benchANT
2026-06-04 08:41:20+00:00,system,uptime,74894,dbms,tpc-ds,postgresql-100gb-load,1,ip-172-31-16-115,olap,benchANT
2026-06-04 08:41:30+00:00,system,uptime,74904,dbms,tpc-ds,postgresql-100gb-load,1,ip-172-31-16-115,olap,benchANT
2026-06-04 08:41:40+00:00,system,uptime,74914,dbms,tpc-ds,postgresql-100gb-load,1,ip-172-31-16-115,olap,benchANT
2026-06-04 08:41:50+00:00,system,uptime,74924,dbms,tpc-ds,postgresql-100gb-load,1,ip-172-31-16-115,olap,benchANT
2026-06-04 08:42:00+00:00,system,uptime,74934,dbms,tpc-ds,postgresql-100gb-load,1,ip-172-31-16-115,olap,benchANT
2026-06-04 08:42:10+00:00,system,uptime,74944,dbms,tpc-ds,postgresql-100gb-load,1,ip-172-31-16-115,olap,benchANT
2026-06-04 08:42:20+00:00,system,uptime,74954,dbms,tpc-ds,postgresql-100gb-load,1,ip-172-31-16-115,olap,benchANT
2026-06-04 08:42:30+00:00,system,uptime,74964,dbms,tpc-ds,postgresql-100gb-load,1,ip-172-31-16-115,olap,benchANT
2026-06-04 08:42:40+00:00,system,uptime,74974,dbms,tpc-ds,postgresql-100gb-load,1,ip-172-31-16-115,olap,benchANT
2026-06-04 08:42:50+00:00,system,uptime,74984,dbms,tpc-ds,postgresql-100gb-load,1,ip-172-31-16-115,olap,benchANT
2026-06-04 08:43:00+00:00,system,uptime,74994,dbms,tpc-ds,postgresql-100gb-load,1,ip-172-31-16-115,olap,benchANT
2026-06-04 08:43:10+00:00,system,uptime,75004,dbms,tpc-ds,postgresql-100gb-load,1,ip-172-31-16-115,olap,benchANT
2026-06-04 08:43:20+00:00,system,uptime,75014,dbms,tpc-ds,postgresql-100gb-load,1,ip-172-31-16-115,olap,benchANT
2026-06-04 08:43:30+00:00,system,uptime,75024,dbms,tpc-ds,postgresql-100gb-load,1,ip-172-31-16-115,olap,benchANT
2026-06-04 08:43:40+00:00,system,uptime,75034,dbms,tpc-ds,postgresql-100gb-load,1,ip-172-31-16-115,olap,benchANT
2026-06-04 08:43:50+00:00,system,uptime,75044,dbms,tpc-ds,postgresql-100gb-load,1,ip-172-31-16-115,olap,benchANT
2026-06-04 08:44:00+00:00,system,uptime,75054,dbms,tpc-ds,postgresql-100gb-load,1,ip-172-31-16-115,olap,benchANT
2026-06-04 08:44:10+00:00,system,uptime,75064,dbms,tpc-ds,postgresql-100gb-load,1,ip-172-31-16-115,olap,benchANT
2026-06-04 08:44:20+00:00,system,uptime,75074,dbms,tpc-ds,postgresql-100gb-load,1,ip-172-31-16-115,olap,benchANT
2026-06-04 08:44:30+00:00,system,uptime,75084,dbms,tpc-ds,postgresql-100gb-load,1,ip-172-31-16-115,olap,benchANT
2026-06-04 08:44:40+00:00,system,uptime,75094,dbms,tpc-ds,postgresql-100gb-load,1,ip-172-31-16-115,olap,benchANT
2026-06-04 08:44:50+00:00,system,uptime,75104,dbms,tpc-ds,postgresql-100gb-load,1,ip-172-31-16-115,olap,benchANT
2026-06-04 08:45:00+00:00,system,uptime,75114,dbms,tpc-ds,postgresql-100gb-load,1,ip-172-31-16-115,olap,benchANT
2026-06-04 08:45:10+00:00,system,uptime,75124,dbms,tpc-ds,postgresql-100gb-load,1,ip-172-31-16-115,olap,benchANT
2026-06-04 08:45:20+00:00,system,uptime,75134,dbms,tpc-ds,postgresql-100gb-load,1,ip-172-31-16-115,olap,benchANT
2026-06-04 08:45:30+00:00,system,uptime,75144,dbms,tpc-ds,postgresql-100gb-load,1,ip-172-31-16-115,olap,benchANT
2026-06-04 08:45:40+00:00,system,uptime,75154,dbms,tpc-ds,postgresql-100gb-load,1,ip-172-31-16-115,olap,benchANT
2026-06-04 08:45:50+00:00,system,uptime,75164,dbms,tpc-ds,postgresql-100gb-load,1,ip-172-31-16-115,olap,benchANT
2026-06-04 08:46:00+00:00,system,uptime,75174,dbms,tpc-ds,postgresql-100gb-load,1,ip-172-31-16-115,olap,benchANT
2026-06-04 08:46:10+00:00,system,uptime,75184,dbms,tpc-ds,postgresql-100gb-load,1,ip-172-31-16-115,olap,benchANT
2026-06-04 08:46:20+00:00,system,uptime,75194,dbms,tpc-ds,postgresql-100gb-load,1,ip-172-31-16-115,olap,benchANT
2026-06-04 08:46:30+00:00,system,uptime,75204,dbms,tpc-ds,postgresql-100gb-load,1,ip-172-31-16-115,olap,benchANT
2026-06-04 08:46:40+00:00,system,uptime,75214,dbms,tpc-ds,postgresql-100gb-load,1,ip-172-31-16-115,olap,benchANT
2026-06-04 08:46:50+00:00,system,uptime,75224,dbms,tpc-ds,postgresql-100gb-load,1,ip-172-31-16-115,olap,benchANT
2026-06-04 08:47:00+00:00,system,uptime,75234,dbms,tpc-ds,postgresql-100gb-load,1,ip-172-31-16-115,olap,benchANT
2026-06-04 08:47:10+00:00,system,uptime,75244,dbms,tpc-ds,postgresql-100gb-load,1,ip-172-31-16-115,olap,benchANT
2026-06-04 08:47:20+00:00,system,uptime,75254,dbms,tpc-ds,postgresql-100gb-load,1,ip-172-31-16-115,olap,benchANT
2026-06-04 08:47:30+00:00,system,uptime,75264,dbms,tpc-ds,postgresql-100gb-load,1,ip-172-31-16-115,olap,benchANT
2026-06-04 08:47:40+00:00,system,uptime,75274,dbms,tpc-ds,postgresql-100gb-load,1,ip-172-31-16-115,olap,benchANT
2026-06-04 08:47:50+00:00,system,uptime,75284,dbms,tpc-ds,postgresql-100gb-load,1,ip-172-31-16-115,olap,benchANT
2026-06-04 08:48:00+00:00,system,uptime,75294,dbms,tpc-ds,postgresql-100gb-load,1,ip-172-31-16-115,olap,benchANT
2026-06-04 08:48:10+00:00,system,uptime,75304,dbms,tpc-ds,postgresql-100gb-load,1,ip-172-31-16-115,olap,benchANT
2026-06-04 08:48:20+00:00,system,uptime,75314,dbms,tpc-ds,postgresql-100gb-load,1,ip-172-31-16-115,olap,benchANT
2026-06-04 08:48:30+00:00,system,uptime,75324,dbms,tpc-ds,postgresql-100gb-load,1,ip-172-31-16-115,olap,benchANT
2026-06-04 08:48:40+00:00,system,uptime,75334,dbms,tpc-ds,postgresql-100gb-load,1,ip-172-31-16-115,olap,benchANT
2026-06-04 08:48:50+00:00,system,uptime,75344,dbms,tpc-ds,postgresql-100gb-load,1,ip-172-31-16-115,olap,benchANT
2026-06-04 08:49:00+00:00,system,uptime,75354,dbms,tpc-ds,postgresql-100gb-load,1,ip-172-31-16-115,olap,benchANT
2026-06-04 08:49:10+00:00,system,uptime,75364,dbms,tpc-ds,postgresql-100gb-load,1,ip-172-31-16-115,olap,benchANT
2026-06-04 08:49:20+00:00,system,uptime,75374,dbms,tpc-ds,postgresql-100gb-load,1,ip-172-31-16-115,olap,benchANT
2026-06-04 08:49:30+00:00,system,uptime,75384,dbms,tpc-ds,postgresql-100gb-load,1,ip-172-31-16-115,olap,benchANT
2026-06-04 08:49:40+00:00,system,uptime,75394,dbms,tpc-ds,postgresql-100gb-load,1,ip-172-31-16-115,olap,benchANT
2026-06-04 08:49:50+00:00,system,uptime,75404,dbms,tpc-ds,postgresql-100gb-load,1,ip-172-31-16-115,olap,benchANT
2026-06-04 08:50:00+00:00,system,uptime,75414,dbms,tpc-ds,postgresql-100gb-load,1,ip-172-31-16-115,olap,benchANT
2026-06-04 08:50:10+00:00,system,uptime,75424,dbms,tpc-ds,postgresql-100gb-load,1,ip-172-31-16-115,olap,benchANT
2026-06-04 08:50:20+00:00,system,uptime,75434,dbms,tpc-ds,postgresql-100gb-load,1,ip-172-31-16-115,olap,benchANT
2026-06-04 08:50:30+00:00,system,uptime,75444,dbms,tpc-ds,postgresql-100gb-load,1,ip-172-31-16-115,olap,benchANT
2026-06-04 08:50:40+00:00,system,uptime,75454,dbms,tpc-ds,postgresql-100gb-load,1,ip-172-31-16-115,olap,benchANT
2026-06-04 08:50:50+00:00,system,uptime,75464,dbms,tpc-ds,postgresql-100gb-load,1,ip-172-31-16-115,olap,benchANT
2026-06-04 08:51:00+00:00,system,uptime,75474,dbms,tpc-ds,postgresql-100gb-load,1,ip-172-31-16-115,olap,benchANT
2026-06-04 08:51:10+00:00,system,uptime,75484,dbms,tpc-ds,postgresql-100gb-load,1,ip-172-31-16-115,olap,benchANT
2026-06-04 08:51:20+00:00,system,uptime,75494,dbms,tpc-ds,postgresql-100gb-load,1,ip-172-31-16-115,olap,benchANT
2026-06-04 08:51:30+00:00,system,uptime,75504,dbms,tpc-ds,postgresql-100gb-load,1,ip-172-31-16-115,olap,benchANT
2026-06-04 08:51:40+00:00,system,uptime,75514,dbms,tpc-ds,postgresql-100gb-load,1,ip-172-31-16-115,olap,benchANT
2026-06-04 08:51:50+00:00,system,uptime,75524,dbms,tpc-ds,postgresql-100gb-load,1,ip-172-31-16-115,olap,benchANT
2026-06-04 08:52:00+00:00,system,uptime,75534,dbms,tpc-ds,postgresql-100gb-load,1,ip-172-31-16-115,olap,benchANT
2026-06-04 08:52:10+00:00,system,uptime,75544,dbms,tpc-ds,postgresql-100gb-load,1,ip-172-31-16-115,olap,benchANT
2026-06-04 08:52:20+00:00,system,uptime,75554,dbms,tpc-ds,postgresql-100gb-load,1,ip-172-31-16-115,olap,benchANT
2026-06-04 08:52:30+00:00,system,uptime,75564,dbms,tpc-ds,postgresql-100gb-load,1,ip-172-31-16-115,olap,benchANT
2026-06-04 08:52:40+00:00,system,uptime,75574,dbms,tpc-ds,postgresql-100gb-load,1,ip-172-31-16-115,olap,benchANT
2026-06-04 08:52:50+00:00,system,uptime,75584,dbms,tpc-ds,postgresql-100gb-load,1,ip-172-31-16-115,olap,benchANT
2026-06-04 08:53:00+00:00,system,uptime,75594,dbms,tpc-ds,postgresql-100gb-load,1,ip-172-31-16-115,olap,benchANT
2026-06-04 08:53:10+00:00,system,uptime,75604,dbms,tpc-ds,postgresql-100gb-load,1,ip-172-31-16-115,olap,benchANT
2026-06-04 08:53:20+00:00,system,uptime,75614,dbms,tpc-ds,postgresql-100gb-load,1,ip-172-31-16-115,olap,benchANT
2026-06-04 08:53:30+00:00,system,uptime,75624,dbms,tpc-ds,postgresql-100gb-load,1,ip-172-31-16-115,olap,benchANT
2026-06-04 08:53:40+00:00,system,uptime,75634,dbms,tpc-ds,postgresql-100gb-load,1,ip-172-31-16-115,olap,benchANT
2026-06-04 08:53:50+00:00,system,uptime,75644,dbms,tpc-ds,postgresql-100gb-load,1,ip-172-31-16-115,olap,benchANT
2026-06-04 08:54:00+00:00,system,uptime,75654,dbms,tpc-ds,postgresql-100gb-load,1,ip-172-31-16-115,olap,benchANT
2026-06-04 08:54:10+00:00,system,uptime,75664,dbms,tpc-ds,postgresql-100gb-load,1,ip-172-31-16-115,olap,benchANT
2026-06-04 08:54:20+00:00,system,uptime,75674,dbms,tpc-ds,postgresql-100gb-load,1,ip-172-31-16-115,olap,benchANT
2026-06-04 08:54:30+00:00,system,uptime,75684,dbms,tpc-ds,postgresql-100gb-load,1,ip-172-31-16-115,olap,benchANT
2026-06-04 08:54:40+00:00,system,uptime,75694,dbms,tpc-ds,postgresql-100gb-load,1,ip-172-31-16-115,olap,benchANT
2026-06-04 08:54:50+00:00,system,uptime,75704,dbms,tpc-ds,postgresql-100gb-load,1,ip-172-31-16-115,olap,benchANT
2026-06-04 08:55:00+00:00,system,uptime,75714,dbms,tpc-ds,postgresql-100gb-load,1,ip-172-31-16-115,olap,benchANT
2026-06-04 08:55:10+00:00,system,uptime,75724,dbms,tpc-ds,postgresql-100gb-load,1,ip-172-31-16-115,olap,benchANT
2026-06-04 08:55:20+00:00,system,uptime,75734,dbms,tpc-ds,postgresql-100gb-load,1,ip-172-31-16-115,olap,benchANT
2026-06-04 08:55:30+00:00,system,uptime,75744,dbms,tpc-ds,postgresql-100gb-load,1,ip-172-31-16-115,olap,benchANT
2026-06-04 08:55:40+00:00,system,uptime,75754,dbms,tpc-ds,postgresql-100gb-load,1,ip-172-31-16-115,olap,benchANT
2026-06-04 08:55:50+00:00,system,uptime,75764,dbms,tpc-ds,postgresql-100gb-load,1,ip-172-31-16-115,olap,benchANT
2026-06-04 08:56:00+00:00,system,uptime,75774,dbms,tpc-ds,postgresql-100gb-load,1,ip-172-31-16-115,olap,benchANT
2026-06-04 08:56:10+00:00,system,uptime,75784,dbms,tpc-ds,postgresql-100gb-load,1,ip-172-31-16-115,olap,benchANT
2026-06-04 08:56:20+00:00,system,uptime,75794,dbms,tpc-ds,postgresql-100gb-load,1,ip-172-31-16-115,olap,benchANT
2026-06-04 08:56:30+00:00,system,uptime,75804,dbms,tpc-ds,postgresql-100gb-load,1,ip-172-31-16-115,olap,benchANT
2026-06-04 08:56:40+00:00,system,uptime,75814,dbms,tpc-ds,postgresql-100gb-load,1,ip-172-31-16-115,olap,benchANT
2026-06-04 08:56:50+00:00,system,uptime,75824,dbms,tpc-ds,postgresql-100gb-load,1,ip-172-31-16-115,olap,benchANT
2026-06-04 08:57:00+00:00,system,uptime,75834,dbms,tpc-ds,postgresql-100gb-load,1,ip-172-31-16-115,olap,benchANT
2026-06-04 08:57:10+00:00,system,uptime,75844,dbms,tpc-ds,postgresql-100gb-load,1,ip-172-31-16-115,olap,benchANT
2026-06-04 08:57:20+00:00,system,uptime,75854,dbms,tpc-ds,postgresql-100gb-load,1,ip-172-31-16-115,olap,benchANT
2026-06-04 08:57:30+00:00,system,uptime,75864,dbms,tpc-ds,postgresql-100gb-load,1,ip-172-31-16-115,olap,benchANT
2026-06-04 08:57:40+00:00,system,uptime,75874,dbms,tpc-ds,postgresql-100gb-load,1,ip-172-31-16-115,olap,benchANT
2026-06-04 08:57:50+00:00,system,uptime,75884,dbms,tpc-ds,postgresql-100gb-load,1,ip-172-31-16-115,olap,benchANT
2026-06-04 08:58:00+00:00,system,uptime,75894,dbms,tpc-ds,postgresql-100gb-load,1,ip-172-31-16-115,olap,benchANT
2026-06-04 08:58:10+00:00,system,uptime,75904,dbms,tpc-ds,postgresql-100gb-load,1,ip-172-31-16-115,olap,benchANT
2026-06-04 08:58:20+00:00,system,uptime,75914,dbms,tpc-ds,postgresql-100gb-load,1,ip-172-31-16-115,olap,benchANT
2026-06-04 08:58:30+00:00,system,uptime,75924,dbms,tpc-ds,postgresql-100gb-load,1,ip-172-31-16-115,olap,benchANT
2026-06-04 08:58:40+00:00,system,uptime,75934,dbms,tpc-ds,postgresql-100gb-load,1,ip-172-31-16-115,olap,benchANT
2026-06-04 08:58:50+00:00,system,uptime,75944,dbms,tpc-ds,postgresql-100gb-load,1,ip-172-31-16-115,olap,benchANT
2026-06-04 08:59:00+00:00,system,uptime,75954,dbms,tpc-ds,postgresql-100gb-load,1,ip-172-31-16-115,olap,benchANT
2026-06-04 08:59:10+00:00,system,uptime,75964,dbms,tpc-ds,postgresql-100gb-load,1,ip-172-31-16-115,olap,benchANT
2026-06-04 08:59:20+00:00,system,uptime,75974,dbms,tpc-ds,postgresql-100gb-load,1,ip-172-31-16-115,olap,benchANT
2026-06-04 08:59:30+00:00,system,uptime,75984,dbms,tpc-ds,postgresql-100gb-load,1,ip-172-31-16-115,olap,benchANT
2026-06-04 08:59:40+00:00,system,uptime,75994,dbms,tpc-ds,postgresql-100gb-load,1,ip-172-31-16-115,olap,benchANT
2026-06-04 08:59:50+00:00,system,uptime,76004,dbms,tpc-ds,postgresql-100gb-load,1,ip-172-31-16-115,olap,benchANT
2026-06-04 09:00:00+00:00,system,uptime,76014,dbms,tpc-ds,postgresql-100gb-load,1,ip-172-31-16-115,olap,benchANT
2026-06-04 09:00:10+00:00,system,uptime,76024,dbms,tpc-ds,postgresql-100gb-load,1,ip-172-31-16-115,olap,benchANT
2026-06-04 09:00:20+00:00,system,uptime,76034,dbms,tpc-ds,postgresql-100gb-load,1,ip-172-31-16-115,olap,benchANT
2026-06-04 09:00:30+00:00,system,uptime,76044,dbms,tpc-ds,postgresql-100gb-load,1,ip-172-31-16-115,olap,benchANT
2026-06-04 09:00:40+00:00,system,uptime,76054,dbms,tpc-ds,postgresql-100gb-load,1,ip-172-31-16-115,olap,benchANT
2026-06-04 09:00:50+00:00,system,uptime,76064,dbms,tpc-ds,postgresql-100gb-load,1,ip-172-31-16-115,olap,benchANT
2026-06-04 09:01:00+00:00,system,uptime,76074,dbms,tpc-ds,postgresql-100gb-load,1,ip-172-31-16-115,olap,benchANT
2026-06-04 09:01:10+00:00,system,uptime,76084,dbms,tpc-ds,postgresql-100gb-load,1,ip-172-31-16-115,olap,benchANT
2026-06-04 07:50:20+00:00,system,uptime_format,19:57,dbms,tpc-ds,postgresql-100gb-load,1,ip-172-31-16-115,olap,benchANT
2026-06-04 07:50:30+00:00,system,uptime_format,19:57,dbms,tpc-ds,postgresql-100gb-load,1,ip-172-31-16-115,olap,benchANT
2026-06-04 07:50:40+00:00,system,uptime_format,19:57,dbms,tpc-ds,postgresql-100gb-load,1,ip-172-31-16-115,olap,benchANT
2026-06-04 07:50:50+00:00,system,uptime_format,19:57,dbms,tpc-ds,postgresql-100gb-load,1,ip-172-31-16-115,olap,benchANT
2026-06-04 07:51:00+00:00,system,uptime_format,19:57,dbms,tpc-ds,postgresql-100gb-load,1,ip-172-31-16-115,olap,benchANT
2026-06-04 07:51:10+00:00,system,uptime_format,19:58,dbms,tpc-ds,postgresql-100gb-load,1,ip-172-31-16-115,olap,benchANT
2026-06-04 07:51:20+00:00,system,uptime_format,19:58,dbms,tpc-ds,postgresql-100gb-load,1,ip-172-31-16-115,olap,benchANT
2026-06-04 07:51:30+00:00,system,uptime_format,19:58,dbms,tpc-ds,postgresql-100gb-load,1,ip-172-31-16-115,olap,benchANT
2026-06-04 07:51:40+00:00,system,uptime_format,19:58,dbms,tpc-ds,postgresql-100gb-load,1,ip-172-31-16-115,olap,benchANT
2026-06-04 07:51:50+00:00,system,uptime_format,19:58,dbms,tpc-ds,postgresql-100gb-load,1,ip-172-31-16-115,olap,benchANT
2026-06-04 07:52:00+00:00,system,uptime_format,19:58,dbms,tpc-ds,postgresql-100gb-load,1,ip-172-31-16-115,olap,benchANT
2026-06-04 07:52:10+00:00,system,uptime_format,19:59,dbms,tpc-ds,postgresql-100gb-load,1,ip-172-31-16-115,olap,benchANT
2026-06-04 07:52:20+00:00,system,uptime_format,19:59,dbms,tpc-ds,postgresql-100gb-load,1,ip-172-31-16-115,olap,benchANT
2026-06-04 07:52:30+00:00,system,uptime_format,19:59,dbms,tpc-ds,postgresql-100gb-load,1,ip-172-31-16-115,olap,benchANT
2026-06-04 07:52:40+00:00,system,uptime_format,19:59,dbms,tpc-ds,postgresql-100gb-load,1,ip-172-31-16-115,olap,benchANT
2026-06-04 07:52:50+00:00,system,uptime_format,19:59,dbms,tpc-ds,postgresql-100gb-load,1,ip-172-31-16-115,olap,benchANT
2026-06-04 07:53:00+00:00,system,uptime_format,19:59,dbms,tpc-ds,postgresql-100gb-load,1,ip-172-31-16-115,olap,benchANT
2026-06-04 07:53:10+00:00,system,uptime_format,20:00,dbms,tpc-ds,postgresql-100gb-load,1,ip-172-31-16-115,olap,benchANT
2026-06-04 07:53:20+00:00,system,uptime_format,20:00,dbms,tpc-ds,postgresql-100gb-load,1,ip-172-31-16-115,olap,benchANT
2026-06-04 07:53:30+00:00,system,uptime_format,20:00,dbms,tpc-ds,postgresql-100gb-load,1,ip-172-31-16-115,olap,benchANT
2026-06-04 07:53:40+00:00,system,uptime_format,20:00,dbms,tpc-ds,postgresql-100gb-load,1,ip-172-31-16-115,olap,benchANT
2026-06-04 07:53:50+00:00,system,uptime_format,20:00,dbms,tpc-ds,postgresql-100gb-load,1,ip-172-31-16-115,olap,benchANT
2026-06-04 07:54:00+00:00,system,uptime_format,20:00,dbms,tpc-ds,postgresql-100gb-load,1,ip-172-31-16-115,olap,benchANT
2026-06-04 07:54:10+00:00,system,uptime_format,20:01,dbms,tpc-ds,postgresql-100gb-load,1,ip-172-31-16-115,olap,benchANT
2026-06-04 07:54:20+00:00,system,uptime_format,20:01,dbms,tpc-ds,postgresql-100gb-load,1,ip-172-31-16-115,olap,benchANT
2026-06-04 07:54:30+00:00,system,uptime_format,20:01,dbms,tpc-ds,postgresql-100gb-load,1,ip-172-31-16-115,olap,benchANT
2026-06-04 07:54:40+00:00,system,uptime_format,20:01,dbms,tpc-ds,postgresql-100gb-load,1,ip-172-31-16-115,olap,benchANT
2026-06-04 07:54:50+00:00,system,uptime_format,20:01,dbms,tpc-ds,postgresql-100gb-load,1,ip-172-31-16-115,olap,benchANT
2026-06-04 07:55:00+00:00,system,uptime_format,20:01,dbms,tpc-ds,postgresql-100gb-load,1,ip-172-31-16-115,olap,benchANT
2026-06-04 07:55:10+00:00,system,uptime_format,20:02,dbms,tpc-ds,postgresql-100gb-load,1,ip-172-31-16-115,olap,benchANT
2026-06-04 07:55:20+00:00,system,uptime_format,20:02,dbms,tpc-ds,postgresql-100gb-load,1,ip-172-31-16-115,olap,benchANT
2026-06-04 07:55:30+00:00,system,uptime_format,20:02,dbms,tpc-ds,postgresql-100gb-load,1,ip-172-31-16-115,olap,benchANT
2026-06-04 07:55:40+00:00,system,uptime_format,20:02,dbms,tpc-ds,postgresql-100gb-load,1,ip-172-31-16-115,olap,benchANT
2026-06-04 07:55:50+00:00,system,uptime_format,20:02,dbms,tpc-ds,postgresql-100gb-load,1,ip-172-31-16-115,olap,benchANT
2026-06-04 07:56:00+00:00,system,uptime_format,20:02,dbms,tpc-ds,postgresql-100gb-load,1,ip-172-31-16-115,olap,benchANT
2026-06-04 07:56:10+00:00,system,uptime_format,20:03,dbms,tpc-ds,postgresql-100gb-load,1,ip-172-31-16-115,olap,benchANT
2026-06-04 07:56:20+00:00,system,uptime_format,20:03,dbms,tpc-ds,postgresql-100gb-load,1,ip-172-31-16-115,olap,benchANT
2026-06-04 07:56:30+00:00,system,uptime_format,20:03,dbms,tpc-ds,postgresql-100gb-load,1,ip-172-31-16-115,olap,benchANT
2026-06-04 07:56:40+00:00,system,uptime_format,20:03,dbms,tpc-ds,postgresql-100gb-load,1,ip-172-31-16-115,olap,benchANT
2026-06-04 07:56:50+00:00,system,uptime_format,20:03,dbms,tpc-ds,postgresql-100gb-load,1,ip-172-31-16-115,olap,benchANT
2026-06-04 07:57:00+00:00,system,uptime_format,20:03,dbms,tpc-ds,postgresql-100gb-load,1,ip-172-31-16-115,olap,benchANT
2026-06-04 07:57:10+00:00,system,uptime_format,20:04,dbms,tpc-ds,postgresql-100gb-load,1,ip-172-31-16-115,olap,benchANT
2026-06-04 07:57:20+00:00,system,uptime_format,20:04,dbms,tpc-ds,postgresql-100gb-load,1,ip-172-31-16-115,olap,benchANT
2026-06-04 07:57:30+00:00,system,uptime_format,20:04,dbms,tpc-ds,postgresql-100gb-load,1,ip-172-31-16-115,olap,benchANT
2026-06-04 07:57:40+00:00,system,uptime_format,20:04,dbms,tpc-ds,postgresql-100gb-load,1,ip-172-31-16-115,olap,benchANT
2026-06-04 07:57:50+00:00,system,uptime_format,20:04,dbms,tpc-ds,postgresql-100gb-load,1,ip-172-31-16-115,olap,benchANT
2026-06-04 07:58:00+00:00,system,uptime_format,20:04,dbms,tpc-ds,postgresql-100gb-load,1,ip-172-31-16-115,olap,benchANT
2026-06-04 07:58:10+00:00,system,uptime_format,20:05,dbms,tpc-ds,postgresql-100gb-load,1,ip-172-31-16-115,olap,benchANT
2026-06-04 07:58:20+00:00,system,uptime_format,20:05,dbms,tpc-ds,postgresql-100gb-load,1,ip-172-31-16-115,olap,benchANT
2026-06-04 07:58:30+00:00,system,uptime_format,20:05,dbms,tpc-ds,postgresql-100gb-load,1,ip-172-31-16-115,olap,benchANT
2026-06-04 07:58:40+00:00,system,uptime_format,20:05,dbms,tpc-ds,postgresql-100gb-load,1,ip-172-31-16-115,olap,benchANT
2026-06-04 07:58:50+00:00,system,uptime_format,20:05,dbms,tpc-ds,postgresql-100gb-load,1,ip-172-31-16-115,olap,benchANT
2026-06-04 07:59:00+00:00,system,uptime_format,20:05,dbms,tpc-ds,postgresql-100gb-load,1,ip-172-31-16-115,olap,benchANT
2026-06-04 07:59:10+00:00,system,uptime_format,20:06,dbms,tpc-ds,postgresql-100gb-load,1,ip-172-31-16-115,olap,benchANT
2026-06-04 07:59:20+00:00,system,uptime_format,20:06,dbms,tpc-ds,postgresql-100gb-load,1,ip-172-31-16-115,olap,benchANT
2026-06-04 07:59:30+00:00,system,uptime_format,20:06,dbms,tpc-ds,postgresql-100gb-load,1,ip-172-31-16-115,olap,benchANT
2026-06-04 07:59:40+00:00,system,uptime_format,20:06,dbms,tpc-ds,postgresql-100gb-load,1,ip-172-31-16-115,olap,benchANT
2026-06-04 07:59:50+00:00,system,uptime_format,20:06,dbms,tpc-ds,postgresql-100gb-load,1,ip-172-31-16-115,olap,benchANT
2026-06-04 08:00:00+00:00,system,uptime_format,20:06,dbms,tpc-ds,postgresql-100gb-load,1,ip-172-31-16-115,olap,benchANT
2026-06-04 08:00:10+00:00,system,uptime_format,20:07,dbms,tpc-ds,postgresql-100gb-load,1,ip-172-31-16-115,olap,benchANT
2026-06-04 08:00:20+00:00,system,uptime_format,20:07,dbms,tpc-ds,postgresql-100gb-load,1,ip-172-31-16-115,olap,benchANT
2026-06-04 08:00:30+00:00,system,uptime_format,20:07,dbms,tpc-ds,postgresql-100gb-load,1,ip-172-31-16-115,olap,benchANT
2026-06-04 08:00:40+00:00,system,uptime_format,20:07,dbms,tpc-ds,postgresql-100gb-load,1,ip-172-31-16-115,olap,benchANT
2026-06-04 08:00:50+00:00,system,uptime_format,20:07,dbms,tpc-ds,postgresql-100gb-load,1,ip-172-31-16-115,olap,benchANT
2026-06-04 08:01:00+00:00,system,uptime_format,20:07,dbms,tpc-ds,postgresql-100gb-load,1,ip-172-31-16-115,olap,benchANT
2026-06-04 08:01:10+00:00,system,uptime_format,20:08,dbms,tpc-ds,postgresql-100gb-load,1,ip-172-31-16-115,olap,benchANT
2026-06-04 08:01:20+00:00,system,uptime_format,20:08,dbms,tpc-ds,postgresql-100gb-load,1,ip-172-31-16-115,olap,benchANT
2026-06-04 08:01:30+00:00,system,uptime_format,20:08,dbms,tpc-ds,postgresql-100gb-load,1,ip-172-31-16-115,olap,benchANT
2026-06-04 08:01:40+00:00,system,uptime_format,20:08,dbms,tpc-ds,postgresql-100gb-load,1,ip-172-31-16-115,olap,benchANT
2026-06-04 08:01:50+00:00,system,uptime_format,20:08,dbms,tpc-ds,postgresql-100gb-load,1,ip-172-31-16-115,olap,benchANT
2026-06-04 08:02:00+00:00,system,uptime_format,20:08,dbms,tpc-ds,postgresql-100gb-load,1,ip-172-31-16-115,olap,benchANT
2026-06-04 08:02:10+00:00,system,uptime_format,20:09,dbms,tpc-ds,postgresql-100gb-load,1,ip-172-31-16-115,olap,benchANT
2026-06-04 08:02:20+00:00,system,uptime_format,20:09,dbms,tpc-ds,postgresql-100gb-load,1,ip-172-31-16-115,olap,benchANT
2026-06-04 08:02:30+00:00,system,uptime_format,20:09,dbms,tpc-ds,postgresql-100gb-load,1,ip-172-31-16-115,olap,benchANT
2026-06-04 08:02:40+00:00,system,uptime_format,20:09,dbms,tpc-ds,postgresql-100gb-load,1,ip-172-31-16-115,olap,benchANT
2026-06-04 08:02:50+00:00,system,uptime_format,20:09,dbms,tpc-ds,postgresql-100gb-load,1,ip-172-31-16-115,olap,benchANT
2026-06-04 08:03:00+00:00,system,uptime_format,20:09,dbms,tpc-ds,postgresql-100gb-load,1,ip-172-31-16-115,olap,benchANT
2026-06-04 08:03:10+00:00,system,uptime_format,20:10,dbms,tpc-ds,postgresql-100gb-load,1,ip-172-31-16-115,olap,benchANT
2026-06-04 08:03:20+00:00,system,uptime_format,20:10,dbms,tpc-ds,postgresql-100gb-load,1,ip-172-31-16-115,olap,benchANT
2026-06-04 08:03:30+00:00,system,uptime_format,20:10,dbms,tpc-ds,postgresql-100gb-load,1,ip-172-31-16-115,olap,benchANT
2026-06-04 08:03:40+00:00,system,uptime_format,20:10,dbms,tpc-ds,postgresql-100gb-load,1,ip-172-31-16-115,olap,benchANT
2026-06-04 08:03:50+00:00,system,uptime_format,20:10,dbms,tpc-ds,postgresql-100gb-load,1,ip-172-31-16-115,olap,benchANT
2026-06-04 08:04:00+00:00,system,uptime_format,20:10,dbms,tpc-ds,postgresql-100gb-load,1,ip-172-31-16-115,olap,benchANT
2026-06-04 08:04:10+00:00,system,uptime_format,20:11,dbms,tpc-ds,postgresql-100gb-load,1,ip-172-31-16-115,olap,benchANT
2026-06-04 08:04:20+00:00,system,uptime_format,20:11,dbms,tpc-ds,postgresql-100gb-load,1,ip-172-31-16-115,olap,benchANT
2026-06-04 08:04:30+00:00,system,uptime_format,20:11,dbms,tpc-ds,postgresql-100gb-load,1,ip-172-31-16-115,olap,benchANT
2026-06-04 08:04:40+00:00,system,uptime_format,20:11,dbms,tpc-ds,postgresql-100gb-load,1,ip-172-31-16-115,olap,benchANT
2026-06-04 08:04:50+00:00,system,uptime_format,20:11,dbms,tpc-ds,postgresql-100gb-load,1,ip-172-31-16-115,olap,benchANT
2026-06-04 08:05:00+00:00,system,uptime_format,20:11,dbms,tpc-ds,postgresql-100gb-load,1,ip-172-31-16-115,olap,benchANT
2026-06-04 08:05:10+00:00,system,uptime_format,20:12,dbms,tpc-ds,postgresql-100gb-load,1,ip-172-31-16-115,olap,benchANT
2026-06-04 08:05:20+00:00,system,uptime_format,20:12,dbms,tpc-ds,postgresql-100gb-load,1,ip-172-31-16-115,olap,benchANT
2026-06-04 08:05:30+00:00,system,uptime_format,20:12,dbms,tpc-ds,postgresql-100gb-load,1,ip-172-31-16-115,olap,benchANT
2026-06-04 08:05:40+00:00,system,uptime_format,20:12,dbms,tpc-ds,postgresql-100gb-load,1,ip-172-31-16-115,olap,benchANT
2026-06-04 08:05:50+00:00,system,uptime_format,20:12,dbms,tpc-ds,postgresql-100gb-load,1,ip-172-31-16-115,olap,benchANT
2026-06-04 08:06:00+00:00,system,uptime_format,20:12,dbms,tpc-ds,postgresql-100gb-load,1,ip-172-31-16-115,olap,benchANT
2026-06-04 08:06:10+00:00,system,uptime_format,20:13,dbms,tpc-ds,postgresql-100gb-load,1,ip-172-31-16-115,olap,benchANT
2026-06-04 08:06:20+00:00,system,uptime_format,20:13,dbms,tpc-ds,postgresql-100gb-load,1,ip-172-31-16-115,olap,benchANT
2026-06-04 08:06:30+00:00,system,uptime_format,20:13,dbms,tpc-ds,postgresql-100gb-load,1,ip-172-31-16-115,olap,benchANT
2026-06-04 08:06:40+00:00,system,uptime_format,20:13,dbms,tpc-ds,postgresql-100gb-load,1,ip-172-31-16-115,olap,benchANT
2026-06-04 08:06:50+00:00,system,uptime_format,20:13,dbms,tpc-ds,postgresql-100gb-load,1,ip-172-31-16-115,olap,benchANT
2026-06-04 08:07:00+00:00,system,uptime_format,20:13,dbms,tpc-ds,postgresql-100gb-load,1,ip-172-31-16-115,olap,benchANT
2026-06-04 08:07:10+00:00,system,uptime_format,20:14,dbms,tpc-ds,postgresql-100gb-load,1,ip-172-31-16-115,olap,benchANT
2026-06-04 08:07:20+00:00,system,uptime_format,20:14,dbms,tpc-ds,postgresql-100gb-load,1,ip-172-31-16-115,olap,benchANT
2026-06-04 08:07:30+00:00,system,uptime_format,20:14,dbms,tpc-ds,postgresql-100gb-load,1,ip-172-31-16-115,olap,benchANT
2026-06-04 08:07:40+00:00,system,uptime_format,20:14,dbms,tpc-ds,postgresql-100gb-load,1,ip-172-31-16-115,olap,benchANT
2026-06-04 08:07:50+00:00,system,uptime_format,20:14,dbms,tpc-ds,postgresql-100gb-load,1,ip-172-31-16-115,olap,benchANT
2026-06-04 08:08:00+00:00,system,uptime_format,20:14,dbms,tpc-ds,postgresql-100gb-load,1,ip-172-31-16-115,olap,benchANT
2026-06-04 08:08:10+00:00,system,uptime_format,20:15,dbms,tpc-ds,postgresql-100gb-load,1,ip-172-31-16-115,olap,benchANT
2026-06-04 08:08:20+00:00,system,uptime_format,20:15,dbms,tpc-ds,postgresql-100gb-load,1,ip-172-31-16-115,olap,benchANT
2026-06-04 08:08:30+00:00,system,uptime_format,20:15,dbms,tpc-ds,postgresql-100gb-load,1,ip-172-31-16-115,olap,benchANT
2026-06-04 08:08:40+00:00,system,uptime_format,20:15,dbms,tpc-ds,postgresql-100gb-load,1,ip-172-31-16-115,olap,benchANT
2026-06-04 08:08:50+00:00,system,uptime_format,20:15,dbms,tpc-ds,postgresql-100gb-load,1,ip-172-31-16-115,olap,benchANT
2026-06-04 08:09:00+00:00,system,uptime_format,20:15,dbms,tpc-ds,postgresql-100gb-load,1,ip-172-31-16-115,olap,benchANT
2026-06-04 08:09:10+00:00,system,uptime_format,20:16,dbms,tpc-ds,postgresql-100gb-load,1,ip-172-31-16-115,olap,benchANT
2026-06-04 08:09:20+00:00,system,uptime_format,20:16,dbms,tpc-ds,postgresql-100gb-load,1,ip-172-31-16-115,olap,benchANT
2026-06-04 08:09:30+00:00,system,uptime_format,20:16,dbms,tpc-ds,postgresql-100gb-load,1,ip-172-31-16-115,olap,benchANT
2026-06-04 08:09:40+00:00,system,uptime_format,20:16,dbms,tpc-ds,postgresql-100gb-load,1,ip-172-31-16-115,olap,benchANT
2026-06-04 08:09:50+00:00,system,uptime_format,20:16,dbms,tpc-ds,postgresql-100gb-load,1,ip-172-31-16-115,olap,benchANT
2026-06-04 08:10:00+00:00,system,uptime_format,20:16,dbms,tpc-ds,postgresql-100gb-load,1,ip-172-31-16-115,olap,benchANT
2026-06-04 08:10:10+00:00,system,uptime_format,20:17,dbms,tpc-ds,postgresql-100gb-load,1,ip-172-31-16-115,olap,benchANT
2026-06-04 08:10:20+00:00,system,uptime_format,20:17,dbms,tpc-ds,postgresql-100gb-load,1,ip-172-31-16-115,olap,benchANT
2026-06-04 08:10:30+00:00,system,uptime_format,20:17,dbms,tpc-ds,postgresql-100gb-load,1,ip-172-31-16-115,olap,benchANT
2026-06-04 08:10:40+00:00,system,uptime_format,20:17,dbms,tpc-ds,postgresql-100gb-load,1,ip-172-31-16-115,olap,benchANT
2026-06-04 08:10:50+00:00,system,uptime_format,20:17,dbms,tpc-ds,postgresql-100gb-load,1,ip-172-31-16-115,olap,benchANT
2026-06-04 08:11:00+00:00,system,uptime_format,20:17,dbms,tpc-ds,postgresql-100gb-load,1,ip-172-31-16-115,olap,benchANT
2026-06-04 08:11:10+00:00,system,uptime_format,20:18,dbms,tpc-ds,postgresql-100gb-load,1,ip-172-31-16-115,olap,benchANT
2026-06-04 08:11:20+00:00,system,uptime_format,20:18,dbms,tpc-ds,postgresql-100gb-load,1,ip-172-31-16-115,olap,benchANT
2026-06-04 08:11:30+00:00,system,uptime_format,20:18,dbms,tpc-ds,postgresql-100gb-load,1,ip-172-31-16-115,olap,benchANT
2026-06-04 08:11:40+00:00,system,uptime_format,20:18,dbms,tpc-ds,postgresql-100gb-load,1,ip-172-31-16-115,olap,benchANT
2026-06-04 08:11:50+00:00,system,uptime_format,20:18,dbms,tpc-ds,postgresql-100gb-load,1,ip-172-31-16-115,olap,benchANT
2026-06-04 08:12:00+00:00,system,uptime_format,20:18,dbms,tpc-ds,postgresql-100gb-load,1,ip-172-31-16-115,olap,benchANT
2026-06-04 08:12:10+00:00,system,uptime_format,20:19,dbms,tpc-ds,postgresql-100gb-load,1,ip-172-31-16-115,olap,benchANT
2026-06-04 08:12:20+00:00,system,uptime_format,20:19,dbms,tpc-ds,postgresql-100gb-load,1,ip-172-31-16-115,olap,benchANT
2026-06-04 08:12:30+00:00,system,uptime_format,20:19,dbms,tpc-ds,postgresql-100gb-load,1,ip-172-31-16-115,olap,benchANT
2026-06-04 08:12:40+00:00,system,uptime_format,20:19,dbms,tpc-ds,postgresql-100gb-load,1,ip-172-31-16-115,olap,benchANT
2026-06-04 08:12:50+00:00,system,uptime_format,20:19,dbms,tpc-ds,postgresql-100gb-load,1,ip-172-31-16-115,olap,benchANT
2026-06-04 08:13:00+00:00,system,uptime_format,20:19,dbms,tpc-ds,postgresql-100gb-load,1,ip-172-31-16-115,olap,benchANT
2026-06-04 08:13:10+00:00,system,uptime_format,20:20,dbms,tpc-ds,postgresql-100gb-load,1,ip-172-31-16-115,olap,benchANT
2026-06-04 08:13:20+00:00,system,uptime_format,20:20,dbms,tpc-ds,postgresql-100gb-load,1,ip-172-31-16-115,olap,benchANT
2026-06-04 08:13:30+00:00,system,uptime_format,20:20,dbms,tpc-ds,postgresql-100gb-load,1,ip-172-31-16-115,olap,benchANT
2026-06-04 08:13:40+00:00,system,uptime_format,20:20,dbms,tpc-ds,postgresql-100gb-load,1,ip-172-31-16-115,olap,benchANT
2026-06-04 08:13:50+00:00,system,uptime_format,20:20,dbms,tpc-ds,postgresql-100gb-load,1,ip-172-31-16-115,olap,benchANT
2026-06-04 08:14:00+00:00,system,uptime_format,20:20,dbms,tpc-ds,postgresql-100gb-load,1,ip-172-31-16-115,olap,benchANT
2026-06-04 08:14:10+00:00,system,uptime_format,20:21,dbms,tpc-ds,postgresql-100gb-load,1,ip-172-31-16-115,olap,benchANT
2026-06-04 08:14:20+00:00,system,uptime_format,20:21,dbms,tpc-ds,postgresql-100gb-load,1,ip-172-31-16-115,olap,benchANT
2026-06-04 08:14:30+00:00,system,uptime_format,20:21,dbms,tpc-ds,postgresql-100gb-load,1,ip-172-31-16-115,olap,benchANT
2026-06-04 08:14:40+00:00,system,uptime_format,20:21,dbms,tpc-ds,postgresql-100gb-load,1,ip-172-31-16-115,olap,benchANT
2026-06-04 08:14:50+00:00,system,uptime_format,20:21,dbms,tpc-ds,postgresql-100gb-load,1,ip-172-31-16-115,olap,benchANT
2026-06-04 08:15:00+00:00,system,uptime_format,20:21,dbms,tpc-ds,postgresql-100gb-load,1,ip-172-31-16-115,olap,benchANT
2026-06-04 08:15:10+00:00,system,uptime_format,20:22,dbms,tpc-ds,postgresql-100gb-load,1,ip-172-31-16-115,olap,benchANT
2026-06-04 08:15:20+00:00,system,uptime_format,20:22,dbms,tpc-ds,postgresql-100gb-load,1,ip-172-31-16-115,olap,benchANT
2026-06-04 08:15:30+00:00,system,uptime_format,20:22,dbms,tpc-ds,postgresql-100gb-load,1,ip-172-31-16-115,olap,benchANT
2026-06-04 08:15:40+00:00,system,uptime_format,20:22,dbms,tpc-ds,postgresql-100gb-load,1,ip-172-31-16-115,olap,benchANT
2026-06-04 08:15:50+00:00,system,uptime_format,20:22,dbms,tpc-ds,postgresql-100gb-load,1,ip-172-31-16-115,olap,benchANT
2026-06-04 08:16:00+00:00,system,uptime_format,20:22,dbms,tpc-ds,postgresql-100gb-load,1,ip-172-31-16-115,olap,benchANT
2026-06-04 08:16:10+00:00,system,uptime_format,20:23,dbms,tpc-ds,postgresql-100gb-load,1,ip-172-31-16-115,olap,benchANT
2026-06-04 08:16:20+00:00,system,uptime_format,20:23,dbms,tpc-ds,postgresql-100gb-load,1,ip-172-31-16-115,olap,benchANT
2026-06-04 08:16:30+00:00,system,uptime_format,20:23,dbms,tpc-ds,postgresql-100gb-load,1,ip-172-31-16-115,olap,benchANT
2026-06-04 08:16:40+00:00,system,uptime_format,20:23,dbms,tpc-ds,postgresql-100gb-load,1,ip-172-31-16-115,olap,benchANT
2026-06-04 08:16:50+00:00,system,uptime_format,20:23,dbms,tpc-ds,postgresql-100gb-load,1,ip-172-31-16-115,olap,benchANT
2026-06-04 08:17:00+00:00,system,uptime_format,20:23,dbms,tpc-ds,postgresql-100gb-load,1,ip-172-31-16-115,olap,benchANT
2026-06-04 08:17:10+00:00,system,uptime_format,20:24,dbms,tpc-ds,postgresql-100gb-load,1,ip-172-31-16-115,olap,benchANT
2026-06-04 08:17:20+00:00,system,uptime_format,20:24,dbms,tpc-ds,postgresql-100gb-load,1,ip-172-31-16-115,olap,benchANT
2026-06-04 08:17:30+00:00,system,uptime_format,20:24,dbms,tpc-ds,postgresql-100gb-load,1,ip-172-31-16-115,olap,benchANT
2026-06-04 08:17:40+00:00,system,uptime_format,20:24,dbms,tpc-ds,postgresql-100gb-load,1,ip-172-31-16-115,olap,benchANT
2026-06-04 08:17:50+00:00,system,uptime_format,20:24,dbms,tpc-ds,postgresql-100gb-load,1,ip-172-31-16-115,olap,benchANT
2026-06-04 08:18:00+00:00,system,uptime_format,20:24,dbms,tpc-ds,postgresql-100gb-load,1,ip-172-31-16-115,olap,benchANT
2026-06-04 08:18:10+00:00,system,uptime_format,20:25,dbms,tpc-ds,postgresql-100gb-load,1,ip-172-31-16-115,olap,benchANT
2026-06-04 08:18:20+00:00,system,uptime_format,20:25,dbms,tpc-ds,postgresql-100gb-load,1,ip-172-31-16-115,olap,benchANT
2026-06-04 08:18:30+00:00,system,uptime_format,20:25,dbms,tpc-ds,postgresql-100gb-load,1,ip-172-31-16-115,olap,benchANT
2026-06-04 08:18:40+00:00,system,uptime_format,20:25,dbms,tpc-ds,postgresql-100gb-load,1,ip-172-31-16-115,olap,benchANT
2026-06-04 08:18:50+00:00,system,uptime_format,20:25,dbms,tpc-ds,postgresql-100gb-load,1,ip-172-31-16-115,olap,benchANT
2026-06-04 08:19:00+00:00,system,uptime_format,20:25,dbms,tpc-ds,postgresql-100gb-load,1,ip-172-31-16-115,olap,benchANT
2026-06-04 08:19:10+00:00,system,uptime_format,20:26,dbms,tpc-ds,postgresql-100gb-load,1,ip-172-31-16-115,olap,benchANT
2026-06-04 08:19:20+00:00,system,uptime_format,20:26,dbms,tpc-ds,postgresql-100gb-load,1,ip-172-31-16-115,olap,benchANT
2026-06-04 08:19:30+00:00,system,uptime_format,20:26,dbms,tpc-ds,postgresql-100gb-load,1,ip-172-31-16-115,olap,benchANT
2026-06-04 08:19:40+00:00,system,uptime_format,20:26,dbms,tpc-ds,postgresql-100gb-load,1,ip-172-31-16-115,olap,benchANT
2026-06-04 08:19:50+00:00,system,uptime_format,20:26,dbms,tpc-ds,postgresql-100gb-load,1,ip-172-31-16-115,olap,benchANT
2026-06-04 08:20:00+00:00,system,uptime_format,20:26,dbms,tpc-ds,postgresql-100gb-load,1,ip-172-31-16-115,olap,benchANT
2026-06-04 08:20:10+00:00,system,uptime_format,20:27,dbms,tpc-ds,postgresql-100gb-load,1,ip-172-31-16-115,olap,benchANT
2026-06-04 08:20:20+00:00,system,uptime_format,20:27,dbms,tpc-ds,postgresql-100gb-load,1,ip-172-31-16-115,olap,benchANT
2026-06-04 08:20:30+00:00,system,uptime_format,20:27,dbms,tpc-ds,postgresql-100gb-load,1,ip-172-31-16-115,olap,benchANT
2026-06-04 08:20:40+00:00,system,uptime_format,20:27,dbms,tpc-ds,postgresql-100gb-load,1,ip-172-31-16-115,olap,benchANT
2026-06-04 08:20:50+00:00,system,uptime_format,20:27,dbms,tpc-ds,postgresql-100gb-load,1,ip-172-31-16-115,olap,benchANT
2026-06-04 08:21:00+00:00,system,uptime_format,20:27,dbms,tpc-ds,postgresql-100gb-load,1,ip-172-31-16-115,olap,benchANT
2026-06-04 08:21:10+00:00,system,uptime_format,20:28,dbms,tpc-ds,postgresql-100gb-load,1,ip-172-31-16-115,olap,benchANT
2026-06-04 08:21:20+00:00,system,uptime_format,20:28,dbms,tpc-ds,postgresql-100gb-load,1,ip-172-31-16-115,olap,benchANT
2026-06-04 08:21:30+00:00,system,uptime_format,20:28,dbms,tpc-ds,postgresql-100gb-load,1,ip-172-31-16-115,olap,benchANT
2026-06-04 08:21:40+00:00,system,uptime_format,20:28,dbms,tpc-ds,postgresql-100gb-load,1,ip-172-31-16-115,olap,benchANT
2026-06-04 08:21:50+00:00,system,uptime_format,20:28,dbms,tpc-ds,postgresql-100gb-load,1,ip-172-31-16-115,olap,benchANT
2026-06-04 08:22:00+00:00,system,uptime_format,20:28,dbms,tpc-ds,postgresql-100gb-load,1,ip-172-31-16-115,olap,benchANT
2026-06-04 08:22:10+00:00,system,uptime_format,20:29,dbms,tpc-ds,postgresql-100gb-load,1,ip-172-31-16-115,olap,benchANT
2026-06-04 08:22:20+00:00,system,uptime_format,20:29,dbms,tpc-ds,postgresql-100gb-load,1,ip-172-31-16-115,olap,benchANT
2026-06-04 08:22:30+00:00,system,uptime_format,20:29,dbms,tpc-ds,postgresql-100gb-load,1,ip-172-31-16-115,olap,benchANT
2026-06-04 08:22:40+00:00,system,uptime_format,20:29,dbms,tpc-ds,postgresql-100gb-load,1,ip-172-31-16-115,olap,benchANT
2026-06-04 08:22:50+00:00,system,uptime_format,20:29,dbms,tpc-ds,postgresql-100gb-load,1,ip-172-31-16-115,olap,benchANT
2026-06-04 08:23:00+00:00,system,uptime_format,20:29,dbms,tpc-ds,postgresql-100gb-load,1,ip-172-31-16-115,olap,benchANT
2026-06-04 08:23:10+00:00,system,uptime_format,20:30,dbms,tpc-ds,postgresql-100gb-load,1,ip-172-31-16-115,olap,benchANT
2026-06-04 08:23:20+00:00,system,uptime_format,20:30,dbms,tpc-ds,postgresql-100gb-load,1,ip-172-31-16-115,olap,benchANT
2026-06-04 08:23:30+00:00,system,uptime_format,20:30,dbms,tpc-ds,postgresql-100gb-load,1,ip-172-31-16-115,olap,benchANT
2026-06-04 08:23:40+00:00,system,uptime_format,20:30,dbms,tpc-ds,postgresql-100gb-load,1,ip-172-31-16-115,olap,benchANT
2026-06-04 08:23:50+00:00,system,uptime_format,20:30,dbms,tpc-ds,postgresql-100gb-load,1,ip-172-31-16-115,olap,benchANT
2026-06-04 08:24:00+00:00,system,uptime_format,20:30,dbms,tpc-ds,postgresql-100gb-load,1,ip-172-31-16-115,olap,benchANT
2026-06-04 08:24:10+00:00,system,uptime_format,20:31,dbms,tpc-ds,postgresql-100gb-load,1,ip-172-31-16-115,olap,benchANT
2026-06-04 08:24:20+00:00,system,uptime_format,20:31,dbms,tpc-ds,postgresql-100gb-load,1,ip-172-31-16-115,olap,benchANT
2026-06-04 08:24:30+00:00,system,uptime_format,20:31,dbms,tpc-ds,postgresql-100gb-load,1,ip-172-31-16-115,olap,benchANT
2026-06-04 08:24:40+00:00,system,uptime_format,20:31,dbms,tpc-ds,postgresql-100gb-load,1,ip-172-31-16-115,olap,benchANT
2026-06-04 08:24:50+00:00,system,uptime_format,20:31,dbms,tpc-ds,postgresql-100gb-load,1,ip-172-31-16-115,olap,benchANT
2026-06-04 08:25:00+00:00,system,uptime_format,20:31,dbms,tpc-ds,postgresql-100gb-load,1,ip-172-31-16-115,olap,benchANT
2026-06-04 08:25:10+00:00,system,uptime_format,20:32,dbms,tpc-ds,postgresql-100gb-load,1,ip-172-31-16-115,olap,benchANT
2026-06-04 08:25:20+00:00,system,uptime_format,20:32,dbms,tpc-ds,postgresql-100gb-load,1,ip-172-31-16-115,olap,benchANT
2026-06-04 08:25:30+00:00,system,uptime_format,20:32,dbms,tpc-ds,postgresql-100gb-load,1,ip-172-31-16-115,olap,benchANT
2026-06-04 08:25:40+00:00,system,uptime_format,20:32,dbms,tpc-ds,postgresql-100gb-load,1,ip-172-31-16-115,olap,benchANT
2026-06-04 08:25:50+00:00,system,uptime_format,20:32,dbms,tpc-ds,postgresql-100gb-load,1,ip-172-31-16-115,olap,benchANT
2026-06-04 08:26:00+00:00,system,uptime_format,20:32,dbms,tpc-ds,postgresql-100gb-load,1,ip-172-31-16-115,olap,benchANT
2026-06-04 08:26:10+00:00,system,uptime_format,20:33,dbms,tpc-ds,postgresql-100gb-load,1,ip-172-31-16-115,olap,benchANT
2026-06-04 08:26:20+00:00,system,uptime_format,20:33,dbms,tpc-ds,postgresql-100gb-load,1,ip-172-31-16-115,olap,benchANT
2026-06-04 08:26:30+00:00,system,uptime_format,20:33,dbms,tpc-ds,postgresql-100gb-load,1,ip-172-31-16-115,olap,benchANT
2026-06-04 08:26:40+00:00,system,uptime_format,20:33,dbms,tpc-ds,postgresql-100gb-load,1,ip-172-31-16-115,olap,benchANT
2026-06-04 08:26:50+00:00,system,uptime_format,20:33,dbms,tpc-ds,postgresql-100gb-load,1,ip-172-31-16-115,olap,benchANT
2026-06-04 08:27:00+00:00,system,uptime_format,20:33,dbms,tpc-ds,postgresql-100gb-load,1,ip-172-31-16-115,olap,benchANT
2026-06-04 08:27:10+00:00,system,uptime_format,20:34,dbms,tpc-ds,postgresql-100gb-load,1,ip-172-31-16-115,olap,benchANT
2026-06-04 08:27:20+00:00,system,uptime_format,20:34,dbms,tpc-ds,postgresql-100gb-load,1,ip-172-31-16-115,olap,benchANT
2026-06-04 08:27:30+00:00,system,uptime_format,20:34,dbms,tpc-ds,postgresql-100gb-load,1,ip-172-31-16-115,olap,benchANT
2026-06-04 08:27:40+00:00,system,uptime_format,20:34,dbms,tpc-ds,postgresql-100gb-load,1,ip-172-31-16-115,olap,benchANT
2026-06-04 08:27:50+00:00,system,uptime_format,20:34,dbms,tpc-ds,postgresql-100gb-load,1,ip-172-31-16-115,olap,benchANT
2026-06-04 08:28:00+00:00,system,uptime_format,20:34,dbms,tpc-ds,postgresql-100gb-load,1,ip-172-31-16-115,olap,benchANT
2026-06-04 08:28:10+00:00,system,uptime_format,20:35,dbms,tpc-ds,postgresql-100gb-load,1,ip-172-31-16-115,olap,benchANT
2026-06-04 08:28:20+00:00,system,uptime_format,20:35,dbms,tpc-ds,postgresql-100gb-load,1,ip-172-31-16-115,olap,benchANT
2026-06-04 08:28:30+00:00,system,uptime_format,20:35,dbms,tpc-ds,postgresql-100gb-load,1,ip-172-31-16-115,olap,benchANT
2026-06-04 08:28:40+00:00,system,uptime_format,20:35,dbms,tpc-ds,postgresql-100gb-load,1,ip-172-31-16-115,olap,benchANT
2026-06-04 08:28:50+00:00,system,uptime_format,20:35,dbms,tpc-ds,postgresql-100gb-load,1,ip-172-31-16-115,olap,benchANT
2026-06-04 08:29:00+00:00,system,uptime_format,20:35,dbms,tpc-ds,postgresql-100gb-load,1,ip-172-31-16-115,olap,benchANT
2026-06-04 08:29:10+00:00,system,uptime_format,20:36,dbms,tpc-ds,postgresql-100gb-load,1,ip-172-31-16-115,olap,benchANT
2026-06-04 08:29:20+00:00,system,uptime_format,20:36,dbms,tpc-ds,postgresql-100gb-load,1,ip-172-31-16-115,olap,benchANT
2026-06-04 08:29:30+00:00,system,uptime_format,20:36,dbms,tpc-ds,postgresql-100gb-load,1,ip-172-31-16-115,olap,benchANT
2026-06-04 08:29:40+00:00,system,uptime_format,20:36,dbms,tpc-ds,postgresql-100gb-load,1,ip-172-31-16-115,olap,benchANT
2026-06-04 08:29:50+00:00,system,uptime_format,20:36,dbms,tpc-ds,postgresql-100gb-load,1,ip-172-31-16-115,olap,benchANT
2026-06-04 08:30:00+00:00,system,uptime_format,20:36,dbms,tpc-ds,postgresql-100gb-load,1,ip-172-31-16-115,olap,benchANT
2026-06-04 08:30:10+00:00,system,uptime_format,20:37,dbms,tpc-ds,postgresql-100gb-load,1,ip-172-31-16-115,olap,benchANT
2026-06-04 08:30:20+00:00,system,uptime_format,20:37,dbms,tpc-ds,postgresql-100gb-load,1,ip-172-31-16-115,olap,benchANT
2026-06-04 08:30:30+00:00,system,uptime_format,20:37,dbms,tpc-ds,postgresql-100gb-load,1,ip-172-31-16-115,olap,benchANT
2026-06-04 08:30:40+00:00,system,uptime_format,20:37,dbms,tpc-ds,postgresql-100gb-load,1,ip-172-31-16-115,olap,benchANT
2026-06-04 08:30:50+00:00,system,uptime_format,20:37,dbms,tpc-ds,postgresql-100gb-load,1,ip-172-31-16-115,olap,benchANT
2026-06-04 08:31:00+00:00,system,uptime_format,20:37,dbms,tpc-ds,postgresql-100gb-load,1,ip-172-31-16-115,olap,benchANT
2026-06-04 08:31:10+00:00,system,uptime_format,20:38,dbms,tpc-ds,postgresql-100gb-load,1,ip-172-31-16-115,olap,benchANT
2026-06-04 08:31:20+00:00,system,uptime_format,20:38,dbms,tpc-ds,postgresql-100gb-load,1,ip-172-31-16-115,olap,benchANT
2026-06-04 08:31:30+00:00,system,uptime_format,20:38,dbms,tpc-ds,postgresql-100gb-load,1,ip-172-31-16-115,olap,benchANT
2026-06-04 08:31:40+00:00,system,uptime_format,20:38,dbms,tpc-ds,postgresql-100gb-load,1,ip-172-31-16-115,olap,benchANT
2026-06-04 08:31:50+00:00,system,uptime_format,20:38,dbms,tpc-ds,postgresql-100gb-load,1,ip-172-31-16-115,olap,benchANT
2026-06-04 08:32:00+00:00,system,uptime_format,20:38,dbms,tpc-ds,postgresql-100gb-load,1,ip-172-31-16-115,olap,benchANT
2026-06-04 08:32:10+00:00,system,uptime_format,20:39,dbms,tpc-ds,postgresql-100gb-load,1,ip-172-31-16-115,olap,benchANT
2026-06-04 08:32:20+00:00,system,uptime_format,20:39,dbms,tpc-ds,postgresql-100gb-load,1,ip-172-31-16-115,olap,benchANT
2026-06-04 08:32:30+00:00,system,uptime_format,20:39,dbms,tpc-ds,postgresql-100gb-load,1,ip-172-31-16-115,olap,benchANT
2026-06-04 08:32:40+00:00,system,uptime_format,20:39,dbms,tpc-ds,postgresql-100gb-load,1,ip-172-31-16-115,olap,benchANT
2026-06-04 08:32:50+00:00,system,uptime_format,20:39,dbms,tpc-ds,postgresql-100gb-load,1,ip-172-31-16-115,olap,benchANT
2026-06-04 08:33:00+00:00,system,uptime_format,20:39,dbms,tpc-ds,postgresql-100gb-load,1,ip-172-31-16-115,olap,benchANT
2026-06-04 08:33:10+00:00,system,uptime_format,20:40,dbms,tpc-ds,postgresql-100gb-load,1,ip-172-31-16-115,olap,benchANT
2026-06-04 08:33:20+00:00,system,uptime_format,20:40,dbms,tpc-ds,postgresql-100gb-load,1,ip-172-31-16-115,olap,benchANT
2026-06-04 08:33:30+00:00,system,uptime_format,20:40,dbms,tpc-ds,postgresql-100gb-load,1,ip-172-31-16-115,olap,benchANT
2026-06-04 08:33:40+00:00,system,uptime_format,20:40,dbms,tpc-ds,postgresql-100gb-load,1,ip-172-31-16-115,olap,benchANT
2026-06-04 08:33:50+00:00,system,uptime_format,20:40,dbms,tpc-ds,postgresql-100gb-load,1,ip-172-31-16-115,olap,benchANT
2026-06-04 08:34:00+00:00,system,uptime_format,20:40,dbms,tpc-ds,postgresql-100gb-load,1,ip-172-31-16-115,olap,benchANT
2026-06-04 08:34:10+00:00,system,uptime_format,20:41,dbms,tpc-ds,postgresql-100gb-load,1,ip-172-31-16-115,olap,benchANT
2026-06-04 08:34:20+00:00,system,uptime_format,20:41,dbms,tpc-ds,postgresql-100gb-load,1,ip-172-31-16-115,olap,benchANT
2026-06-04 08:34:30+00:00,system,uptime_format,20:41,dbms,tpc-ds,postgresql-100gb-load,1,ip-172-31-16-115,olap,benchANT
2026-06-04 08:34:40+00:00,system,uptime_format,20:41,dbms,tpc-ds,postgresql-100gb-load,1,ip-172-31-16-115,olap,benchANT
2026-06-04 08:34:50+00:00,system,uptime_format,20:41,dbms,tpc-ds,postgresql-100gb-load,1,ip-172-31-16-115,olap,benchANT
2026-06-04 08:35:00+00:00,system,uptime_format,20:41,dbms,tpc-ds,postgresql-100gb-load,1,ip-172-31-16-115,olap,benchANT
2026-06-04 08:35:10+00:00,system,uptime_format,20:42,dbms,tpc-ds,postgresql-100gb-load,1,ip-172-31-16-115,olap,benchANT
2026-06-04 08:35:20+00:00,system,uptime_format,20:42,dbms,tpc-ds,postgresql-100gb-load,1,ip-172-31-16-115,olap,benchANT
2026-06-04 08:35:30+00:00,system,uptime_format,20:42,dbms,tpc-ds,postgresql-100gb-load,1,ip-172-31-16-115,olap,benchANT
2026-06-04 08:35:40+00:00,system,uptime_format,20:42,dbms,tpc-ds,postgresql-100gb-load,1,ip-172-31-16-115,olap,benchANT
2026-06-04 08:35:50+00:00,system,uptime_format,20:42,dbms,tpc-ds,postgresql-100gb-load,1,ip-172-31-16-115,olap,benchANT
2026-06-04 08:36:00+00:00,system,uptime_format,20:42,dbms,tpc-ds,postgresql-100gb-load,1,ip-172-31-16-115,olap,benchANT
2026-06-04 08:36:10+00:00,system,uptime_format,20:43,dbms,tpc-ds,postgresql-100gb-load,1,ip-172-31-16-115,olap,benchANT
2026-06-04 08:36:20+00:00,system,uptime_format,20:43,dbms,tpc-ds,postgresql-100gb-load,1,ip-172-31-16-115,olap,benchANT
2026-06-04 08:36:30+00:00,system,uptime_format,20:43,dbms,tpc-ds,postgresql-100gb-load,1,ip-172-31-16-115,olap,benchANT
2026-06-04 08:36:40+00:00,system,uptime_format,20:43,dbms,tpc-ds,postgresql-100gb-load,1,ip-172-31-16-115,olap,benchANT
2026-06-04 08:36:50+00:00,system,uptime_format,20:43,dbms,tpc-ds,postgresql-100gb-load,1,ip-172-31-16-115,olap,benchANT
2026-06-04 08:37:00+00:00,system,uptime_format,20:43,dbms,tpc-ds,postgresql-100gb-load,1,ip-172-31-16-115,olap,benchANT
2026-06-04 08:37:10+00:00,system,uptime_format,20:44,dbms,tpc-ds,postgresql-100gb-load,1,ip-172-31-16-115,olap,benchANT
2026-06-04 08:37:20+00:00,system,uptime_format,20:44,dbms,tpc-ds,postgresql-100gb-load,1,ip-172-31-16-115,olap,benchANT
2026-06-04 08:37:30+00:00,system,uptime_format,20:44,dbms,tpc-ds,postgresql-100gb-load,1,ip-172-31-16-115,olap,benchANT
2026-06-04 08:37:40+00:00,system,uptime_format,20:44,dbms,tpc-ds,postgresql-100gb-load,1,ip-172-31-16-115,olap,benchANT
2026-06-04 08:37:50+00:00,system,uptime_format,20:44,dbms,tpc-ds,postgresql-100gb-load,1,ip-172-31-16-115,olap,benchANT
2026-06-04 08:38:00+00:00,system,uptime_format,20:44,dbms,tpc-ds,postgresql-100gb-load,1,ip-172-31-16-115,olap,benchANT
2026-06-04 08:38:10+00:00,system,uptime_format,20:45,dbms,tpc-ds,postgresql-100gb-load,1,ip-172-31-16-115,olap,benchANT
2026-06-04 08:38:20+00:00,system,uptime_format,20:45,dbms,tpc-ds,postgresql-100gb-load,1,ip-172-31-16-115,olap,benchANT
2026-06-04 08:38:30+00:00,system,uptime_format,20:45,dbms,tpc-ds,postgresql-100gb-load,1,ip-172-31-16-115,olap,benchANT
2026-06-04 08:38:40+00:00,system,uptime_format,20:45,dbms,tpc-ds,postgresql-100gb-load,1,ip-172-31-16-115,olap,benchANT
2026-06-04 08:38:50+00:00,system,uptime_format,20:45,dbms,tpc-ds,postgresql-100gb-load,1,ip-172-31-16-115,olap,benchANT
2026-06-04 08:39:00+00:00,system,uptime_format,20:45,dbms,tpc-ds,postgresql-100gb-load,1,ip-172-31-16-115,olap,benchANT
2026-06-04 08:39:10+00:00,system,uptime_format,20:46,dbms,tpc-ds,postgresql-100gb-load,1,ip-172-31-16-115,olap,benchANT
2026-06-04 08:39:20+00:00,system,uptime_format,20:46,dbms,tpc-ds,postgresql-100gb-load,1,ip-172-31-16-115,olap,benchANT
2026-06-04 08:39:30+00:00,system,uptime_format,20:46,dbms,tpc-ds,postgresql-100gb-load,1,ip-172-31-16-115,olap,benchANT
2026-06-04 08:39:40+00:00,system,uptime_format,20:46,dbms,tpc-ds,postgresql-100gb-load,1,ip-172-31-16-115,olap,benchANT
2026-06-04 08:39:50+00:00,system,uptime_format,20:46,dbms,tpc-ds,postgresql-100gb-load,1,ip-172-31-16-115,olap,benchANT
2026-06-04 08:40:00+00:00,system,uptime_format,20:46,dbms,tpc-ds,postgresql-100gb-load,1,ip-172-31-16-115,olap,benchANT
2026-06-04 08:40:10+00:00,system,uptime_format,20:47,dbms,tpc-ds,postgresql-100gb-load,1,ip-172-31-16-115,olap,benchANT
2026-06-04 08:40:20+00:00,system,uptime_format,20:47,dbms,tpc-ds,postgresql-100gb-load,1,ip-172-31-16-115,olap,benchANT
2026-06-04 08:40:30+00:00,system,uptime_format,20:47,dbms,tpc-ds,postgresql-100gb-load,1,ip-172-31-16-115,olap,benchANT
2026-06-04 08:40:40+00:00,system,uptime_format,20:47,dbms,tpc-ds,postgresql-100gb-load,1,ip-172-31-16-115,olap,benchANT
2026-06-04 08:40:50+00:00,system,uptime_format,20:47,dbms,tpc-ds,postgresql-100gb-load,1,ip-172-31-16-115,olap,benchANT
2026-06-04 08:41:00+00:00,system,uptime_format,20:47,dbms,tpc-ds,postgresql-100gb-load,1,ip-172-31-16-115,olap,benchANT
2026-06-04 08:41:10+00:00,system,uptime_format,20:48,dbms,tpc-ds,postgresql-100gb-load,1,ip-172-31-16-115,olap,benchANT
2026-06-04 08:41:20+00:00,system,uptime_format,20:48,dbms,tpc-ds,postgresql-100gb-load,1,ip-172-31-16-115,olap,benchANT
2026-06-04 08:41:30+00:00,system,uptime_format,20:48,dbms,tpc-ds,postgresql-100gb-load,1,ip-172-31-16-115,olap,benchANT
2026-06-04 08:41:40+00:00,system,uptime_format,20:48,dbms,tpc-ds,postgresql-100gb-load,1,ip-172-31-16-115,olap,benchANT
2026-06-04 08:41:50+00:00,system,uptime_format,20:48,dbms,tpc-ds,postgresql-100gb-load,1,ip-172-31-16-115,olap,benchANT
2026-06-04 08:42:00+00:00,system,uptime_format,20:48,dbms,tpc-ds,postgresql-100gb-load,1,ip-172-31-16-115,olap,benchANT
2026-06-04 08:42:10+00:00,system,uptime_format,20:49,dbms,tpc-ds,postgresql-100gb-load,1,ip-172-31-16-115,olap,benchANT
2026-06-04 08:42:20+00:00,system,uptime_format,20:49,dbms,tpc-ds,postgresql-100gb-load,1,ip-172-31-16-115,olap,benchANT
2026-06-04 08:42:30+00:00,system,uptime_format,20:49,dbms,tpc-ds,postgresql-100gb-load,1,ip-172-31-16-115,olap,benchANT
2026-06-04 08:42:40+00:00,system,uptime_format,20:49,dbms,tpc-ds,postgresql-100gb-load,1,ip-172-31-16-115,olap,benchANT
2026-06-04 08:42:50+00:00,system,uptime_format,20:49,dbms,tpc-ds,postgresql-100gb-load,1,ip-172-31-16-115,olap,benchANT
2026-06-04 08:43:00+00:00,system,uptime_format,20:49,dbms,tpc-ds,postgresql-100gb-load,1,ip-172-31-16-115,olap,benchANT
2026-06-04 08:43:10+00:00,system,uptime_format,20:50,dbms,tpc-ds,postgresql-100gb-load,1,ip-172-31-16-115,olap,benchANT
2026-06-04 08:43:20+00:00,system,uptime_format,20:50,dbms,tpc-ds,postgresql-100gb-load,1,ip-172-31-16-115,olap,benchANT
2026-06-04 08:43:30+00:00,system,uptime_format,20:50,dbms,tpc-ds,postgresql-100gb-load,1,ip-172-31-16-115,olap,benchANT
2026-06-04 08:43:40+00:00,system,uptime_format,20:50,dbms,tpc-ds,postgresql-100gb-load,1,ip-172-31-16-115,olap,benchANT
2026-06-04 08:43:50+00:00,system,uptime_format,20:50,dbms,tpc-ds,postgresql-100gb-load,1,ip-172-31-16-115,olap,benchANT
2026-06-04 08:44:00+00:00,system,uptime_format,20:50,dbms,tpc-ds,postgresql-100gb-load,1,ip-172-31-16-115,olap,benchANT
2026-06-04 08:44:10+00:00,system,uptime_format,20:51,dbms,tpc-ds,postgresql-100gb-load,1,ip-172-31-16-115,olap,benchANT
2026-06-04 08:44:20+00:00,system,uptime_format,20:51,dbms,tpc-ds,postgresql-100gb-load,1,ip-172-31-16-115,olap,benchANT
2026-06-04 08:44:30+00:00,system,uptime_format,20:51,dbms,tpc-ds,postgresql-100gb-load,1,ip-172-31-16-115,olap,benchANT
2026-06-04 08:44:40+00:00,system,uptime_format,20:51,dbms,tpc-ds,postgresql-100gb-load,1,ip-172-31-16-115,olap,benchANT
2026-06-04 08:44:50+00:00,system,uptime_format,20:51,dbms,tpc-ds,postgresql-100gb-load,1,ip-172-31-16-115,olap,benchANT
2026-06-04 08:45:00+00:00,system,uptime_format,20:51,dbms,tpc-ds,postgresql-100gb-load,1,ip-172-31-16-115,olap,benchANT
2026-06-04 08:45:10+00:00,system,uptime_format,20:52,dbms,tpc-ds,postgresql-100gb-load,1,ip-172-31-16-115,olap,benchANT
2026-06-04 08:45:20+00:00,system,uptime_format,20:52,dbms,tpc-ds,postgresql-100gb-load,1,ip-172-31-16-115,olap,benchANT
2026-06-04 08:45:30+00:00,system,uptime_format,20:52,dbms,tpc-ds,postgresql-100gb-load,1,ip-172-31-16-115,olap,benchANT
2026-06-04 08:45:40+00:00,system,uptime_format,20:52,dbms,tpc-ds,postgresql-100gb-load,1,ip-172-31-16-115,olap,benchANT
2026-06-04 08:45:50+00:00,system,uptime_format,20:52,dbms,tpc-ds,postgresql-100gb-load,1,ip-172-31-16-115,olap,benchANT
2026-06-04 08:46:00+00:00,system,uptime_format,20:52,dbms,tpc-ds,postgresql-100gb-load,1,ip-172-31-16-115,olap,benchANT
2026-06-04 08:46:10+00:00,system,uptime_format,20:53,dbms,tpc-ds,postgresql-100gb-load,1,ip-172-31-16-115,olap,benchANT
2026-06-04 08:46:20+00:00,system,uptime_format,20:53,dbms,tpc-ds,postgresql-100gb-load,1,ip-172-31-16-115,olap,benchANT
2026-06-04 08:46:30+00:00,system,uptime_format,20:53,dbms,tpc-ds,postgresql-100gb-load,1,ip-172-31-16-115,olap,benchANT
2026-06-04 08:46:40+00:00,system,uptime_format,20:53,dbms,tpc-ds,postgresql-100gb-load,1,ip-172-31-16-115,olap,benchANT
2026-06-04 08:46:50+00:00,system,uptime_format,20:53,dbms,tpc-ds,postgresql-100gb-load,1,ip-172-31-16-115,olap,benchANT
2026-06-04 08:47:00+00:00,system,uptime_format,20:53,dbms,tpc-ds,postgresql-100gb-load,1,ip-172-31-16-115,olap,benchANT
2026-06-04 08:47:10+00:00,system,uptime_format,20:54,dbms,tpc-ds,postgresql-100gb-load,1,ip-172-31-16-115,olap,benchANT
2026-06-04 08:47:20+00:00,system,uptime_format,20:54,dbms,tpc-ds,postgresql-100gb-load,1,ip-172-31-16-115,olap,benchANT
2026-06-04 08:47:30+00:00,system,uptime_format,20:54,dbms,tpc-ds,postgresql-100gb-load,1,ip-172-31-16-115,olap,benchANT
2026-06-04 08:47:40+00:00,system,uptime_format,20:54,dbms,tpc-ds,postgresql-100gb-load,1,ip-172-31-16-115,olap,benchANT
2026-06-04 08:47:50+00:00,system,uptime_format,20:54,dbms,tpc-ds,postgresql-100gb-load,1,ip-172-31-16-115,olap,benchANT
2026-06-04 08:48:00+00:00,system,uptime_format,20:54,dbms,tpc-ds,postgresql-100gb-load,1,ip-172-31-16-115,olap,benchANT
2026-06-04 08:48:10+00:00,system,uptime_format,20:55,dbms,tpc-ds,postgresql-100gb-load,1,ip-172-31-16-115,olap,benchANT
2026-06-04 08:48:20+00:00,system,uptime_format,20:55,dbms,tpc-ds,postgresql-100gb-load,1,ip-172-31-16-115,olap,benchANT
2026-06-04 08:48:30+00:00,system,uptime_format,20:55,dbms,tpc-ds,postgresql-100gb-load,1,ip-172-31-16-115,olap,benchANT
2026-06-04 08:48:40+00:00,system,uptime_format,20:55,dbms,tpc-ds,postgresql-100gb-load,1,ip-172-31-16-115,olap,benchANT
2026-06-04 08:48:50+00:00,system,uptime_format,20:55,dbms,tpc-ds,postgresql-100gb-load,1,ip-172-31-16-115,olap,benchANT
2026-06-04 08:49:00+00:00,system,uptime_format,20:55,dbms,tpc-ds,postgresql-100gb-load,1,ip-172-31-16-115,olap,benchANT
2026-06-04 08:49:10+00:00,system,uptime_format,20:56,dbms,tpc-ds,postgresql-100gb-load,1,ip-172-31-16-115,olap,benchANT
2026-06-04 08:49:20+00:00,system,uptime_format,20:56,dbms,tpc-ds,postgresql-100gb-load,1,ip-172-31-16-115,olap,benchANT
2026-06-04 08:49:30+00:00,system,uptime_format,20:56,dbms,tpc-ds,postgresql-100gb-load,1,ip-172-31-16-115,olap,benchANT
2026-06-04 08:49:40+00:00,system,uptime_format,20:56,dbms,tpc-ds,postgresql-100gb-load,1,ip-172-31-16-115,olap,benchANT
2026-06-04 08:49:50+00:00,system,uptime_format,20:56,dbms,tpc-ds,postgresql-100gb-load,1,ip-172-31-16-115,olap,benchANT
2026-06-04 08:50:00+00:00,system,uptime_format,20:56,dbms,tpc-ds,postgresql-100gb-load,1,ip-172-31-16-115,olap,benchANT
2026-06-04 08:50:10+00:00,system,uptime_format,20:57,dbms,tpc-ds,postgresql-100gb-load,1,ip-172-31-16-115,olap,benchANT
2026-06-04 08:50:20+00:00,system,uptime_format,20:57,dbms,tpc-ds,postgresql-100gb-load,1,ip-172-31-16-115,olap,benchANT
2026-06-04 08:50:30+00:00,system,uptime_format,20:57,dbms,tpc-ds,postgresql-100gb-load,1,ip-172-31-16-115,olap,benchANT
2026-06-04 08:50:40+00:00,system,uptime_format,20:57,dbms,tpc-ds,postgresql-100gb-load,1,ip-172-31-16-115,olap,benchANT
2026-06-04 08:50:50+00:00,system,uptime_format,20:57,dbms,tpc-ds,postgresql-100gb-load,1,ip-172-31-16-115,olap,benchANT
2026-06-04 08:51:00+00:00,system,uptime_format,20:57,dbms,tpc-ds,postgresql-100gb-load,1,ip-172-31-16-115,olap,benchANT
2026-06-04 08:51:10+00:00,system,uptime_format,20:58,dbms,tpc-ds,postgresql-100gb-load,1,ip-172-31-16-115,olap,benchANT
2026-06-04 08:51:20+00:00,system,uptime_format,20:58,dbms,tpc-ds,postgresql-100gb-load,1,ip-172-31-16-115,olap,benchANT
2026-06-04 08:51:30+00:00,system,uptime_format,20:58,dbms,tpc-ds,postgresql-100gb-load,1,ip-172-31-16-115,olap,benchANT
2026-06-04 08:51:40+00:00,system,uptime_format,20:58,dbms,tpc-ds,postgresql-100gb-load,1,ip-172-31-16-115,olap,benchANT
2026-06-04 08:51:50+00:00,system,uptime_format,20:58,dbms,tpc-ds,postgresql-100gb-load,1,ip-172-31-16-115,olap,benchANT
2026-06-04 08:52:00+00:00,system,uptime_format,20:58,dbms,tpc-ds,postgresql-100gb-load,1,ip-172-31-16-115,olap,benchANT
2026-06-04 08:52:10+00:00,system,uptime_format,20:59,dbms,tpc-ds,postgresql-100gb-load,1,ip-172-31-16-115,olap,benchANT
2026-06-04 08:52:20+00:00,system,uptime_format,20:59,dbms,tpc-ds,postgresql-100gb-load,1,ip-172-31-16-115,olap,benchANT
2026-06-04 08:52:30+00:00,system,uptime_format,20:59,dbms,tpc-ds,postgresql-100gb-load,1,ip-172-31-16-115,olap,benchANT
2026-06-04 08:52:40+00:00,system,uptime_format,20:59,dbms,tpc-ds,postgresql-100gb-load,1,ip-172-31-16-115,olap,benchANT
2026-06-04 08:52:50+00:00,system,uptime_format,20:59,dbms,tpc-ds,postgresql-100gb-load,1,ip-172-31-16-115,olap,benchANT
2026-06-04 08:53:00+00:00,system,uptime_format,20:59,dbms,tpc-ds,postgresql-100gb-load,1,ip-172-31-16-115,olap,benchANT
2026-06-04 08:53:10+00:00,system,uptime_format,21:00,dbms,tpc-ds,postgresql-100gb-load,1,ip-172-31-16-115,olap,benchANT
2026-06-04 08:53:20+00:00,system,uptime_format,21:00,dbms,tpc-ds,postgresql-100gb-load,1,ip-172-31-16-115,olap,benchANT
2026-06-04 08:53:30+00:00,system,uptime_format,21:00,dbms,tpc-ds,postgresql-100gb-load,1,ip-172-31-16-115,olap,benchANT
2026-06-04 08:53:40+00:00,system,uptime_format,21:00,dbms,tpc-ds,postgresql-100gb-load,1,ip-172-31-16-115,olap,benchANT
2026-06-04 08:53:50+00:00,system,uptime_format,21:00,dbms,tpc-ds,postgresql-100gb-load,1,ip-172-31-16-115,olap,benchANT
2026-06-04 08:54:00+00:00,system,uptime_format,21:00,dbms,tpc-ds,postgresql-100gb-load,1,ip-172-31-16-115,olap,benchANT
2026-06-04 08:54:10+00:00,system,uptime_format,21:01,dbms,tpc-ds,postgresql-100gb-load,1,ip-172-31-16-115,olap,benchANT
2026-06-04 08:54:20+00:00,system,uptime_format,21:01,dbms,tpc-ds,postgresql-100gb-load,1,ip-172-31-16-115,olap,benchANT
2026-06-04 08:54:30+00:00,system,uptime_format,21:01,dbms,tpc-ds,postgresql-100gb-load,1,ip-172-31-16-115,olap,benchANT
2026-06-04 08:54:40+00:00,system,uptime_format,21:01,dbms,tpc-ds,postgresql-100gb-load,1,ip-172-31-16-115,olap,benchANT
2026-06-04 08:54:50+00:00,system,uptime_format,21:01,dbms,tpc-ds,postgresql-100gb-load,1,ip-172-31-16-115,olap,benchANT
2026-06-04 08:55:00+00:00,system,uptime_format,21:01,dbms,tpc-ds,postgresql-100gb-load,1,ip-172-31-16-115,olap,benchANT
2026-06-04 08:55:10+00:00,system,uptime_format,21:02,dbms,tpc-ds,postgresql-100gb-load,1,ip-172-31-16-115,olap,benchANT
2026-06-04 08:55:20+00:00,system,uptime_format,21:02,dbms,tpc-ds,postgresql-100gb-load,1,ip-172-31-16-115,olap,benchANT
2026-06-04 08:55:30+00:00,system,uptime_format,21:02,dbms,tpc-ds,postgresql-100gb-load,1,ip-172-31-16-115,olap,benchANT
2026-06-04 08:55:40+00:00,system,uptime_format,21:02,dbms,tpc-ds,postgresql-100gb-load,1,ip-172-31-16-115,olap,benchANT
2026-06-04 08:55:50+00:00,system,uptime_format,21:02,dbms,tpc-ds,postgresql-100gb-load,1,ip-172-31-16-115,olap,benchANT
2026-06-04 08:56:00+00:00,system,uptime_format,21:02,dbms,tpc-ds,postgresql-100gb-load,1,ip-172-31-16-115,olap,benchANT
2026-06-04 08:56:10+00:00,system,uptime_format,21:03,dbms,tpc-ds,postgresql-100gb-load,1,ip-172-31-16-115,olap,benchANT
2026-06-04 08:56:20+00:00,system,uptime_format,21:03,dbms,tpc-ds,postgresql-100gb-load,1,ip-172-31-16-115,olap,benchANT
2026-06-04 08:56:30+00:00,system,uptime_format,21:03,dbms,tpc-ds,postgresql-100gb-load,1,ip-172-31-16-115,olap,benchANT
2026-06-04 08:56:40+00:00,system,uptime_format,21:03,dbms,tpc-ds,postgresql-100gb-load,1,ip-172-31-16-115,olap,benchANT
2026-06-04 08:56:50+00:00,system,uptime_format,21:03,dbms,tpc-ds,postgresql-100gb-load,1,ip-172-31-16-115,olap,benchANT
2026-06-04 08:57:00+00:00,system,uptime_format,21:03,dbms,tpc-ds,postgresql-100gb-load,1,ip-172-31-16-115,olap,benchANT
2026-06-04 08:57:10+00:00,system,uptime_format,21:04,dbms,tpc-ds,postgresql-100gb-load,1,ip-172-31-16-115,olap,benchANT
2026-06-04 08:57:20+00:00,system,uptime_format,21:04,dbms,tpc-ds,postgresql-100gb-load,1,ip-172-31-16-115,olap,benchANT
2026-06-04 08:57:30+00:00,system,uptime_format,21:04,dbms,tpc-ds,postgresql-100gb-load,1,ip-172-31-16-115,olap,benchANT
2026-06-04 08:57:40+00:00,system,uptime_format,21:04,dbms,tpc-ds,postgresql-100gb-load,1,ip-172-31-16-115,olap,benchANT
2026-06-04 08:57:50+00:00,system,uptime_format,21:04,dbms,tpc-ds,postgresql-100gb-load,1,ip-172-31-16-115,olap,benchANT
2026-06-04 08:58:00+00:00,system,uptime_format,21:04,dbms,tpc-ds,postgresql-100gb-load,1,ip-172-31-16-115,olap,benchANT
2026-06-04 08:58:10+00:00,system,uptime_format,21:05,dbms,tpc-ds,postgresql-100gb-load,1,ip-172-31-16-115,olap,benchANT
2026-06-04 08:58:20+00:00,system,uptime_format,21:05,dbms,tpc-ds,postgresql-100gb-load,1,ip-172-31-16-115,olap,benchANT
2026-06-04 08:58:30+00:00,system,uptime_format,21:05,dbms,tpc-ds,postgresql-100gb-load,1,ip-172-31-16-115,olap,benchANT
2026-06-04 08:58:40+00:00,system,uptime_format,21:05,dbms,tpc-ds,postgresql-100gb-load,1,ip-172-31-16-115,olap,benchANT
2026-06-04 08:58:50+00:00,system,uptime_format,21:05,dbms,tpc-ds,postgresql-100gb-load,1,ip-172-31-16-115,olap,benchANT
2026-06-04 08:59:00+00:00,system,uptime_format,21:05,dbms,tpc-ds,postgresql-100gb-load,1,ip-172-31-16-115,olap,benchANT
2026-06-04 08:59:10+00:00,system,uptime_format,21:06,dbms,tpc-ds,postgresql-100gb-load,1,ip-172-31-16-115,olap,benchANT
2026-06-04 08:59:20+00:00,system,uptime_format,21:06,dbms,tpc-ds,postgresql-100gb-load,1,ip-172-31-16-115,olap,benchANT
2026-06-04 08:59:30+00:00,system,uptime_format,21:06,dbms,tpc-ds,postgresql-100gb-load,1,ip-172-31-16-115,olap,benchANT
2026-06-04 08:59:40+00:00,system,uptime_format,21:06,dbms,tpc-ds,postgresql-100gb-load,1,ip-172-31-16-115,olap,benchANT
2026-06-04 08:59:50+00:00,system,uptime_format,21:06,dbms,tpc-ds,postgresql-100gb-load,1,ip-172-31-16-115,olap,benchANT
2026-06-04 09:00:00+00:00,system,uptime_format,21:06,dbms,tpc-ds,postgresql-100gb-load,1,ip-172-31-16-115,olap,benchANT
2026-06-04 09:00:10+00:00,system,uptime_format,21:07,dbms,tpc-ds,postgresql-100gb-load,1,ip-172-31-16-115,olap,benchANT
2026-06-04 09:00:20+00:00,system,uptime_format,21:07,dbms,tpc-ds,postgresql-100gb-load,1,ip-172-31-16-115,olap,benchANT
2026-06-04 09:00:30+00:00,system,uptime_format,21:07,dbms,tpc-ds,postgresql-100gb-load,1,ip-172-31-16-115,olap,benchANT
2026-06-04 09:00:40+00:00,system,uptime_format,21:07,dbms,tpc-ds,postgresql-100gb-load,1,ip-172-31-16-115,olap,benchANT
2026-06-04 09:00:50+00:00,system,uptime_format,21:07,dbms,tpc-ds,postgresql-100gb-load,1,ip-172-31-16-115,olap,benchANT
2026-06-04 09:01:00+00:00,system,uptime_format,21:07,dbms,tpc-ds,postgresql-100gb-load,1,ip-172-31-16-115,olap,benchANT
2026-06-04 09:01:10+00:00,system,uptime_format,21:08,dbms,tpc-ds,postgresql-100gb-load,1,ip-172-31-16-115,olap,benchANT
