time,measurement,field,value,application,batchId,configurationId,executionCounter,host,projectId,userId
2026-05-16 10:29:10+00:00,system,load1,0.0,dbms,clickbench,postgresql-indexed-load,1,ip-172-31-19-62,olap,benchANT
2026-05-16 10:29:20+00:00,system,load1,0.39,dbms,clickbench,postgresql-indexed-load,1,ip-172-31-19-62,olap,benchANT
2026-05-16 10:29:30+00:00,system,load1,0.8,dbms,clickbench,postgresql-indexed-load,1,ip-172-31-19-62,olap,benchANT
2026-05-16 10:29:40+00:00,system,load1,1.29,dbms,clickbench,postgresql-indexed-load,1,ip-172-31-19-62,olap,benchANT
2026-05-16 10:29:50+00:00,system,load1,1.79,dbms,clickbench,postgresql-indexed-load,1,ip-172-31-19-62,olap,benchANT
2026-05-16 10:30:00+00:00,system,load1,2.29,dbms,clickbench,postgresql-indexed-load,1,ip-172-31-19-62,olap,benchANT
2026-05-16 10:30:10+00:00,system,load1,2.7,dbms,clickbench,postgresql-indexed-load,1,ip-172-31-19-62,olap,benchANT
2026-05-16 10:30:20+00:00,system,load1,2.98,dbms,clickbench,postgresql-indexed-load,1,ip-172-31-19-62,olap,benchANT
2026-05-16 10:30:30+00:00,system,load1,3.29,dbms,clickbench,postgresql-indexed-load,1,ip-172-31-19-62,olap,benchANT
2026-05-16 10:30:40+00:00,system,load1,3.55,dbms,clickbench,postgresql-indexed-load,1,ip-172-31-19-62,olap,benchANT
2026-05-16 10:30:50+00:00,system,load1,3.77,dbms,clickbench,postgresql-indexed-load,1,ip-172-31-19-62,olap,benchANT
2026-05-16 10:31:00+00:00,system,load1,3.88,dbms,clickbench,postgresql-indexed-load,1,ip-172-31-19-62,olap,benchANT
2026-05-16 10:31:10+00:00,system,load1,4.06,dbms,clickbench,postgresql-indexed-load,1,ip-172-31-19-62,olap,benchANT
2026-05-16 10:31:20+00:00,system,load1,4.21,dbms,clickbench,postgresql-indexed-load,1,ip-172-31-19-62,olap,benchANT
2026-05-16 10:31:30+00:00,system,load1,4.25,dbms,clickbench,postgresql-indexed-load,1,ip-172-31-19-62,olap,benchANT
2026-05-16 10:31:40+00:00,system,load1,4.36,dbms,clickbench,postgresql-indexed-load,1,ip-172-31-19-62,olap,benchANT
2026-05-16 10:31:50+00:00,system,load1,4.46,dbms,clickbench,postgresql-indexed-load,1,ip-172-31-19-62,olap,benchANT
2026-05-16 10:32:00+00:00,system,load1,4.55,dbms,clickbench,postgresql-indexed-load,1,ip-172-31-19-62,olap,benchANT
2026-05-16 10:32:10+00:00,system,load1,4.62,dbms,clickbench,postgresql-indexed-load,1,ip-172-31-19-62,olap,benchANT
2026-05-16 10:32:20+00:00,system,load1,4.6,dbms,clickbench,postgresql-indexed-load,1,ip-172-31-19-62,olap,benchANT
2026-05-16 10:32:30+00:00,system,load1,4.74,dbms,clickbench,postgresql-indexed-load,1,ip-172-31-19-62,olap,benchANT
2026-05-16 10:32:40+00:00,system,load1,4.94,dbms,clickbench,postgresql-indexed-load,1,ip-172-31-19-62,olap,benchANT
2026-05-16 10:32:50+00:00,system,load1,5.1,dbms,clickbench,postgresql-indexed-load,1,ip-172-31-19-62,olap,benchANT
2026-05-16 10:33:00+00:00,system,load1,5.24,dbms,clickbench,postgresql-indexed-load,1,ip-172-31-19-62,olap,benchANT
2026-05-16 10:33:10+00:00,system,load1,5.28,dbms,clickbench,postgresql-indexed-load,1,ip-172-31-19-62,olap,benchANT
2026-05-16 10:33:20+00:00,system,load1,5.47,dbms,clickbench,postgresql-indexed-load,1,ip-172-31-19-62,olap,benchANT
2026-05-16 10:33:30+00:00,system,load1,5.55,dbms,clickbench,postgresql-indexed-load,1,ip-172-31-19-62,olap,benchANT
2026-05-16 10:33:40+00:00,system,load1,5.62,dbms,clickbench,postgresql-indexed-load,1,ip-172-31-19-62,olap,benchANT
2026-05-16 10:33:50+00:00,system,load1,5.61,dbms,clickbench,postgresql-indexed-load,1,ip-172-31-19-62,olap,benchANT
2026-05-16 10:34:00+00:00,system,load1,5.67,dbms,clickbench,postgresql-indexed-load,1,ip-172-31-19-62,olap,benchANT
2026-05-16 10:34:10+00:00,system,load1,5.72,dbms,clickbench,postgresql-indexed-load,1,ip-172-31-19-62,olap,benchANT
2026-05-16 10:34:20+00:00,system,load1,5.76,dbms,clickbench,postgresql-indexed-load,1,ip-172-31-19-62,olap,benchANT
2026-05-16 10:34:30+00:00,system,load1,5.72,dbms,clickbench,postgresql-indexed-load,1,ip-172-31-19-62,olap,benchANT
2026-05-16 10:34:40+00:00,system,load1,5.76,dbms,clickbench,postgresql-indexed-load,1,ip-172-31-19-62,olap,benchANT
2026-05-16 10:34:50+00:00,system,load1,5.8,dbms,clickbench,postgresql-indexed-load,1,ip-172-31-19-62,olap,benchANT
2026-05-16 10:35:00+00:00,system,load1,5.83,dbms,clickbench,postgresql-indexed-load,1,ip-172-31-19-62,olap,benchANT
2026-05-16 10:35:10+00:00,system,load1,5.86,dbms,clickbench,postgresql-indexed-load,1,ip-172-31-19-62,olap,benchANT
2026-05-16 10:35:20+00:00,system,load1,5.88,dbms,clickbench,postgresql-indexed-load,1,ip-172-31-19-62,olap,benchANT
2026-05-16 10:35:30+00:00,system,load1,5.82,dbms,clickbench,postgresql-indexed-load,1,ip-172-31-19-62,olap,benchANT
2026-05-16 10:35:40+00:00,system,load1,5.85,dbms,clickbench,postgresql-indexed-load,1,ip-172-31-19-62,olap,benchANT
2026-05-16 10:35:50+00:00,system,load1,5.87,dbms,clickbench,postgresql-indexed-load,1,ip-172-31-19-62,olap,benchANT
2026-05-16 10:36:00+00:00,system,load1,5.89,dbms,clickbench,postgresql-indexed-load,1,ip-172-31-19-62,olap,benchANT
2026-05-16 10:36:10+00:00,system,load1,5.91,dbms,clickbench,postgresql-indexed-load,1,ip-172-31-19-62,olap,benchANT
2026-05-16 10:36:20+00:00,system,load1,6.0,dbms,clickbench,postgresql-indexed-load,1,ip-172-31-19-62,olap,benchANT
2026-05-16 10:36:30+00:00,system,load1,6.0,dbms,clickbench,postgresql-indexed-load,1,ip-172-31-19-62,olap,benchANT
2026-05-16 10:36:40+00:00,system,load1,6.0,dbms,clickbench,postgresql-indexed-load,1,ip-172-31-19-62,olap,benchANT
2026-05-16 10:36:50+00:00,system,load1,5.93,dbms,clickbench,postgresql-indexed-load,1,ip-172-31-19-62,olap,benchANT
2026-05-16 10:37:00+00:00,system,load1,5.94,dbms,clickbench,postgresql-indexed-load,1,ip-172-31-19-62,olap,benchANT
2026-05-16 10:37:10+00:00,system,load1,5.95,dbms,clickbench,postgresql-indexed-load,1,ip-172-31-19-62,olap,benchANT
2026-05-16 10:37:20+00:00,system,load1,5.96,dbms,clickbench,postgresql-indexed-load,1,ip-172-31-19-62,olap,benchANT
2026-05-16 10:37:30+00:00,system,load1,5.96,dbms,clickbench,postgresql-indexed-load,1,ip-172-31-19-62,olap,benchANT
2026-05-16 10:37:40+00:00,system,load1,5.97,dbms,clickbench,postgresql-indexed-load,1,ip-172-31-19-62,olap,benchANT
2026-05-16 10:37:50+00:00,system,load1,5.98,dbms,clickbench,postgresql-indexed-load,1,ip-172-31-19-62,olap,benchANT
2026-05-16 10:38:00+00:00,system,load1,5.98,dbms,clickbench,postgresql-indexed-load,1,ip-172-31-19-62,olap,benchANT
2026-05-16 10:38:10+00:00,system,load1,5.98,dbms,clickbench,postgresql-indexed-load,1,ip-172-31-19-62,olap,benchANT
2026-05-16 10:38:20+00:00,system,load1,5.99,dbms,clickbench,postgresql-indexed-load,1,ip-172-31-19-62,olap,benchANT
2026-05-16 10:38:30+00:00,system,load1,5.67,dbms,clickbench,postgresql-indexed-load,1,ip-172-31-19-62,olap,benchANT
2026-05-16 10:38:40+00:00,system,load1,5.75,dbms,clickbench,postgresql-indexed-load,1,ip-172-31-19-62,olap,benchANT
2026-05-16 10:38:50+00:00,system,load1,5.61,dbms,clickbench,postgresql-indexed-load,1,ip-172-31-19-62,olap,benchANT
2026-05-16 10:39:00+00:00,system,load1,5.27,dbms,clickbench,postgresql-indexed-load,1,ip-172-31-19-62,olap,benchANT
2026-05-16 10:39:10+00:00,system,load1,4.61,dbms,clickbench,postgresql-indexed-load,1,ip-172-31-19-62,olap,benchANT
2026-05-16 10:39:20+00:00,system,load1,4.06,dbms,clickbench,postgresql-indexed-load,1,ip-172-31-19-62,olap,benchANT
2026-05-16 10:39:30+00:00,system,load1,3.59,dbms,clickbench,postgresql-indexed-load,1,ip-172-31-19-62,olap,benchANT
2026-05-16 10:39:40+00:00,system,load1,3.56,dbms,clickbench,postgresql-indexed-load,1,ip-172-31-19-62,olap,benchANT
2026-05-16 10:39:50+00:00,system,load1,3.17,dbms,clickbench,postgresql-indexed-load,1,ip-172-31-19-62,olap,benchANT
2026-05-16 10:40:00+00:00,system,load1,3.16,dbms,clickbench,postgresql-indexed-load,1,ip-172-31-19-62,olap,benchANT
2026-05-16 10:40:10+00:00,system,load1,2.82,dbms,clickbench,postgresql-indexed-load,1,ip-172-31-19-62,olap,benchANT
2026-05-16 10:40:20+00:00,system,load1,2.54,dbms,clickbench,postgresql-indexed-load,1,ip-172-31-19-62,olap,benchANT
2026-05-16 10:40:30+00:00,system,load1,2.91,dbms,clickbench,postgresql-indexed-load,1,ip-172-31-19-62,olap,benchANT
2026-05-16 10:40:40+00:00,system,load1,3.08,dbms,clickbench,postgresql-indexed-load,1,ip-172-31-19-62,olap,benchANT
2026-05-16 10:40:50+00:00,system,load1,3.22,dbms,clickbench,postgresql-indexed-load,1,ip-172-31-19-62,olap,benchANT
2026-05-16 10:41:00+00:00,system,load1,3.34,dbms,clickbench,postgresql-indexed-load,1,ip-172-31-19-62,olap,benchANT
2026-05-16 10:41:10+00:00,system,load1,3.44,dbms,clickbench,postgresql-indexed-load,1,ip-172-31-19-62,olap,benchANT
2026-05-16 10:41:20+00:00,system,load1,3.53,dbms,clickbench,postgresql-indexed-load,1,ip-172-31-19-62,olap,benchANT
2026-05-16 10:41:30+00:00,system,load1,3.6,dbms,clickbench,postgresql-indexed-load,1,ip-172-31-19-62,olap,benchANT
2026-05-16 10:41:40+00:00,system,load1,3.66,dbms,clickbench,postgresql-indexed-load,1,ip-172-31-19-62,olap,benchANT
2026-05-16 10:41:50+00:00,system,load1,3.72,dbms,clickbench,postgresql-indexed-load,1,ip-172-31-19-62,olap,benchANT
2026-05-16 10:42:00+00:00,system,load1,3.76,dbms,clickbench,postgresql-indexed-load,1,ip-172-31-19-62,olap,benchANT
2026-05-16 10:42:10+00:00,system,load1,3.8,dbms,clickbench,postgresql-indexed-load,1,ip-172-31-19-62,olap,benchANT
2026-05-16 10:42:20+00:00,system,load1,3.83,dbms,clickbench,postgresql-indexed-load,1,ip-172-31-19-62,olap,benchANT
2026-05-16 10:42:30+00:00,system,load1,3.93,dbms,clickbench,postgresql-indexed-load,1,ip-172-31-19-62,olap,benchANT
2026-05-16 10:42:40+00:00,system,load1,3.94,dbms,clickbench,postgresql-indexed-load,1,ip-172-31-19-62,olap,benchANT
2026-05-16 10:42:50+00:00,system,load1,3.95,dbms,clickbench,postgresql-indexed-load,1,ip-172-31-19-62,olap,benchANT
2026-05-16 10:43:00+00:00,system,load1,3.96,dbms,clickbench,postgresql-indexed-load,1,ip-172-31-19-62,olap,benchANT
2026-05-16 10:43:10+00:00,system,load1,3.97,dbms,clickbench,postgresql-indexed-load,1,ip-172-31-19-62,olap,benchANT
2026-05-16 10:43:20+00:00,system,load1,3.97,dbms,clickbench,postgresql-indexed-load,1,ip-172-31-19-62,olap,benchANT
2026-05-16 10:43:30+00:00,system,load1,3.98,dbms,clickbench,postgresql-indexed-load,1,ip-172-31-19-62,olap,benchANT
2026-05-16 10:43:40+00:00,system,load1,3.98,dbms,clickbench,postgresql-indexed-load,1,ip-172-31-19-62,olap,benchANT
2026-05-16 10:43:50+00:00,system,load1,3.98,dbms,clickbench,postgresql-indexed-load,1,ip-172-31-19-62,olap,benchANT
2026-05-16 10:44:00+00:00,system,load1,3.99,dbms,clickbench,postgresql-indexed-load,1,ip-172-31-19-62,olap,benchANT
2026-05-16 10:44:10+00:00,system,load1,3.99,dbms,clickbench,postgresql-indexed-load,1,ip-172-31-19-62,olap,benchANT
2026-05-16 10:44:20+00:00,system,load1,3.99,dbms,clickbench,postgresql-indexed-load,1,ip-172-31-19-62,olap,benchANT
2026-05-16 10:44:30+00:00,system,load1,4.07,dbms,clickbench,postgresql-indexed-load,1,ip-172-31-19-62,olap,benchANT
2026-05-16 10:44:40+00:00,system,load1,4.06,dbms,clickbench,postgresql-indexed-load,1,ip-172-31-19-62,olap,benchANT
2026-05-16 10:44:50+00:00,system,load1,4.05,dbms,clickbench,postgresql-indexed-load,1,ip-172-31-19-62,olap,benchANT
2026-05-16 10:45:00+00:00,system,load1,4.04,dbms,clickbench,postgresql-indexed-load,1,ip-172-31-19-62,olap,benchANT
2026-05-16 10:45:10+00:00,system,load1,4.03,dbms,clickbench,postgresql-indexed-load,1,ip-172-31-19-62,olap,benchANT
2026-05-16 10:45:20+00:00,system,load1,4.03,dbms,clickbench,postgresql-indexed-load,1,ip-172-31-19-62,olap,benchANT
2026-05-16 10:45:30+00:00,system,load1,4.26,dbms,clickbench,postgresql-indexed-load,1,ip-172-31-19-62,olap,benchANT
2026-05-16 10:45:40+00:00,system,load1,4.22,dbms,clickbench,postgresql-indexed-load,1,ip-172-31-19-62,olap,benchANT
2026-05-16 10:45:50+00:00,system,load1,4.19,dbms,clickbench,postgresql-indexed-load,1,ip-172-31-19-62,olap,benchANT
2026-05-16 10:46:00+00:00,system,load1,4.16,dbms,clickbench,postgresql-indexed-load,1,ip-172-31-19-62,olap,benchANT
2026-05-16 10:46:10+00:00,system,load1,4.13,dbms,clickbench,postgresql-indexed-load,1,ip-172-31-19-62,olap,benchANT
2026-05-16 10:46:20+00:00,system,load1,4.11,dbms,clickbench,postgresql-indexed-load,1,ip-172-31-19-62,olap,benchANT
2026-05-16 10:46:30+00:00,system,load1,4.1,dbms,clickbench,postgresql-indexed-load,1,ip-172-31-19-62,olap,benchANT
2026-05-16 10:46:40+00:00,system,load1,4.08,dbms,clickbench,postgresql-indexed-load,1,ip-172-31-19-62,olap,benchANT
2026-05-16 10:46:50+00:00,system,load1,4.07,dbms,clickbench,postgresql-indexed-load,1,ip-172-31-19-62,olap,benchANT
2026-05-16 10:47:00+00:00,system,load1,4.06,dbms,clickbench,postgresql-indexed-load,1,ip-172-31-19-62,olap,benchANT
2026-05-16 10:47:10+00:00,system,load1,4.12,dbms,clickbench,postgresql-indexed-load,1,ip-172-31-19-62,olap,benchANT
2026-05-16 10:47:20+00:00,system,load1,4.1,dbms,clickbench,postgresql-indexed-load,1,ip-172-31-19-62,olap,benchANT
2026-05-16 10:47:30+00:00,system,load1,4.09,dbms,clickbench,postgresql-indexed-load,1,ip-172-31-19-62,olap,benchANT
2026-05-16 10:47:40+00:00,system,load1,4.07,dbms,clickbench,postgresql-indexed-load,1,ip-172-31-19-62,olap,benchANT
2026-05-16 10:47:50+00:00,system,load1,4.06,dbms,clickbench,postgresql-indexed-load,1,ip-172-31-19-62,olap,benchANT
2026-05-16 10:48:00+00:00,system,load1,4.13,dbms,clickbench,postgresql-indexed-load,1,ip-172-31-19-62,olap,benchANT
2026-05-16 10:48:10+00:00,system,load1,4.18,dbms,clickbench,postgresql-indexed-load,1,ip-172-31-19-62,olap,benchANT
2026-05-16 10:48:20+00:00,system,load1,4.23,dbms,clickbench,postgresql-indexed-load,1,ip-172-31-19-62,olap,benchANT
2026-05-16 10:48:30+00:00,system,load1,4.19,dbms,clickbench,postgresql-indexed-load,1,ip-172-31-19-62,olap,benchANT
2026-05-16 10:48:40+00:00,system,load1,4.16,dbms,clickbench,postgresql-indexed-load,1,ip-172-31-19-62,olap,benchANT
2026-05-16 10:48:50+00:00,system,load1,4.14,dbms,clickbench,postgresql-indexed-load,1,ip-172-31-19-62,olap,benchANT
2026-05-16 10:49:00+00:00,system,load1,4.12,dbms,clickbench,postgresql-indexed-load,1,ip-172-31-19-62,olap,benchANT
2026-05-16 10:49:10+00:00,system,load1,4.1,dbms,clickbench,postgresql-indexed-load,1,ip-172-31-19-62,olap,benchANT
2026-05-16 10:49:20+00:00,system,load1,4.08,dbms,clickbench,postgresql-indexed-load,1,ip-172-31-19-62,olap,benchANT
2026-05-16 10:49:30+00:00,system,load1,3.61,dbms,clickbench,postgresql-indexed-load,1,ip-172-31-19-62,olap,benchANT
2026-05-16 10:49:40+00:00,system,load1,3.21,dbms,clickbench,postgresql-indexed-load,1,ip-172-31-19-62,olap,benchANT
2026-05-16 10:49:50+00:00,system,load1,3.48,dbms,clickbench,postgresql-indexed-load,1,ip-172-31-19-62,olap,benchANT
2026-05-16 10:50:00+00:00,system,load1,3.72,dbms,clickbench,postgresql-indexed-load,1,ip-172-31-19-62,olap,benchANT
2026-05-16 10:50:10+00:00,system,load1,3.91,dbms,clickbench,postgresql-indexed-load,1,ip-172-31-19-62,olap,benchANT
2026-05-16 10:50:20+00:00,system,load1,4.08,dbms,clickbench,postgresql-indexed-load,1,ip-172-31-19-62,olap,benchANT
2026-05-16 10:50:30+00:00,system,load1,4.22,dbms,clickbench,postgresql-indexed-load,1,ip-172-31-19-62,olap,benchANT
2026-05-16 10:50:40+00:00,system,load1,4.34,dbms,clickbench,postgresql-indexed-load,1,ip-172-31-19-62,olap,benchANT
2026-05-16 10:50:50+00:00,system,load1,4.44,dbms,clickbench,postgresql-indexed-load,1,ip-172-31-19-62,olap,benchANT
2026-05-16 10:51:00+00:00,system,load1,4.53,dbms,clickbench,postgresql-indexed-load,1,ip-172-31-19-62,olap,benchANT
2026-05-16 10:51:10+00:00,system,load1,4.6,dbms,clickbench,postgresql-indexed-load,1,ip-172-31-19-62,olap,benchANT
2026-05-16 10:51:20+00:00,system,load1,4.66,dbms,clickbench,postgresql-indexed-load,1,ip-172-31-19-62,olap,benchANT
2026-05-16 10:51:30+00:00,system,load1,4.72,dbms,clickbench,postgresql-indexed-load,1,ip-172-31-19-62,olap,benchANT
2026-05-16 10:51:40+00:00,system,load1,4.76,dbms,clickbench,postgresql-indexed-load,1,ip-172-31-19-62,olap,benchANT
2026-05-16 10:51:50+00:00,system,load1,4.8,dbms,clickbench,postgresql-indexed-load,1,ip-172-31-19-62,olap,benchANT
2026-05-16 10:52:00+00:00,system,load1,4.83,dbms,clickbench,postgresql-indexed-load,1,ip-172-31-19-62,olap,benchANT
2026-05-16 10:52:10+00:00,system,load1,4.86,dbms,clickbench,postgresql-indexed-load,1,ip-172-31-19-62,olap,benchANT
2026-05-16 10:52:20+00:00,system,load1,4.88,dbms,clickbench,postgresql-indexed-load,1,ip-172-31-19-62,olap,benchANT
2026-05-16 10:52:30+00:00,system,load1,4.9,dbms,clickbench,postgresql-indexed-load,1,ip-172-31-19-62,olap,benchANT
2026-05-16 10:52:40+00:00,system,load1,4.91,dbms,clickbench,postgresql-indexed-load,1,ip-172-31-19-62,olap,benchANT
2026-05-16 10:52:50+00:00,system,load1,4.47,dbms,clickbench,postgresql-indexed-load,1,ip-172-31-19-62,olap,benchANT
2026-05-16 10:53:00+00:00,system,load1,3.94,dbms,clickbench,postgresql-indexed-load,1,ip-172-31-19-62,olap,benchANT
2026-05-16 10:53:10+00:00,system,load1,3.49,dbms,clickbench,postgresql-indexed-load,1,ip-172-31-19-62,olap,benchANT
2026-05-16 10:53:20+00:00,system,load1,3.34,dbms,clickbench,postgresql-indexed-load,1,ip-172-31-19-62,olap,benchANT
2026-05-16 10:53:30+00:00,system,load1,3.62,dbms,clickbench,postgresql-indexed-load,1,ip-172-31-19-62,olap,benchANT
2026-05-16 10:53:40+00:00,system,load1,3.68,dbms,clickbench,postgresql-indexed-load,1,ip-172-31-19-62,olap,benchANT
2026-05-16 10:53:50+00:00,system,load1,3.73,dbms,clickbench,postgresql-indexed-load,1,ip-172-31-19-62,olap,benchANT
2026-05-16 10:54:00+00:00,system,load1,3.77,dbms,clickbench,postgresql-indexed-load,1,ip-172-31-19-62,olap,benchANT
2026-05-16 10:54:10+00:00,system,load1,3.81,dbms,clickbench,postgresql-indexed-load,1,ip-172-31-19-62,olap,benchANT
2026-05-16 10:54:20+00:00,system,load1,3.84,dbms,clickbench,postgresql-indexed-load,1,ip-172-31-19-62,olap,benchANT
2026-05-16 10:54:30+00:00,system,load1,3.86,dbms,clickbench,postgresql-indexed-load,1,ip-172-31-19-62,olap,benchANT
2026-05-16 10:54:40+00:00,system,load1,3.88,dbms,clickbench,postgresql-indexed-load,1,ip-172-31-19-62,olap,benchANT
2026-05-16 10:54:50+00:00,system,load1,3.9,dbms,clickbench,postgresql-indexed-load,1,ip-172-31-19-62,olap,benchANT
2026-05-16 10:55:00+00:00,system,load1,3.92,dbms,clickbench,postgresql-indexed-load,1,ip-172-31-19-62,olap,benchANT
2026-05-16 10:55:10+00:00,system,load1,3.93,dbms,clickbench,postgresql-indexed-load,1,ip-172-31-19-62,olap,benchANT
2026-05-16 10:55:20+00:00,system,load1,3.94,dbms,clickbench,postgresql-indexed-load,1,ip-172-31-19-62,olap,benchANT
2026-05-16 10:55:30+00:00,system,load1,3.95,dbms,clickbench,postgresql-indexed-load,1,ip-172-31-19-62,olap,benchANT
2026-05-16 10:55:40+00:00,system,load1,3.96,dbms,clickbench,postgresql-indexed-load,1,ip-172-31-19-62,olap,benchANT
2026-05-16 10:55:50+00:00,system,load1,3.97,dbms,clickbench,postgresql-indexed-load,1,ip-172-31-19-62,olap,benchANT
2026-05-16 10:56:00+00:00,system,load1,3.97,dbms,clickbench,postgresql-indexed-load,1,ip-172-31-19-62,olap,benchANT
2026-05-16 10:56:10+00:00,system,load1,3.98,dbms,clickbench,postgresql-indexed-load,1,ip-172-31-19-62,olap,benchANT
2026-05-16 10:56:20+00:00,system,load1,3.98,dbms,clickbench,postgresql-indexed-load,1,ip-172-31-19-62,olap,benchANT
2026-05-16 10:56:30+00:00,system,load1,3.98,dbms,clickbench,postgresql-indexed-load,1,ip-172-31-19-62,olap,benchANT
2026-05-16 10:56:40+00:00,system,load1,3.99,dbms,clickbench,postgresql-indexed-load,1,ip-172-31-19-62,olap,benchANT
2026-05-16 10:56:50+00:00,system,load1,3.99,dbms,clickbench,postgresql-indexed-load,1,ip-172-31-19-62,olap,benchANT
2026-05-16 10:57:00+00:00,system,load1,3.99,dbms,clickbench,postgresql-indexed-load,1,ip-172-31-19-62,olap,benchANT
2026-05-16 10:57:10+00:00,system,load1,3.99,dbms,clickbench,postgresql-indexed-load,1,ip-172-31-19-62,olap,benchANT
2026-05-16 10:57:20+00:00,system,load1,3.99,dbms,clickbench,postgresql-indexed-load,1,ip-172-31-19-62,olap,benchANT
2026-05-16 10:57:30+00:00,system,load1,4.0,dbms,clickbench,postgresql-indexed-load,1,ip-172-31-19-62,olap,benchANT
2026-05-16 10:57:40+00:00,system,load1,4.08,dbms,clickbench,postgresql-indexed-load,1,ip-172-31-19-62,olap,benchANT
2026-05-16 10:57:50+00:00,system,load1,4.06,dbms,clickbench,postgresql-indexed-load,1,ip-172-31-19-62,olap,benchANT
2026-05-16 10:58:00+00:00,system,load1,4.05,dbms,clickbench,postgresql-indexed-load,1,ip-172-31-19-62,olap,benchANT
2026-05-16 10:58:10+00:00,system,load1,4.05,dbms,clickbench,postgresql-indexed-load,1,ip-172-31-19-62,olap,benchANT
2026-05-16 10:58:20+00:00,system,load1,4.04,dbms,clickbench,postgresql-indexed-load,1,ip-172-31-19-62,olap,benchANT
2026-05-16 10:58:30+00:00,system,load1,4.03,dbms,clickbench,postgresql-indexed-load,1,ip-172-31-19-62,olap,benchANT
2026-05-16 10:58:40+00:00,system,load1,4.03,dbms,clickbench,postgresql-indexed-load,1,ip-172-31-19-62,olap,benchANT
2026-05-16 10:58:50+00:00,system,load1,4.02,dbms,clickbench,postgresql-indexed-load,1,ip-172-31-19-62,olap,benchANT
2026-05-16 10:59:00+00:00,system,load1,4.02,dbms,clickbench,postgresql-indexed-load,1,ip-172-31-19-62,olap,benchANT
2026-05-16 10:59:10+00:00,system,load1,4.02,dbms,clickbench,postgresql-indexed-load,1,ip-172-31-19-62,olap,benchANT
2026-05-16 10:59:20+00:00,system,load1,4.01,dbms,clickbench,postgresql-indexed-load,1,ip-172-31-19-62,olap,benchANT
2026-05-16 10:59:30+00:00,system,load1,4.01,dbms,clickbench,postgresql-indexed-load,1,ip-172-31-19-62,olap,benchANT
2026-05-16 10:59:40+00:00,system,load1,4.01,dbms,clickbench,postgresql-indexed-load,1,ip-172-31-19-62,olap,benchANT
2026-05-16 10:59:50+00:00,system,load1,4.01,dbms,clickbench,postgresql-indexed-load,1,ip-172-31-19-62,olap,benchANT
2026-05-16 11:00:00+00:00,system,load1,4.0,dbms,clickbench,postgresql-indexed-load,1,ip-172-31-19-62,olap,benchANT
2026-05-16 11:00:10+00:00,system,load1,4.0,dbms,clickbench,postgresql-indexed-load,1,ip-172-31-19-62,olap,benchANT
2026-05-16 11:00:20+00:00,system,load1,4.0,dbms,clickbench,postgresql-indexed-load,1,ip-172-31-19-62,olap,benchANT
2026-05-16 11:00:30+00:00,system,load1,4.0,dbms,clickbench,postgresql-indexed-load,1,ip-172-31-19-62,olap,benchANT
2026-05-16 11:00:40+00:00,system,load1,4.0,dbms,clickbench,postgresql-indexed-load,1,ip-172-31-19-62,olap,benchANT
2026-05-16 11:00:50+00:00,system,load1,4.0,dbms,clickbench,postgresql-indexed-load,1,ip-172-31-19-62,olap,benchANT
2026-05-16 11:01:00+00:00,system,load1,4.0,dbms,clickbench,postgresql-indexed-load,1,ip-172-31-19-62,olap,benchANT
2026-05-16 11:01:10+00:00,system,load1,4.0,dbms,clickbench,postgresql-indexed-load,1,ip-172-31-19-62,olap,benchANT
2026-05-16 11:01:20+00:00,system,load1,4.0,dbms,clickbench,postgresql-indexed-load,1,ip-172-31-19-62,olap,benchANT
2026-05-16 11:01:30+00:00,system,load1,4.0,dbms,clickbench,postgresql-indexed-load,1,ip-172-31-19-62,olap,benchANT
2026-05-16 11:01:40+00:00,system,load1,4.0,dbms,clickbench,postgresql-indexed-load,1,ip-172-31-19-62,olap,benchANT
2026-05-16 11:01:50+00:00,system,load1,4.0,dbms,clickbench,postgresql-indexed-load,1,ip-172-31-19-62,olap,benchANT
2026-05-16 11:02:00+00:00,system,load1,4.0,dbms,clickbench,postgresql-indexed-load,1,ip-172-31-19-62,olap,benchANT
2026-05-16 11:02:10+00:00,system,load1,4.13,dbms,clickbench,postgresql-indexed-load,1,ip-172-31-19-62,olap,benchANT
2026-05-16 11:02:20+00:00,system,load1,3.65,dbms,clickbench,postgresql-indexed-load,1,ip-172-31-19-62,olap,benchANT
2026-05-16 11:02:30+00:00,system,load1,4.17,dbms,clickbench,postgresql-indexed-load,1,ip-172-31-19-62,olap,benchANT
2026-05-16 11:02:40+00:00,system,load1,4.38,dbms,clickbench,postgresql-indexed-load,1,ip-172-31-19-62,olap,benchANT
2026-05-16 11:02:50+00:00,system,load1,4.32,dbms,clickbench,postgresql-indexed-load,1,ip-172-31-19-62,olap,benchANT
2026-05-16 11:03:00+00:00,system,load1,4.27,dbms,clickbench,postgresql-indexed-load,1,ip-172-31-19-62,olap,benchANT
2026-05-16 11:03:10+00:00,system,load1,4.23,dbms,clickbench,postgresql-indexed-load,1,ip-172-31-19-62,olap,benchANT
2026-05-16 11:03:20+00:00,system,load1,4.19,dbms,clickbench,postgresql-indexed-load,1,ip-172-31-19-62,olap,benchANT
2026-05-16 11:03:30+00:00,system,load1,4.16,dbms,clickbench,postgresql-indexed-load,1,ip-172-31-19-62,olap,benchANT
2026-05-16 11:03:40+00:00,system,load1,4.14,dbms,clickbench,postgresql-indexed-load,1,ip-172-31-19-62,olap,benchANT
2026-05-16 11:03:50+00:00,system,load1,4.19,dbms,clickbench,postgresql-indexed-load,1,ip-172-31-19-62,olap,benchANT
2026-05-16 11:04:00+00:00,system,load1,4.31,dbms,clickbench,postgresql-indexed-load,1,ip-172-31-19-62,olap,benchANT
2026-05-16 11:04:10+00:00,system,load1,4.26,dbms,clickbench,postgresql-indexed-load,1,ip-172-31-19-62,olap,benchANT
2026-05-16 11:04:20+00:00,system,load1,4.22,dbms,clickbench,postgresql-indexed-load,1,ip-172-31-19-62,olap,benchANT
2026-05-16 11:04:30+00:00,system,load1,4.19,dbms,clickbench,postgresql-indexed-load,1,ip-172-31-19-62,olap,benchANT
2026-05-16 11:04:40+00:00,system,load1,4.16,dbms,clickbench,postgresql-indexed-load,1,ip-172-31-19-62,olap,benchANT
2026-05-16 11:04:50+00:00,system,load1,4.21,dbms,clickbench,postgresql-indexed-load,1,ip-172-31-19-62,olap,benchANT
2026-05-16 11:05:00+00:00,system,load1,4.17,dbms,clickbench,postgresql-indexed-load,1,ip-172-31-19-62,olap,benchANT
2026-05-16 11:05:10+00:00,system,load1,4.15,dbms,clickbench,postgresql-indexed-load,1,ip-172-31-19-62,olap,benchANT
2026-05-16 11:05:20+00:00,system,load1,4.12,dbms,clickbench,postgresql-indexed-load,1,ip-172-31-19-62,olap,benchANT
2026-05-16 11:05:30+00:00,system,load1,4.1,dbms,clickbench,postgresql-indexed-load,1,ip-172-31-19-62,olap,benchANT
2026-05-16 11:05:40+00:00,system,load1,4.09,dbms,clickbench,postgresql-indexed-load,1,ip-172-31-19-62,olap,benchANT
2026-05-16 11:05:50+00:00,system,load1,4.07,dbms,clickbench,postgresql-indexed-load,1,ip-172-31-19-62,olap,benchANT
2026-05-16 11:06:00+00:00,system,load1,4.06,dbms,clickbench,postgresql-indexed-load,1,ip-172-31-19-62,olap,benchANT
2026-05-16 11:06:10+00:00,system,load1,4.05,dbms,clickbench,postgresql-indexed-load,1,ip-172-31-19-62,olap,benchANT
2026-05-16 11:06:20+00:00,system,load1,4.04,dbms,clickbench,postgresql-indexed-load,1,ip-172-31-19-62,olap,benchANT
2026-05-16 11:06:30+00:00,system,load1,4.04,dbms,clickbench,postgresql-indexed-load,1,ip-172-31-19-62,olap,benchANT
2026-05-16 11:06:40+00:00,system,load1,4.03,dbms,clickbench,postgresql-indexed-load,1,ip-172-31-19-62,olap,benchANT
2026-05-16 11:06:50+00:00,system,load1,4.02,dbms,clickbench,postgresql-indexed-load,1,ip-172-31-19-62,olap,benchANT
2026-05-16 11:07:00+00:00,system,load1,4.02,dbms,clickbench,postgresql-indexed-load,1,ip-172-31-19-62,olap,benchANT
2026-05-16 11:07:10+00:00,system,load1,4.02,dbms,clickbench,postgresql-indexed-load,1,ip-172-31-19-62,olap,benchANT
2026-05-16 11:07:20+00:00,system,load1,4.01,dbms,clickbench,postgresql-indexed-load,1,ip-172-31-19-62,olap,benchANT
2026-05-16 11:07:30+00:00,system,load1,4.01,dbms,clickbench,postgresql-indexed-load,1,ip-172-31-19-62,olap,benchANT
2026-05-16 11:07:40+00:00,system,load1,4.01,dbms,clickbench,postgresql-indexed-load,1,ip-172-31-19-62,olap,benchANT
2026-05-16 11:07:50+00:00,system,load1,4.08,dbms,clickbench,postgresql-indexed-load,1,ip-172-31-19-62,olap,benchANT
2026-05-16 11:08:00+00:00,system,load1,4.07,dbms,clickbench,postgresql-indexed-load,1,ip-172-31-19-62,olap,benchANT
2026-05-16 11:08:10+00:00,system,load1,4.06,dbms,clickbench,postgresql-indexed-load,1,ip-172-31-19-62,olap,benchANT
2026-05-16 11:08:20+00:00,system,load1,4.05,dbms,clickbench,postgresql-indexed-load,1,ip-172-31-19-62,olap,benchANT
2026-05-16 11:08:30+00:00,system,load1,4.04,dbms,clickbench,postgresql-indexed-load,1,ip-172-31-19-62,olap,benchANT
2026-05-16 11:08:40+00:00,system,load1,4.03,dbms,clickbench,postgresql-indexed-load,1,ip-172-31-19-62,olap,benchANT
2026-05-16 11:08:50+00:00,system,load1,4.03,dbms,clickbench,postgresql-indexed-load,1,ip-172-31-19-62,olap,benchANT
2026-05-16 11:09:00+00:00,system,load1,4.02,dbms,clickbench,postgresql-indexed-load,1,ip-172-31-19-62,olap,benchANT
2026-05-16 11:09:10+00:00,system,load1,4.02,dbms,clickbench,postgresql-indexed-load,1,ip-172-31-19-62,olap,benchANT
2026-05-16 11:09:20+00:00,system,load1,4.02,dbms,clickbench,postgresql-indexed-load,1,ip-172-31-19-62,olap,benchANT
2026-05-16 11:09:30+00:00,system,load1,4.01,dbms,clickbench,postgresql-indexed-load,1,ip-172-31-19-62,olap,benchANT
2026-05-16 11:09:40+00:00,system,load1,4.01,dbms,clickbench,postgresql-indexed-load,1,ip-172-31-19-62,olap,benchANT
2026-05-16 11:09:50+00:00,system,load1,4.01,dbms,clickbench,postgresql-indexed-load,1,ip-172-31-19-62,olap,benchANT
2026-05-16 11:10:00+00:00,system,load1,4.08,dbms,clickbench,postgresql-indexed-load,1,ip-172-31-19-62,olap,benchANT
2026-05-16 11:10:10+00:00,system,load1,4.07,dbms,clickbench,postgresql-indexed-load,1,ip-172-31-19-62,olap,benchANT
2026-05-16 11:10:20+00:00,system,load1,4.06,dbms,clickbench,postgresql-indexed-load,1,ip-172-31-19-62,olap,benchANT
2026-05-16 11:10:30+00:00,system,load1,4.05,dbms,clickbench,postgresql-indexed-load,1,ip-172-31-19-62,olap,benchANT
2026-05-16 11:10:40+00:00,system,load1,4.04,dbms,clickbench,postgresql-indexed-load,1,ip-172-31-19-62,olap,benchANT
2026-05-16 11:10:50+00:00,system,load1,4.03,dbms,clickbench,postgresql-indexed-load,1,ip-172-31-19-62,olap,benchANT
2026-05-16 11:11:00+00:00,system,load1,4.03,dbms,clickbench,postgresql-indexed-load,1,ip-172-31-19-62,olap,benchANT
2026-05-16 11:11:10+00:00,system,load1,4.02,dbms,clickbench,postgresql-indexed-load,1,ip-172-31-19-62,olap,benchANT
2026-05-16 11:11:20+00:00,system,load1,3.78,dbms,clickbench,postgresql-indexed-load,1,ip-172-31-19-62,olap,benchANT
2026-05-16 11:11:30+00:00,system,load1,3.35,dbms,clickbench,postgresql-indexed-load,1,ip-172-31-19-62,olap,benchANT
2026-05-16 11:11:40+00:00,system,load1,2.99,dbms,clickbench,postgresql-indexed-load,1,ip-172-31-19-62,olap,benchANT
2026-05-16 11:11:50+00:00,system,load1,2.68,dbms,clickbench,postgresql-indexed-load,1,ip-172-31-19-62,olap,benchANT
2026-05-16 11:12:00+00:00,system,load1,2.42,dbms,clickbench,postgresql-indexed-load,1,ip-172-31-19-62,olap,benchANT
2026-05-16 11:12:10+00:00,system,load1,2.2,dbms,clickbench,postgresql-indexed-load,1,ip-172-31-19-62,olap,benchANT
2026-05-16 11:12:20+00:00,system,load1,2.02,dbms,clickbench,postgresql-indexed-load,1,ip-172-31-19-62,olap,benchANT
2026-05-16 11:12:30+00:00,system,load1,1.86,dbms,clickbench,postgresql-indexed-load,1,ip-172-31-19-62,olap,benchANT
2026-05-16 11:12:40+00:00,system,load1,1.73,dbms,clickbench,postgresql-indexed-load,1,ip-172-31-19-62,olap,benchANT
2026-05-16 11:12:50+00:00,system,load1,1.62,dbms,clickbench,postgresql-indexed-load,1,ip-172-31-19-62,olap,benchANT
2026-05-16 11:13:00+00:00,system,load1,1.52,dbms,clickbench,postgresql-indexed-load,1,ip-172-31-19-62,olap,benchANT
2026-05-16 11:13:10+00:00,system,load1,1.44,dbms,clickbench,postgresql-indexed-load,1,ip-172-31-19-62,olap,benchANT
2026-05-16 11:13:20+00:00,system,load1,1.37,dbms,clickbench,postgresql-indexed-load,1,ip-172-31-19-62,olap,benchANT
2026-05-16 11:13:30+00:00,system,load1,1.31,dbms,clickbench,postgresql-indexed-load,1,ip-172-31-19-62,olap,benchANT
2026-05-16 11:13:40+00:00,system,load1,1.27,dbms,clickbench,postgresql-indexed-load,1,ip-172-31-19-62,olap,benchANT
2026-05-16 11:13:50+00:00,system,load1,1.22,dbms,clickbench,postgresql-indexed-load,1,ip-172-31-19-62,olap,benchANT
2026-05-16 11:14:00+00:00,system,load1,1.19,dbms,clickbench,postgresql-indexed-load,1,ip-172-31-19-62,olap,benchANT
2026-05-16 11:14:10+00:00,system,load1,1.16,dbms,clickbench,postgresql-indexed-load,1,ip-172-31-19-62,olap,benchANT
2026-05-16 11:14:20+00:00,system,load1,1.13,dbms,clickbench,postgresql-indexed-load,1,ip-172-31-19-62,olap,benchANT
2026-05-16 11:14:30+00:00,system,load1,1.11,dbms,clickbench,postgresql-indexed-load,1,ip-172-31-19-62,olap,benchANT
2026-05-16 11:14:40+00:00,system,load1,1.1,dbms,clickbench,postgresql-indexed-load,1,ip-172-31-19-62,olap,benchANT
2026-05-16 11:14:50+00:00,system,load1,1.08,dbms,clickbench,postgresql-indexed-load,1,ip-172-31-19-62,olap,benchANT
2026-05-16 11:15:00+00:00,system,load1,1.07,dbms,clickbench,postgresql-indexed-load,1,ip-172-31-19-62,olap,benchANT
2026-05-16 11:15:10+00:00,system,load1,1.06,dbms,clickbench,postgresql-indexed-load,1,ip-172-31-19-62,olap,benchANT
2026-05-16 11:15:20+00:00,system,load1,1.05,dbms,clickbench,postgresql-indexed-load,1,ip-172-31-19-62,olap,benchANT
2026-05-16 11:15:30+00:00,system,load1,1.04,dbms,clickbench,postgresql-indexed-load,1,ip-172-31-19-62,olap,benchANT
2026-05-16 11:15:40+00:00,system,load1,1.03,dbms,clickbench,postgresql-indexed-load,1,ip-172-31-19-62,olap,benchANT
2026-05-16 11:15:50+00:00,system,load1,1.03,dbms,clickbench,postgresql-indexed-load,1,ip-172-31-19-62,olap,benchANT
2026-05-16 11:16:00+00:00,system,load1,1.02,dbms,clickbench,postgresql-indexed-load,1,ip-172-31-19-62,olap,benchANT
2026-05-16 11:16:10+00:00,system,load1,1.02,dbms,clickbench,postgresql-indexed-load,1,ip-172-31-19-62,olap,benchANT
2026-05-16 11:16:20+00:00,system,load1,1.02,dbms,clickbench,postgresql-indexed-load,1,ip-172-31-19-62,olap,benchANT
2026-05-16 11:16:30+00:00,system,load1,1.01,dbms,clickbench,postgresql-indexed-load,1,ip-172-31-19-62,olap,benchANT
2026-05-16 11:16:40+00:00,system,load1,1.01,dbms,clickbench,postgresql-indexed-load,1,ip-172-31-19-62,olap,benchANT
2026-05-16 11:16:50+00:00,system,load1,1.01,dbms,clickbench,postgresql-indexed-load,1,ip-172-31-19-62,olap,benchANT
2026-05-16 11:17:00+00:00,system,load1,1.01,dbms,clickbench,postgresql-indexed-load,1,ip-172-31-19-62,olap,benchANT
2026-05-16 11:17:10+00:00,system,load1,1.0,dbms,clickbench,postgresql-indexed-load,1,ip-172-31-19-62,olap,benchANT
2026-05-16 11:17:20+00:00,system,load1,1.0,dbms,clickbench,postgresql-indexed-load,1,ip-172-31-19-62,olap,benchANT
2026-05-16 11:17:30+00:00,system,load1,1.0,dbms,clickbench,postgresql-indexed-load,1,ip-172-31-19-62,olap,benchANT
2026-05-16 11:17:40+00:00,system,load1,1.0,dbms,clickbench,postgresql-indexed-load,1,ip-172-31-19-62,olap,benchANT
2026-05-16 11:17:50+00:00,system,load1,1.0,dbms,clickbench,postgresql-indexed-load,1,ip-172-31-19-62,olap,benchANT
2026-05-16 11:18:00+00:00,system,load1,1.0,dbms,clickbench,postgresql-indexed-load,1,ip-172-31-19-62,olap,benchANT
2026-05-16 11:18:10+00:00,system,load1,1.0,dbms,clickbench,postgresql-indexed-load,1,ip-172-31-19-62,olap,benchANT
2026-05-16 11:18:20+00:00,system,load1,1.0,dbms,clickbench,postgresql-indexed-load,1,ip-172-31-19-62,olap,benchANT
2026-05-16 11:18:30+00:00,system,load1,1.0,dbms,clickbench,postgresql-indexed-load,1,ip-172-31-19-62,olap,benchANT
2026-05-16 11:18:40+00:00,system,load1,1.0,dbms,clickbench,postgresql-indexed-load,1,ip-172-31-19-62,olap,benchANT
2026-05-16 11:18:50+00:00,system,load1,1.0,dbms,clickbench,postgresql-indexed-load,1,ip-172-31-19-62,olap,benchANT
2026-05-16 11:19:00+00:00,system,load1,1.0,dbms,clickbench,postgresql-indexed-load,1,ip-172-31-19-62,olap,benchANT
2026-05-16 11:19:10+00:00,system,load1,1.0,dbms,clickbench,postgresql-indexed-load,1,ip-172-31-19-62,olap,benchANT
2026-05-16 11:19:20+00:00,system,load1,1.08,dbms,clickbench,postgresql-indexed-load,1,ip-172-31-19-62,olap,benchANT
2026-05-16 11:19:30+00:00,system,load1,1.07,dbms,clickbench,postgresql-indexed-load,1,ip-172-31-19-62,olap,benchANT
2026-05-16 11:19:40+00:00,system,load1,1.06,dbms,clickbench,postgresql-indexed-load,1,ip-172-31-19-62,olap,benchANT
2026-05-16 11:19:50+00:00,system,load1,1.05,dbms,clickbench,postgresql-indexed-load,1,ip-172-31-19-62,olap,benchANT
2026-05-16 11:20:00+00:00,system,load1,1.04,dbms,clickbench,postgresql-indexed-load,1,ip-172-31-19-62,olap,benchANT
2026-05-16 11:20:10+00:00,system,load1,1.03,dbms,clickbench,postgresql-indexed-load,1,ip-172-31-19-62,olap,benchANT
2026-05-16 11:20:20+00:00,system,load1,1.03,dbms,clickbench,postgresql-indexed-load,1,ip-172-31-19-62,olap,benchANT
2026-05-16 11:20:30+00:00,system,load1,1.02,dbms,clickbench,postgresql-indexed-load,1,ip-172-31-19-62,olap,benchANT
2026-05-16 11:20:40+00:00,system,load1,1.02,dbms,clickbench,postgresql-indexed-load,1,ip-172-31-19-62,olap,benchANT
2026-05-16 11:20:50+00:00,system,load1,1.02,dbms,clickbench,postgresql-indexed-load,1,ip-172-31-19-62,olap,benchANT
2026-05-16 11:21:00+00:00,system,load1,1.01,dbms,clickbench,postgresql-indexed-load,1,ip-172-31-19-62,olap,benchANT
2026-05-16 11:21:10+00:00,system,load1,1.01,dbms,clickbench,postgresql-indexed-load,1,ip-172-31-19-62,olap,benchANT
2026-05-16 11:21:20+00:00,system,load1,1.01,dbms,clickbench,postgresql-indexed-load,1,ip-172-31-19-62,olap,benchANT
2026-05-16 11:21:30+00:00,system,load1,1.01,dbms,clickbench,postgresql-indexed-load,1,ip-172-31-19-62,olap,benchANT
2026-05-16 11:21:40+00:00,system,load1,1.0,dbms,clickbench,postgresql-indexed-load,1,ip-172-31-19-62,olap,benchANT
2026-05-16 11:21:50+00:00,system,load1,1.0,dbms,clickbench,postgresql-indexed-load,1,ip-172-31-19-62,olap,benchANT
2026-05-16 11:22:00+00:00,system,load1,1.0,dbms,clickbench,postgresql-indexed-load,1,ip-172-31-19-62,olap,benchANT
2026-05-16 11:22:10+00:00,system,load1,1.0,dbms,clickbench,postgresql-indexed-load,1,ip-172-31-19-62,olap,benchANT
2026-05-16 11:22:20+00:00,system,load1,1.0,dbms,clickbench,postgresql-indexed-load,1,ip-172-31-19-62,olap,benchANT
2026-05-16 11:22:30+00:00,system,load1,1.0,dbms,clickbench,postgresql-indexed-load,1,ip-172-31-19-62,olap,benchANT
2026-05-16 11:22:40+00:00,system,load1,1.0,dbms,clickbench,postgresql-indexed-load,1,ip-172-31-19-62,olap,benchANT
2026-05-16 11:22:50+00:00,system,load1,1.0,dbms,clickbench,postgresql-indexed-load,1,ip-172-31-19-62,olap,benchANT
2026-05-16 11:23:00+00:00,system,load1,1.0,dbms,clickbench,postgresql-indexed-load,1,ip-172-31-19-62,olap,benchANT
2026-05-16 11:23:10+00:00,system,load1,1.07,dbms,clickbench,postgresql-indexed-load,1,ip-172-31-19-62,olap,benchANT
2026-05-16 11:23:20+00:00,system,load1,1.06,dbms,clickbench,postgresql-indexed-load,1,ip-172-31-19-62,olap,benchANT
2026-05-16 11:23:30+00:00,system,load1,1.05,dbms,clickbench,postgresql-indexed-load,1,ip-172-31-19-62,olap,benchANT
2026-05-16 11:23:40+00:00,system,load1,1.04,dbms,clickbench,postgresql-indexed-load,1,ip-172-31-19-62,olap,benchANT
2026-05-16 11:23:50+00:00,system,load1,1.04,dbms,clickbench,postgresql-indexed-load,1,ip-172-31-19-62,olap,benchANT
2026-05-16 11:24:00+00:00,system,load1,1.03,dbms,clickbench,postgresql-indexed-load,1,ip-172-31-19-62,olap,benchANT
2026-05-16 11:24:10+00:00,system,load1,1.02,dbms,clickbench,postgresql-indexed-load,1,ip-172-31-19-62,olap,benchANT
2026-05-16 11:24:20+00:00,system,load1,1.02,dbms,clickbench,postgresql-indexed-load,1,ip-172-31-19-62,olap,benchANT
2026-05-16 11:24:30+00:00,system,load1,1.02,dbms,clickbench,postgresql-indexed-load,1,ip-172-31-19-62,olap,benchANT
2026-05-16 11:24:40+00:00,system,load1,1.01,dbms,clickbench,postgresql-indexed-load,1,ip-172-31-19-62,olap,benchANT
2026-05-16 11:24:50+00:00,system,load1,1.01,dbms,clickbench,postgresql-indexed-load,1,ip-172-31-19-62,olap,benchANT
2026-05-16 11:25:00+00:00,system,load1,1.01,dbms,clickbench,postgresql-indexed-load,1,ip-172-31-19-62,olap,benchANT
2026-05-16 11:25:10+00:00,system,load1,1.01,dbms,clickbench,postgresql-indexed-load,1,ip-172-31-19-62,olap,benchANT
2026-05-16 11:25:20+00:00,system,load1,1.01,dbms,clickbench,postgresql-indexed-load,1,ip-172-31-19-62,olap,benchANT
2026-05-16 11:25:30+00:00,system,load1,1.0,dbms,clickbench,postgresql-indexed-load,1,ip-172-31-19-62,olap,benchANT
2026-05-16 11:25:40+00:00,system,load1,1.0,dbms,clickbench,postgresql-indexed-load,1,ip-172-31-19-62,olap,benchANT
2026-05-16 11:25:50+00:00,system,load1,1.0,dbms,clickbench,postgresql-indexed-load,1,ip-172-31-19-62,olap,benchANT
2026-05-16 11:26:00+00:00,system,load1,1.0,dbms,clickbench,postgresql-indexed-load,1,ip-172-31-19-62,olap,benchANT
2026-05-16 11:26:10+00:00,system,load1,1.0,dbms,clickbench,postgresql-indexed-load,1,ip-172-31-19-62,olap,benchANT
2026-05-16 11:26:20+00:00,system,load1,1.0,dbms,clickbench,postgresql-indexed-load,1,ip-172-31-19-62,olap,benchANT
2026-05-16 11:26:30+00:00,system,load1,1.0,dbms,clickbench,postgresql-indexed-load,1,ip-172-31-19-62,olap,benchANT
2026-05-16 11:26:40+00:00,system,load1,1.0,dbms,clickbench,postgresql-indexed-load,1,ip-172-31-19-62,olap,benchANT
2026-05-16 11:26:50+00:00,system,load1,1.0,dbms,clickbench,postgresql-indexed-load,1,ip-172-31-19-62,olap,benchANT
2026-05-16 11:27:00+00:00,system,load1,1.0,dbms,clickbench,postgresql-indexed-load,1,ip-172-31-19-62,olap,benchANT
2026-05-16 11:27:10+00:00,system,load1,1.0,dbms,clickbench,postgresql-indexed-load,1,ip-172-31-19-62,olap,benchANT
2026-05-16 11:27:20+00:00,system,load1,1.0,dbms,clickbench,postgresql-indexed-load,1,ip-172-31-19-62,olap,benchANT
2026-05-16 11:27:30+00:00,system,load1,1.0,dbms,clickbench,postgresql-indexed-load,1,ip-172-31-19-62,olap,benchANT
2026-05-16 11:27:40+00:00,system,load1,1.0,dbms,clickbench,postgresql-indexed-load,1,ip-172-31-19-62,olap,benchANT
2026-05-16 11:27:50+00:00,system,load1,1.0,dbms,clickbench,postgresql-indexed-load,1,ip-172-31-19-62,olap,benchANT
2026-05-16 11:28:00+00:00,system,load1,1.0,dbms,clickbench,postgresql-indexed-load,1,ip-172-31-19-62,olap,benchANT
2026-05-16 11:28:10+00:00,system,load1,1.0,dbms,clickbench,postgresql-indexed-load,1,ip-172-31-19-62,olap,benchANT
2026-05-16 11:28:20+00:00,system,load1,1.0,dbms,clickbench,postgresql-indexed-load,1,ip-172-31-19-62,olap,benchANT
2026-05-16 11:28:30+00:00,system,load1,1.0,dbms,clickbench,postgresql-indexed-load,1,ip-172-31-19-62,olap,benchANT
2026-05-16 11:28:40+00:00,system,load1,1.0,dbms,clickbench,postgresql-indexed-load,1,ip-172-31-19-62,olap,benchANT
2026-05-16 11:28:50+00:00,system,load1,1.0,dbms,clickbench,postgresql-indexed-load,1,ip-172-31-19-62,olap,benchANT
2026-05-16 11:29:00+00:00,system,load1,1.0,dbms,clickbench,postgresql-indexed-load,1,ip-172-31-19-62,olap,benchANT
2026-05-16 11:29:10+00:00,system,load1,1.0,dbms,clickbench,postgresql-indexed-load,1,ip-172-31-19-62,olap,benchANT
2026-05-16 11:29:20+00:00,system,load1,1.0,dbms,clickbench,postgresql-indexed-load,1,ip-172-31-19-62,olap,benchANT
2026-05-16 11:29:30+00:00,system,load1,1.0,dbms,clickbench,postgresql-indexed-load,1,ip-172-31-19-62,olap,benchANT
2026-05-16 11:29:40+00:00,system,load1,1.0,dbms,clickbench,postgresql-indexed-load,1,ip-172-31-19-62,olap,benchANT
2026-05-16 11:29:50+00:00,system,load1,1.0,dbms,clickbench,postgresql-indexed-load,1,ip-172-31-19-62,olap,benchANT
2026-05-16 11:30:00+00:00,system,load1,1.0,dbms,clickbench,postgresql-indexed-load,1,ip-172-31-19-62,olap,benchANT
2026-05-16 11:30:10+00:00,system,load1,1.0,dbms,clickbench,postgresql-indexed-load,1,ip-172-31-19-62,olap,benchANT
2026-05-16 11:30:20+00:00,system,load1,1.0,dbms,clickbench,postgresql-indexed-load,1,ip-172-31-19-62,olap,benchANT
2026-05-16 11:30:30+00:00,system,load1,1.0,dbms,clickbench,postgresql-indexed-load,1,ip-172-31-19-62,olap,benchANT
2026-05-16 11:30:40+00:00,system,load1,1.0,dbms,clickbench,postgresql-indexed-load,1,ip-172-31-19-62,olap,benchANT
2026-05-16 11:30:50+00:00,system,load1,1.0,dbms,clickbench,postgresql-indexed-load,1,ip-172-31-19-62,olap,benchANT
2026-05-16 11:31:00+00:00,system,load1,1.0,dbms,clickbench,postgresql-indexed-load,1,ip-172-31-19-62,olap,benchANT
2026-05-16 11:31:10+00:00,system,load1,1.0,dbms,clickbench,postgresql-indexed-load,1,ip-172-31-19-62,olap,benchANT
2026-05-16 11:31:20+00:00,system,load1,1.0,dbms,clickbench,postgresql-indexed-load,1,ip-172-31-19-62,olap,benchANT
2026-05-16 11:31:30+00:00,system,load1,1.0,dbms,clickbench,postgresql-indexed-load,1,ip-172-31-19-62,olap,benchANT
2026-05-16 11:31:40+00:00,system,load1,1.0,dbms,clickbench,postgresql-indexed-load,1,ip-172-31-19-62,olap,benchANT
2026-05-16 11:31:50+00:00,system,load1,1.0,dbms,clickbench,postgresql-indexed-load,1,ip-172-31-19-62,olap,benchANT
2026-05-16 11:32:00+00:00,system,load1,1.0,dbms,clickbench,postgresql-indexed-load,1,ip-172-31-19-62,olap,benchANT
2026-05-16 11:32:10+00:00,system,load1,1.0,dbms,clickbench,postgresql-indexed-load,1,ip-172-31-19-62,olap,benchANT
2026-05-16 11:32:20+00:00,system,load1,1.0,dbms,clickbench,postgresql-indexed-load,1,ip-172-31-19-62,olap,benchANT
2026-05-16 11:32:30+00:00,system,load1,1.08,dbms,clickbench,postgresql-indexed-load,1,ip-172-31-19-62,olap,benchANT
2026-05-16 11:32:40+00:00,system,load1,1.07,dbms,clickbench,postgresql-indexed-load,1,ip-172-31-19-62,olap,benchANT
2026-05-16 11:32:50+00:00,system,load1,1.06,dbms,clickbench,postgresql-indexed-load,1,ip-172-31-19-62,olap,benchANT
2026-05-16 11:33:00+00:00,system,load1,1.13,dbms,clickbench,postgresql-indexed-load,1,ip-172-31-19-62,olap,benchANT
2026-05-16 11:33:10+00:00,system,load1,1.11,dbms,clickbench,postgresql-indexed-load,1,ip-172-31-19-62,olap,benchANT
2026-05-16 11:33:20+00:00,system,load1,1.09,dbms,clickbench,postgresql-indexed-load,1,ip-172-31-19-62,olap,benchANT
2026-05-16 11:33:30+00:00,system,load1,1.08,dbms,clickbench,postgresql-indexed-load,1,ip-172-31-19-62,olap,benchANT
2026-05-16 11:33:40+00:00,system,load1,1.06,dbms,clickbench,postgresql-indexed-load,1,ip-172-31-19-62,olap,benchANT
2026-05-16 11:33:50+00:00,system,load1,1.05,dbms,clickbench,postgresql-indexed-load,1,ip-172-31-19-62,olap,benchANT
2026-05-16 11:34:00+00:00,system,load1,1.04,dbms,clickbench,postgresql-indexed-load,1,ip-172-31-19-62,olap,benchANT
2026-05-16 11:34:10+00:00,system,load1,1.04,dbms,clickbench,postgresql-indexed-load,1,ip-172-31-19-62,olap,benchANT
2026-05-16 11:34:20+00:00,system,load1,1.03,dbms,clickbench,postgresql-indexed-load,1,ip-172-31-19-62,olap,benchANT
2026-05-16 11:34:30+00:00,system,load1,1.03,dbms,clickbench,postgresql-indexed-load,1,ip-172-31-19-62,olap,benchANT
2026-05-16 11:34:40+00:00,system,load1,1.02,dbms,clickbench,postgresql-indexed-load,1,ip-172-31-19-62,olap,benchANT
2026-05-16 11:34:50+00:00,system,load1,1.02,dbms,clickbench,postgresql-indexed-load,1,ip-172-31-19-62,olap,benchANT
2026-05-16 11:35:00+00:00,system,load1,1.01,dbms,clickbench,postgresql-indexed-load,1,ip-172-31-19-62,olap,benchANT
2026-05-16 11:35:10+00:00,system,load1,1.01,dbms,clickbench,postgresql-indexed-load,1,ip-172-31-19-62,olap,benchANT
2026-05-16 11:35:20+00:00,system,load1,1.01,dbms,clickbench,postgresql-indexed-load,1,ip-172-31-19-62,olap,benchANT
2026-05-16 11:35:30+00:00,system,load1,1.01,dbms,clickbench,postgresql-indexed-load,1,ip-172-31-19-62,olap,benchANT
2026-05-16 11:35:40+00:00,system,load1,1.01,dbms,clickbench,postgresql-indexed-load,1,ip-172-31-19-62,olap,benchANT
2026-05-16 11:35:50+00:00,system,load1,1.0,dbms,clickbench,postgresql-indexed-load,1,ip-172-31-19-62,olap,benchANT
2026-05-16 11:36:00+00:00,system,load1,1.0,dbms,clickbench,postgresql-indexed-load,1,ip-172-31-19-62,olap,benchANT
2026-05-16 11:36:10+00:00,system,load1,1.0,dbms,clickbench,postgresql-indexed-load,1,ip-172-31-19-62,olap,benchANT
2026-05-16 11:36:20+00:00,system,load1,1.0,dbms,clickbench,postgresql-indexed-load,1,ip-172-31-19-62,olap,benchANT
2026-05-16 11:36:30+00:00,system,load1,1.0,dbms,clickbench,postgresql-indexed-load,1,ip-172-31-19-62,olap,benchANT
2026-05-16 11:36:40+00:00,system,load1,1.0,dbms,clickbench,postgresql-indexed-load,1,ip-172-31-19-62,olap,benchANT
2026-05-16 11:36:50+00:00,system,load1,1.0,dbms,clickbench,postgresql-indexed-load,1,ip-172-31-19-62,olap,benchANT
2026-05-16 11:37:00+00:00,system,load1,1.0,dbms,clickbench,postgresql-indexed-load,1,ip-172-31-19-62,olap,benchANT
2026-05-16 11:37:10+00:00,system,load1,1.0,dbms,clickbench,postgresql-indexed-load,1,ip-172-31-19-62,olap,benchANT
2026-05-16 11:37:20+00:00,system,load1,1.0,dbms,clickbench,postgresql-indexed-load,1,ip-172-31-19-62,olap,benchANT
2026-05-16 11:37:30+00:00,system,load1,1.0,dbms,clickbench,postgresql-indexed-load,1,ip-172-31-19-62,olap,benchANT
2026-05-16 11:37:40+00:00,system,load1,1.0,dbms,clickbench,postgresql-indexed-load,1,ip-172-31-19-62,olap,benchANT
2026-05-16 11:37:50+00:00,system,load1,1.0,dbms,clickbench,postgresql-indexed-load,1,ip-172-31-19-62,olap,benchANT
2026-05-16 11:38:00+00:00,system,load1,1.0,dbms,clickbench,postgresql-indexed-load,1,ip-172-31-19-62,olap,benchANT
2026-05-16 11:38:10+00:00,system,load1,1.0,dbms,clickbench,postgresql-indexed-load,1,ip-172-31-19-62,olap,benchANT
2026-05-16 11:38:20+00:00,system,load1,1.0,dbms,clickbench,postgresql-indexed-load,1,ip-172-31-19-62,olap,benchANT
2026-05-16 11:38:30+00:00,system,load1,1.0,dbms,clickbench,postgresql-indexed-load,1,ip-172-31-19-62,olap,benchANT
2026-05-16 11:38:40+00:00,system,load1,1.0,dbms,clickbench,postgresql-indexed-load,1,ip-172-31-19-62,olap,benchANT
2026-05-16 11:38:50+00:00,system,load1,1.0,dbms,clickbench,postgresql-indexed-load,1,ip-172-31-19-62,olap,benchANT
2026-05-16 11:39:00+00:00,system,load1,1.0,dbms,clickbench,postgresql-indexed-load,1,ip-172-31-19-62,olap,benchANT
2026-05-16 11:39:10+00:00,system,load1,1.0,dbms,clickbench,postgresql-indexed-load,1,ip-172-31-19-62,olap,benchANT
2026-05-16 11:39:20+00:00,system,load1,1.0,dbms,clickbench,postgresql-indexed-load,1,ip-172-31-19-62,olap,benchANT
2026-05-16 11:39:30+00:00,system,load1,1.0,dbms,clickbench,postgresql-indexed-load,1,ip-172-31-19-62,olap,benchANT
2026-05-16 11:39:40+00:00,system,load1,1.0,dbms,clickbench,postgresql-indexed-load,1,ip-172-31-19-62,olap,benchANT
2026-05-16 11:39:50+00:00,system,load1,1.0,dbms,clickbench,postgresql-indexed-load,1,ip-172-31-19-62,olap,benchANT
2026-05-16 11:40:00+00:00,system,load1,1.0,dbms,clickbench,postgresql-indexed-load,1,ip-172-31-19-62,olap,benchANT
2026-05-16 11:40:10+00:00,system,load1,1.0,dbms,clickbench,postgresql-indexed-load,1,ip-172-31-19-62,olap,benchANT
2026-05-16 11:40:20+00:00,system,load1,1.0,dbms,clickbench,postgresql-indexed-load,1,ip-172-31-19-62,olap,benchANT
2026-05-16 11:40:30+00:00,system,load1,1.0,dbms,clickbench,postgresql-indexed-load,1,ip-172-31-19-62,olap,benchANT
2026-05-16 11:40:40+00:00,system,load1,1.0,dbms,clickbench,postgresql-indexed-load,1,ip-172-31-19-62,olap,benchANT
2026-05-16 11:40:50+00:00,system,load1,1.0,dbms,clickbench,postgresql-indexed-load,1,ip-172-31-19-62,olap,benchANT
2026-05-16 11:41:00+00:00,system,load1,1.0,dbms,clickbench,postgresql-indexed-load,1,ip-172-31-19-62,olap,benchANT
2026-05-16 11:41:10+00:00,system,load1,1.0,dbms,clickbench,postgresql-indexed-load,1,ip-172-31-19-62,olap,benchANT
2026-05-16 11:41:20+00:00,system,load1,1.0,dbms,clickbench,postgresql-indexed-load,1,ip-172-31-19-62,olap,benchANT
2026-05-16 11:41:30+00:00,system,load1,1.0,dbms,clickbench,postgresql-indexed-load,1,ip-172-31-19-62,olap,benchANT
2026-05-16 11:41:40+00:00,system,load1,1.0,dbms,clickbench,postgresql-indexed-load,1,ip-172-31-19-62,olap,benchANT
2026-05-16 11:41:50+00:00,system,load1,1.0,dbms,clickbench,postgresql-indexed-load,1,ip-172-31-19-62,olap,benchANT
2026-05-16 11:42:00+00:00,system,load1,1.0,dbms,clickbench,postgresql-indexed-load,1,ip-172-31-19-62,olap,benchANT
2026-05-16 11:42:10+00:00,system,load1,1.0,dbms,clickbench,postgresql-indexed-load,1,ip-172-31-19-62,olap,benchANT
2026-05-16 11:42:20+00:00,system,load1,1.0,dbms,clickbench,postgresql-indexed-load,1,ip-172-31-19-62,olap,benchANT
2026-05-16 11:42:30+00:00,system,load1,1.0,dbms,clickbench,postgresql-indexed-load,1,ip-172-31-19-62,olap,benchANT
2026-05-16 11:42:40+00:00,system,load1,1.0,dbms,clickbench,postgresql-indexed-load,1,ip-172-31-19-62,olap,benchANT
2026-05-16 11:42:50+00:00,system,load1,1.0,dbms,clickbench,postgresql-indexed-load,1,ip-172-31-19-62,olap,benchANT
2026-05-16 11:43:00+00:00,system,load1,1.0,dbms,clickbench,postgresql-indexed-load,1,ip-172-31-19-62,olap,benchANT
2026-05-16 11:43:10+00:00,system,load1,1.0,dbms,clickbench,postgresql-indexed-load,1,ip-172-31-19-62,olap,benchANT
2026-05-16 11:43:20+00:00,system,load1,1.0,dbms,clickbench,postgresql-indexed-load,1,ip-172-31-19-62,olap,benchANT
2026-05-16 11:43:30+00:00,system,load1,1.0,dbms,clickbench,postgresql-indexed-load,1,ip-172-31-19-62,olap,benchANT
2026-05-16 11:43:40+00:00,system,load1,1.0,dbms,clickbench,postgresql-indexed-load,1,ip-172-31-19-62,olap,benchANT
2026-05-16 11:43:50+00:00,system,load1,1.0,dbms,clickbench,postgresql-indexed-load,1,ip-172-31-19-62,olap,benchANT
2026-05-16 11:44:00+00:00,system,load1,1.0,dbms,clickbench,postgresql-indexed-load,1,ip-172-31-19-62,olap,benchANT
2026-05-16 11:44:10+00:00,system,load1,1.0,dbms,clickbench,postgresql-indexed-load,1,ip-172-31-19-62,olap,benchANT
2026-05-16 11:44:20+00:00,system,load1,1.0,dbms,clickbench,postgresql-indexed-load,1,ip-172-31-19-62,olap,benchANT
2026-05-16 11:44:30+00:00,system,load1,1.0,dbms,clickbench,postgresql-indexed-load,1,ip-172-31-19-62,olap,benchANT
2026-05-16 11:44:40+00:00,system,load1,1.0,dbms,clickbench,postgresql-indexed-load,1,ip-172-31-19-62,olap,benchANT
2026-05-16 11:44:50+00:00,system,load1,1.0,dbms,clickbench,postgresql-indexed-load,1,ip-172-31-19-62,olap,benchANT
2026-05-16 11:45:00+00:00,system,load1,1.0,dbms,clickbench,postgresql-indexed-load,1,ip-172-31-19-62,olap,benchANT
2026-05-16 11:45:10+00:00,system,load1,1.0,dbms,clickbench,postgresql-indexed-load,1,ip-172-31-19-62,olap,benchANT
2026-05-16 11:45:20+00:00,system,load1,1.0,dbms,clickbench,postgresql-indexed-load,1,ip-172-31-19-62,olap,benchANT
2026-05-16 11:45:30+00:00,system,load1,1.0,dbms,clickbench,postgresql-indexed-load,1,ip-172-31-19-62,olap,benchANT
2026-05-16 11:45:40+00:00,system,load1,1.0,dbms,clickbench,postgresql-indexed-load,1,ip-172-31-19-62,olap,benchANT
2026-05-16 11:45:50+00:00,system,load1,1.0,dbms,clickbench,postgresql-indexed-load,1,ip-172-31-19-62,olap,benchANT
2026-05-16 11:46:00+00:00,system,load1,1.0,dbms,clickbench,postgresql-indexed-load,1,ip-172-31-19-62,olap,benchANT
2026-05-16 11:46:10+00:00,system,load1,1.0,dbms,clickbench,postgresql-indexed-load,1,ip-172-31-19-62,olap,benchANT
2026-05-16 11:46:20+00:00,system,load1,1.0,dbms,clickbench,postgresql-indexed-load,1,ip-172-31-19-62,olap,benchANT
2026-05-16 11:46:30+00:00,system,load1,1.0,dbms,clickbench,postgresql-indexed-load,1,ip-172-31-19-62,olap,benchANT
2026-05-16 11:46:40+00:00,system,load1,1.0,dbms,clickbench,postgresql-indexed-load,1,ip-172-31-19-62,olap,benchANT
2026-05-16 11:46:50+00:00,system,load1,1.0,dbms,clickbench,postgresql-indexed-load,1,ip-172-31-19-62,olap,benchANT
2026-05-16 11:47:00+00:00,system,load1,1.0,dbms,clickbench,postgresql-indexed-load,1,ip-172-31-19-62,olap,benchANT
2026-05-16 11:47:10+00:00,system,load1,1.0,dbms,clickbench,postgresql-indexed-load,1,ip-172-31-19-62,olap,benchANT
2026-05-16 11:47:20+00:00,system,load1,1.07,dbms,clickbench,postgresql-indexed-load,1,ip-172-31-19-62,olap,benchANT
2026-05-16 11:47:30+00:00,system,load1,1.06,dbms,clickbench,postgresql-indexed-load,1,ip-172-31-19-62,olap,benchANT
2026-05-16 11:47:40+00:00,system,load1,1.05,dbms,clickbench,postgresql-indexed-load,1,ip-172-31-19-62,olap,benchANT
2026-05-16 11:47:50+00:00,system,load1,1.04,dbms,clickbench,postgresql-indexed-load,1,ip-172-31-19-62,olap,benchANT
2026-05-16 11:48:00+00:00,system,load1,1.5,dbms,clickbench,postgresql-indexed-load,1,ip-172-31-19-62,olap,benchANT
2026-05-16 11:48:10+00:00,system,load1,1.88,dbms,clickbench,postgresql-indexed-load,1,ip-172-31-19-62,olap,benchANT
2026-05-16 11:48:20+00:00,system,load1,2.21,dbms,clickbench,postgresql-indexed-load,1,ip-172-31-19-62,olap,benchANT
2026-05-16 11:48:30+00:00,system,load1,2.49,dbms,clickbench,postgresql-indexed-load,1,ip-172-31-19-62,olap,benchANT
2026-05-16 11:48:40+00:00,system,load1,2.72,dbms,clickbench,postgresql-indexed-load,1,ip-172-31-19-62,olap,benchANT
2026-05-16 11:48:50+00:00,system,load1,2.92,dbms,clickbench,postgresql-indexed-load,1,ip-172-31-19-62,olap,benchANT
2026-05-16 11:49:00+00:00,system,load1,3.08,dbms,clickbench,postgresql-indexed-load,1,ip-172-31-19-62,olap,benchANT
2026-05-16 11:49:10+00:00,system,load1,3.22,dbms,clickbench,postgresql-indexed-load,1,ip-172-31-19-62,olap,benchANT
2026-05-16 11:49:20+00:00,system,load1,3.34,dbms,clickbench,postgresql-indexed-load,1,ip-172-31-19-62,olap,benchANT
2026-05-16 11:49:30+00:00,system,load1,3.45,dbms,clickbench,postgresql-indexed-load,1,ip-172-31-19-62,olap,benchANT
2026-05-16 11:49:40+00:00,system,load1,3.53,dbms,clickbench,postgresql-indexed-load,1,ip-172-31-19-62,olap,benchANT
2026-05-16 11:49:50+00:00,system,load1,3.6,dbms,clickbench,postgresql-indexed-load,1,ip-172-31-19-62,olap,benchANT
2026-05-16 11:50:00+00:00,system,load1,3.66,dbms,clickbench,postgresql-indexed-load,1,ip-172-31-19-62,olap,benchANT
2026-05-16 11:50:10+00:00,system,load1,3.72,dbms,clickbench,postgresql-indexed-load,1,ip-172-31-19-62,olap,benchANT
2026-05-16 11:50:20+00:00,system,load1,3.76,dbms,clickbench,postgresql-indexed-load,1,ip-172-31-19-62,olap,benchANT
2026-05-16 11:50:30+00:00,system,load1,3.8,dbms,clickbench,postgresql-indexed-load,1,ip-172-31-19-62,olap,benchANT
2026-05-16 11:50:40+00:00,system,load1,3.83,dbms,clickbench,postgresql-indexed-load,1,ip-172-31-19-62,olap,benchANT
2026-05-16 11:50:50+00:00,system,load1,3.86,dbms,clickbench,postgresql-indexed-load,1,ip-172-31-19-62,olap,benchANT
2026-05-16 11:51:00+00:00,system,load1,3.88,dbms,clickbench,postgresql-indexed-load,1,ip-172-31-19-62,olap,benchANT
2026-05-16 11:51:10+00:00,system,load1,3.9,dbms,clickbench,postgresql-indexed-load,1,ip-172-31-19-62,olap,benchANT
2026-05-16 11:51:20+00:00,system,load1,3.91,dbms,clickbench,postgresql-indexed-load,1,ip-172-31-19-62,olap,benchANT
2026-05-16 11:51:30+00:00,system,load1,3.93,dbms,clickbench,postgresql-indexed-load,1,ip-172-31-19-62,olap,benchANT
2026-05-16 11:51:40+00:00,system,load1,3.94,dbms,clickbench,postgresql-indexed-load,1,ip-172-31-19-62,olap,benchANT
2026-05-16 11:51:50+00:00,system,load1,3.95,dbms,clickbench,postgresql-indexed-load,1,ip-172-31-19-62,olap,benchANT
2026-05-16 11:52:00+00:00,system,load1,3.96,dbms,clickbench,postgresql-indexed-load,1,ip-172-31-19-62,olap,benchANT
2026-05-16 11:52:10+00:00,system,load1,3.96,dbms,clickbench,postgresql-indexed-load,1,ip-172-31-19-62,olap,benchANT
2026-05-16 11:52:20+00:00,system,load1,3.97,dbms,clickbench,postgresql-indexed-load,1,ip-172-31-19-62,olap,benchANT
2026-05-16 11:52:30+00:00,system,load1,3.97,dbms,clickbench,postgresql-indexed-load,1,ip-172-31-19-62,olap,benchANT
2026-05-16 11:52:40+00:00,system,load1,3.98,dbms,clickbench,postgresql-indexed-load,1,ip-172-31-19-62,olap,benchANT
2026-05-16 11:52:50+00:00,system,load1,3.98,dbms,clickbench,postgresql-indexed-load,1,ip-172-31-19-62,olap,benchANT
2026-05-16 11:53:00+00:00,system,load1,3.99,dbms,clickbench,postgresql-indexed-load,1,ip-172-31-19-62,olap,benchANT
2026-05-16 11:53:10+00:00,system,load1,3.99,dbms,clickbench,postgresql-indexed-load,1,ip-172-31-19-62,olap,benchANT
2026-05-16 11:53:20+00:00,system,load1,3.99,dbms,clickbench,postgresql-indexed-load,1,ip-172-31-19-62,olap,benchANT
2026-05-16 11:53:30+00:00,system,load1,3.99,dbms,clickbench,postgresql-indexed-load,1,ip-172-31-19-62,olap,benchANT
2026-05-16 11:53:40+00:00,system,load1,4.07,dbms,clickbench,postgresql-indexed-load,1,ip-172-31-19-62,olap,benchANT
2026-05-16 11:53:50+00:00,system,load1,4.06,dbms,clickbench,postgresql-indexed-load,1,ip-172-31-19-62,olap,benchANT
2026-05-16 11:54:00+00:00,system,load1,4.05,dbms,clickbench,postgresql-indexed-load,1,ip-172-31-19-62,olap,benchANT
2026-05-16 11:54:10+00:00,system,load1,4.12,dbms,clickbench,postgresql-indexed-load,1,ip-172-31-19-62,olap,benchANT
2026-05-16 11:54:20+00:00,system,load1,4.1,dbms,clickbench,postgresql-indexed-load,1,ip-172-31-19-62,olap,benchANT
2026-05-16 11:54:30+00:00,system,load1,4.09,dbms,clickbench,postgresql-indexed-load,1,ip-172-31-19-62,olap,benchANT
2026-05-16 11:54:40+00:00,system,load1,4.07,dbms,clickbench,postgresql-indexed-load,1,ip-172-31-19-62,olap,benchANT
2026-05-16 11:54:50+00:00,system,load1,4.06,dbms,clickbench,postgresql-indexed-load,1,ip-172-31-19-62,olap,benchANT
2026-05-16 11:55:00+00:00,system,load1,4.05,dbms,clickbench,postgresql-indexed-load,1,ip-172-31-19-62,olap,benchANT
2026-05-16 11:55:10+00:00,system,load1,4.04,dbms,clickbench,postgresql-indexed-load,1,ip-172-31-19-62,olap,benchANT
2026-05-16 11:55:20+00:00,system,load1,4.04,dbms,clickbench,postgresql-indexed-load,1,ip-172-31-19-62,olap,benchANT
2026-05-16 11:55:30+00:00,system,load1,4.03,dbms,clickbench,postgresql-indexed-load,1,ip-172-31-19-62,olap,benchANT
2026-05-16 11:55:40+00:00,system,load1,4.03,dbms,clickbench,postgresql-indexed-load,1,ip-172-31-19-62,olap,benchANT
2026-05-16 11:55:50+00:00,system,load1,4.02,dbms,clickbench,postgresql-indexed-load,1,ip-172-31-19-62,olap,benchANT
2026-05-16 11:56:00+00:00,system,load1,4.02,dbms,clickbench,postgresql-indexed-load,1,ip-172-31-19-62,olap,benchANT
2026-05-16 11:56:10+00:00,system,load1,4.01,dbms,clickbench,postgresql-indexed-load,1,ip-172-31-19-62,olap,benchANT
2026-05-16 11:56:20+00:00,system,load1,4.01,dbms,clickbench,postgresql-indexed-load,1,ip-172-31-19-62,olap,benchANT
2026-05-16 11:56:30+00:00,system,load1,4.01,dbms,clickbench,postgresql-indexed-load,1,ip-172-31-19-62,olap,benchANT
2026-05-16 11:56:40+00:00,system,load1,3.55,dbms,clickbench,postgresql-indexed-load,1,ip-172-31-19-62,olap,benchANT
2026-05-16 11:56:50+00:00,system,load1,3.15,dbms,clickbench,postgresql-indexed-load,1,ip-172-31-19-62,olap,benchANT
2026-05-16 11:57:00+00:00,system,load1,3.06,dbms,clickbench,postgresql-indexed-load,1,ip-172-31-19-62,olap,benchANT
2026-05-16 11:57:10+00:00,system,load1,3.21,dbms,clickbench,postgresql-indexed-load,1,ip-172-31-19-62,olap,benchANT
2026-05-16 11:57:20+00:00,system,load1,3.33,dbms,clickbench,postgresql-indexed-load,1,ip-172-31-19-62,olap,benchANT
2026-05-16 11:57:30+00:00,system,load1,3.43,dbms,clickbench,postgresql-indexed-load,1,ip-172-31-19-62,olap,benchANT
2026-05-16 11:57:40+00:00,system,load1,3.52,dbms,clickbench,postgresql-indexed-load,1,ip-172-31-19-62,olap,benchANT
2026-05-16 11:57:50+00:00,system,load1,3.75,dbms,clickbench,postgresql-indexed-load,1,ip-172-31-19-62,olap,benchANT
2026-05-16 11:58:00+00:00,system,load1,3.79,dbms,clickbench,postgresql-indexed-load,1,ip-172-31-19-62,olap,benchANT
2026-05-16 11:58:10+00:00,system,load1,3.82,dbms,clickbench,postgresql-indexed-load,1,ip-172-31-19-62,olap,benchANT
2026-05-16 11:58:20+00:00,system,load1,3.92,dbms,clickbench,postgresql-indexed-load,1,ip-172-31-19-62,olap,benchANT
2026-05-16 11:58:30+00:00,system,load1,3.93,dbms,clickbench,postgresql-indexed-load,1,ip-172-31-19-62,olap,benchANT
2026-05-16 11:58:40+00:00,system,load1,3.94,dbms,clickbench,postgresql-indexed-load,1,ip-172-31-19-62,olap,benchANT
2026-05-16 11:58:50+00:00,system,load1,3.95,dbms,clickbench,postgresql-indexed-load,1,ip-172-31-19-62,olap,benchANT
2026-05-16 11:59:00+00:00,system,load1,3.96,dbms,clickbench,postgresql-indexed-load,1,ip-172-31-19-62,olap,benchANT
2026-05-16 11:59:10+00:00,system,load1,3.97,dbms,clickbench,postgresql-indexed-load,1,ip-172-31-19-62,olap,benchANT
2026-05-16 11:59:20+00:00,system,load1,3.97,dbms,clickbench,postgresql-indexed-load,1,ip-172-31-19-62,olap,benchANT
2026-05-16 11:59:30+00:00,system,load1,3.98,dbms,clickbench,postgresql-indexed-load,1,ip-172-31-19-62,olap,benchANT
2026-05-16 11:59:40+00:00,system,load1,3.98,dbms,clickbench,postgresql-indexed-load,1,ip-172-31-19-62,olap,benchANT
2026-05-16 11:59:50+00:00,system,load1,3.98,dbms,clickbench,postgresql-indexed-load,1,ip-172-31-19-62,olap,benchANT
2026-05-16 12:00:00+00:00,system,load1,3.99,dbms,clickbench,postgresql-indexed-load,1,ip-172-31-19-62,olap,benchANT
2026-05-16 12:00:10+00:00,system,load1,3.99,dbms,clickbench,postgresql-indexed-load,1,ip-172-31-19-62,olap,benchANT
2026-05-16 12:00:20+00:00,system,load1,3.99,dbms,clickbench,postgresql-indexed-load,1,ip-172-31-19-62,olap,benchANT
2026-05-16 12:00:30+00:00,system,load1,3.99,dbms,clickbench,postgresql-indexed-load,1,ip-172-31-19-62,olap,benchANT
2026-05-16 12:00:40+00:00,system,load1,4.0,dbms,clickbench,postgresql-indexed-load,1,ip-172-31-19-62,olap,benchANT
2026-05-16 12:00:50+00:00,system,load1,4.0,dbms,clickbench,postgresql-indexed-load,1,ip-172-31-19-62,olap,benchANT
2026-05-16 12:01:00+00:00,system,load1,4.0,dbms,clickbench,postgresql-indexed-load,1,ip-172-31-19-62,olap,benchANT
2026-05-16 12:01:10+00:00,system,load1,4.0,dbms,clickbench,postgresql-indexed-load,1,ip-172-31-19-62,olap,benchANT
2026-05-16 12:01:20+00:00,system,load1,4.0,dbms,clickbench,postgresql-indexed-load,1,ip-172-31-19-62,olap,benchANT
2026-05-16 12:01:30+00:00,system,load1,4.0,dbms,clickbench,postgresql-indexed-load,1,ip-172-31-19-62,olap,benchANT
2026-05-16 12:01:40+00:00,system,load1,4.0,dbms,clickbench,postgresql-indexed-load,1,ip-172-31-19-62,olap,benchANT
2026-05-16 12:01:50+00:00,system,load1,4.0,dbms,clickbench,postgresql-indexed-load,1,ip-172-31-19-62,olap,benchANT
2026-05-16 12:02:00+00:00,system,load1,4.0,dbms,clickbench,postgresql-indexed-load,1,ip-172-31-19-62,olap,benchANT
2026-05-16 12:02:10+00:00,system,load1,4.0,dbms,clickbench,postgresql-indexed-load,1,ip-172-31-19-62,olap,benchANT
2026-05-16 12:02:20+00:00,system,load1,4.0,dbms,clickbench,postgresql-indexed-load,1,ip-172-31-19-62,olap,benchANT
2026-05-16 12:02:30+00:00,system,load1,4.07,dbms,clickbench,postgresql-indexed-load,1,ip-172-31-19-62,olap,benchANT
2026-05-16 12:02:40+00:00,system,load1,4.06,dbms,clickbench,postgresql-indexed-load,1,ip-172-31-19-62,olap,benchANT
2026-05-16 12:02:50+00:00,system,load1,4.05,dbms,clickbench,postgresql-indexed-load,1,ip-172-31-19-62,olap,benchANT
2026-05-16 12:03:00+00:00,system,load1,4.04,dbms,clickbench,postgresql-indexed-load,1,ip-172-31-19-62,olap,benchANT
2026-05-16 12:03:10+00:00,system,load1,4.04,dbms,clickbench,postgresql-indexed-load,1,ip-172-31-19-62,olap,benchANT
2026-05-16 12:03:20+00:00,system,load1,4.03,dbms,clickbench,postgresql-indexed-load,1,ip-172-31-19-62,olap,benchANT
2026-05-16 12:03:30+00:00,system,load1,4.02,dbms,clickbench,postgresql-indexed-load,1,ip-172-31-19-62,olap,benchANT
2026-05-16 12:03:40+00:00,system,load1,4.02,dbms,clickbench,postgresql-indexed-load,1,ip-172-31-19-62,olap,benchANT
2026-05-16 12:03:50+00:00,system,load1,4.02,dbms,clickbench,postgresql-indexed-load,1,ip-172-31-19-62,olap,benchANT
2026-05-16 12:04:00+00:00,system,load1,4.01,dbms,clickbench,postgresql-indexed-load,1,ip-172-31-19-62,olap,benchANT
2026-05-16 12:04:10+00:00,system,load1,4.01,dbms,clickbench,postgresql-indexed-load,1,ip-172-31-19-62,olap,benchANT
2026-05-16 12:04:20+00:00,system,load1,4.01,dbms,clickbench,postgresql-indexed-load,1,ip-172-31-19-62,olap,benchANT
2026-05-16 12:04:30+00:00,system,load1,4.01,dbms,clickbench,postgresql-indexed-load,1,ip-172-31-19-62,olap,benchANT
2026-05-16 12:04:40+00:00,system,load1,4.08,dbms,clickbench,postgresql-indexed-load,1,ip-172-31-19-62,olap,benchANT
2026-05-16 12:04:50+00:00,system,load1,4.07,dbms,clickbench,postgresql-indexed-load,1,ip-172-31-19-62,olap,benchANT
2026-05-16 12:05:00+00:00,system,load1,4.06,dbms,clickbench,postgresql-indexed-load,1,ip-172-31-19-62,olap,benchANT
2026-05-16 12:05:10+00:00,system,load1,4.12,dbms,clickbench,postgresql-indexed-load,1,ip-172-31-19-62,olap,benchANT
2026-05-16 12:05:20+00:00,system,load1,4.1,dbms,clickbench,postgresql-indexed-load,1,ip-172-31-19-62,olap,benchANT
2026-05-16 12:05:30+00:00,system,load1,4.09,dbms,clickbench,postgresql-indexed-load,1,ip-172-31-19-62,olap,benchANT
2026-05-16 12:05:40+00:00,system,load1,4.07,dbms,clickbench,postgresql-indexed-load,1,ip-172-31-19-62,olap,benchANT
2026-05-16 12:05:50+00:00,system,load1,4.06,dbms,clickbench,postgresql-indexed-load,1,ip-172-31-19-62,olap,benchANT
2026-05-16 12:06:00+00:00,system,load1,4.05,dbms,clickbench,postgresql-indexed-load,1,ip-172-31-19-62,olap,benchANT
2026-05-16 12:06:10+00:00,system,load1,4.04,dbms,clickbench,postgresql-indexed-load,1,ip-172-31-19-62,olap,benchANT
2026-05-16 12:06:20+00:00,system,load1,4.12,dbms,clickbench,postgresql-indexed-load,1,ip-172-31-19-62,olap,benchANT
2026-05-16 12:06:30+00:00,system,load1,4.1,dbms,clickbench,postgresql-indexed-load,1,ip-172-31-19-62,olap,benchANT
2026-05-16 12:06:40+00:00,system,load1,4.08,dbms,clickbench,postgresql-indexed-load,1,ip-172-31-19-62,olap,benchANT
2026-05-16 12:06:50+00:00,system,load1,4.07,dbms,clickbench,postgresql-indexed-load,1,ip-172-31-19-62,olap,benchANT
2026-05-16 12:07:00+00:00,system,load1,4.06,dbms,clickbench,postgresql-indexed-load,1,ip-172-31-19-62,olap,benchANT
2026-05-16 12:07:10+00:00,system,load1,4.05,dbms,clickbench,postgresql-indexed-load,1,ip-172-31-19-62,olap,benchANT
2026-05-16 12:07:20+00:00,system,load1,4.12,dbms,clickbench,postgresql-indexed-load,1,ip-172-31-19-62,olap,benchANT
2026-05-16 12:07:30+00:00,system,load1,4.1,dbms,clickbench,postgresql-indexed-load,1,ip-172-31-19-62,olap,benchANT
2026-05-16 12:07:40+00:00,system,load1,4.09,dbms,clickbench,postgresql-indexed-load,1,ip-172-31-19-62,olap,benchANT
2026-05-16 12:07:50+00:00,system,load1,4.07,dbms,clickbench,postgresql-indexed-load,1,ip-172-31-19-62,olap,benchANT
2026-05-16 12:08:00+00:00,system,load1,4.06,dbms,clickbench,postgresql-indexed-load,1,ip-172-31-19-62,olap,benchANT
2026-05-16 12:08:10+00:00,system,load1,4.05,dbms,clickbench,postgresql-indexed-load,1,ip-172-31-19-62,olap,benchANT
2026-05-16 12:08:20+00:00,system,load1,4.04,dbms,clickbench,postgresql-indexed-load,1,ip-172-31-19-62,olap,benchANT
2026-05-16 12:08:30+00:00,system,load1,4.04,dbms,clickbench,postgresql-indexed-load,1,ip-172-31-19-62,olap,benchANT
2026-05-16 12:08:40+00:00,system,load1,4.03,dbms,clickbench,postgresql-indexed-load,1,ip-172-31-19-62,olap,benchANT
2026-05-16 12:08:50+00:00,system,load1,4.02,dbms,clickbench,postgresql-indexed-load,1,ip-172-31-19-62,olap,benchANT
2026-05-16 12:09:00+00:00,system,load1,4.02,dbms,clickbench,postgresql-indexed-load,1,ip-172-31-19-62,olap,benchANT
2026-05-16 12:09:10+00:00,system,load1,4.02,dbms,clickbench,postgresql-indexed-load,1,ip-172-31-19-62,olap,benchANT
2026-05-16 12:09:20+00:00,system,load1,4.01,dbms,clickbench,postgresql-indexed-load,1,ip-172-31-19-62,olap,benchANT
2026-05-16 12:09:30+00:00,system,load1,4.01,dbms,clickbench,postgresql-indexed-load,1,ip-172-31-19-62,olap,benchANT
2026-05-16 12:09:40+00:00,system,load1,4.01,dbms,clickbench,postgresql-indexed-load,1,ip-172-31-19-62,olap,benchANT
2026-05-16 12:09:50+00:00,system,load1,4.01,dbms,clickbench,postgresql-indexed-load,1,ip-172-31-19-62,olap,benchANT
2026-05-16 12:10:00+00:00,system,load1,4.01,dbms,clickbench,postgresql-indexed-load,1,ip-172-31-19-62,olap,benchANT
2026-05-16 12:10:10+00:00,system,load1,4.08,dbms,clickbench,postgresql-indexed-load,1,ip-172-31-19-62,olap,benchANT
2026-05-16 12:10:20+00:00,system,load1,4.07,dbms,clickbench,postgresql-indexed-load,1,ip-172-31-19-62,olap,benchANT
2026-05-16 12:10:30+00:00,system,load1,4.06,dbms,clickbench,postgresql-indexed-load,1,ip-172-31-19-62,olap,benchANT
2026-05-16 12:10:40+00:00,system,load1,4.05,dbms,clickbench,postgresql-indexed-load,1,ip-172-31-19-62,olap,benchANT
2026-05-16 12:10:50+00:00,system,load1,4.04,dbms,clickbench,postgresql-indexed-load,1,ip-172-31-19-62,olap,benchANT
2026-05-16 12:11:00+00:00,system,load1,4.03,dbms,clickbench,postgresql-indexed-load,1,ip-172-31-19-62,olap,benchANT
2026-05-16 12:11:10+00:00,system,load1,4.03,dbms,clickbench,postgresql-indexed-load,1,ip-172-31-19-62,olap,benchANT
2026-05-16 12:11:20+00:00,system,load1,4.1,dbms,clickbench,postgresql-indexed-load,1,ip-172-31-19-62,olap,benchANT
2026-05-16 12:11:30+00:00,system,load1,4.08,dbms,clickbench,postgresql-indexed-load,1,ip-172-31-19-62,olap,benchANT
2026-05-16 12:11:40+00:00,system,load1,4.07,dbms,clickbench,postgresql-indexed-load,1,ip-172-31-19-62,olap,benchANT
2026-05-16 12:11:50+00:00,system,load1,4.06,dbms,clickbench,postgresql-indexed-load,1,ip-172-31-19-62,olap,benchANT
2026-05-16 12:12:00+00:00,system,load1,4.05,dbms,clickbench,postgresql-indexed-load,1,ip-172-31-19-62,olap,benchANT
2026-05-16 12:12:10+00:00,system,load1,4.04,dbms,clickbench,postgresql-indexed-load,1,ip-172-31-19-62,olap,benchANT
2026-05-16 12:12:20+00:00,system,load1,4.03,dbms,clickbench,postgresql-indexed-load,1,ip-172-31-19-62,olap,benchANT
2026-05-16 12:12:30+00:00,system,load1,4.03,dbms,clickbench,postgresql-indexed-load,1,ip-172-31-19-62,olap,benchANT
2026-05-16 12:12:40+00:00,system,load1,4.02,dbms,clickbench,postgresql-indexed-load,1,ip-172-31-19-62,olap,benchANT
2026-05-16 12:12:50+00:00,system,load1,4.02,dbms,clickbench,postgresql-indexed-load,1,ip-172-31-19-62,olap,benchANT
2026-05-16 12:13:00+00:00,system,load1,4.02,dbms,clickbench,postgresql-indexed-load,1,ip-172-31-19-62,olap,benchANT
2026-05-16 12:13:10+00:00,system,load1,4.01,dbms,clickbench,postgresql-indexed-load,1,ip-172-31-19-62,olap,benchANT
2026-05-16 12:13:20+00:00,system,load1,4.01,dbms,clickbench,postgresql-indexed-load,1,ip-172-31-19-62,olap,benchANT
2026-05-16 12:13:30+00:00,system,load1,4.01,dbms,clickbench,postgresql-indexed-load,1,ip-172-31-19-62,olap,benchANT
2026-05-16 12:13:40+00:00,system,load1,4.01,dbms,clickbench,postgresql-indexed-load,1,ip-172-31-19-62,olap,benchANT
2026-05-16 12:13:50+00:00,system,load1,4.08,dbms,clickbench,postgresql-indexed-load,1,ip-172-31-19-62,olap,benchANT
2026-05-16 12:14:00+00:00,system,load1,4.07,dbms,clickbench,postgresql-indexed-load,1,ip-172-31-19-62,olap,benchANT
2026-05-16 12:14:10+00:00,system,load1,4.06,dbms,clickbench,postgresql-indexed-load,1,ip-172-31-19-62,olap,benchANT
2026-05-16 12:14:20+00:00,system,load1,4.05,dbms,clickbench,postgresql-indexed-load,1,ip-172-31-19-62,olap,benchANT
2026-05-16 12:14:30+00:00,system,load1,4.04,dbms,clickbench,postgresql-indexed-load,1,ip-172-31-19-62,olap,benchANT
2026-05-16 12:14:40+00:00,system,load1,4.03,dbms,clickbench,postgresql-indexed-load,1,ip-172-31-19-62,olap,benchANT
2026-05-16 12:14:50+00:00,system,load1,4.1,dbms,clickbench,postgresql-indexed-load,1,ip-172-31-19-62,olap,benchANT
2026-05-16 12:15:00+00:00,system,load1,4.08,dbms,clickbench,postgresql-indexed-load,1,ip-172-31-19-62,olap,benchANT
2026-05-16 12:15:10+00:00,system,load1,4.07,dbms,clickbench,postgresql-indexed-load,1,ip-172-31-19-62,olap,benchANT
2026-05-16 12:15:20+00:00,system,load1,4.06,dbms,clickbench,postgresql-indexed-load,1,ip-172-31-19-62,olap,benchANT
2026-05-16 12:15:30+00:00,system,load1,4.21,dbms,clickbench,postgresql-indexed-load,1,ip-172-31-19-62,olap,benchANT
2026-05-16 12:15:40+00:00,system,load1,4.25,dbms,clickbench,postgresql-indexed-load,1,ip-172-31-19-62,olap,benchANT
2026-05-16 12:15:50+00:00,system,load1,4.3,dbms,clickbench,postgresql-indexed-load,1,ip-172-31-19-62,olap,benchANT
2026-05-16 12:16:00+00:00,system,load1,4.25,dbms,clickbench,postgresql-indexed-load,1,ip-172-31-19-62,olap,benchANT
2026-05-16 12:16:10+00:00,system,load1,4.29,dbms,clickbench,postgresql-indexed-load,1,ip-172-31-19-62,olap,benchANT
2026-05-16 12:16:20+00:00,system,load1,4.24,dbms,clickbench,postgresql-indexed-load,1,ip-172-31-19-62,olap,benchANT
2026-05-16 12:16:30+00:00,system,load1,4.2,dbms,clickbench,postgresql-indexed-load,1,ip-172-31-19-62,olap,benchANT
2026-05-16 12:16:40+00:00,system,load1,4.17,dbms,clickbench,postgresql-indexed-load,1,ip-172-31-19-62,olap,benchANT
2026-05-16 12:16:50+00:00,system,load1,4.22,dbms,clickbench,postgresql-indexed-load,1,ip-172-31-19-62,olap,benchANT
2026-05-16 12:17:00+00:00,system,load1,4.26,dbms,clickbench,postgresql-indexed-load,1,ip-172-31-19-62,olap,benchANT
2026-05-16 12:17:10+00:00,system,load1,4.3,dbms,clickbench,postgresql-indexed-load,1,ip-172-31-19-62,olap,benchANT
2026-05-16 12:17:20+00:00,system,load1,4.33,dbms,clickbench,postgresql-indexed-load,1,ip-172-31-19-62,olap,benchANT
2026-05-16 12:17:30+00:00,system,load1,4.35,dbms,clickbench,postgresql-indexed-load,1,ip-172-31-19-62,olap,benchANT
2026-05-16 12:17:40+00:00,system,load1,4.38,dbms,clickbench,postgresql-indexed-load,1,ip-172-31-19-62,olap,benchANT
2026-05-16 12:17:50+00:00,system,load1,4.32,dbms,clickbench,postgresql-indexed-load,1,ip-172-31-19-62,olap,benchANT
2026-05-16 12:18:00+00:00,system,load1,4.27,dbms,clickbench,postgresql-indexed-load,1,ip-172-31-19-62,olap,benchANT
2026-05-16 12:18:10+00:00,system,load1,4.23,dbms,clickbench,postgresql-indexed-load,1,ip-172-31-19-62,olap,benchANT
2026-05-16 12:18:20+00:00,system,load1,4.19,dbms,clickbench,postgresql-indexed-load,1,ip-172-31-19-62,olap,benchANT
2026-05-16 12:18:30+00:00,system,load1,4.16,dbms,clickbench,postgresql-indexed-load,1,ip-172-31-19-62,olap,benchANT
2026-05-16 12:18:40+00:00,system,load1,4.14,dbms,clickbench,postgresql-indexed-load,1,ip-172-31-19-62,olap,benchANT
2026-05-16 12:18:50+00:00,system,load1,4.12,dbms,clickbench,postgresql-indexed-load,1,ip-172-31-19-62,olap,benchANT
2026-05-16 12:19:00+00:00,system,load1,4.18,dbms,clickbench,postgresql-indexed-load,1,ip-172-31-19-62,olap,benchANT
2026-05-16 12:19:10+00:00,system,load1,4.15,dbms,clickbench,postgresql-indexed-load,1,ip-172-31-19-62,olap,benchANT
2026-05-16 12:19:20+00:00,system,load1,4.21,dbms,clickbench,postgresql-indexed-load,1,ip-172-31-19-62,olap,benchANT
2026-05-16 12:19:30+00:00,system,load1,4.25,dbms,clickbench,postgresql-indexed-load,1,ip-172-31-19-62,olap,benchANT
2026-05-16 12:19:40+00:00,system,load1,4.29,dbms,clickbench,postgresql-indexed-load,1,ip-172-31-19-62,olap,benchANT
2026-05-16 12:19:50+00:00,system,load1,4.49,dbms,clickbench,postgresql-indexed-load,1,ip-172-31-19-62,olap,benchANT
2026-05-16 12:20:00+00:00,system,load1,4.41,dbms,clickbench,postgresql-indexed-load,1,ip-172-31-19-62,olap,benchANT
2026-05-16 12:20:10+00:00,system,load1,4.43,dbms,clickbench,postgresql-indexed-load,1,ip-172-31-19-62,olap,benchANT
2026-05-16 12:20:20+00:00,system,load1,4.44,dbms,clickbench,postgresql-indexed-load,1,ip-172-31-19-62,olap,benchANT
2026-05-16 12:20:30+00:00,system,load1,4.45,dbms,clickbench,postgresql-indexed-load,1,ip-172-31-19-62,olap,benchANT
2026-05-16 12:20:40+00:00,system,load1,4.38,dbms,clickbench,postgresql-indexed-load,1,ip-172-31-19-62,olap,benchANT
2026-05-16 12:20:50+00:00,system,load1,4.33,dbms,clickbench,postgresql-indexed-load,1,ip-172-31-19-62,olap,benchANT
2026-05-16 12:21:00+00:00,system,load1,4.27,dbms,clickbench,postgresql-indexed-load,1,ip-172-31-19-62,olap,benchANT
2026-05-16 12:21:10+00:00,system,load1,4.23,dbms,clickbench,postgresql-indexed-load,1,ip-172-31-19-62,olap,benchANT
2026-05-16 12:21:20+00:00,system,load1,4.2,dbms,clickbench,postgresql-indexed-load,1,ip-172-31-19-62,olap,benchANT
2026-05-16 12:21:30+00:00,system,load1,4.24,dbms,clickbench,postgresql-indexed-load,1,ip-172-31-19-62,olap,benchANT
2026-05-16 12:21:40+00:00,system,load1,4.2,dbms,clickbench,postgresql-indexed-load,1,ip-172-31-19-62,olap,benchANT
2026-05-16 12:21:50+00:00,system,load1,4.17,dbms,clickbench,postgresql-indexed-load,1,ip-172-31-19-62,olap,benchANT
2026-05-16 12:22:00+00:00,system,load1,4.14,dbms,clickbench,postgresql-indexed-load,1,ip-172-31-19-62,olap,benchANT
2026-05-16 12:22:10+00:00,system,load1,4.12,dbms,clickbench,postgresql-indexed-load,1,ip-172-31-19-62,olap,benchANT
2026-05-16 12:22:20+00:00,system,load1,4.1,dbms,clickbench,postgresql-indexed-load,1,ip-172-31-19-62,olap,benchANT
2026-05-16 12:22:30+00:00,system,load1,4.09,dbms,clickbench,postgresql-indexed-load,1,ip-172-31-19-62,olap,benchANT
2026-05-16 12:22:40+00:00,system,load1,4.15,dbms,clickbench,postgresql-indexed-load,1,ip-172-31-19-62,olap,benchANT
2026-05-16 12:22:50+00:00,system,load1,4.2,dbms,clickbench,postgresql-indexed-load,1,ip-172-31-19-62,olap,benchANT
2026-05-16 12:23:00+00:00,system,load1,4.17,dbms,clickbench,postgresql-indexed-load,1,ip-172-31-19-62,olap,benchANT
2026-05-16 12:23:10+00:00,system,load1,3.97,dbms,clickbench,postgresql-indexed-load,1,ip-172-31-19-62,olap,benchANT
2026-05-16 12:23:20+00:00,system,load1,3.52,dbms,clickbench,postgresql-indexed-load,1,ip-172-31-19-62,olap,benchANT
2026-05-16 12:23:30+00:00,system,load1,3.13,dbms,clickbench,postgresql-indexed-load,1,ip-172-31-19-62,olap,benchANT
2026-05-16 12:23:40+00:00,system,load1,2.8,dbms,clickbench,postgresql-indexed-load,1,ip-172-31-19-62,olap,benchANT
2026-05-16 12:23:50+00:00,system,load1,2.76,dbms,clickbench,postgresql-indexed-load,1,ip-172-31-19-62,olap,benchANT
2026-05-16 12:24:00+00:00,system,load1,2.95,dbms,clickbench,postgresql-indexed-load,1,ip-172-31-19-62,olap,benchANT
2026-05-16 12:24:10+00:00,system,load1,3.12,dbms,clickbench,postgresql-indexed-load,1,ip-172-31-19-62,olap,benchANT
2026-05-16 12:24:20+00:00,system,load1,3.25,dbms,clickbench,postgresql-indexed-load,1,ip-172-31-19-62,olap,benchANT
2026-05-16 12:24:30+00:00,system,load1,3.37,dbms,clickbench,postgresql-indexed-load,1,ip-172-31-19-62,olap,benchANT
2026-05-16 12:24:40+00:00,system,load1,3.47,dbms,clickbench,postgresql-indexed-load,1,ip-172-31-19-62,olap,benchANT
2026-05-16 12:24:50+00:00,system,load1,3.55,dbms,clickbench,postgresql-indexed-load,1,ip-172-31-19-62,olap,benchANT
2026-05-16 12:25:00+00:00,system,load1,3.62,dbms,clickbench,postgresql-indexed-load,1,ip-172-31-19-62,olap,benchANT
2026-05-16 12:25:10+00:00,system,load1,3.68,dbms,clickbench,postgresql-indexed-load,1,ip-172-31-19-62,olap,benchANT
2026-05-16 12:25:20+00:00,system,load1,3.73,dbms,clickbench,postgresql-indexed-load,1,ip-172-31-19-62,olap,benchANT
2026-05-16 12:25:30+00:00,system,load1,3.77,dbms,clickbench,postgresql-indexed-load,1,ip-172-31-19-62,olap,benchANT
2026-05-16 12:25:40+00:00,system,load1,3.81,dbms,clickbench,postgresql-indexed-load,1,ip-172-31-19-62,olap,benchANT
2026-05-16 12:25:50+00:00,system,load1,3.84,dbms,clickbench,postgresql-indexed-load,1,ip-172-31-19-62,olap,benchANT
2026-05-16 12:26:00+00:00,system,load1,3.86,dbms,clickbench,postgresql-indexed-load,1,ip-172-31-19-62,olap,benchANT
2026-05-16 12:26:10+00:00,system,load1,3.88,dbms,clickbench,postgresql-indexed-load,1,ip-172-31-19-62,olap,benchANT
2026-05-16 12:26:20+00:00,system,load1,3.9,dbms,clickbench,postgresql-indexed-load,1,ip-172-31-19-62,olap,benchANT
2026-05-16 12:26:30+00:00,system,load1,4.0,dbms,clickbench,postgresql-indexed-load,1,ip-172-31-19-62,olap,benchANT
2026-05-16 12:26:40+00:00,system,load1,4.0,dbms,clickbench,postgresql-indexed-load,1,ip-172-31-19-62,olap,benchANT
2026-05-16 12:26:50+00:00,system,load1,4.0,dbms,clickbench,postgresql-indexed-load,1,ip-172-31-19-62,olap,benchANT
2026-05-16 12:27:00+00:00,system,load1,4.0,dbms,clickbench,postgresql-indexed-load,1,ip-172-31-19-62,olap,benchANT
2026-05-16 12:27:10+00:00,system,load1,4.0,dbms,clickbench,postgresql-indexed-load,1,ip-172-31-19-62,olap,benchANT
2026-05-16 12:27:20+00:00,system,load1,4.0,dbms,clickbench,postgresql-indexed-load,1,ip-172-31-19-62,olap,benchANT
2026-05-16 12:27:30+00:00,system,load1,4.0,dbms,clickbench,postgresql-indexed-load,1,ip-172-31-19-62,olap,benchANT
2026-05-16 12:27:40+00:00,system,load1,4.0,dbms,clickbench,postgresql-indexed-load,1,ip-172-31-19-62,olap,benchANT
2026-05-16 12:27:50+00:00,system,load1,4.0,dbms,clickbench,postgresql-indexed-load,1,ip-172-31-19-62,olap,benchANT
2026-05-16 12:28:00+00:00,system,load1,4.0,dbms,clickbench,postgresql-indexed-load,1,ip-172-31-19-62,olap,benchANT
2026-05-16 12:28:10+00:00,system,load1,4.0,dbms,clickbench,postgresql-indexed-load,1,ip-172-31-19-62,olap,benchANT
2026-05-16 12:28:20+00:00,system,load1,4.0,dbms,clickbench,postgresql-indexed-load,1,ip-172-31-19-62,olap,benchANT
2026-05-16 12:28:30+00:00,system,load1,4.0,dbms,clickbench,postgresql-indexed-load,1,ip-172-31-19-62,olap,benchANT
2026-05-16 12:28:40+00:00,system,load1,4.07,dbms,clickbench,postgresql-indexed-load,1,ip-172-31-19-62,olap,benchANT
2026-05-16 12:28:50+00:00,system,load1,4.06,dbms,clickbench,postgresql-indexed-load,1,ip-172-31-19-62,olap,benchANT
2026-05-16 12:29:00+00:00,system,load1,4.05,dbms,clickbench,postgresql-indexed-load,1,ip-172-31-19-62,olap,benchANT
2026-05-16 12:29:10+00:00,system,load1,4.04,dbms,clickbench,postgresql-indexed-load,1,ip-172-31-19-62,olap,benchANT
2026-05-16 12:29:20+00:00,system,load1,4.04,dbms,clickbench,postgresql-indexed-load,1,ip-172-31-19-62,olap,benchANT
2026-05-16 12:29:30+00:00,system,load1,4.03,dbms,clickbench,postgresql-indexed-load,1,ip-172-31-19-62,olap,benchANT
2026-05-16 12:29:40+00:00,system,load1,4.02,dbms,clickbench,postgresql-indexed-load,1,ip-172-31-19-62,olap,benchANT
2026-05-16 12:29:50+00:00,system,load1,4.02,dbms,clickbench,postgresql-indexed-load,1,ip-172-31-19-62,olap,benchANT
2026-05-16 12:30:00+00:00,system,load1,4.02,dbms,clickbench,postgresql-indexed-load,1,ip-172-31-19-62,olap,benchANT
2026-05-16 12:30:10+00:00,system,load1,4.01,dbms,clickbench,postgresql-indexed-load,1,ip-172-31-19-62,olap,benchANT
2026-05-16 12:30:20+00:00,system,load1,4.01,dbms,clickbench,postgresql-indexed-load,1,ip-172-31-19-62,olap,benchANT
2026-05-16 12:30:30+00:00,system,load1,4.01,dbms,clickbench,postgresql-indexed-load,1,ip-172-31-19-62,olap,benchANT
2026-05-16 12:30:40+00:00,system,load1,4.01,dbms,clickbench,postgresql-indexed-load,1,ip-172-31-19-62,olap,benchANT
2026-05-16 12:30:50+00:00,system,load1,4.01,dbms,clickbench,postgresql-indexed-load,1,ip-172-31-19-62,olap,benchANT
2026-05-16 12:31:00+00:00,system,load1,4.0,dbms,clickbench,postgresql-indexed-load,1,ip-172-31-19-62,olap,benchANT
2026-05-16 12:31:10+00:00,system,load1,4.0,dbms,clickbench,postgresql-indexed-load,1,ip-172-31-19-62,olap,benchANT
2026-05-16 12:31:20+00:00,system,load1,4.0,dbms,clickbench,postgresql-indexed-load,1,ip-172-31-19-62,olap,benchANT
2026-05-16 12:31:30+00:00,system,load1,4.0,dbms,clickbench,postgresql-indexed-load,1,ip-172-31-19-62,olap,benchANT
2026-05-16 12:31:40+00:00,system,load1,4.0,dbms,clickbench,postgresql-indexed-load,1,ip-172-31-19-62,olap,benchANT
2026-05-16 12:31:50+00:00,system,load1,4.0,dbms,clickbench,postgresql-indexed-load,1,ip-172-31-19-62,olap,benchANT
2026-05-16 12:32:00+00:00,system,load1,4.0,dbms,clickbench,postgresql-indexed-load,1,ip-172-31-19-62,olap,benchANT
2026-05-16 12:32:10+00:00,system,load1,4.0,dbms,clickbench,postgresql-indexed-load,1,ip-172-31-19-62,olap,benchANT
2026-05-16 12:32:20+00:00,system,load1,4.0,dbms,clickbench,postgresql-indexed-load,1,ip-172-31-19-62,olap,benchANT
2026-05-16 12:32:30+00:00,system,load1,4.32,dbms,clickbench,postgresql-indexed-load,1,ip-172-31-19-62,olap,benchANT
2026-05-16 12:32:40+00:00,system,load1,4.27,dbms,clickbench,postgresql-indexed-load,1,ip-172-31-19-62,olap,benchANT
2026-05-16 12:32:50+00:00,system,load1,4.23,dbms,clickbench,postgresql-indexed-load,1,ip-172-31-19-62,olap,benchANT
2026-05-16 12:33:00+00:00,system,load1,4.19,dbms,clickbench,postgresql-indexed-load,1,ip-172-31-19-62,olap,benchANT
2026-05-16 12:33:10+00:00,system,load1,4.16,dbms,clickbench,postgresql-indexed-load,1,ip-172-31-19-62,olap,benchANT
2026-05-16 12:33:20+00:00,system,load1,4.14,dbms,clickbench,postgresql-indexed-load,1,ip-172-31-19-62,olap,benchANT
2026-05-16 12:33:30+00:00,system,load1,4.12,dbms,clickbench,postgresql-indexed-load,1,ip-172-31-19-62,olap,benchANT
2026-05-16 12:33:40+00:00,system,load1,4.1,dbms,clickbench,postgresql-indexed-load,1,ip-172-31-19-62,olap,benchANT
2026-05-16 12:33:50+00:00,system,load1,4.08,dbms,clickbench,postgresql-indexed-load,1,ip-172-31-19-62,olap,benchANT
2026-05-16 12:34:00+00:00,system,load1,4.07,dbms,clickbench,postgresql-indexed-load,1,ip-172-31-19-62,olap,benchANT
2026-05-16 12:34:10+00:00,system,load1,4.06,dbms,clickbench,postgresql-indexed-load,1,ip-172-31-19-62,olap,benchANT
2026-05-16 12:34:20+00:00,system,load1,4.05,dbms,clickbench,postgresql-indexed-load,1,ip-172-31-19-62,olap,benchANT
2026-05-16 12:34:30+00:00,system,load1,4.04,dbms,clickbench,postgresql-indexed-load,1,ip-172-31-19-62,olap,benchANT
2026-05-16 12:34:40+00:00,system,load1,4.03,dbms,clickbench,postgresql-indexed-load,1,ip-172-31-19-62,olap,benchANT
2026-05-16 12:34:50+00:00,system,load1,4.03,dbms,clickbench,postgresql-indexed-load,1,ip-172-31-19-62,olap,benchANT
2026-05-16 12:35:00+00:00,system,load1,4.02,dbms,clickbench,postgresql-indexed-load,1,ip-172-31-19-62,olap,benchANT
2026-05-16 12:35:10+00:00,system,load1,4.02,dbms,clickbench,postgresql-indexed-load,1,ip-172-31-19-62,olap,benchANT
2026-05-16 12:35:20+00:00,system,load1,4.02,dbms,clickbench,postgresql-indexed-load,1,ip-172-31-19-62,olap,benchANT
2026-05-16 12:35:30+00:00,system,load1,4.01,dbms,clickbench,postgresql-indexed-load,1,ip-172-31-19-62,olap,benchANT
2026-05-16 12:35:40+00:00,system,load1,4.01,dbms,clickbench,postgresql-indexed-load,1,ip-172-31-19-62,olap,benchANT
2026-05-16 12:35:50+00:00,system,load1,4.01,dbms,clickbench,postgresql-indexed-load,1,ip-172-31-19-62,olap,benchANT
2026-05-16 12:36:00+00:00,system,load1,4.01,dbms,clickbench,postgresql-indexed-load,1,ip-172-31-19-62,olap,benchANT
2026-05-16 12:36:10+00:00,system,load1,4.0,dbms,clickbench,postgresql-indexed-load,1,ip-172-31-19-62,olap,benchANT
2026-05-16 12:36:20+00:00,system,load1,4.0,dbms,clickbench,postgresql-indexed-load,1,ip-172-31-19-62,olap,benchANT
2026-05-16 12:36:30+00:00,system,load1,4.0,dbms,clickbench,postgresql-indexed-load,1,ip-172-31-19-62,olap,benchANT
2026-05-16 12:36:40+00:00,system,load1,4.0,dbms,clickbench,postgresql-indexed-load,1,ip-172-31-19-62,olap,benchANT
2026-05-16 12:36:50+00:00,system,load1,4.0,dbms,clickbench,postgresql-indexed-load,1,ip-172-31-19-62,olap,benchANT
2026-05-16 12:37:00+00:00,system,load1,4.0,dbms,clickbench,postgresql-indexed-load,1,ip-172-31-19-62,olap,benchANT
2026-05-16 12:37:10+00:00,system,load1,4.0,dbms,clickbench,postgresql-indexed-load,1,ip-172-31-19-62,olap,benchANT
2026-05-16 12:37:20+00:00,system,load1,4.0,dbms,clickbench,postgresql-indexed-load,1,ip-172-31-19-62,olap,benchANT
2026-05-16 12:37:30+00:00,system,load1,4.0,dbms,clickbench,postgresql-indexed-load,1,ip-172-31-19-62,olap,benchANT
2026-05-16 12:37:40+00:00,system,load1,4.0,dbms,clickbench,postgresql-indexed-load,1,ip-172-31-19-62,olap,benchANT
2026-05-16 12:37:50+00:00,system,load1,4.0,dbms,clickbench,postgresql-indexed-load,1,ip-172-31-19-62,olap,benchANT
2026-05-16 12:38:00+00:00,system,load1,4.0,dbms,clickbench,postgresql-indexed-load,1,ip-172-31-19-62,olap,benchANT
2026-05-16 12:38:10+00:00,system,load1,4.08,dbms,clickbench,postgresql-indexed-load,1,ip-172-31-19-62,olap,benchANT
2026-05-16 12:38:20+00:00,system,load1,4.07,dbms,clickbench,postgresql-indexed-load,1,ip-172-31-19-62,olap,benchANT
2026-05-16 12:38:30+00:00,system,load1,4.06,dbms,clickbench,postgresql-indexed-load,1,ip-172-31-19-62,olap,benchANT
2026-05-16 12:38:40+00:00,system,load1,4.05,dbms,clickbench,postgresql-indexed-load,1,ip-172-31-19-62,olap,benchANT
2026-05-16 12:38:50+00:00,system,load1,4.04,dbms,clickbench,postgresql-indexed-load,1,ip-172-31-19-62,olap,benchANT
2026-05-16 12:39:00+00:00,system,load1,4.03,dbms,clickbench,postgresql-indexed-load,1,ip-172-31-19-62,olap,benchANT
2026-05-16 12:39:10+00:00,system,load1,4.03,dbms,clickbench,postgresql-indexed-load,1,ip-172-31-19-62,olap,benchANT
2026-05-16 12:39:20+00:00,system,load1,4.02,dbms,clickbench,postgresql-indexed-load,1,ip-172-31-19-62,olap,benchANT
2026-05-16 12:39:30+00:00,system,load1,4.02,dbms,clickbench,postgresql-indexed-load,1,ip-172-31-19-62,olap,benchANT
2026-05-16 12:39:40+00:00,system,load1,4.02,dbms,clickbench,postgresql-indexed-load,1,ip-172-31-19-62,olap,benchANT
2026-05-16 12:39:50+00:00,system,load1,4.01,dbms,clickbench,postgresql-indexed-load,1,ip-172-31-19-62,olap,benchANT
2026-05-16 12:40:00+00:00,system,load1,4.09,dbms,clickbench,postgresql-indexed-load,1,ip-172-31-19-62,olap,benchANT
2026-05-16 12:40:10+00:00,system,load1,4.08,dbms,clickbench,postgresql-indexed-load,1,ip-172-31-19-62,olap,benchANT
2026-05-16 12:40:20+00:00,system,load1,4.06,dbms,clickbench,postgresql-indexed-load,1,ip-172-31-19-62,olap,benchANT
2026-05-16 12:40:30+00:00,system,load1,4.05,dbms,clickbench,postgresql-indexed-load,1,ip-172-31-19-62,olap,benchANT
2026-05-16 12:40:40+00:00,system,load1,4.04,dbms,clickbench,postgresql-indexed-load,1,ip-172-31-19-62,olap,benchANT
2026-05-16 12:40:50+00:00,system,load1,4.04,dbms,clickbench,postgresql-indexed-load,1,ip-172-31-19-62,olap,benchANT
2026-05-16 12:41:00+00:00,system,load1,4.03,dbms,clickbench,postgresql-indexed-load,1,ip-172-31-19-62,olap,benchANT
2026-05-16 12:41:10+00:00,system,load1,4.03,dbms,clickbench,postgresql-indexed-load,1,ip-172-31-19-62,olap,benchANT
2026-05-16 12:41:20+00:00,system,load1,4.1,dbms,clickbench,postgresql-indexed-load,1,ip-172-31-19-62,olap,benchANT
2026-05-16 12:41:30+00:00,system,load1,4.08,dbms,clickbench,postgresql-indexed-load,1,ip-172-31-19-62,olap,benchANT
2026-05-16 12:41:40+00:00,system,load1,4.07,dbms,clickbench,postgresql-indexed-load,1,ip-172-31-19-62,olap,benchANT
2026-05-16 12:41:50+00:00,system,load1,4.06,dbms,clickbench,postgresql-indexed-load,1,ip-172-31-19-62,olap,benchANT
2026-05-16 12:42:00+00:00,system,load1,4.05,dbms,clickbench,postgresql-indexed-load,1,ip-172-31-19-62,olap,benchANT
2026-05-16 12:42:10+00:00,system,load1,4.04,dbms,clickbench,postgresql-indexed-load,1,ip-172-31-19-62,olap,benchANT
2026-05-16 12:42:20+00:00,system,load1,4.03,dbms,clickbench,postgresql-indexed-load,1,ip-172-31-19-62,olap,benchANT
2026-05-16 12:42:30+00:00,system,load1,4.03,dbms,clickbench,postgresql-indexed-load,1,ip-172-31-19-62,olap,benchANT
2026-05-16 12:42:40+00:00,system,load1,4.1,dbms,clickbench,postgresql-indexed-load,1,ip-172-31-19-62,olap,benchANT
2026-05-16 12:42:50+00:00,system,load1,4.09,dbms,clickbench,postgresql-indexed-load,1,ip-172-31-19-62,olap,benchANT
2026-05-16 12:43:00+00:00,system,load1,4.07,dbms,clickbench,postgresql-indexed-load,1,ip-172-31-19-62,olap,benchANT
2026-05-16 12:43:10+00:00,system,load1,4.06,dbms,clickbench,postgresql-indexed-load,1,ip-172-31-19-62,olap,benchANT
2026-05-16 12:43:20+00:00,system,load1,4.05,dbms,clickbench,postgresql-indexed-load,1,ip-172-31-19-62,olap,benchANT
2026-05-16 12:43:30+00:00,system,load1,4.04,dbms,clickbench,postgresql-indexed-load,1,ip-172-31-19-62,olap,benchANT
2026-05-16 12:43:40+00:00,system,load1,4.04,dbms,clickbench,postgresql-indexed-load,1,ip-172-31-19-62,olap,benchANT
2026-05-16 12:43:50+00:00,system,load1,4.03,dbms,clickbench,postgresql-indexed-load,1,ip-172-31-19-62,olap,benchANT
2026-05-16 12:44:00+00:00,system,load1,4.02,dbms,clickbench,postgresql-indexed-load,1,ip-172-31-19-62,olap,benchANT
2026-05-16 12:44:10+00:00,system,load1,4.02,dbms,clickbench,postgresql-indexed-load,1,ip-172-31-19-62,olap,benchANT
2026-05-16 12:44:20+00:00,system,load1,4.02,dbms,clickbench,postgresql-indexed-load,1,ip-172-31-19-62,olap,benchANT
2026-05-16 12:44:30+00:00,system,load1,4.01,dbms,clickbench,postgresql-indexed-load,1,ip-172-31-19-62,olap,benchANT
2026-05-16 12:44:40+00:00,system,load1,4.01,dbms,clickbench,postgresql-indexed-load,1,ip-172-31-19-62,olap,benchANT
2026-05-16 12:44:50+00:00,system,load1,4.01,dbms,clickbench,postgresql-indexed-load,1,ip-172-31-19-62,olap,benchANT
2026-05-16 12:45:00+00:00,system,load1,4.01,dbms,clickbench,postgresql-indexed-load,1,ip-172-31-19-62,olap,benchANT
2026-05-16 12:45:10+00:00,system,load1,4.01,dbms,clickbench,postgresql-indexed-load,1,ip-172-31-19-62,olap,benchANT
2026-05-16 12:45:20+00:00,system,load1,4.0,dbms,clickbench,postgresql-indexed-load,1,ip-172-31-19-62,olap,benchANT
2026-05-16 12:45:30+00:00,system,load1,4.08,dbms,clickbench,postgresql-indexed-load,1,ip-172-31-19-62,olap,benchANT
2026-05-16 12:45:40+00:00,system,load1,4.07,dbms,clickbench,postgresql-indexed-load,1,ip-172-31-19-62,olap,benchANT
2026-05-16 12:45:50+00:00,system,load1,4.06,dbms,clickbench,postgresql-indexed-load,1,ip-172-31-19-62,olap,benchANT
2026-05-16 12:46:00+00:00,system,load1,4.05,dbms,clickbench,postgresql-indexed-load,1,ip-172-31-19-62,olap,benchANT
2026-05-16 12:46:10+00:00,system,load1,4.04,dbms,clickbench,postgresql-indexed-load,1,ip-172-31-19-62,olap,benchANT
2026-05-16 12:46:20+00:00,system,load1,4.04,dbms,clickbench,postgresql-indexed-load,1,ip-172-31-19-62,olap,benchANT
2026-05-16 12:46:30+00:00,system,load1,4.11,dbms,clickbench,postgresql-indexed-load,1,ip-172-31-19-62,olap,benchANT
2026-05-16 12:46:40+00:00,system,load1,4.09,dbms,clickbench,postgresql-indexed-load,1,ip-172-31-19-62,olap,benchANT
2026-05-16 12:46:50+00:00,system,load1,4.08,dbms,clickbench,postgresql-indexed-load,1,ip-172-31-19-62,olap,benchANT
2026-05-16 12:47:00+00:00,system,load1,4.07,dbms,clickbench,postgresql-indexed-load,1,ip-172-31-19-62,olap,benchANT
2026-05-16 12:47:10+00:00,system,load1,4.06,dbms,clickbench,postgresql-indexed-load,1,ip-172-31-19-62,olap,benchANT
2026-05-16 12:47:20+00:00,system,load1,4.05,dbms,clickbench,postgresql-indexed-load,1,ip-172-31-19-62,olap,benchANT
2026-05-16 12:47:30+00:00,system,load1,4.12,dbms,clickbench,postgresql-indexed-load,1,ip-172-31-19-62,olap,benchANT
2026-05-16 12:47:40+00:00,system,load1,4.1,dbms,clickbench,postgresql-indexed-load,1,ip-172-31-19-62,olap,benchANT
2026-05-16 12:47:50+00:00,system,load1,4.08,dbms,clickbench,postgresql-indexed-load,1,ip-172-31-19-62,olap,benchANT
2026-05-16 12:48:00+00:00,system,load1,4.15,dbms,clickbench,postgresql-indexed-load,1,ip-172-31-19-62,olap,benchANT
2026-05-16 12:48:10+00:00,system,load1,4.13,dbms,clickbench,postgresql-indexed-load,1,ip-172-31-19-62,olap,benchANT
2026-05-16 12:48:20+00:00,system,load1,4.11,dbms,clickbench,postgresql-indexed-load,1,ip-172-31-19-62,olap,benchANT
2026-05-16 12:48:30+00:00,system,load1,4.09,dbms,clickbench,postgresql-indexed-load,1,ip-172-31-19-62,olap,benchANT
2026-05-16 12:48:40+00:00,system,load1,4.08,dbms,clickbench,postgresql-indexed-load,1,ip-172-31-19-62,olap,benchANT
2026-05-16 12:48:50+00:00,system,load1,4.06,dbms,clickbench,postgresql-indexed-load,1,ip-172-31-19-62,olap,benchANT
2026-05-16 12:49:00+00:00,system,load1,4.13,dbms,clickbench,postgresql-indexed-load,1,ip-172-31-19-62,olap,benchANT
2026-05-16 12:49:10+00:00,system,load1,4.11,dbms,clickbench,postgresql-indexed-load,1,ip-172-31-19-62,olap,benchANT
2026-05-16 12:49:20+00:00,system,load1,4.1,dbms,clickbench,postgresql-indexed-load,1,ip-172-31-19-62,olap,benchANT
2026-05-16 12:49:30+00:00,system,load1,4.08,dbms,clickbench,postgresql-indexed-load,1,ip-172-31-19-62,olap,benchANT
2026-05-16 12:49:40+00:00,system,load1,4.15,dbms,clickbench,postgresql-indexed-load,1,ip-172-31-19-62,olap,benchANT
2026-05-16 12:49:50+00:00,system,load1,4.12,dbms,clickbench,postgresql-indexed-load,1,ip-172-31-19-62,olap,benchANT
2026-05-16 12:50:00+00:00,system,load1,4.4,dbms,clickbench,postgresql-indexed-load,1,ip-172-31-19-62,olap,benchANT
2026-05-16 12:50:10+00:00,system,load1,4.34,dbms,clickbench,postgresql-indexed-load,1,ip-172-31-19-62,olap,benchANT
2026-05-16 12:50:20+00:00,system,load1,4.29,dbms,clickbench,postgresql-indexed-load,1,ip-172-31-19-62,olap,benchANT
2026-05-16 12:50:30+00:00,system,load1,4.24,dbms,clickbench,postgresql-indexed-load,1,ip-172-31-19-62,olap,benchANT
2026-05-16 12:50:40+00:00,system,load1,4.2,dbms,clickbench,postgresql-indexed-load,1,ip-172-31-19-62,olap,benchANT
2026-05-16 12:50:50+00:00,system,load1,4.17,dbms,clickbench,postgresql-indexed-load,1,ip-172-31-19-62,olap,benchANT
2026-05-16 12:51:00+00:00,system,load1,4.14,dbms,clickbench,postgresql-indexed-load,1,ip-172-31-19-62,olap,benchANT
2026-05-16 12:51:10+00:00,system,load1,4.12,dbms,clickbench,postgresql-indexed-load,1,ip-172-31-19-62,olap,benchANT
2026-05-16 12:51:20+00:00,system,load1,4.26,dbms,clickbench,postgresql-indexed-load,1,ip-172-31-19-62,olap,benchANT
2026-05-16 12:51:30+00:00,system,load1,4.22,dbms,clickbench,postgresql-indexed-load,1,ip-172-31-19-62,olap,benchANT
2026-05-16 12:51:40+00:00,system,load1,4.27,dbms,clickbench,postgresql-indexed-load,1,ip-172-31-19-62,olap,benchANT
2026-05-16 12:51:50+00:00,system,load1,4.23,dbms,clickbench,postgresql-indexed-load,1,ip-172-31-19-62,olap,benchANT
2026-05-16 12:52:00+00:00,system,load1,4.19,dbms,clickbench,postgresql-indexed-load,1,ip-172-31-19-62,olap,benchANT
2026-05-16 12:52:10+00:00,system,load1,4.32,dbms,clickbench,postgresql-indexed-load,1,ip-172-31-19-62,olap,benchANT
2026-05-16 12:52:20+00:00,system,load1,4.35,dbms,clickbench,postgresql-indexed-load,1,ip-172-31-19-62,olap,benchANT
2026-05-16 12:52:30+00:00,system,load1,4.3,dbms,clickbench,postgresql-indexed-load,1,ip-172-31-19-62,olap,benchANT
2026-05-16 12:52:40+00:00,system,load1,4.25,dbms,clickbench,postgresql-indexed-load,1,ip-172-31-19-62,olap,benchANT
2026-05-16 12:52:50+00:00,system,load1,4.29,dbms,clickbench,postgresql-indexed-load,1,ip-172-31-19-62,olap,benchANT
2026-05-16 12:53:00+00:00,system,load1,4.24,dbms,clickbench,postgresql-indexed-load,1,ip-172-31-19-62,olap,benchANT
2026-05-16 12:53:10+00:00,system,load1,4.2,dbms,clickbench,postgresql-indexed-load,1,ip-172-31-19-62,olap,benchANT
2026-05-16 12:53:20+00:00,system,load1,4.17,dbms,clickbench,postgresql-indexed-load,1,ip-172-31-19-62,olap,benchANT
2026-05-16 12:53:30+00:00,system,load1,4.23,dbms,clickbench,postgresql-indexed-load,1,ip-172-31-19-62,olap,benchANT
2026-05-16 12:53:40+00:00,system,load1,4.19,dbms,clickbench,postgresql-indexed-load,1,ip-172-31-19-62,olap,benchANT
2026-05-16 12:53:50+00:00,system,load1,4.16,dbms,clickbench,postgresql-indexed-load,1,ip-172-31-19-62,olap,benchANT
2026-05-16 12:54:00+00:00,system,load1,4.21,dbms,clickbench,postgresql-indexed-load,1,ip-172-31-19-62,olap,benchANT
2026-05-16 12:54:10+00:00,system,load1,4.18,dbms,clickbench,postgresql-indexed-load,1,ip-172-31-19-62,olap,benchANT
2026-05-16 12:54:20+00:00,system,load1,4.15,dbms,clickbench,postgresql-indexed-load,1,ip-172-31-19-62,olap,benchANT
2026-05-16 12:54:30+00:00,system,load1,4.13,dbms,clickbench,postgresql-indexed-load,1,ip-172-31-19-62,olap,benchANT
2026-05-16 12:54:40+00:00,system,load1,4.03,dbms,clickbench,postgresql-indexed-load,1,ip-172-31-19-62,olap,benchANT
2026-05-16 12:54:50+00:00,system,load1,4.1,dbms,clickbench,postgresql-indexed-load,1,ip-172-31-19-62,olap,benchANT
2026-05-16 12:55:00+00:00,system,load1,4.08,dbms,clickbench,postgresql-indexed-load,1,ip-172-31-19-62,olap,benchANT
2026-05-16 12:55:10+00:00,system,load1,4.07,dbms,clickbench,postgresql-indexed-load,1,ip-172-31-19-62,olap,benchANT
2026-05-16 12:55:20+00:00,system,load1,4.14,dbms,clickbench,postgresql-indexed-load,1,ip-172-31-19-62,olap,benchANT
2026-05-16 12:55:30+00:00,system,load1,4.12,dbms,clickbench,postgresql-indexed-load,1,ip-172-31-19-62,olap,benchANT
2026-05-16 12:55:40+00:00,system,load1,4.1,dbms,clickbench,postgresql-indexed-load,1,ip-172-31-19-62,olap,benchANT
2026-05-16 12:55:50+00:00,system,load1,4.08,dbms,clickbench,postgresql-indexed-load,1,ip-172-31-19-62,olap,benchANT
2026-05-16 12:56:00+00:00,system,load1,4.07,dbms,clickbench,postgresql-indexed-load,1,ip-172-31-19-62,olap,benchANT
2026-05-16 12:56:10+00:00,system,load1,4.06,dbms,clickbench,postgresql-indexed-load,1,ip-172-31-19-62,olap,benchANT
2026-05-16 12:56:20+00:00,system,load1,4.05,dbms,clickbench,postgresql-indexed-load,1,ip-172-31-19-62,olap,benchANT
2026-05-16 12:56:30+00:00,system,load1,4.04,dbms,clickbench,postgresql-indexed-load,1,ip-172-31-19-62,olap,benchANT
2026-05-16 12:56:40+00:00,system,load1,4.11,dbms,clickbench,postgresql-indexed-load,1,ip-172-31-19-62,olap,benchANT
2026-05-16 12:56:50+00:00,system,load1,4.1,dbms,clickbench,postgresql-indexed-load,1,ip-172-31-19-62,olap,benchANT
2026-05-16 12:57:00+00:00,system,load1,4.01,dbms,clickbench,postgresql-indexed-load,1,ip-172-31-19-62,olap,benchANT
2026-05-16 12:57:10+00:00,system,load1,4.01,dbms,clickbench,postgresql-indexed-load,1,ip-172-31-19-62,olap,benchANT
2026-05-16 12:57:20+00:00,system,load1,4.0,dbms,clickbench,postgresql-indexed-load,1,ip-172-31-19-62,olap,benchANT
2026-05-16 12:57:30+00:00,system,load1,4.0,dbms,clickbench,postgresql-indexed-load,1,ip-172-31-19-62,olap,benchANT
2026-05-16 12:57:40+00:00,system,load1,4.0,dbms,clickbench,postgresql-indexed-load,1,ip-172-31-19-62,olap,benchANT
2026-05-16 12:57:50+00:00,system,load1,4.0,dbms,clickbench,postgresql-indexed-load,1,ip-172-31-19-62,olap,benchANT
2026-05-16 12:58:00+00:00,system,load1,4.0,dbms,clickbench,postgresql-indexed-load,1,ip-172-31-19-62,olap,benchANT
2026-05-16 12:58:10+00:00,system,load1,4.0,dbms,clickbench,postgresql-indexed-load,1,ip-172-31-19-62,olap,benchANT
2026-05-16 12:58:20+00:00,system,load1,4.0,dbms,clickbench,postgresql-indexed-load,1,ip-172-31-19-62,olap,benchANT
2026-05-16 12:58:30+00:00,system,load1,4.0,dbms,clickbench,postgresql-indexed-load,1,ip-172-31-19-62,olap,benchANT
2026-05-16 12:58:40+00:00,system,load1,4.07,dbms,clickbench,postgresql-indexed-load,1,ip-172-31-19-62,olap,benchANT
2026-05-16 12:58:50+00:00,system,load1,4.06,dbms,clickbench,postgresql-indexed-load,1,ip-172-31-19-62,olap,benchANT
2026-05-16 12:59:00+00:00,system,load1,4.05,dbms,clickbench,postgresql-indexed-load,1,ip-172-31-19-62,olap,benchANT
2026-05-16 12:59:10+00:00,system,load1,4.04,dbms,clickbench,postgresql-indexed-load,1,ip-172-31-19-62,olap,benchANT
2026-05-16 12:59:20+00:00,system,load1,4.11,dbms,clickbench,postgresql-indexed-load,1,ip-172-31-19-62,olap,benchANT
2026-05-16 12:59:30+00:00,system,load1,4.09,dbms,clickbench,postgresql-indexed-load,1,ip-172-31-19-62,olap,benchANT
2026-05-16 12:59:40+00:00,system,load1,4.15,dbms,clickbench,postgresql-indexed-load,1,ip-172-31-19-62,olap,benchANT
2026-05-16 12:59:50+00:00,system,load1,4.13,dbms,clickbench,postgresql-indexed-load,1,ip-172-31-19-62,olap,benchANT
2026-05-16 13:00:00+00:00,system,load1,4.11,dbms,clickbench,postgresql-indexed-load,1,ip-172-31-19-62,olap,benchANT
2026-05-16 13:00:10+00:00,system,load1,4.09,dbms,clickbench,postgresql-indexed-load,1,ip-172-31-19-62,olap,benchANT
2026-05-16 13:00:20+00:00,system,load1,4.08,dbms,clickbench,postgresql-indexed-load,1,ip-172-31-19-62,olap,benchANT
2026-05-16 13:00:30+00:00,system,load1,4.06,dbms,clickbench,postgresql-indexed-load,1,ip-172-31-19-62,olap,benchANT
2026-05-16 13:00:40+00:00,system,load1,4.05,dbms,clickbench,postgresql-indexed-load,1,ip-172-31-19-62,olap,benchANT
2026-05-16 13:00:50+00:00,system,load1,4.05,dbms,clickbench,postgresql-indexed-load,1,ip-172-31-19-62,olap,benchANT
2026-05-16 13:01:00+00:00,system,load1,4.04,dbms,clickbench,postgresql-indexed-load,1,ip-172-31-19-62,olap,benchANT
2026-05-16 13:01:10+00:00,system,load1,4.11,dbms,clickbench,postgresql-indexed-load,1,ip-172-31-19-62,olap,benchANT
2026-05-16 13:01:20+00:00,system,load1,4.09,dbms,clickbench,postgresql-indexed-load,1,ip-172-31-19-62,olap,benchANT
2026-05-16 13:01:30+00:00,system,load1,4.08,dbms,clickbench,postgresql-indexed-load,1,ip-172-31-19-62,olap,benchANT
2026-05-16 13:01:40+00:00,system,load1,4.06,dbms,clickbench,postgresql-indexed-load,1,ip-172-31-19-62,olap,benchANT
2026-05-16 13:01:50+00:00,system,load1,4.05,dbms,clickbench,postgresql-indexed-load,1,ip-172-31-19-62,olap,benchANT
2026-05-16 13:02:00+00:00,system,load1,4.04,dbms,clickbench,postgresql-indexed-load,1,ip-172-31-19-62,olap,benchANT
2026-05-16 13:02:10+00:00,system,load1,4.12,dbms,clickbench,postgresql-indexed-load,1,ip-172-31-19-62,olap,benchANT
2026-05-16 13:02:20+00:00,system,load1,4.17,dbms,clickbench,postgresql-indexed-load,1,ip-172-31-19-62,olap,benchANT
2026-05-16 13:02:30+00:00,system,load1,4.15,dbms,clickbench,postgresql-indexed-load,1,ip-172-31-19-62,olap,benchANT
2026-05-16 13:02:40+00:00,system,load1,4.2,dbms,clickbench,postgresql-indexed-load,1,ip-172-31-19-62,olap,benchANT
2026-05-16 13:02:50+00:00,system,load1,4.17,dbms,clickbench,postgresql-indexed-load,1,ip-172-31-19-62,olap,benchANT
2026-05-16 13:03:00+00:00,system,load1,4.14,dbms,clickbench,postgresql-indexed-load,1,ip-172-31-19-62,olap,benchANT
2026-05-16 13:03:10+00:00,system,load1,4.12,dbms,clickbench,postgresql-indexed-load,1,ip-172-31-19-62,olap,benchANT
2026-05-16 13:03:20+00:00,system,load1,4.1,dbms,clickbench,postgresql-indexed-load,1,ip-172-31-19-62,olap,benchANT
2026-05-16 13:03:30+00:00,system,load1,4.25,dbms,clickbench,postgresql-indexed-load,1,ip-172-31-19-62,olap,benchANT
2026-05-16 13:03:40+00:00,system,load1,4.21,dbms,clickbench,postgresql-indexed-load,1,ip-172-31-19-62,olap,benchANT
2026-05-16 13:03:50+00:00,system,load1,4.18,dbms,clickbench,postgresql-indexed-load,1,ip-172-31-19-62,olap,benchANT
2026-05-16 13:04:00+00:00,system,load1,4.23,dbms,clickbench,postgresql-indexed-load,1,ip-172-31-19-62,olap,benchANT
2026-05-16 13:04:10+00:00,system,load1,4.27,dbms,clickbench,postgresql-indexed-load,1,ip-172-31-19-62,olap,benchANT
2026-05-16 13:04:20+00:00,system,load1,4.23,dbms,clickbench,postgresql-indexed-load,1,ip-172-31-19-62,olap,benchANT
2026-05-16 13:04:30+00:00,system,load1,4.2,dbms,clickbench,postgresql-indexed-load,1,ip-172-31-19-62,olap,benchANT
2026-05-16 13:04:40+00:00,system,load1,4.16,dbms,clickbench,postgresql-indexed-load,1,ip-172-31-19-62,olap,benchANT
2026-05-16 13:04:50+00:00,system,load1,4.14,dbms,clickbench,postgresql-indexed-load,1,ip-172-31-19-62,olap,benchANT
2026-05-16 13:05:00+00:00,system,load1,4.12,dbms,clickbench,postgresql-indexed-load,1,ip-172-31-19-62,olap,benchANT
2026-05-16 13:05:10+00:00,system,load1,4.1,dbms,clickbench,postgresql-indexed-load,1,ip-172-31-19-62,olap,benchANT
2026-05-16 13:05:20+00:00,system,load1,4.08,dbms,clickbench,postgresql-indexed-load,1,ip-172-31-19-62,olap,benchANT
2026-05-16 13:05:30+00:00,system,load1,4.07,dbms,clickbench,postgresql-indexed-load,1,ip-172-31-19-62,olap,benchANT
2026-05-16 13:05:40+00:00,system,load1,4.06,dbms,clickbench,postgresql-indexed-load,1,ip-172-31-19-62,olap,benchANT
2026-05-16 13:05:50+00:00,system,load1,4.2,dbms,clickbench,postgresql-indexed-load,1,ip-172-31-19-62,olap,benchANT
2026-05-16 13:06:00+00:00,system,load1,4.17,dbms,clickbench,postgresql-indexed-load,1,ip-172-31-19-62,olap,benchANT
2026-05-16 13:06:10+00:00,system,load1,4.14,dbms,clickbench,postgresql-indexed-load,1,ip-172-31-19-62,olap,benchANT
2026-05-16 13:06:20+00:00,system,load1,4.19,dbms,clickbench,postgresql-indexed-load,1,ip-172-31-19-62,olap,benchANT
2026-05-16 13:06:30+00:00,system,load1,4.16,dbms,clickbench,postgresql-indexed-load,1,ip-172-31-19-62,olap,benchANT
2026-05-16 13:06:40+00:00,system,load1,4.14,dbms,clickbench,postgresql-indexed-load,1,ip-172-31-19-62,olap,benchANT
2026-05-16 13:06:50+00:00,system,load1,4.12,dbms,clickbench,postgresql-indexed-load,1,ip-172-31-19-62,olap,benchANT
2026-05-16 13:07:00+00:00,system,load1,4.18,dbms,clickbench,postgresql-indexed-load,1,ip-172-31-19-62,olap,benchANT
2026-05-16 13:07:10+00:00,system,load1,4.15,dbms,clickbench,postgresql-indexed-load,1,ip-172-31-19-62,olap,benchANT
2026-05-16 13:07:20+00:00,system,load1,3.89,dbms,clickbench,postgresql-indexed-load,1,ip-172-31-19-62,olap,benchANT
2026-05-16 13:07:30+00:00,system,load1,3.44,dbms,clickbench,postgresql-indexed-load,1,ip-172-31-19-62,olap,benchANT
2026-05-16 13:07:40+00:00,system,load1,3.07,dbms,clickbench,postgresql-indexed-load,1,ip-172-31-19-62,olap,benchANT
2026-05-16 13:07:50+00:00,system,load1,2.75,dbms,clickbench,postgresql-indexed-load,1,ip-172-31-19-62,olap,benchANT
2026-05-16 13:08:00+00:00,system,load1,2.48,dbms,clickbench,postgresql-indexed-load,1,ip-172-31-19-62,olap,benchANT
2026-05-16 13:08:10+00:00,system,load1,2.33,dbms,clickbench,postgresql-indexed-load,1,ip-172-31-19-62,olap,benchANT
2026-05-16 13:08:20+00:00,system,load1,2.21,dbms,clickbench,postgresql-indexed-load,1,ip-172-31-19-62,olap,benchANT
2026-05-16 13:08:30+00:00,system,load1,2.02,dbms,clickbench,postgresql-indexed-load,1,ip-172-31-19-62,olap,benchANT
2026-05-16 13:08:40+00:00,system,load1,1.86,dbms,clickbench,postgresql-indexed-load,1,ip-172-31-19-62,olap,benchANT
2026-05-16 13:08:50+00:00,system,load1,1.89,dbms,clickbench,postgresql-indexed-load,1,ip-172-31-19-62,olap,benchANT
2026-05-16 13:09:00+00:00,system,load1,1.75,dbms,clickbench,postgresql-indexed-load,1,ip-172-31-19-62,olap,benchANT
2026-05-16 13:09:10+00:00,system,load1,1.64,dbms,clickbench,postgresql-indexed-load,1,ip-172-31-19-62,olap,benchANT
2026-05-16 13:09:20+00:00,system,load1,1.54,dbms,clickbench,postgresql-indexed-load,1,ip-172-31-19-62,olap,benchANT
2026-05-16 13:09:30+00:00,system,load1,1.7,dbms,clickbench,postgresql-indexed-load,1,ip-172-31-19-62,olap,benchANT
2026-05-16 13:09:40+00:00,system,load1,1.81,dbms,clickbench,postgresql-indexed-load,1,ip-172-31-19-62,olap,benchANT
2026-05-16 13:09:50+00:00,system,load1,1.91,dbms,clickbench,postgresql-indexed-load,1,ip-172-31-19-62,olap,benchANT
2026-05-16 13:10:00+00:00,system,load1,1.61,dbms,clickbench,postgresql-indexed-load,1,ip-172-31-19-62,olap,benchANT
2026-05-16 13:10:10+00:00,system,load1,1.36,dbms,clickbench,postgresql-indexed-load,1,ip-172-31-19-62,olap,benchANT
2026-05-16 10:29:10+00:00,system,load15,0.0,dbms,clickbench,postgresql-indexed-load,1,ip-172-31-19-62,olap,benchANT
2026-05-16 10:29:20+00:00,system,load15,0.03,dbms,clickbench,postgresql-indexed-load,1,ip-172-31-19-62,olap,benchANT
2026-05-16 10:29:30+00:00,system,load15,0.06,dbms,clickbench,postgresql-indexed-load,1,ip-172-31-19-62,olap,benchANT
2026-05-16 10:29:40+00:00,system,load15,0.1,dbms,clickbench,postgresql-indexed-load,1,ip-172-31-19-62,olap,benchANT
2026-05-16 10:29:50+00:00,system,load15,0.15,dbms,clickbench,postgresql-indexed-load,1,ip-172-31-19-62,olap,benchANT
2026-05-16 10:30:00+00:00,system,load15,0.2,dbms,clickbench,postgresql-indexed-load,1,ip-172-31-19-62,olap,benchANT
2026-05-16 10:30:10+00:00,system,load15,0.25,dbms,clickbench,postgresql-indexed-load,1,ip-172-31-19-62,olap,benchANT
2026-05-16 10:30:20+00:00,system,load15,0.3,dbms,clickbench,postgresql-indexed-load,1,ip-172-31-19-62,olap,benchANT
2026-05-16 10:30:30+00:00,system,load15,0.35,dbms,clickbench,postgresql-indexed-load,1,ip-172-31-19-62,olap,benchANT
2026-05-16 10:30:40+00:00,system,load15,0.4,dbms,clickbench,postgresql-indexed-load,1,ip-172-31-19-62,olap,benchANT
2026-05-16 10:30:50+00:00,system,load15,0.45,dbms,clickbench,postgresql-indexed-load,1,ip-172-31-19-62,olap,benchANT
2026-05-16 10:31:00+00:00,system,load15,0.49,dbms,clickbench,postgresql-indexed-load,1,ip-172-31-19-62,olap,benchANT
2026-05-16 10:31:10+00:00,system,load15,0.54,dbms,clickbench,postgresql-indexed-load,1,ip-172-31-19-62,olap,benchANT
2026-05-16 10:31:20+00:00,system,load15,0.59,dbms,clickbench,postgresql-indexed-load,1,ip-172-31-19-62,olap,benchANT
2026-05-16 10:31:30+00:00,system,load15,0.63,dbms,clickbench,postgresql-indexed-load,1,ip-172-31-19-62,olap,benchANT
2026-05-16 10:31:40+00:00,system,load15,0.68,dbms,clickbench,postgresql-indexed-load,1,ip-172-31-19-62,olap,benchANT
2026-05-16 10:31:50+00:00,system,load15,0.73,dbms,clickbench,postgresql-indexed-load,1,ip-172-31-19-62,olap,benchANT
2026-05-16 10:32:00+00:00,system,load15,0.77,dbms,clickbench,postgresql-indexed-load,1,ip-172-31-19-62,olap,benchANT
2026-05-16 10:32:10+00:00,system,load15,0.82,dbms,clickbench,postgresql-indexed-load,1,ip-172-31-19-62,olap,benchANT
2026-05-16 10:32:20+00:00,system,load15,0.86,dbms,clickbench,postgresql-indexed-load,1,ip-172-31-19-62,olap,benchANT
2026-05-16 10:32:30+00:00,system,load15,0.91,dbms,clickbench,postgresql-indexed-load,1,ip-172-31-19-62,olap,benchANT
2026-05-16 10:32:40+00:00,system,load15,0.96,dbms,clickbench,postgresql-indexed-load,1,ip-172-31-19-62,olap,benchANT
2026-05-16 10:32:50+00:00,system,load15,1.02,dbms,clickbench,postgresql-indexed-load,1,ip-172-31-19-62,olap,benchANT
2026-05-16 10:33:00+00:00,system,load15,1.07,dbms,clickbench,postgresql-indexed-load,1,ip-172-31-19-62,olap,benchANT
2026-05-16 10:33:10+00:00,system,load15,1.12,dbms,clickbench,postgresql-indexed-load,1,ip-172-31-19-62,olap,benchANT
2026-05-16 10:33:20+00:00,system,load15,1.18,dbms,clickbench,postgresql-indexed-load,1,ip-172-31-19-62,olap,benchANT
2026-05-16 10:33:30+00:00,system,load15,1.23,dbms,clickbench,postgresql-indexed-load,1,ip-172-31-19-62,olap,benchANT
2026-05-16 10:33:40+00:00,system,load15,1.28,dbms,clickbench,postgresql-indexed-load,1,ip-172-31-19-62,olap,benchANT
2026-05-16 10:33:50+00:00,system,load15,1.33,dbms,clickbench,postgresql-indexed-load,1,ip-172-31-19-62,olap,benchANT
2026-05-16 10:34:00+00:00,system,load15,1.38,dbms,clickbench,postgresql-indexed-load,1,ip-172-31-19-62,olap,benchANT
2026-05-16 10:34:10+00:00,system,load15,1.43,dbms,clickbench,postgresql-indexed-load,1,ip-172-31-19-62,olap,benchANT
2026-05-16 10:34:20+00:00,system,load15,1.48,dbms,clickbench,postgresql-indexed-load,1,ip-172-31-19-62,olap,benchANT
2026-05-16 10:34:30+00:00,system,load15,1.52,dbms,clickbench,postgresql-indexed-load,1,ip-172-31-19-62,olap,benchANT
2026-05-16 10:34:40+00:00,system,load15,1.57,dbms,clickbench,postgresql-indexed-load,1,ip-172-31-19-62,olap,benchANT
2026-05-16 10:34:50+00:00,system,load15,1.62,dbms,clickbench,postgresql-indexed-load,1,ip-172-31-19-62,olap,benchANT
2026-05-16 10:35:00+00:00,system,load15,1.67,dbms,clickbench,postgresql-indexed-load,1,ip-172-31-19-62,olap,benchANT
2026-05-16 10:35:10+00:00,system,load15,1.71,dbms,clickbench,postgresql-indexed-load,1,ip-172-31-19-62,olap,benchANT
2026-05-16 10:35:20+00:00,system,load15,1.76,dbms,clickbench,postgresql-indexed-load,1,ip-172-31-19-62,olap,benchANT
2026-05-16 10:35:30+00:00,system,load15,1.8,dbms,clickbench,postgresql-indexed-load,1,ip-172-31-19-62,olap,benchANT
2026-05-16 10:35:40+00:00,system,load15,1.85,dbms,clickbench,postgresql-indexed-load,1,ip-172-31-19-62,olap,benchANT
2026-05-16 10:35:50+00:00,system,load15,1.89,dbms,clickbench,postgresql-indexed-load,1,ip-172-31-19-62,olap,benchANT
2026-05-16 10:36:00+00:00,system,load15,1.93,dbms,clickbench,postgresql-indexed-load,1,ip-172-31-19-62,olap,benchANT
2026-05-16 10:36:10+00:00,system,load15,1.98,dbms,clickbench,postgresql-indexed-load,1,ip-172-31-19-62,olap,benchANT
2026-05-16 10:36:20+00:00,system,load15,2.03,dbms,clickbench,postgresql-indexed-load,1,ip-172-31-19-62,olap,benchANT
2026-05-16 10:36:30+00:00,system,load15,2.07,dbms,clickbench,postgresql-indexed-load,1,ip-172-31-19-62,olap,benchANT
2026-05-16 10:36:40+00:00,system,load15,2.11,dbms,clickbench,postgresql-indexed-load,1,ip-172-31-19-62,olap,benchANT
2026-05-16 10:36:50+00:00,system,load15,2.15,dbms,clickbench,postgresql-indexed-load,1,ip-172-31-19-62,olap,benchANT
2026-05-16 10:37:00+00:00,system,load15,2.19,dbms,clickbench,postgresql-indexed-load,1,ip-172-31-19-62,olap,benchANT
2026-05-16 10:37:10+00:00,system,load15,2.23,dbms,clickbench,postgresql-indexed-load,1,ip-172-31-19-62,olap,benchANT
2026-05-16 10:37:20+00:00,system,load15,2.27,dbms,clickbench,postgresql-indexed-load,1,ip-172-31-19-62,olap,benchANT
2026-05-16 10:37:30+00:00,system,load15,2.31,dbms,clickbench,postgresql-indexed-load,1,ip-172-31-19-62,olap,benchANT
2026-05-16 10:37:40+00:00,system,load15,2.35,dbms,clickbench,postgresql-indexed-load,1,ip-172-31-19-62,olap,benchANT
2026-05-16 10:37:50+00:00,system,load15,2.39,dbms,clickbench,postgresql-indexed-load,1,ip-172-31-19-62,olap,benchANT
2026-05-16 10:38:00+00:00,system,load15,2.43,dbms,clickbench,postgresql-indexed-load,1,ip-172-31-19-62,olap,benchANT
2026-05-16 10:38:10+00:00,system,load15,2.47,dbms,clickbench,postgresql-indexed-load,1,ip-172-31-19-62,olap,benchANT
2026-05-16 10:38:20+00:00,system,load15,2.51,dbms,clickbench,postgresql-indexed-load,1,ip-172-31-19-62,olap,benchANT
2026-05-16 10:38:30+00:00,system,load15,2.53,dbms,clickbench,postgresql-indexed-load,1,ip-172-31-19-62,olap,benchANT
2026-05-16 10:38:40+00:00,system,load15,2.56,dbms,clickbench,postgresql-indexed-load,1,ip-172-31-19-62,olap,benchANT
2026-05-16 10:38:50+00:00,system,load15,2.59,dbms,clickbench,postgresql-indexed-load,1,ip-172-31-19-62,olap,benchANT
2026-05-16 10:39:00+00:00,system,load15,2.6,dbms,clickbench,postgresql-indexed-load,1,ip-172-31-19-62,olap,benchANT
2026-05-16 10:39:10+00:00,system,load15,2.58,dbms,clickbench,postgresql-indexed-load,1,ip-172-31-19-62,olap,benchANT
2026-05-16 10:39:20+00:00,system,load15,2.56,dbms,clickbench,postgresql-indexed-load,1,ip-172-31-19-62,olap,benchANT
2026-05-16 10:39:30+00:00,system,load15,2.55,dbms,clickbench,postgresql-indexed-load,1,ip-172-31-19-62,olap,benchANT
2026-05-16 10:39:40+00:00,system,load15,2.56,dbms,clickbench,postgresql-indexed-load,1,ip-172-31-19-62,olap,benchANT
2026-05-16 10:39:50+00:00,system,load15,2.54,dbms,clickbench,postgresql-indexed-load,1,ip-172-31-19-62,olap,benchANT
2026-05-16 10:40:00+00:00,system,load15,2.54,dbms,clickbench,postgresql-indexed-load,1,ip-172-31-19-62,olap,benchANT
2026-05-16 10:40:10+00:00,system,load15,2.53,dbms,clickbench,postgresql-indexed-load,1,ip-172-31-19-62,olap,benchANT
2026-05-16 10:40:20+00:00,system,load15,2.51,dbms,clickbench,postgresql-indexed-load,1,ip-172-31-19-62,olap,benchANT
2026-05-16 10:40:30+00:00,system,load15,2.54,dbms,clickbench,postgresql-indexed-load,1,ip-172-31-19-62,olap,benchANT
2026-05-16 10:40:40+00:00,system,load15,2.55,dbms,clickbench,postgresql-indexed-load,1,ip-172-31-19-62,olap,benchANT
2026-05-16 10:40:50+00:00,system,load15,2.57,dbms,clickbench,postgresql-indexed-load,1,ip-172-31-19-62,olap,benchANT
2026-05-16 10:41:00+00:00,system,load15,2.58,dbms,clickbench,postgresql-indexed-load,1,ip-172-31-19-62,olap,benchANT
2026-05-16 10:41:10+00:00,system,load15,2.6,dbms,clickbench,postgresql-indexed-load,1,ip-172-31-19-62,olap,benchANT
2026-05-16 10:41:20+00:00,system,load15,2.62,dbms,clickbench,postgresql-indexed-load,1,ip-172-31-19-62,olap,benchANT
2026-05-16 10:41:30+00:00,system,load15,2.63,dbms,clickbench,postgresql-indexed-load,1,ip-172-31-19-62,olap,benchANT
2026-05-16 10:41:40+00:00,system,load15,2.65,dbms,clickbench,postgresql-indexed-load,1,ip-172-31-19-62,olap,benchANT
2026-05-16 10:41:50+00:00,system,load15,2.66,dbms,clickbench,postgresql-indexed-load,1,ip-172-31-19-62,olap,benchANT
2026-05-16 10:42:00+00:00,system,load15,2.68,dbms,clickbench,postgresql-indexed-load,1,ip-172-31-19-62,olap,benchANT
2026-05-16 10:42:10+00:00,system,load15,2.69,dbms,clickbench,postgresql-indexed-load,1,ip-172-31-19-62,olap,benchANT
2026-05-16 10:42:20+00:00,system,load15,2.71,dbms,clickbench,postgresql-indexed-load,1,ip-172-31-19-62,olap,benchANT
2026-05-16 10:42:30+00:00,system,load15,2.73,dbms,clickbench,postgresql-indexed-load,1,ip-172-31-19-62,olap,benchANT
2026-05-16 10:42:40+00:00,system,load15,2.74,dbms,clickbench,postgresql-indexed-load,1,ip-172-31-19-62,olap,benchANT
2026-05-16 10:42:50+00:00,system,load15,2.75,dbms,clickbench,postgresql-indexed-load,1,ip-172-31-19-62,olap,benchANT
2026-05-16 10:43:00+00:00,system,load15,2.77,dbms,clickbench,postgresql-indexed-load,1,ip-172-31-19-62,olap,benchANT
2026-05-16 10:43:10+00:00,system,load15,2.78,dbms,clickbench,postgresql-indexed-load,1,ip-172-31-19-62,olap,benchANT
2026-05-16 10:43:20+00:00,system,load15,2.79,dbms,clickbench,postgresql-indexed-load,1,ip-172-31-19-62,olap,benchANT
2026-05-16 10:43:30+00:00,system,load15,2.81,dbms,clickbench,postgresql-indexed-load,1,ip-172-31-19-62,olap,benchANT
2026-05-16 10:43:40+00:00,system,load15,2.82,dbms,clickbench,postgresql-indexed-load,1,ip-172-31-19-62,olap,benchANT
2026-05-16 10:43:50+00:00,system,load15,2.83,dbms,clickbench,postgresql-indexed-load,1,ip-172-31-19-62,olap,benchANT
2026-05-16 10:44:00+00:00,system,load15,2.85,dbms,clickbench,postgresql-indexed-load,1,ip-172-31-19-62,olap,benchANT
2026-05-16 10:44:10+00:00,system,load15,2.86,dbms,clickbench,postgresql-indexed-load,1,ip-172-31-19-62,olap,benchANT
2026-05-16 10:44:20+00:00,system,load15,2.87,dbms,clickbench,postgresql-indexed-load,1,ip-172-31-19-62,olap,benchANT
2026-05-16 10:44:30+00:00,system,load15,2.89,dbms,clickbench,postgresql-indexed-load,1,ip-172-31-19-62,olap,benchANT
2026-05-16 10:44:40+00:00,system,load15,2.9,dbms,clickbench,postgresql-indexed-load,1,ip-172-31-19-62,olap,benchANT
2026-05-16 10:44:50+00:00,system,load15,2.92,dbms,clickbench,postgresql-indexed-load,1,ip-172-31-19-62,olap,benchANT
2026-05-16 10:45:00+00:00,system,load15,2.93,dbms,clickbench,postgresql-indexed-load,1,ip-172-31-19-62,olap,benchANT
2026-05-16 10:45:10+00:00,system,load15,2.94,dbms,clickbench,postgresql-indexed-load,1,ip-172-31-19-62,olap,benchANT
2026-05-16 10:45:20+00:00,system,load15,2.95,dbms,clickbench,postgresql-indexed-load,1,ip-172-31-19-62,olap,benchANT
2026-05-16 10:45:30+00:00,system,load15,2.98,dbms,clickbench,postgresql-indexed-load,1,ip-172-31-19-62,olap,benchANT
2026-05-16 10:45:40+00:00,system,load15,2.99,dbms,clickbench,postgresql-indexed-load,1,ip-172-31-19-62,olap,benchANT
2026-05-16 10:45:50+00:00,system,load15,3.0,dbms,clickbench,postgresql-indexed-load,1,ip-172-31-19-62,olap,benchANT
2026-05-16 10:46:00+00:00,system,load15,3.01,dbms,clickbench,postgresql-indexed-load,1,ip-172-31-19-62,olap,benchANT
2026-05-16 10:46:10+00:00,system,load15,3.02,dbms,clickbench,postgresql-indexed-load,1,ip-172-31-19-62,olap,benchANT
2026-05-16 10:46:20+00:00,system,load15,3.03,dbms,clickbench,postgresql-indexed-load,1,ip-172-31-19-62,olap,benchANT
2026-05-16 10:46:30+00:00,system,load15,3.04,dbms,clickbench,postgresql-indexed-load,1,ip-172-31-19-62,olap,benchANT
2026-05-16 10:46:40+00:00,system,load15,3.06,dbms,clickbench,postgresql-indexed-load,1,ip-172-31-19-62,olap,benchANT
2026-05-16 10:46:50+00:00,system,load15,3.07,dbms,clickbench,postgresql-indexed-load,1,ip-172-31-19-62,olap,benchANT
2026-05-16 10:47:00+00:00,system,load15,3.08,dbms,clickbench,postgresql-indexed-load,1,ip-172-31-19-62,olap,benchANT
2026-05-16 10:47:10+00:00,system,load15,3.09,dbms,clickbench,postgresql-indexed-load,1,ip-172-31-19-62,olap,benchANT
2026-05-16 10:47:20+00:00,system,load15,3.1,dbms,clickbench,postgresql-indexed-load,1,ip-172-31-19-62,olap,benchANT
2026-05-16 10:47:30+00:00,system,load15,3.11,dbms,clickbench,postgresql-indexed-load,1,ip-172-31-19-62,olap,benchANT
2026-05-16 10:47:40+00:00,system,load15,3.12,dbms,clickbench,postgresql-indexed-load,1,ip-172-31-19-62,olap,benchANT
2026-05-16 10:47:50+00:00,system,load15,3.13,dbms,clickbench,postgresql-indexed-load,1,ip-172-31-19-62,olap,benchANT
2026-05-16 10:48:00+00:00,system,load15,3.15,dbms,clickbench,postgresql-indexed-load,1,ip-172-31-19-62,olap,benchANT
2026-05-16 10:48:10+00:00,system,load15,3.16,dbms,clickbench,postgresql-indexed-load,1,ip-172-31-19-62,olap,benchANT
2026-05-16 10:48:20+00:00,system,load15,3.18,dbms,clickbench,postgresql-indexed-load,1,ip-172-31-19-62,olap,benchANT
2026-05-16 10:48:30+00:00,system,load15,3.19,dbms,clickbench,postgresql-indexed-load,1,ip-172-31-19-62,olap,benchANT
2026-05-16 10:48:40+00:00,system,load15,3.2,dbms,clickbench,postgresql-indexed-load,1,ip-172-31-19-62,olap,benchANT
2026-05-16 10:48:50+00:00,system,load15,3.2,dbms,clickbench,postgresql-indexed-load,1,ip-172-31-19-62,olap,benchANT
2026-05-16 10:49:00+00:00,system,load15,3.21,dbms,clickbench,postgresql-indexed-load,1,ip-172-31-19-62,olap,benchANT
2026-05-16 10:49:10+00:00,system,load15,3.22,dbms,clickbench,postgresql-indexed-load,1,ip-172-31-19-62,olap,benchANT
2026-05-16 10:49:20+00:00,system,load15,3.23,dbms,clickbench,postgresql-indexed-load,1,ip-172-31-19-62,olap,benchANT
2026-05-16 10:49:30+00:00,system,load15,3.21,dbms,clickbench,postgresql-indexed-load,1,ip-172-31-19-62,olap,benchANT
2026-05-16 10:49:40+00:00,system,load15,3.18,dbms,clickbench,postgresql-indexed-load,1,ip-172-31-19-62,olap,benchANT
2026-05-16 10:49:50+00:00,system,load15,3.2,dbms,clickbench,postgresql-indexed-load,1,ip-172-31-19-62,olap,benchANT
2026-05-16 10:50:00+00:00,system,load15,3.22,dbms,clickbench,postgresql-indexed-load,1,ip-172-31-19-62,olap,benchANT
2026-05-16 10:50:10+00:00,system,load15,3.24,dbms,clickbench,postgresql-indexed-load,1,ip-172-31-19-62,olap,benchANT
2026-05-16 10:50:20+00:00,system,load15,3.26,dbms,clickbench,postgresql-indexed-load,1,ip-172-31-19-62,olap,benchANT
2026-05-16 10:50:30+00:00,system,load15,3.28,dbms,clickbench,postgresql-indexed-load,1,ip-172-31-19-62,olap,benchANT
2026-05-16 10:50:40+00:00,system,load15,3.3,dbms,clickbench,postgresql-indexed-load,1,ip-172-31-19-62,olap,benchANT
2026-05-16 10:50:50+00:00,system,load15,3.32,dbms,clickbench,postgresql-indexed-load,1,ip-172-31-19-62,olap,benchANT
2026-05-16 10:51:00+00:00,system,load15,3.34,dbms,clickbench,postgresql-indexed-load,1,ip-172-31-19-62,olap,benchANT
2026-05-16 10:51:10+00:00,system,load15,3.35,dbms,clickbench,postgresql-indexed-load,1,ip-172-31-19-62,olap,benchANT
2026-05-16 10:51:20+00:00,system,load15,3.37,dbms,clickbench,postgresql-indexed-load,1,ip-172-31-19-62,olap,benchANT
2026-05-16 10:51:30+00:00,system,load15,3.39,dbms,clickbench,postgresql-indexed-load,1,ip-172-31-19-62,olap,benchANT
2026-05-16 10:51:40+00:00,system,load15,3.41,dbms,clickbench,postgresql-indexed-load,1,ip-172-31-19-62,olap,benchANT
2026-05-16 10:51:50+00:00,system,load15,3.43,dbms,clickbench,postgresql-indexed-load,1,ip-172-31-19-62,olap,benchANT
2026-05-16 10:52:00+00:00,system,load15,3.44,dbms,clickbench,postgresql-indexed-load,1,ip-172-31-19-62,olap,benchANT
2026-05-16 10:52:10+00:00,system,load15,3.46,dbms,clickbench,postgresql-indexed-load,1,ip-172-31-19-62,olap,benchANT
2026-05-16 10:52:20+00:00,system,load15,3.48,dbms,clickbench,postgresql-indexed-load,1,ip-172-31-19-62,olap,benchANT
2026-05-16 10:52:30+00:00,system,load15,3.49,dbms,clickbench,postgresql-indexed-load,1,ip-172-31-19-62,olap,benchANT
2026-05-16 10:52:40+00:00,system,load15,3.51,dbms,clickbench,postgresql-indexed-load,1,ip-172-31-19-62,olap,benchANT
2026-05-16 10:52:50+00:00,system,load15,3.49,dbms,clickbench,postgresql-indexed-load,1,ip-172-31-19-62,olap,benchANT
2026-05-16 10:53:00+00:00,system,load15,3.47,dbms,clickbench,postgresql-indexed-load,1,ip-172-31-19-62,olap,benchANT
2026-05-16 10:53:10+00:00,system,load15,3.44,dbms,clickbench,postgresql-indexed-load,1,ip-172-31-19-62,olap,benchANT
2026-05-16 10:53:20+00:00,system,load15,3.43,dbms,clickbench,postgresql-indexed-load,1,ip-172-31-19-62,olap,benchANT
2026-05-16 10:53:30+00:00,system,load15,3.45,dbms,clickbench,postgresql-indexed-load,1,ip-172-31-19-62,olap,benchANT
2026-05-16 10:53:40+00:00,system,load15,3.45,dbms,clickbench,postgresql-indexed-load,1,ip-172-31-19-62,olap,benchANT
2026-05-16 10:53:50+00:00,system,load15,3.46,dbms,clickbench,postgresql-indexed-load,1,ip-172-31-19-62,olap,benchANT
2026-05-16 10:54:00+00:00,system,load15,3.47,dbms,clickbench,postgresql-indexed-load,1,ip-172-31-19-62,olap,benchANT
2026-05-16 10:54:10+00:00,system,load15,3.47,dbms,clickbench,postgresql-indexed-load,1,ip-172-31-19-62,olap,benchANT
2026-05-16 10:54:20+00:00,system,load15,3.48,dbms,clickbench,postgresql-indexed-load,1,ip-172-31-19-62,olap,benchANT
2026-05-16 10:54:30+00:00,system,load15,3.48,dbms,clickbench,postgresql-indexed-load,1,ip-172-31-19-62,olap,benchANT
2026-05-16 10:54:40+00:00,system,load15,3.49,dbms,clickbench,postgresql-indexed-load,1,ip-172-31-19-62,olap,benchANT
2026-05-16 10:54:50+00:00,system,load15,3.5,dbms,clickbench,postgresql-indexed-load,1,ip-172-31-19-62,olap,benchANT
2026-05-16 10:55:00+00:00,system,load15,3.5,dbms,clickbench,postgresql-indexed-load,1,ip-172-31-19-62,olap,benchANT
2026-05-16 10:55:10+00:00,system,load15,3.51,dbms,clickbench,postgresql-indexed-load,1,ip-172-31-19-62,olap,benchANT
2026-05-16 10:55:20+00:00,system,load15,3.51,dbms,clickbench,postgresql-indexed-load,1,ip-172-31-19-62,olap,benchANT
2026-05-16 10:55:30+00:00,system,load15,3.52,dbms,clickbench,postgresql-indexed-load,1,ip-172-31-19-62,olap,benchANT
2026-05-16 10:55:40+00:00,system,load15,3.52,dbms,clickbench,postgresql-indexed-load,1,ip-172-31-19-62,olap,benchANT
2026-05-16 10:55:50+00:00,system,load15,3.53,dbms,clickbench,postgresql-indexed-load,1,ip-172-31-19-62,olap,benchANT
2026-05-16 10:56:00+00:00,system,load15,3.54,dbms,clickbench,postgresql-indexed-load,1,ip-172-31-19-62,olap,benchANT
2026-05-16 10:56:10+00:00,system,load15,3.54,dbms,clickbench,postgresql-indexed-load,1,ip-172-31-19-62,olap,benchANT
2026-05-16 10:56:20+00:00,system,load15,3.55,dbms,clickbench,postgresql-indexed-load,1,ip-172-31-19-62,olap,benchANT
2026-05-16 10:56:30+00:00,system,load15,3.55,dbms,clickbench,postgresql-indexed-load,1,ip-172-31-19-62,olap,benchANT
2026-05-16 10:56:40+00:00,system,load15,3.56,dbms,clickbench,postgresql-indexed-load,1,ip-172-31-19-62,olap,benchANT
2026-05-16 10:56:50+00:00,system,load15,3.56,dbms,clickbench,postgresql-indexed-load,1,ip-172-31-19-62,olap,benchANT
2026-05-16 10:57:00+00:00,system,load15,3.57,dbms,clickbench,postgresql-indexed-load,1,ip-172-31-19-62,olap,benchANT
2026-05-16 10:57:10+00:00,system,load15,3.57,dbms,clickbench,postgresql-indexed-load,1,ip-172-31-19-62,olap,benchANT
2026-05-16 10:57:20+00:00,system,load15,3.58,dbms,clickbench,postgresql-indexed-load,1,ip-172-31-19-62,olap,benchANT
2026-05-16 10:57:30+00:00,system,load15,3.58,dbms,clickbench,postgresql-indexed-load,1,ip-172-31-19-62,olap,benchANT
2026-05-16 10:57:40+00:00,system,load15,3.59,dbms,clickbench,postgresql-indexed-load,1,ip-172-31-19-62,olap,benchANT
2026-05-16 10:57:50+00:00,system,load15,3.6,dbms,clickbench,postgresql-indexed-load,1,ip-172-31-19-62,olap,benchANT
2026-05-16 10:58:00+00:00,system,load15,3.6,dbms,clickbench,postgresql-indexed-load,1,ip-172-31-19-62,olap,benchANT
2026-05-16 10:58:10+00:00,system,load15,3.61,dbms,clickbench,postgresql-indexed-load,1,ip-172-31-19-62,olap,benchANT
2026-05-16 10:58:20+00:00,system,load15,3.61,dbms,clickbench,postgresql-indexed-load,1,ip-172-31-19-62,olap,benchANT
2026-05-16 10:58:30+00:00,system,load15,3.62,dbms,clickbench,postgresql-indexed-load,1,ip-172-31-19-62,olap,benchANT
2026-05-16 10:58:40+00:00,system,load15,3.62,dbms,clickbench,postgresql-indexed-load,1,ip-172-31-19-62,olap,benchANT
2026-05-16 10:58:50+00:00,system,load15,3.63,dbms,clickbench,postgresql-indexed-load,1,ip-172-31-19-62,olap,benchANT
2026-05-16 10:59:00+00:00,system,load15,3.63,dbms,clickbench,postgresql-indexed-load,1,ip-172-31-19-62,olap,benchANT
2026-05-16 10:59:10+00:00,system,load15,3.64,dbms,clickbench,postgresql-indexed-load,1,ip-172-31-19-62,olap,benchANT
2026-05-16 10:59:20+00:00,system,load15,3.64,dbms,clickbench,postgresql-indexed-load,1,ip-172-31-19-62,olap,benchANT
2026-05-16 10:59:30+00:00,system,load15,3.64,dbms,clickbench,postgresql-indexed-load,1,ip-172-31-19-62,olap,benchANT
2026-05-16 10:59:40+00:00,system,load15,3.65,dbms,clickbench,postgresql-indexed-load,1,ip-172-31-19-62,olap,benchANT
2026-05-16 10:59:50+00:00,system,load15,3.65,dbms,clickbench,postgresql-indexed-load,1,ip-172-31-19-62,olap,benchANT
2026-05-16 11:00:00+00:00,system,load15,3.66,dbms,clickbench,postgresql-indexed-load,1,ip-172-31-19-62,olap,benchANT
2026-05-16 11:00:10+00:00,system,load15,3.66,dbms,clickbench,postgresql-indexed-load,1,ip-172-31-19-62,olap,benchANT
2026-05-16 11:00:20+00:00,system,load15,3.66,dbms,clickbench,postgresql-indexed-load,1,ip-172-31-19-62,olap,benchANT
2026-05-16 11:00:30+00:00,system,load15,3.67,dbms,clickbench,postgresql-indexed-load,1,ip-172-31-19-62,olap,benchANT
2026-05-16 11:00:40+00:00,system,load15,3.67,dbms,clickbench,postgresql-indexed-load,1,ip-172-31-19-62,olap,benchANT
2026-05-16 11:00:50+00:00,system,load15,3.68,dbms,clickbench,postgresql-indexed-load,1,ip-172-31-19-62,olap,benchANT
2026-05-16 11:01:00+00:00,system,load15,3.68,dbms,clickbench,postgresql-indexed-load,1,ip-172-31-19-62,olap,benchANT
2026-05-16 11:01:10+00:00,system,load15,3.68,dbms,clickbench,postgresql-indexed-load,1,ip-172-31-19-62,olap,benchANT
2026-05-16 11:01:20+00:00,system,load15,3.69,dbms,clickbench,postgresql-indexed-load,1,ip-172-31-19-62,olap,benchANT
2026-05-16 11:01:30+00:00,system,load15,3.69,dbms,clickbench,postgresql-indexed-load,1,ip-172-31-19-62,olap,benchANT
2026-05-16 11:01:40+00:00,system,load15,3.7,dbms,clickbench,postgresql-indexed-load,1,ip-172-31-19-62,olap,benchANT
2026-05-16 11:01:50+00:00,system,load15,3.7,dbms,clickbench,postgresql-indexed-load,1,ip-172-31-19-62,olap,benchANT
2026-05-16 11:02:00+00:00,system,load15,3.7,dbms,clickbench,postgresql-indexed-load,1,ip-172-31-19-62,olap,benchANT
2026-05-16 11:02:10+00:00,system,load15,3.72,dbms,clickbench,postgresql-indexed-load,1,ip-172-31-19-62,olap,benchANT
2026-05-16 11:02:20+00:00,system,load15,3.69,dbms,clickbench,postgresql-indexed-load,1,ip-172-31-19-62,olap,benchANT
2026-05-16 11:02:30+00:00,system,load15,3.72,dbms,clickbench,postgresql-indexed-load,1,ip-172-31-19-62,olap,benchANT
2026-05-16 11:02:40+00:00,system,load15,3.74,dbms,clickbench,postgresql-indexed-load,1,ip-172-31-19-62,olap,benchANT
2026-05-16 11:02:50+00:00,system,load15,3.75,dbms,clickbench,postgresql-indexed-load,1,ip-172-31-19-62,olap,benchANT
2026-05-16 11:03:00+00:00,system,load15,3.75,dbms,clickbench,postgresql-indexed-load,1,ip-172-31-19-62,olap,benchANT
2026-05-16 11:03:10+00:00,system,load15,3.75,dbms,clickbench,postgresql-indexed-load,1,ip-172-31-19-62,olap,benchANT
2026-05-16 11:03:20+00:00,system,load15,3.76,dbms,clickbench,postgresql-indexed-load,1,ip-172-31-19-62,olap,benchANT
2026-05-16 11:03:30+00:00,system,load15,3.76,dbms,clickbench,postgresql-indexed-load,1,ip-172-31-19-62,olap,benchANT
2026-05-16 11:03:40+00:00,system,load15,3.76,dbms,clickbench,postgresql-indexed-load,1,ip-172-31-19-62,olap,benchANT
2026-05-16 11:03:50+00:00,system,load15,3.77,dbms,clickbench,postgresql-indexed-load,1,ip-172-31-19-62,olap,benchANT
2026-05-16 11:04:00+00:00,system,load15,3.78,dbms,clickbench,postgresql-indexed-load,1,ip-172-31-19-62,olap,benchANT
2026-05-16 11:04:10+00:00,system,load15,3.79,dbms,clickbench,postgresql-indexed-load,1,ip-172-31-19-62,olap,benchANT
2026-05-16 11:04:20+00:00,system,load15,3.79,dbms,clickbench,postgresql-indexed-load,1,ip-172-31-19-62,olap,benchANT
2026-05-16 11:04:30+00:00,system,load15,3.79,dbms,clickbench,postgresql-indexed-load,1,ip-172-31-19-62,olap,benchANT
2026-05-16 11:04:40+00:00,system,load15,3.79,dbms,clickbench,postgresql-indexed-load,1,ip-172-31-19-62,olap,benchANT
2026-05-16 11:04:50+00:00,system,load15,3.8,dbms,clickbench,postgresql-indexed-load,1,ip-172-31-19-62,olap,benchANT
2026-05-16 11:05:00+00:00,system,load15,3.81,dbms,clickbench,postgresql-indexed-load,1,ip-172-31-19-62,olap,benchANT
2026-05-16 11:05:10+00:00,system,load15,3.81,dbms,clickbench,postgresql-indexed-load,1,ip-172-31-19-62,olap,benchANT
2026-05-16 11:05:20+00:00,system,load15,3.81,dbms,clickbench,postgresql-indexed-load,1,ip-172-31-19-62,olap,benchANT
2026-05-16 11:05:30+00:00,system,load15,3.81,dbms,clickbench,postgresql-indexed-load,1,ip-172-31-19-62,olap,benchANT
2026-05-16 11:05:40+00:00,system,load15,3.82,dbms,clickbench,postgresql-indexed-load,1,ip-172-31-19-62,olap,benchANT
2026-05-16 11:05:50+00:00,system,load15,3.82,dbms,clickbench,postgresql-indexed-load,1,ip-172-31-19-62,olap,benchANT
2026-05-16 11:06:00+00:00,system,load15,3.82,dbms,clickbench,postgresql-indexed-load,1,ip-172-31-19-62,olap,benchANT
2026-05-16 11:06:10+00:00,system,load15,3.82,dbms,clickbench,postgresql-indexed-load,1,ip-172-31-19-62,olap,benchANT
2026-05-16 11:06:20+00:00,system,load15,3.83,dbms,clickbench,postgresql-indexed-load,1,ip-172-31-19-62,olap,benchANT
2026-05-16 11:06:30+00:00,system,load15,3.83,dbms,clickbench,postgresql-indexed-load,1,ip-172-31-19-62,olap,benchANT
2026-05-16 11:06:40+00:00,system,load15,3.83,dbms,clickbench,postgresql-indexed-load,1,ip-172-31-19-62,olap,benchANT
2026-05-16 11:06:50+00:00,system,load15,3.83,dbms,clickbench,postgresql-indexed-load,1,ip-172-31-19-62,olap,benchANT
2026-05-16 11:07:00+00:00,system,load15,3.83,dbms,clickbench,postgresql-indexed-load,1,ip-172-31-19-62,olap,benchANT
2026-05-16 11:07:10+00:00,system,load15,3.84,dbms,clickbench,postgresql-indexed-load,1,ip-172-31-19-62,olap,benchANT
2026-05-16 11:07:20+00:00,system,load15,3.84,dbms,clickbench,postgresql-indexed-load,1,ip-172-31-19-62,olap,benchANT
2026-05-16 11:07:30+00:00,system,load15,3.84,dbms,clickbench,postgresql-indexed-load,1,ip-172-31-19-62,olap,benchANT
2026-05-16 11:07:40+00:00,system,load15,3.84,dbms,clickbench,postgresql-indexed-load,1,ip-172-31-19-62,olap,benchANT
2026-05-16 11:07:50+00:00,system,load15,3.85,dbms,clickbench,postgresql-indexed-load,1,ip-172-31-19-62,olap,benchANT
2026-05-16 11:08:00+00:00,system,load15,3.85,dbms,clickbench,postgresql-indexed-load,1,ip-172-31-19-62,olap,benchANT
2026-05-16 11:08:10+00:00,system,load15,3.85,dbms,clickbench,postgresql-indexed-load,1,ip-172-31-19-62,olap,benchANT
2026-05-16 11:08:20+00:00,system,load15,3.85,dbms,clickbench,postgresql-indexed-load,1,ip-172-31-19-62,olap,benchANT
2026-05-16 11:08:30+00:00,system,load15,3.86,dbms,clickbench,postgresql-indexed-load,1,ip-172-31-19-62,olap,benchANT
2026-05-16 11:08:40+00:00,system,load15,3.86,dbms,clickbench,postgresql-indexed-load,1,ip-172-31-19-62,olap,benchANT
2026-05-16 11:08:50+00:00,system,load15,3.86,dbms,clickbench,postgresql-indexed-load,1,ip-172-31-19-62,olap,benchANT
2026-05-16 11:09:00+00:00,system,load15,3.86,dbms,clickbench,postgresql-indexed-load,1,ip-172-31-19-62,olap,benchANT
2026-05-16 11:09:10+00:00,system,load15,3.86,dbms,clickbench,postgresql-indexed-load,1,ip-172-31-19-62,olap,benchANT
2026-05-16 11:09:20+00:00,system,load15,3.87,dbms,clickbench,postgresql-indexed-load,1,ip-172-31-19-62,olap,benchANT
2026-05-16 11:09:30+00:00,system,load15,3.87,dbms,clickbench,postgresql-indexed-load,1,ip-172-31-19-62,olap,benchANT
2026-05-16 11:09:40+00:00,system,load15,3.87,dbms,clickbench,postgresql-indexed-load,1,ip-172-31-19-62,olap,benchANT
2026-05-16 11:09:50+00:00,system,load15,3.87,dbms,clickbench,postgresql-indexed-load,1,ip-172-31-19-62,olap,benchANT
2026-05-16 11:10:00+00:00,system,load15,3.88,dbms,clickbench,postgresql-indexed-load,1,ip-172-31-19-62,olap,benchANT
2026-05-16 11:10:10+00:00,system,load15,3.88,dbms,clickbench,postgresql-indexed-load,1,ip-172-31-19-62,olap,benchANT
2026-05-16 11:10:20+00:00,system,load15,3.88,dbms,clickbench,postgresql-indexed-load,1,ip-172-31-19-62,olap,benchANT
2026-05-16 11:10:30+00:00,system,load15,3.89,dbms,clickbench,postgresql-indexed-load,1,ip-172-31-19-62,olap,benchANT
2026-05-16 11:10:40+00:00,system,load15,3.89,dbms,clickbench,postgresql-indexed-load,1,ip-172-31-19-62,olap,benchANT
2026-05-16 11:10:50+00:00,system,load15,3.89,dbms,clickbench,postgresql-indexed-load,1,ip-172-31-19-62,olap,benchANT
2026-05-16 11:11:00+00:00,system,load15,3.89,dbms,clickbench,postgresql-indexed-load,1,ip-172-31-19-62,olap,benchANT
2026-05-16 11:11:10+00:00,system,load15,3.89,dbms,clickbench,postgresql-indexed-load,1,ip-172-31-19-62,olap,benchANT
2026-05-16 11:11:20+00:00,system,load15,3.88,dbms,clickbench,postgresql-indexed-load,1,ip-172-31-19-62,olap,benchANT
2026-05-16 11:11:30+00:00,system,load15,3.85,dbms,clickbench,postgresql-indexed-load,1,ip-172-31-19-62,olap,benchANT
2026-05-16 11:11:40+00:00,system,load15,3.82,dbms,clickbench,postgresql-indexed-load,1,ip-172-31-19-62,olap,benchANT
2026-05-16 11:11:50+00:00,system,load15,3.79,dbms,clickbench,postgresql-indexed-load,1,ip-172-31-19-62,olap,benchANT
2026-05-16 11:12:00+00:00,system,load15,3.76,dbms,clickbench,postgresql-indexed-load,1,ip-172-31-19-62,olap,benchANT
2026-05-16 11:12:10+00:00,system,load15,3.73,dbms,clickbench,postgresql-indexed-load,1,ip-172-31-19-62,olap,benchANT
2026-05-16 11:12:20+00:00,system,load15,3.7,dbms,clickbench,postgresql-indexed-load,1,ip-172-31-19-62,olap,benchANT
2026-05-16 11:12:30+00:00,system,load15,3.67,dbms,clickbench,postgresql-indexed-load,1,ip-172-31-19-62,olap,benchANT
2026-05-16 11:12:40+00:00,system,load15,3.64,dbms,clickbench,postgresql-indexed-load,1,ip-172-31-19-62,olap,benchANT
2026-05-16 11:12:50+00:00,system,load15,3.61,dbms,clickbench,postgresql-indexed-load,1,ip-172-31-19-62,olap,benchANT
2026-05-16 11:13:00+00:00,system,load15,3.58,dbms,clickbench,postgresql-indexed-load,1,ip-172-31-19-62,olap,benchANT
2026-05-16 11:13:10+00:00,system,load15,3.55,dbms,clickbench,postgresql-indexed-load,1,ip-172-31-19-62,olap,benchANT
2026-05-16 11:13:20+00:00,system,load15,3.52,dbms,clickbench,postgresql-indexed-load,1,ip-172-31-19-62,olap,benchANT
2026-05-16 11:13:30+00:00,system,load15,3.5,dbms,clickbench,postgresql-indexed-load,1,ip-172-31-19-62,olap,benchANT
2026-05-16 11:13:40+00:00,system,load15,3.47,dbms,clickbench,postgresql-indexed-load,1,ip-172-31-19-62,olap,benchANT
2026-05-16 11:13:50+00:00,system,load15,3.44,dbms,clickbench,postgresql-indexed-load,1,ip-172-31-19-62,olap,benchANT
2026-05-16 11:14:00+00:00,system,load15,3.42,dbms,clickbench,postgresql-indexed-load,1,ip-172-31-19-62,olap,benchANT
2026-05-16 11:14:10+00:00,system,load15,3.39,dbms,clickbench,postgresql-indexed-load,1,ip-172-31-19-62,olap,benchANT
2026-05-16 11:14:20+00:00,system,load15,3.36,dbms,clickbench,postgresql-indexed-load,1,ip-172-31-19-62,olap,benchANT
2026-05-16 11:14:30+00:00,system,load15,3.34,dbms,clickbench,postgresql-indexed-load,1,ip-172-31-19-62,olap,benchANT
2026-05-16 11:14:40+00:00,system,load15,3.31,dbms,clickbench,postgresql-indexed-load,1,ip-172-31-19-62,olap,benchANT
2026-05-16 11:14:50+00:00,system,load15,3.29,dbms,clickbench,postgresql-indexed-load,1,ip-172-31-19-62,olap,benchANT
2026-05-16 11:15:00+00:00,system,load15,3.26,dbms,clickbench,postgresql-indexed-load,1,ip-172-31-19-62,olap,benchANT
2026-05-16 11:15:10+00:00,system,load15,3.24,dbms,clickbench,postgresql-indexed-load,1,ip-172-31-19-62,olap,benchANT
2026-05-16 11:15:20+00:00,system,load15,3.21,dbms,clickbench,postgresql-indexed-load,1,ip-172-31-19-62,olap,benchANT
2026-05-16 11:15:30+00:00,system,load15,3.19,dbms,clickbench,postgresql-indexed-load,1,ip-172-31-19-62,olap,benchANT
2026-05-16 11:15:40+00:00,system,load15,3.16,dbms,clickbench,postgresql-indexed-load,1,ip-172-31-19-62,olap,benchANT
2026-05-16 11:15:50+00:00,system,load15,3.14,dbms,clickbench,postgresql-indexed-load,1,ip-172-31-19-62,olap,benchANT
2026-05-16 11:16:00+00:00,system,load15,3.12,dbms,clickbench,postgresql-indexed-load,1,ip-172-31-19-62,olap,benchANT
2026-05-16 11:16:10+00:00,system,load15,3.09,dbms,clickbench,postgresql-indexed-load,1,ip-172-31-19-62,olap,benchANT
2026-05-16 11:16:20+00:00,system,load15,3.07,dbms,clickbench,postgresql-indexed-load,1,ip-172-31-19-62,olap,benchANT
2026-05-16 11:16:30+00:00,system,load15,3.05,dbms,clickbench,postgresql-indexed-load,1,ip-172-31-19-62,olap,benchANT
2026-05-16 11:16:40+00:00,system,load15,3.03,dbms,clickbench,postgresql-indexed-load,1,ip-172-31-19-62,olap,benchANT
2026-05-16 11:16:50+00:00,system,load15,3.0,dbms,clickbench,postgresql-indexed-load,1,ip-172-31-19-62,olap,benchANT
2026-05-16 11:17:00+00:00,system,load15,2.98,dbms,clickbench,postgresql-indexed-load,1,ip-172-31-19-62,olap,benchANT
2026-05-16 11:17:10+00:00,system,load15,2.96,dbms,clickbench,postgresql-indexed-load,1,ip-172-31-19-62,olap,benchANT
2026-05-16 11:17:20+00:00,system,load15,2.94,dbms,clickbench,postgresql-indexed-load,1,ip-172-31-19-62,olap,benchANT
2026-05-16 11:17:30+00:00,system,load15,2.92,dbms,clickbench,postgresql-indexed-load,1,ip-172-31-19-62,olap,benchANT
2026-05-16 11:17:40+00:00,system,load15,2.9,dbms,clickbench,postgresql-indexed-load,1,ip-172-31-19-62,olap,benchANT
2026-05-16 11:17:50+00:00,system,load15,2.88,dbms,clickbench,postgresql-indexed-load,1,ip-172-31-19-62,olap,benchANT
2026-05-16 11:18:00+00:00,system,load15,2.86,dbms,clickbench,postgresql-indexed-load,1,ip-172-31-19-62,olap,benchANT
2026-05-16 11:18:10+00:00,system,load15,2.83,dbms,clickbench,postgresql-indexed-load,1,ip-172-31-19-62,olap,benchANT
2026-05-16 11:18:20+00:00,system,load15,2.81,dbms,clickbench,postgresql-indexed-load,1,ip-172-31-19-62,olap,benchANT
2026-05-16 11:18:30+00:00,system,load15,2.79,dbms,clickbench,postgresql-indexed-load,1,ip-172-31-19-62,olap,benchANT
2026-05-16 11:18:40+00:00,system,load15,2.78,dbms,clickbench,postgresql-indexed-load,1,ip-172-31-19-62,olap,benchANT
2026-05-16 11:18:50+00:00,system,load15,2.76,dbms,clickbench,postgresql-indexed-load,1,ip-172-31-19-62,olap,benchANT
2026-05-16 11:19:00+00:00,system,load15,2.74,dbms,clickbench,postgresql-indexed-load,1,ip-172-31-19-62,olap,benchANT
2026-05-16 11:19:10+00:00,system,load15,2.72,dbms,clickbench,postgresql-indexed-load,1,ip-172-31-19-62,olap,benchANT
2026-05-16 11:19:20+00:00,system,load15,2.7,dbms,clickbench,postgresql-indexed-load,1,ip-172-31-19-62,olap,benchANT
2026-05-16 11:19:30+00:00,system,load15,2.69,dbms,clickbench,postgresql-indexed-load,1,ip-172-31-19-62,olap,benchANT
2026-05-16 11:19:40+00:00,system,load15,2.67,dbms,clickbench,postgresql-indexed-load,1,ip-172-31-19-62,olap,benchANT
2026-05-16 11:19:50+00:00,system,load15,2.65,dbms,clickbench,postgresql-indexed-load,1,ip-172-31-19-62,olap,benchANT
2026-05-16 11:20:00+00:00,system,load15,2.63,dbms,clickbench,postgresql-indexed-load,1,ip-172-31-19-62,olap,benchANT
2026-05-16 11:20:10+00:00,system,load15,2.61,dbms,clickbench,postgresql-indexed-load,1,ip-172-31-19-62,olap,benchANT
2026-05-16 11:20:20+00:00,system,load15,2.59,dbms,clickbench,postgresql-indexed-load,1,ip-172-31-19-62,olap,benchANT
2026-05-16 11:20:30+00:00,system,load15,2.58,dbms,clickbench,postgresql-indexed-load,1,ip-172-31-19-62,olap,benchANT
2026-05-16 11:20:40+00:00,system,load15,2.56,dbms,clickbench,postgresql-indexed-load,1,ip-172-31-19-62,olap,benchANT
2026-05-16 11:20:50+00:00,system,load15,2.54,dbms,clickbench,postgresql-indexed-load,1,ip-172-31-19-62,olap,benchANT
2026-05-16 11:21:00+00:00,system,load15,2.53,dbms,clickbench,postgresql-indexed-load,1,ip-172-31-19-62,olap,benchANT
2026-05-16 11:21:10+00:00,system,load15,2.51,dbms,clickbench,postgresql-indexed-load,1,ip-172-31-19-62,olap,benchANT
2026-05-16 11:21:20+00:00,system,load15,2.49,dbms,clickbench,postgresql-indexed-load,1,ip-172-31-19-62,olap,benchANT
2026-05-16 11:21:30+00:00,system,load15,2.48,dbms,clickbench,postgresql-indexed-load,1,ip-172-31-19-62,olap,benchANT
2026-05-16 11:21:40+00:00,system,load15,2.46,dbms,clickbench,postgresql-indexed-load,1,ip-172-31-19-62,olap,benchANT
2026-05-16 11:21:50+00:00,system,load15,2.44,dbms,clickbench,postgresql-indexed-load,1,ip-172-31-19-62,olap,benchANT
2026-05-16 11:22:00+00:00,system,load15,2.43,dbms,clickbench,postgresql-indexed-load,1,ip-172-31-19-62,olap,benchANT
2026-05-16 11:22:10+00:00,system,load15,2.41,dbms,clickbench,postgresql-indexed-load,1,ip-172-31-19-62,olap,benchANT
2026-05-16 11:22:20+00:00,system,load15,2.4,dbms,clickbench,postgresql-indexed-load,1,ip-172-31-19-62,olap,benchANT
2026-05-16 11:22:30+00:00,system,load15,2.38,dbms,clickbench,postgresql-indexed-load,1,ip-172-31-19-62,olap,benchANT
2026-05-16 11:22:40+00:00,system,load15,2.36,dbms,clickbench,postgresql-indexed-load,1,ip-172-31-19-62,olap,benchANT
2026-05-16 11:22:50+00:00,system,load15,2.35,dbms,clickbench,postgresql-indexed-load,1,ip-172-31-19-62,olap,benchANT
2026-05-16 11:23:00+00:00,system,load15,2.33,dbms,clickbench,postgresql-indexed-load,1,ip-172-31-19-62,olap,benchANT
2026-05-16 11:23:10+00:00,system,load15,2.33,dbms,clickbench,postgresql-indexed-load,1,ip-172-31-19-62,olap,benchANT
2026-05-16 11:23:20+00:00,system,load15,2.31,dbms,clickbench,postgresql-indexed-load,1,ip-172-31-19-62,olap,benchANT
2026-05-16 11:23:30+00:00,system,load15,2.3,dbms,clickbench,postgresql-indexed-load,1,ip-172-31-19-62,olap,benchANT
2026-05-16 11:23:40+00:00,system,load15,2.28,dbms,clickbench,postgresql-indexed-load,1,ip-172-31-19-62,olap,benchANT
2026-05-16 11:23:50+00:00,system,load15,2.27,dbms,clickbench,postgresql-indexed-load,1,ip-172-31-19-62,olap,benchANT
2026-05-16 11:24:00+00:00,system,load15,2.25,dbms,clickbench,postgresql-indexed-load,1,ip-172-31-19-62,olap,benchANT
2026-05-16 11:24:10+00:00,system,load15,2.24,dbms,clickbench,postgresql-indexed-load,1,ip-172-31-19-62,olap,benchANT
2026-05-16 11:24:20+00:00,system,load15,2.23,dbms,clickbench,postgresql-indexed-load,1,ip-172-31-19-62,olap,benchANT
2026-05-16 11:24:30+00:00,system,load15,2.21,dbms,clickbench,postgresql-indexed-load,1,ip-172-31-19-62,olap,benchANT
2026-05-16 11:24:40+00:00,system,load15,2.2,dbms,clickbench,postgresql-indexed-load,1,ip-172-31-19-62,olap,benchANT
2026-05-16 11:24:50+00:00,system,load15,2.18,dbms,clickbench,postgresql-indexed-load,1,ip-172-31-19-62,olap,benchANT
2026-05-16 11:25:00+00:00,system,load15,2.17,dbms,clickbench,postgresql-indexed-load,1,ip-172-31-19-62,olap,benchANT
2026-05-16 11:25:10+00:00,system,load15,2.16,dbms,clickbench,postgresql-indexed-load,1,ip-172-31-19-62,olap,benchANT
2026-05-16 11:25:20+00:00,system,load15,2.15,dbms,clickbench,postgresql-indexed-load,1,ip-172-31-19-62,olap,benchANT
2026-05-16 11:25:30+00:00,system,load15,2.13,dbms,clickbench,postgresql-indexed-load,1,ip-172-31-19-62,olap,benchANT
2026-05-16 11:25:40+00:00,system,load15,2.12,dbms,clickbench,postgresql-indexed-load,1,ip-172-31-19-62,olap,benchANT
2026-05-16 11:25:50+00:00,system,load15,2.11,dbms,clickbench,postgresql-indexed-load,1,ip-172-31-19-62,olap,benchANT
2026-05-16 11:26:00+00:00,system,load15,2.1,dbms,clickbench,postgresql-indexed-load,1,ip-172-31-19-62,olap,benchANT
2026-05-16 11:26:10+00:00,system,load15,2.08,dbms,clickbench,postgresql-indexed-load,1,ip-172-31-19-62,olap,benchANT
2026-05-16 11:26:20+00:00,system,load15,2.07,dbms,clickbench,postgresql-indexed-load,1,ip-172-31-19-62,olap,benchANT
2026-05-16 11:26:30+00:00,system,load15,2.06,dbms,clickbench,postgresql-indexed-load,1,ip-172-31-19-62,olap,benchANT
2026-05-16 11:26:40+00:00,system,load15,2.05,dbms,clickbench,postgresql-indexed-load,1,ip-172-31-19-62,olap,benchANT
2026-05-16 11:26:50+00:00,system,load15,2.04,dbms,clickbench,postgresql-indexed-load,1,ip-172-31-19-62,olap,benchANT
2026-05-16 11:27:00+00:00,system,load15,2.02,dbms,clickbench,postgresql-indexed-load,1,ip-172-31-19-62,olap,benchANT
2026-05-16 11:27:10+00:00,system,load15,2.01,dbms,clickbench,postgresql-indexed-load,1,ip-172-31-19-62,olap,benchANT
2026-05-16 11:27:20+00:00,system,load15,2.0,dbms,clickbench,postgresql-indexed-load,1,ip-172-31-19-62,olap,benchANT
2026-05-16 11:27:30+00:00,system,load15,1.99,dbms,clickbench,postgresql-indexed-load,1,ip-172-31-19-62,olap,benchANT
2026-05-16 11:27:40+00:00,system,load15,1.98,dbms,clickbench,postgresql-indexed-load,1,ip-172-31-19-62,olap,benchANT
2026-05-16 11:27:50+00:00,system,load15,1.97,dbms,clickbench,postgresql-indexed-load,1,ip-172-31-19-62,olap,benchANT
2026-05-16 11:28:00+00:00,system,load15,1.96,dbms,clickbench,postgresql-indexed-load,1,ip-172-31-19-62,olap,benchANT
2026-05-16 11:28:10+00:00,system,load15,1.95,dbms,clickbench,postgresql-indexed-load,1,ip-172-31-19-62,olap,benchANT
2026-05-16 11:28:20+00:00,system,load15,1.94,dbms,clickbench,postgresql-indexed-load,1,ip-172-31-19-62,olap,benchANT
2026-05-16 11:28:30+00:00,system,load15,1.93,dbms,clickbench,postgresql-indexed-load,1,ip-172-31-19-62,olap,benchANT
2026-05-16 11:28:40+00:00,system,load15,1.91,dbms,clickbench,postgresql-indexed-load,1,ip-172-31-19-62,olap,benchANT
2026-05-16 11:28:50+00:00,system,load15,1.9,dbms,clickbench,postgresql-indexed-load,1,ip-172-31-19-62,olap,benchANT
2026-05-16 11:29:00+00:00,system,load15,1.89,dbms,clickbench,postgresql-indexed-load,1,ip-172-31-19-62,olap,benchANT
2026-05-16 11:29:10+00:00,system,load15,1.88,dbms,clickbench,postgresql-indexed-load,1,ip-172-31-19-62,olap,benchANT
2026-05-16 11:29:20+00:00,system,load15,1.87,dbms,clickbench,postgresql-indexed-load,1,ip-172-31-19-62,olap,benchANT
2026-05-16 11:29:30+00:00,system,load15,1.87,dbms,clickbench,postgresql-indexed-load,1,ip-172-31-19-62,olap,benchANT
2026-05-16 11:29:40+00:00,system,load15,1.86,dbms,clickbench,postgresql-indexed-load,1,ip-172-31-19-62,olap,benchANT
2026-05-16 11:29:50+00:00,system,load15,1.85,dbms,clickbench,postgresql-indexed-load,1,ip-172-31-19-62,olap,benchANT
2026-05-16 11:30:00+00:00,system,load15,1.84,dbms,clickbench,postgresql-indexed-load,1,ip-172-31-19-62,olap,benchANT
2026-05-16 11:30:10+00:00,system,load15,1.83,dbms,clickbench,postgresql-indexed-load,1,ip-172-31-19-62,olap,benchANT
2026-05-16 11:30:20+00:00,system,load15,1.82,dbms,clickbench,postgresql-indexed-load,1,ip-172-31-19-62,olap,benchANT
2026-05-16 11:30:30+00:00,system,load15,1.81,dbms,clickbench,postgresql-indexed-load,1,ip-172-31-19-62,olap,benchANT
2026-05-16 11:30:40+00:00,system,load15,1.8,dbms,clickbench,postgresql-indexed-load,1,ip-172-31-19-62,olap,benchANT
2026-05-16 11:30:50+00:00,system,load15,1.79,dbms,clickbench,postgresql-indexed-load,1,ip-172-31-19-62,olap,benchANT
2026-05-16 11:31:00+00:00,system,load15,1.78,dbms,clickbench,postgresql-indexed-load,1,ip-172-31-19-62,olap,benchANT
2026-05-16 11:31:10+00:00,system,load15,1.77,dbms,clickbench,postgresql-indexed-load,1,ip-172-31-19-62,olap,benchANT
2026-05-16 11:31:20+00:00,system,load15,1.76,dbms,clickbench,postgresql-indexed-load,1,ip-172-31-19-62,olap,benchANT
2026-05-16 11:31:30+00:00,system,load15,1.75,dbms,clickbench,postgresql-indexed-load,1,ip-172-31-19-62,olap,benchANT
2026-05-16 11:31:40+00:00,system,load15,1.75,dbms,clickbench,postgresql-indexed-load,1,ip-172-31-19-62,olap,benchANT
2026-05-16 11:31:50+00:00,system,load15,1.74,dbms,clickbench,postgresql-indexed-load,1,ip-172-31-19-62,olap,benchANT
2026-05-16 11:32:00+00:00,system,load15,1.73,dbms,clickbench,postgresql-indexed-load,1,ip-172-31-19-62,olap,benchANT
2026-05-16 11:32:10+00:00,system,load15,1.72,dbms,clickbench,postgresql-indexed-load,1,ip-172-31-19-62,olap,benchANT
2026-05-16 11:32:20+00:00,system,load15,1.71,dbms,clickbench,postgresql-indexed-load,1,ip-172-31-19-62,olap,benchANT
2026-05-16 11:32:30+00:00,system,load15,1.71,dbms,clickbench,postgresql-indexed-load,1,ip-172-31-19-62,olap,benchANT
2026-05-16 11:32:40+00:00,system,load15,1.7,dbms,clickbench,postgresql-indexed-load,1,ip-172-31-19-62,olap,benchANT
2026-05-16 11:32:50+00:00,system,load15,1.69,dbms,clickbench,postgresql-indexed-load,1,ip-172-31-19-62,olap,benchANT
2026-05-16 11:33:00+00:00,system,load15,1.69,dbms,clickbench,postgresql-indexed-load,1,ip-172-31-19-62,olap,benchANT
2026-05-16 11:33:10+00:00,system,load15,1.68,dbms,clickbench,postgresql-indexed-load,1,ip-172-31-19-62,olap,benchANT
2026-05-16 11:33:20+00:00,system,load15,1.68,dbms,clickbench,postgresql-indexed-load,1,ip-172-31-19-62,olap,benchANT
2026-05-16 11:33:30+00:00,system,load15,1.67,dbms,clickbench,postgresql-indexed-load,1,ip-172-31-19-62,olap,benchANT
2026-05-16 11:33:40+00:00,system,load15,1.66,dbms,clickbench,postgresql-indexed-load,1,ip-172-31-19-62,olap,benchANT
2026-05-16 11:33:50+00:00,system,load15,1.65,dbms,clickbench,postgresql-indexed-load,1,ip-172-31-19-62,olap,benchANT
2026-05-16 11:34:00+00:00,system,load15,1.65,dbms,clickbench,postgresql-indexed-load,1,ip-172-31-19-62,olap,benchANT
2026-05-16 11:34:10+00:00,system,load15,1.64,dbms,clickbench,postgresql-indexed-load,1,ip-172-31-19-62,olap,benchANT
2026-05-16 11:34:20+00:00,system,load15,1.63,dbms,clickbench,postgresql-indexed-load,1,ip-172-31-19-62,olap,benchANT
2026-05-16 11:34:30+00:00,system,load15,1.62,dbms,clickbench,postgresql-indexed-load,1,ip-172-31-19-62,olap,benchANT
2026-05-16 11:34:40+00:00,system,load15,1.62,dbms,clickbench,postgresql-indexed-load,1,ip-172-31-19-62,olap,benchANT
2026-05-16 11:34:50+00:00,system,load15,1.61,dbms,clickbench,postgresql-indexed-load,1,ip-172-31-19-62,olap,benchANT
2026-05-16 11:35:00+00:00,system,load15,1.6,dbms,clickbench,postgresql-indexed-load,1,ip-172-31-19-62,olap,benchANT
2026-05-16 11:35:10+00:00,system,load15,1.6,dbms,clickbench,postgresql-indexed-load,1,ip-172-31-19-62,olap,benchANT
2026-05-16 11:35:20+00:00,system,load15,1.59,dbms,clickbench,postgresql-indexed-load,1,ip-172-31-19-62,olap,benchANT
2026-05-16 11:35:30+00:00,system,load15,1.58,dbms,clickbench,postgresql-indexed-load,1,ip-172-31-19-62,olap,benchANT
2026-05-16 11:35:40+00:00,system,load15,1.58,dbms,clickbench,postgresql-indexed-load,1,ip-172-31-19-62,olap,benchANT
2026-05-16 11:35:50+00:00,system,load15,1.57,dbms,clickbench,postgresql-indexed-load,1,ip-172-31-19-62,olap,benchANT
2026-05-16 11:36:00+00:00,system,load15,1.56,dbms,clickbench,postgresql-indexed-load,1,ip-172-31-19-62,olap,benchANT
2026-05-16 11:36:10+00:00,system,load15,1.56,dbms,clickbench,postgresql-indexed-load,1,ip-172-31-19-62,olap,benchANT
2026-05-16 11:36:20+00:00,system,load15,1.55,dbms,clickbench,postgresql-indexed-load,1,ip-172-31-19-62,olap,benchANT
2026-05-16 11:36:30+00:00,system,load15,1.54,dbms,clickbench,postgresql-indexed-load,1,ip-172-31-19-62,olap,benchANT
2026-05-16 11:36:40+00:00,system,load15,1.54,dbms,clickbench,postgresql-indexed-load,1,ip-172-31-19-62,olap,benchANT
2026-05-16 11:36:50+00:00,system,load15,1.53,dbms,clickbench,postgresql-indexed-load,1,ip-172-31-19-62,olap,benchANT
2026-05-16 11:37:00+00:00,system,load15,1.52,dbms,clickbench,postgresql-indexed-load,1,ip-172-31-19-62,olap,benchANT
2026-05-16 11:37:10+00:00,system,load15,1.52,dbms,clickbench,postgresql-indexed-load,1,ip-172-31-19-62,olap,benchANT
2026-05-16 11:37:20+00:00,system,load15,1.51,dbms,clickbench,postgresql-indexed-load,1,ip-172-31-19-62,olap,benchANT
2026-05-16 11:37:30+00:00,system,load15,1.51,dbms,clickbench,postgresql-indexed-load,1,ip-172-31-19-62,olap,benchANT
2026-05-16 11:37:40+00:00,system,load15,1.5,dbms,clickbench,postgresql-indexed-load,1,ip-172-31-19-62,olap,benchANT
2026-05-16 11:37:50+00:00,system,load15,1.5,dbms,clickbench,postgresql-indexed-load,1,ip-172-31-19-62,olap,benchANT
2026-05-16 11:38:00+00:00,system,load15,1.49,dbms,clickbench,postgresql-indexed-load,1,ip-172-31-19-62,olap,benchANT
2026-05-16 11:38:10+00:00,system,load15,1.48,dbms,clickbench,postgresql-indexed-load,1,ip-172-31-19-62,olap,benchANT
2026-05-16 11:38:20+00:00,system,load15,1.48,dbms,clickbench,postgresql-indexed-load,1,ip-172-31-19-62,olap,benchANT
2026-05-16 11:38:30+00:00,system,load15,1.47,dbms,clickbench,postgresql-indexed-load,1,ip-172-31-19-62,olap,benchANT
2026-05-16 11:38:40+00:00,system,load15,1.47,dbms,clickbench,postgresql-indexed-load,1,ip-172-31-19-62,olap,benchANT
2026-05-16 11:38:50+00:00,system,load15,1.46,dbms,clickbench,postgresql-indexed-load,1,ip-172-31-19-62,olap,benchANT
2026-05-16 11:39:00+00:00,system,load15,1.45,dbms,clickbench,postgresql-indexed-load,1,ip-172-31-19-62,olap,benchANT
2026-05-16 11:39:10+00:00,system,load15,1.45,dbms,clickbench,postgresql-indexed-load,1,ip-172-31-19-62,olap,benchANT
2026-05-16 11:39:20+00:00,system,load15,1.44,dbms,clickbench,postgresql-indexed-load,1,ip-172-31-19-62,olap,benchANT
2026-05-16 11:39:30+00:00,system,load15,1.44,dbms,clickbench,postgresql-indexed-load,1,ip-172-31-19-62,olap,benchANT
2026-05-16 11:39:40+00:00,system,load15,1.43,dbms,clickbench,postgresql-indexed-load,1,ip-172-31-19-62,olap,benchANT
2026-05-16 11:39:50+00:00,system,load15,1.43,dbms,clickbench,postgresql-indexed-load,1,ip-172-31-19-62,olap,benchANT
2026-05-16 11:40:00+00:00,system,load15,1.42,dbms,clickbench,postgresql-indexed-load,1,ip-172-31-19-62,olap,benchANT
2026-05-16 11:40:10+00:00,system,load15,1.42,dbms,clickbench,postgresql-indexed-load,1,ip-172-31-19-62,olap,benchANT
2026-05-16 11:40:20+00:00,system,load15,1.41,dbms,clickbench,postgresql-indexed-load,1,ip-172-31-19-62,olap,benchANT
2026-05-16 11:40:30+00:00,system,load15,1.41,dbms,clickbench,postgresql-indexed-load,1,ip-172-31-19-62,olap,benchANT
2026-05-16 11:40:40+00:00,system,load15,1.41,dbms,clickbench,postgresql-indexed-load,1,ip-172-31-19-62,olap,benchANT
2026-05-16 11:40:50+00:00,system,load15,1.4,dbms,clickbench,postgresql-indexed-load,1,ip-172-31-19-62,olap,benchANT
2026-05-16 11:41:00+00:00,system,load15,1.4,dbms,clickbench,postgresql-indexed-load,1,ip-172-31-19-62,olap,benchANT
2026-05-16 11:41:10+00:00,system,load15,1.39,dbms,clickbench,postgresql-indexed-load,1,ip-172-31-19-62,olap,benchANT
2026-05-16 11:41:20+00:00,system,load15,1.39,dbms,clickbench,postgresql-indexed-load,1,ip-172-31-19-62,olap,benchANT
2026-05-16 11:41:30+00:00,system,load15,1.38,dbms,clickbench,postgresql-indexed-load,1,ip-172-31-19-62,olap,benchANT
2026-05-16 11:41:40+00:00,system,load15,1.38,dbms,clickbench,postgresql-indexed-load,1,ip-172-31-19-62,olap,benchANT
2026-05-16 11:41:50+00:00,system,load15,1.37,dbms,clickbench,postgresql-indexed-load,1,ip-172-31-19-62,olap,benchANT
2026-05-16 11:42:00+00:00,system,load15,1.37,dbms,clickbench,postgresql-indexed-load,1,ip-172-31-19-62,olap,benchANT
2026-05-16 11:42:10+00:00,system,load15,1.36,dbms,clickbench,postgresql-indexed-load,1,ip-172-31-19-62,olap,benchANT
2026-05-16 11:42:20+00:00,system,load15,1.36,dbms,clickbench,postgresql-indexed-load,1,ip-172-31-19-62,olap,benchANT
2026-05-16 11:42:30+00:00,system,load15,1.35,dbms,clickbench,postgresql-indexed-load,1,ip-172-31-19-62,olap,benchANT
2026-05-16 11:42:40+00:00,system,load15,1.35,dbms,clickbench,postgresql-indexed-load,1,ip-172-31-19-62,olap,benchANT
2026-05-16 11:42:50+00:00,system,load15,1.35,dbms,clickbench,postgresql-indexed-load,1,ip-172-31-19-62,olap,benchANT
2026-05-16 11:43:00+00:00,system,load15,1.34,dbms,clickbench,postgresql-indexed-load,1,ip-172-31-19-62,olap,benchANT
2026-05-16 11:43:10+00:00,system,load15,1.34,dbms,clickbench,postgresql-indexed-load,1,ip-172-31-19-62,olap,benchANT
2026-05-16 11:43:20+00:00,system,load15,1.33,dbms,clickbench,postgresql-indexed-load,1,ip-172-31-19-62,olap,benchANT
2026-05-16 11:43:30+00:00,system,load15,1.33,dbms,clickbench,postgresql-indexed-load,1,ip-172-31-19-62,olap,benchANT
2026-05-16 11:43:40+00:00,system,load15,1.33,dbms,clickbench,postgresql-indexed-load,1,ip-172-31-19-62,olap,benchANT
2026-05-16 11:43:50+00:00,system,load15,1.32,dbms,clickbench,postgresql-indexed-load,1,ip-172-31-19-62,olap,benchANT
2026-05-16 11:44:00+00:00,system,load15,1.32,dbms,clickbench,postgresql-indexed-load,1,ip-172-31-19-62,olap,benchANT
2026-05-16 11:44:10+00:00,system,load15,1.31,dbms,clickbench,postgresql-indexed-load,1,ip-172-31-19-62,olap,benchANT
2026-05-16 11:44:20+00:00,system,load15,1.31,dbms,clickbench,postgresql-indexed-load,1,ip-172-31-19-62,olap,benchANT
2026-05-16 11:44:30+00:00,system,load15,1.31,dbms,clickbench,postgresql-indexed-load,1,ip-172-31-19-62,olap,benchANT
2026-05-16 11:44:40+00:00,system,load15,1.3,dbms,clickbench,postgresql-indexed-load,1,ip-172-31-19-62,olap,benchANT
2026-05-16 11:44:50+00:00,system,load15,1.3,dbms,clickbench,postgresql-indexed-load,1,ip-172-31-19-62,olap,benchANT
2026-05-16 11:45:00+00:00,system,load15,1.29,dbms,clickbench,postgresql-indexed-load,1,ip-172-31-19-62,olap,benchANT
2026-05-16 11:45:10+00:00,system,load15,1.29,dbms,clickbench,postgresql-indexed-load,1,ip-172-31-19-62,olap,benchANT
2026-05-16 11:45:20+00:00,system,load15,1.29,dbms,clickbench,postgresql-indexed-load,1,ip-172-31-19-62,olap,benchANT
2026-05-16 11:45:30+00:00,system,load15,1.28,dbms,clickbench,postgresql-indexed-load,1,ip-172-31-19-62,olap,benchANT
2026-05-16 11:45:40+00:00,system,load15,1.28,dbms,clickbench,postgresql-indexed-load,1,ip-172-31-19-62,olap,benchANT
2026-05-16 11:45:50+00:00,system,load15,1.28,dbms,clickbench,postgresql-indexed-load,1,ip-172-31-19-62,olap,benchANT
2026-05-16 11:46:00+00:00,system,load15,1.27,dbms,clickbench,postgresql-indexed-load,1,ip-172-31-19-62,olap,benchANT
2026-05-16 11:46:10+00:00,system,load15,1.27,dbms,clickbench,postgresql-indexed-load,1,ip-172-31-19-62,olap,benchANT
2026-05-16 11:46:20+00:00,system,load15,1.27,dbms,clickbench,postgresql-indexed-load,1,ip-172-31-19-62,olap,benchANT
2026-05-16 11:46:30+00:00,system,load15,1.26,dbms,clickbench,postgresql-indexed-load,1,ip-172-31-19-62,olap,benchANT
2026-05-16 11:46:40+00:00,system,load15,1.26,dbms,clickbench,postgresql-indexed-load,1,ip-172-31-19-62,olap,benchANT
2026-05-16 11:46:50+00:00,system,load15,1.26,dbms,clickbench,postgresql-indexed-load,1,ip-172-31-19-62,olap,benchANT
2026-05-16 11:47:00+00:00,system,load15,1.25,dbms,clickbench,postgresql-indexed-load,1,ip-172-31-19-62,olap,benchANT
2026-05-16 11:47:10+00:00,system,load15,1.25,dbms,clickbench,postgresql-indexed-load,1,ip-172-31-19-62,olap,benchANT
2026-05-16 11:47:20+00:00,system,load15,1.25,dbms,clickbench,postgresql-indexed-load,1,ip-172-31-19-62,olap,benchANT
2026-05-16 11:47:30+00:00,system,load15,1.25,dbms,clickbench,postgresql-indexed-load,1,ip-172-31-19-62,olap,benchANT
2026-05-16 11:47:40+00:00,system,load15,1.25,dbms,clickbench,postgresql-indexed-load,1,ip-172-31-19-62,olap,benchANT
2026-05-16 11:47:50+00:00,system,load15,1.25,dbms,clickbench,postgresql-indexed-load,1,ip-172-31-19-62,olap,benchANT
2026-05-16 11:48:00+00:00,system,load15,1.28,dbms,clickbench,postgresql-indexed-load,1,ip-172-31-19-62,olap,benchANT
2026-05-16 11:48:10+00:00,system,load15,1.3,dbms,clickbench,postgresql-indexed-load,1,ip-172-31-19-62,olap,benchANT
2026-05-16 11:48:20+00:00,system,load15,1.33,dbms,clickbench,postgresql-indexed-load,1,ip-172-31-19-62,olap,benchANT
2026-05-16 11:48:30+00:00,system,load15,1.36,dbms,clickbench,postgresql-indexed-load,1,ip-172-31-19-62,olap,benchANT
2026-05-16 11:48:40+00:00,system,load15,1.39,dbms,clickbench,postgresql-indexed-load,1,ip-172-31-19-62,olap,benchANT
2026-05-16 11:48:50+00:00,system,load15,1.42,dbms,clickbench,postgresql-indexed-load,1,ip-172-31-19-62,olap,benchANT
2026-05-16 11:49:00+00:00,system,load15,1.45,dbms,clickbench,postgresql-indexed-load,1,ip-172-31-19-62,olap,benchANT
2026-05-16 11:49:10+00:00,system,load15,1.48,dbms,clickbench,postgresql-indexed-load,1,ip-172-31-19-62,olap,benchANT
2026-05-16 11:49:20+00:00,system,load15,1.5,dbms,clickbench,postgresql-indexed-load,1,ip-172-31-19-62,olap,benchANT
2026-05-16 11:49:30+00:00,system,load15,1.53,dbms,clickbench,postgresql-indexed-load,1,ip-172-31-19-62,olap,benchANT
2026-05-16 11:49:40+00:00,system,load15,1.56,dbms,clickbench,postgresql-indexed-load,1,ip-172-31-19-62,olap,benchANT
2026-05-16 11:49:50+00:00,system,load15,1.58,dbms,clickbench,postgresql-indexed-load,1,ip-172-31-19-62,olap,benchANT
2026-05-16 11:50:00+00:00,system,load15,1.61,dbms,clickbench,postgresql-indexed-load,1,ip-172-31-19-62,olap,benchANT
2026-05-16 11:50:10+00:00,system,load15,1.64,dbms,clickbench,postgresql-indexed-load,1,ip-172-31-19-62,olap,benchANT
2026-05-16 11:50:20+00:00,system,load15,1.66,dbms,clickbench,postgresql-indexed-load,1,ip-172-31-19-62,olap,benchANT
2026-05-16 11:50:30+00:00,system,load15,1.69,dbms,clickbench,postgresql-indexed-load,1,ip-172-31-19-62,olap,benchANT
2026-05-16 11:50:40+00:00,system,load15,1.71,dbms,clickbench,postgresql-indexed-load,1,ip-172-31-19-62,olap,benchANT
2026-05-16 11:50:50+00:00,system,load15,1.74,dbms,clickbench,postgresql-indexed-load,1,ip-172-31-19-62,olap,benchANT
2026-05-16 11:51:00+00:00,system,load15,1.76,dbms,clickbench,postgresql-indexed-load,1,ip-172-31-19-62,olap,benchANT
2026-05-16 11:51:10+00:00,system,load15,1.79,dbms,clickbench,postgresql-indexed-load,1,ip-172-31-19-62,olap,benchANT
2026-05-16 11:51:20+00:00,system,load15,1.81,dbms,clickbench,postgresql-indexed-load,1,ip-172-31-19-62,olap,benchANT
2026-05-16 11:51:30+00:00,system,load15,1.84,dbms,clickbench,postgresql-indexed-load,1,ip-172-31-19-62,olap,benchANT
2026-05-16 11:51:40+00:00,system,load15,1.86,dbms,clickbench,postgresql-indexed-load,1,ip-172-31-19-62,olap,benchANT
2026-05-16 11:51:50+00:00,system,load15,1.88,dbms,clickbench,postgresql-indexed-load,1,ip-172-31-19-62,olap,benchANT
2026-05-16 11:52:00+00:00,system,load15,1.91,dbms,clickbench,postgresql-indexed-load,1,ip-172-31-19-62,olap,benchANT
2026-05-16 11:52:10+00:00,system,load15,1.93,dbms,clickbench,postgresql-indexed-load,1,ip-172-31-19-62,olap,benchANT
2026-05-16 11:52:20+00:00,system,load15,1.95,dbms,clickbench,postgresql-indexed-load,1,ip-172-31-19-62,olap,benchANT
2026-05-16 11:52:30+00:00,system,load15,1.97,dbms,clickbench,postgresql-indexed-load,1,ip-172-31-19-62,olap,benchANT
2026-05-16 11:52:40+00:00,system,load15,2.0,dbms,clickbench,postgresql-indexed-load,1,ip-172-31-19-62,olap,benchANT
2026-05-16 11:52:50+00:00,system,load15,2.02,dbms,clickbench,postgresql-indexed-load,1,ip-172-31-19-62,olap,benchANT
2026-05-16 11:53:00+00:00,system,load15,2.04,dbms,clickbench,postgresql-indexed-load,1,ip-172-31-19-62,olap,benchANT
2026-05-16 11:53:10+00:00,system,load15,2.06,dbms,clickbench,postgresql-indexed-load,1,ip-172-31-19-62,olap,benchANT
2026-05-16 11:53:20+00:00,system,load15,2.08,dbms,clickbench,postgresql-indexed-load,1,ip-172-31-19-62,olap,benchANT
2026-05-16 11:53:30+00:00,system,load15,2.1,dbms,clickbench,postgresql-indexed-load,1,ip-172-31-19-62,olap,benchANT
2026-05-16 11:53:40+00:00,system,load15,2.13,dbms,clickbench,postgresql-indexed-load,1,ip-172-31-19-62,olap,benchANT
2026-05-16 11:53:50+00:00,system,load15,2.15,dbms,clickbench,postgresql-indexed-load,1,ip-172-31-19-62,olap,benchANT
2026-05-16 11:54:00+00:00,system,load15,2.17,dbms,clickbench,postgresql-indexed-load,1,ip-172-31-19-62,olap,benchANT
2026-05-16 11:54:10+00:00,system,load15,2.2,dbms,clickbench,postgresql-indexed-load,1,ip-172-31-19-62,olap,benchANT
2026-05-16 11:54:20+00:00,system,load15,2.22,dbms,clickbench,postgresql-indexed-load,1,ip-172-31-19-62,olap,benchANT
2026-05-16 11:54:30+00:00,system,load15,2.24,dbms,clickbench,postgresql-indexed-load,1,ip-172-31-19-62,olap,benchANT
2026-05-16 11:54:40+00:00,system,load15,2.26,dbms,clickbench,postgresql-indexed-load,1,ip-172-31-19-62,olap,benchANT
2026-05-16 11:54:50+00:00,system,load15,2.28,dbms,clickbench,postgresql-indexed-load,1,ip-172-31-19-62,olap,benchANT
2026-05-16 11:55:00+00:00,system,load15,2.29,dbms,clickbench,postgresql-indexed-load,1,ip-172-31-19-62,olap,benchANT
2026-05-16 11:55:10+00:00,system,load15,2.31,dbms,clickbench,postgresql-indexed-load,1,ip-172-31-19-62,olap,benchANT
2026-05-16 11:55:20+00:00,system,load15,2.33,dbms,clickbench,postgresql-indexed-load,1,ip-172-31-19-62,olap,benchANT
2026-05-16 11:55:30+00:00,system,load15,2.35,dbms,clickbench,postgresql-indexed-load,1,ip-172-31-19-62,olap,benchANT
2026-05-16 11:55:40+00:00,system,load15,2.37,dbms,clickbench,postgresql-indexed-load,1,ip-172-31-19-62,olap,benchANT
2026-05-16 11:55:50+00:00,system,load15,2.39,dbms,clickbench,postgresql-indexed-load,1,ip-172-31-19-62,olap,benchANT
2026-05-16 11:56:00+00:00,system,load15,2.4,dbms,clickbench,postgresql-indexed-load,1,ip-172-31-19-62,olap,benchANT
2026-05-16 11:56:10+00:00,system,load15,2.42,dbms,clickbench,postgresql-indexed-load,1,ip-172-31-19-62,olap,benchANT
2026-05-16 11:56:20+00:00,system,load15,2.44,dbms,clickbench,postgresql-indexed-load,1,ip-172-31-19-62,olap,benchANT
2026-05-16 11:56:30+00:00,system,load15,2.46,dbms,clickbench,postgresql-indexed-load,1,ip-172-31-19-62,olap,benchANT
2026-05-16 11:56:40+00:00,system,load15,2.44,dbms,clickbench,postgresql-indexed-load,1,ip-172-31-19-62,olap,benchANT
2026-05-16 11:56:50+00:00,system,load15,2.42,dbms,clickbench,postgresql-indexed-load,1,ip-172-31-19-62,olap,benchANT
2026-05-16 11:57:00+00:00,system,load15,2.43,dbms,clickbench,postgresql-indexed-load,1,ip-172-31-19-62,olap,benchANT
2026-05-16 11:57:10+00:00,system,load15,2.44,dbms,clickbench,postgresql-indexed-load,1,ip-172-31-19-62,olap,benchANT
2026-05-16 11:57:20+00:00,system,load15,2.46,dbms,clickbench,postgresql-indexed-load,1,ip-172-31-19-62,olap,benchANT
2026-05-16 11:57:30+00:00,system,load15,2.48,dbms,clickbench,postgresql-indexed-load,1,ip-172-31-19-62,olap,benchANT
2026-05-16 11:57:40+00:00,system,load15,2.49,dbms,clickbench,postgresql-indexed-load,1,ip-172-31-19-62,olap,benchANT
2026-05-16 11:57:50+00:00,system,load15,2.52,dbms,clickbench,postgresql-indexed-load,1,ip-172-31-19-62,olap,benchANT
2026-05-16 11:58:00+00:00,system,load15,2.54,dbms,clickbench,postgresql-indexed-load,1,ip-172-31-19-62,olap,benchANT
2026-05-16 11:58:10+00:00,system,load15,2.55,dbms,clickbench,postgresql-indexed-load,1,ip-172-31-19-62,olap,benchANT
2026-05-16 11:58:20+00:00,system,load15,2.57,dbms,clickbench,postgresql-indexed-load,1,ip-172-31-19-62,olap,benchANT
2026-05-16 11:58:30+00:00,system,load15,2.59,dbms,clickbench,postgresql-indexed-load,1,ip-172-31-19-62,olap,benchANT
2026-05-16 11:58:40+00:00,system,load15,2.61,dbms,clickbench,postgresql-indexed-load,1,ip-172-31-19-62,olap,benchANT
2026-05-16 11:58:50+00:00,system,load15,2.62,dbms,clickbench,postgresql-indexed-load,1,ip-172-31-19-62,olap,benchANT
2026-05-16 11:59:00+00:00,system,load15,2.64,dbms,clickbench,postgresql-indexed-load,1,ip-172-31-19-62,olap,benchANT
2026-05-16 11:59:10+00:00,system,load15,2.65,dbms,clickbench,postgresql-indexed-load,1,ip-172-31-19-62,olap,benchANT
2026-05-16 11:59:20+00:00,system,load15,2.67,dbms,clickbench,postgresql-indexed-load,1,ip-172-31-19-62,olap,benchANT
2026-05-16 11:59:30+00:00,system,load15,2.68,dbms,clickbench,postgresql-indexed-load,1,ip-172-31-19-62,olap,benchANT
2026-05-16 11:59:40+00:00,system,load15,2.7,dbms,clickbench,postgresql-indexed-load,1,ip-172-31-19-62,olap,benchANT
2026-05-16 11:59:50+00:00,system,load15,2.71,dbms,clickbench,postgresql-indexed-load,1,ip-172-31-19-62,olap,benchANT
2026-05-16 12:00:00+00:00,system,load15,2.72,dbms,clickbench,postgresql-indexed-load,1,ip-172-31-19-62,olap,benchANT
2026-05-16 12:00:10+00:00,system,load15,2.74,dbms,clickbench,postgresql-indexed-load,1,ip-172-31-19-62,olap,benchANT
2026-05-16 12:00:20+00:00,system,load15,2.75,dbms,clickbench,postgresql-indexed-load,1,ip-172-31-19-62,olap,benchANT
2026-05-16 12:00:30+00:00,system,load15,2.77,dbms,clickbench,postgresql-indexed-load,1,ip-172-31-19-62,olap,benchANT
2026-05-16 12:00:40+00:00,system,load15,2.78,dbms,clickbench,postgresql-indexed-load,1,ip-172-31-19-62,olap,benchANT
2026-05-16 12:00:50+00:00,system,load15,2.79,dbms,clickbench,postgresql-indexed-load,1,ip-172-31-19-62,olap,benchANT
2026-05-16 12:01:00+00:00,system,load15,2.81,dbms,clickbench,postgresql-indexed-load,1,ip-172-31-19-62,olap,benchANT
2026-05-16 12:01:10+00:00,system,load15,2.82,dbms,clickbench,postgresql-indexed-load,1,ip-172-31-19-62,olap,benchANT
2026-05-16 12:01:20+00:00,system,load15,2.83,dbms,clickbench,postgresql-indexed-load,1,ip-172-31-19-62,olap,benchANT
2026-05-16 12:01:30+00:00,system,load15,2.85,dbms,clickbench,postgresql-indexed-load,1,ip-172-31-19-62,olap,benchANT
2026-05-16 12:01:40+00:00,system,load15,2.86,dbms,clickbench,postgresql-indexed-load,1,ip-172-31-19-62,olap,benchANT
2026-05-16 12:01:50+00:00,system,load15,2.87,dbms,clickbench,postgresql-indexed-load,1,ip-172-31-19-62,olap,benchANT
2026-05-16 12:02:00+00:00,system,load15,2.88,dbms,clickbench,postgresql-indexed-load,1,ip-172-31-19-62,olap,benchANT
2026-05-16 12:02:10+00:00,system,load15,2.9,dbms,clickbench,postgresql-indexed-load,1,ip-172-31-19-62,olap,benchANT
2026-05-16 12:02:20+00:00,system,load15,2.91,dbms,clickbench,postgresql-indexed-load,1,ip-172-31-19-62,olap,benchANT
2026-05-16 12:02:30+00:00,system,load15,2.93,dbms,clickbench,postgresql-indexed-load,1,ip-172-31-19-62,olap,benchANT
2026-05-16 12:02:40+00:00,system,load15,2.94,dbms,clickbench,postgresql-indexed-load,1,ip-172-31-19-62,olap,benchANT
2026-05-16 12:02:50+00:00,system,load15,2.95,dbms,clickbench,postgresql-indexed-load,1,ip-172-31-19-62,olap,benchANT
2026-05-16 12:03:00+00:00,system,load15,2.96,dbms,clickbench,postgresql-indexed-load,1,ip-172-31-19-62,olap,benchANT
2026-05-16 12:03:10+00:00,system,load15,2.97,dbms,clickbench,postgresql-indexed-load,1,ip-172-31-19-62,olap,benchANT
2026-05-16 12:03:20+00:00,system,load15,2.99,dbms,clickbench,postgresql-indexed-load,1,ip-172-31-19-62,olap,benchANT
2026-05-16 12:03:30+00:00,system,load15,3.0,dbms,clickbench,postgresql-indexed-load,1,ip-172-31-19-62,olap,benchANT
2026-05-16 12:03:40+00:00,system,load15,3.01,dbms,clickbench,postgresql-indexed-load,1,ip-172-31-19-62,olap,benchANT
2026-05-16 12:03:50+00:00,system,load15,3.02,dbms,clickbench,postgresql-indexed-load,1,ip-172-31-19-62,olap,benchANT
2026-05-16 12:04:00+00:00,system,load15,3.03,dbms,clickbench,postgresql-indexed-load,1,ip-172-31-19-62,olap,benchANT
2026-05-16 12:04:10+00:00,system,load15,3.04,dbms,clickbench,postgresql-indexed-load,1,ip-172-31-19-62,olap,benchANT
2026-05-16 12:04:20+00:00,system,load15,3.05,dbms,clickbench,postgresql-indexed-load,1,ip-172-31-19-62,olap,benchANT
2026-05-16 12:04:30+00:00,system,load15,3.06,dbms,clickbench,postgresql-indexed-load,1,ip-172-31-19-62,olap,benchANT
2026-05-16 12:04:40+00:00,system,load15,3.08,dbms,clickbench,postgresql-indexed-load,1,ip-172-31-19-62,olap,benchANT
2026-05-16 12:04:50+00:00,system,load15,3.09,dbms,clickbench,postgresql-indexed-load,1,ip-172-31-19-62,olap,benchANT
2026-05-16 12:05:00+00:00,system,load15,3.1,dbms,clickbench,postgresql-indexed-load,1,ip-172-31-19-62,olap,benchANT
2026-05-16 12:05:10+00:00,system,load15,3.11,dbms,clickbench,postgresql-indexed-load,1,ip-172-31-19-62,olap,benchANT
2026-05-16 12:05:20+00:00,system,load15,3.12,dbms,clickbench,postgresql-indexed-load,1,ip-172-31-19-62,olap,benchANT
2026-05-16 12:05:30+00:00,system,load15,3.13,dbms,clickbench,postgresql-indexed-load,1,ip-172-31-19-62,olap,benchANT
2026-05-16 12:05:40+00:00,system,load15,3.14,dbms,clickbench,postgresql-indexed-load,1,ip-172-31-19-62,olap,benchANT
2026-05-16 12:05:50+00:00,system,load15,3.15,dbms,clickbench,postgresql-indexed-load,1,ip-172-31-19-62,olap,benchANT
2026-05-16 12:06:00+00:00,system,load15,3.16,dbms,clickbench,postgresql-indexed-load,1,ip-172-31-19-62,olap,benchANT
2026-05-16 12:06:10+00:00,system,load15,3.17,dbms,clickbench,postgresql-indexed-load,1,ip-172-31-19-62,olap,benchANT
2026-05-16 12:06:20+00:00,system,load15,3.19,dbms,clickbench,postgresql-indexed-load,1,ip-172-31-19-62,olap,benchANT
2026-05-16 12:06:30+00:00,system,load15,3.2,dbms,clickbench,postgresql-indexed-load,1,ip-172-31-19-62,olap,benchANT
2026-05-16 12:06:40+00:00,system,load15,3.21,dbms,clickbench,postgresql-indexed-load,1,ip-172-31-19-62,olap,benchANT
2026-05-16 12:06:50+00:00,system,load15,3.21,dbms,clickbench,postgresql-indexed-load,1,ip-172-31-19-62,olap,benchANT
2026-05-16 12:07:00+00:00,system,load15,3.22,dbms,clickbench,postgresql-indexed-load,1,ip-172-31-19-62,olap,benchANT
2026-05-16 12:07:10+00:00,system,load15,3.23,dbms,clickbench,postgresql-indexed-load,1,ip-172-31-19-62,olap,benchANT
2026-05-16 12:07:20+00:00,system,load15,3.25,dbms,clickbench,postgresql-indexed-load,1,ip-172-31-19-62,olap,benchANT
2026-05-16 12:07:30+00:00,system,load15,3.26,dbms,clickbench,postgresql-indexed-load,1,ip-172-31-19-62,olap,benchANT
2026-05-16 12:07:40+00:00,system,load15,3.26,dbms,clickbench,postgresql-indexed-load,1,ip-172-31-19-62,olap,benchANT
2026-05-16 12:07:50+00:00,system,load15,3.27,dbms,clickbench,postgresql-indexed-load,1,ip-172-31-19-62,olap,benchANT
2026-05-16 12:08:00+00:00,system,load15,3.28,dbms,clickbench,postgresql-indexed-load,1,ip-172-31-19-62,olap,benchANT
2026-05-16 12:08:10+00:00,system,load15,3.29,dbms,clickbench,postgresql-indexed-load,1,ip-172-31-19-62,olap,benchANT
2026-05-16 12:08:20+00:00,system,load15,3.3,dbms,clickbench,postgresql-indexed-load,1,ip-172-31-19-62,olap,benchANT
2026-05-16 12:08:30+00:00,system,load15,3.3,dbms,clickbench,postgresql-indexed-load,1,ip-172-31-19-62,olap,benchANT
2026-05-16 12:08:40+00:00,system,load15,3.31,dbms,clickbench,postgresql-indexed-load,1,ip-172-31-19-62,olap,benchANT
2026-05-16 12:08:50+00:00,system,load15,3.32,dbms,clickbench,postgresql-indexed-load,1,ip-172-31-19-62,olap,benchANT
2026-05-16 12:09:00+00:00,system,load15,3.33,dbms,clickbench,postgresql-indexed-load,1,ip-172-31-19-62,olap,benchANT
2026-05-16 12:09:10+00:00,system,load15,3.34,dbms,clickbench,postgresql-indexed-load,1,ip-172-31-19-62,olap,benchANT
2026-05-16 12:09:20+00:00,system,load15,3.34,dbms,clickbench,postgresql-indexed-load,1,ip-172-31-19-62,olap,benchANT
2026-05-16 12:09:30+00:00,system,load15,3.35,dbms,clickbench,postgresql-indexed-load,1,ip-172-31-19-62,olap,benchANT
2026-05-16 12:09:40+00:00,system,load15,3.36,dbms,clickbench,postgresql-indexed-load,1,ip-172-31-19-62,olap,benchANT
2026-05-16 12:09:50+00:00,system,load15,3.37,dbms,clickbench,postgresql-indexed-load,1,ip-172-31-19-62,olap,benchANT
2026-05-16 12:10:00+00:00,system,load15,3.37,dbms,clickbench,postgresql-indexed-load,1,ip-172-31-19-62,olap,benchANT
2026-05-16 12:10:10+00:00,system,load15,3.39,dbms,clickbench,postgresql-indexed-load,1,ip-172-31-19-62,olap,benchANT
2026-05-16 12:10:20+00:00,system,load15,3.39,dbms,clickbench,postgresql-indexed-load,1,ip-172-31-19-62,olap,benchANT
2026-05-16 12:10:30+00:00,system,load15,3.4,dbms,clickbench,postgresql-indexed-load,1,ip-172-31-19-62,olap,benchANT
2026-05-16 12:10:40+00:00,system,load15,3.41,dbms,clickbench,postgresql-indexed-load,1,ip-172-31-19-62,olap,benchANT
2026-05-16 12:10:50+00:00,system,load15,3.41,dbms,clickbench,postgresql-indexed-load,1,ip-172-31-19-62,olap,benchANT
2026-05-16 12:11:00+00:00,system,load15,3.42,dbms,clickbench,postgresql-indexed-load,1,ip-172-31-19-62,olap,benchANT
2026-05-16 12:11:10+00:00,system,load15,3.43,dbms,clickbench,postgresql-indexed-load,1,ip-172-31-19-62,olap,benchANT
2026-05-16 12:11:20+00:00,system,load15,3.44,dbms,clickbench,postgresql-indexed-load,1,ip-172-31-19-62,olap,benchANT
2026-05-16 12:11:30+00:00,system,load15,3.45,dbms,clickbench,postgresql-indexed-load,1,ip-172-31-19-62,olap,benchANT
2026-05-16 12:11:40+00:00,system,load15,3.45,dbms,clickbench,postgresql-indexed-load,1,ip-172-31-19-62,olap,benchANT
2026-05-16 12:11:50+00:00,system,load15,3.46,dbms,clickbench,postgresql-indexed-load,1,ip-172-31-19-62,olap,benchANT
2026-05-16 12:12:00+00:00,system,load15,3.46,dbms,clickbench,postgresql-indexed-load,1,ip-172-31-19-62,olap,benchANT
2026-05-16 12:12:10+00:00,system,load15,3.47,dbms,clickbench,postgresql-indexed-load,1,ip-172-31-19-62,olap,benchANT
2026-05-16 12:12:20+00:00,system,load15,3.48,dbms,clickbench,postgresql-indexed-load,1,ip-172-31-19-62,olap,benchANT
2026-05-16 12:12:30+00:00,system,load15,3.48,dbms,clickbench,postgresql-indexed-load,1,ip-172-31-19-62,olap,benchANT
2026-05-16 12:12:40+00:00,system,load15,3.49,dbms,clickbench,postgresql-indexed-load,1,ip-172-31-19-62,olap,benchANT
2026-05-16 12:12:50+00:00,system,load15,3.49,dbms,clickbench,postgresql-indexed-load,1,ip-172-31-19-62,olap,benchANT
2026-05-16 12:13:00+00:00,system,load15,3.5,dbms,clickbench,postgresql-indexed-load,1,ip-172-31-19-62,olap,benchANT
2026-05-16 12:13:10+00:00,system,load15,3.51,dbms,clickbench,postgresql-indexed-load,1,ip-172-31-19-62,olap,benchANT
2026-05-16 12:13:20+00:00,system,load15,3.51,dbms,clickbench,postgresql-indexed-load,1,ip-172-31-19-62,olap,benchANT
2026-05-16 12:13:30+00:00,system,load15,3.52,dbms,clickbench,postgresql-indexed-load,1,ip-172-31-19-62,olap,benchANT
2026-05-16 12:13:40+00:00,system,load15,3.52,dbms,clickbench,postgresql-indexed-load,1,ip-172-31-19-62,olap,benchANT
2026-05-16 12:13:50+00:00,system,load15,3.53,dbms,clickbench,postgresql-indexed-load,1,ip-172-31-19-62,olap,benchANT
2026-05-16 12:14:00+00:00,system,load15,3.54,dbms,clickbench,postgresql-indexed-load,1,ip-172-31-19-62,olap,benchANT
2026-05-16 12:14:10+00:00,system,load15,3.55,dbms,clickbench,postgresql-indexed-load,1,ip-172-31-19-62,olap,benchANT
2026-05-16 12:14:20+00:00,system,load15,3.55,dbms,clickbench,postgresql-indexed-load,1,ip-172-31-19-62,olap,benchANT
2026-05-16 12:14:30+00:00,system,load15,3.56,dbms,clickbench,postgresql-indexed-load,1,ip-172-31-19-62,olap,benchANT
2026-05-16 12:14:40+00:00,system,load15,3.56,dbms,clickbench,postgresql-indexed-load,1,ip-172-31-19-62,olap,benchANT
2026-05-16 12:14:50+00:00,system,load15,3.57,dbms,clickbench,postgresql-indexed-load,1,ip-172-31-19-62,olap,benchANT
2026-05-16 12:15:00+00:00,system,load15,3.58,dbms,clickbench,postgresql-indexed-load,1,ip-172-31-19-62,olap,benchANT
2026-05-16 12:15:10+00:00,system,load15,3.58,dbms,clickbench,postgresql-indexed-load,1,ip-172-31-19-62,olap,benchANT
2026-05-16 12:15:20+00:00,system,load15,3.59,dbms,clickbench,postgresql-indexed-load,1,ip-172-31-19-62,olap,benchANT
2026-05-16 12:15:30+00:00,system,load15,3.6,dbms,clickbench,postgresql-indexed-load,1,ip-172-31-19-62,olap,benchANT
2026-05-16 12:15:40+00:00,system,load15,3.61,dbms,clickbench,postgresql-indexed-load,1,ip-172-31-19-62,olap,benchANT
2026-05-16 12:15:50+00:00,system,load15,3.62,dbms,clickbench,postgresql-indexed-load,1,ip-172-31-19-62,olap,benchANT
2026-05-16 12:16:00+00:00,system,load15,3.63,dbms,clickbench,postgresql-indexed-load,1,ip-172-31-19-62,olap,benchANT
2026-05-16 12:16:10+00:00,system,load15,3.64,dbms,clickbench,postgresql-indexed-load,1,ip-172-31-19-62,olap,benchANT
2026-05-16 12:16:20+00:00,system,load15,3.64,dbms,clickbench,postgresql-indexed-load,1,ip-172-31-19-62,olap,benchANT
2026-05-16 12:16:30+00:00,system,load15,3.64,dbms,clickbench,postgresql-indexed-load,1,ip-172-31-19-62,olap,benchANT
2026-05-16 12:16:40+00:00,system,load15,3.65,dbms,clickbench,postgresql-indexed-load,1,ip-172-31-19-62,olap,benchANT
2026-05-16 12:16:50+00:00,system,load15,3.66,dbms,clickbench,postgresql-indexed-load,1,ip-172-31-19-62,olap,benchANT
2026-05-16 12:17:00+00:00,system,load15,3.67,dbms,clickbench,postgresql-indexed-load,1,ip-172-31-19-62,olap,benchANT
2026-05-16 12:17:10+00:00,system,load15,3.68,dbms,clickbench,postgresql-indexed-load,1,ip-172-31-19-62,olap,benchANT
2026-05-16 12:17:20+00:00,system,load15,3.69,dbms,clickbench,postgresql-indexed-load,1,ip-172-31-19-62,olap,benchANT
2026-05-16 12:17:30+00:00,system,load15,3.7,dbms,clickbench,postgresql-indexed-load,1,ip-172-31-19-62,olap,benchANT
2026-05-16 12:17:40+00:00,system,load15,3.7,dbms,clickbench,postgresql-indexed-load,1,ip-172-31-19-62,olap,benchANT
2026-05-16 12:17:50+00:00,system,load15,3.71,dbms,clickbench,postgresql-indexed-load,1,ip-172-31-19-62,olap,benchANT
2026-05-16 12:18:00+00:00,system,load15,3.71,dbms,clickbench,postgresql-indexed-load,1,ip-172-31-19-62,olap,benchANT
2026-05-16 12:18:10+00:00,system,load15,3.72,dbms,clickbench,postgresql-indexed-load,1,ip-172-31-19-62,olap,benchANT
2026-05-16 12:18:20+00:00,system,load15,3.72,dbms,clickbench,postgresql-indexed-load,1,ip-172-31-19-62,olap,benchANT
2026-05-16 12:18:30+00:00,system,load15,3.72,dbms,clickbench,postgresql-indexed-load,1,ip-172-31-19-62,olap,benchANT
2026-05-16 12:18:40+00:00,system,load15,3.73,dbms,clickbench,postgresql-indexed-load,1,ip-172-31-19-62,olap,benchANT
2026-05-16 12:18:50+00:00,system,load15,3.73,dbms,clickbench,postgresql-indexed-load,1,ip-172-31-19-62,olap,benchANT
2026-05-16 12:19:00+00:00,system,load15,3.74,dbms,clickbench,postgresql-indexed-load,1,ip-172-31-19-62,olap,benchANT
2026-05-16 12:19:10+00:00,system,load15,3.74,dbms,clickbench,postgresql-indexed-load,1,ip-172-31-19-62,olap,benchANT
2026-05-16 12:19:20+00:00,system,load15,3.75,dbms,clickbench,postgresql-indexed-load,1,ip-172-31-19-62,olap,benchANT
2026-05-16 12:19:30+00:00,system,load15,3.76,dbms,clickbench,postgresql-indexed-load,1,ip-172-31-19-62,olap,benchANT
2026-05-16 12:19:40+00:00,system,load15,3.77,dbms,clickbench,postgresql-indexed-load,1,ip-172-31-19-62,olap,benchANT
2026-05-16 12:19:50+00:00,system,load15,3.79,dbms,clickbench,postgresql-indexed-load,1,ip-172-31-19-62,olap,benchANT
2026-05-16 12:20:00+00:00,system,load15,3.79,dbms,clickbench,postgresql-indexed-load,1,ip-172-31-19-62,olap,benchANT
2026-05-16 12:20:10+00:00,system,load15,3.8,dbms,clickbench,postgresql-indexed-load,1,ip-172-31-19-62,olap,benchANT
2026-05-16 12:20:20+00:00,system,load15,3.81,dbms,clickbench,postgresql-indexed-load,1,ip-172-31-19-62,olap,benchANT
2026-05-16 12:20:30+00:00,system,load15,3.81,dbms,clickbench,postgresql-indexed-load,1,ip-172-31-19-62,olap,benchANT
2026-05-16 12:20:40+00:00,system,load15,3.82,dbms,clickbench,postgresql-indexed-load,1,ip-172-31-19-62,olap,benchANT
2026-05-16 12:20:50+00:00,system,load15,3.82,dbms,clickbench,postgresql-indexed-load,1,ip-172-31-19-62,olap,benchANT
2026-05-16 12:21:00+00:00,system,load15,3.82,dbms,clickbench,postgresql-indexed-load,1,ip-172-31-19-62,olap,benchANT
2026-05-16 12:21:10+00:00,system,load15,3.82,dbms,clickbench,postgresql-indexed-load,1,ip-172-31-19-62,olap,benchANT
2026-05-16 12:21:20+00:00,system,load15,3.83,dbms,clickbench,postgresql-indexed-load,1,ip-172-31-19-62,olap,benchANT
2026-05-16 12:21:30+00:00,system,load15,3.83,dbms,clickbench,postgresql-indexed-load,1,ip-172-31-19-62,olap,benchANT
2026-05-16 12:21:40+00:00,system,load15,3.83,dbms,clickbench,postgresql-indexed-load,1,ip-172-31-19-62,olap,benchANT
2026-05-16 12:21:50+00:00,system,load15,3.84,dbms,clickbench,postgresql-indexed-load,1,ip-172-31-19-62,olap,benchANT
2026-05-16 12:22:00+00:00,system,load15,3.84,dbms,clickbench,postgresql-indexed-load,1,ip-172-31-19-62,olap,benchANT
2026-05-16 12:22:10+00:00,system,load15,3.84,dbms,clickbench,postgresql-indexed-load,1,ip-172-31-19-62,olap,benchANT
2026-05-16 12:22:20+00:00,system,load15,3.84,dbms,clickbench,postgresql-indexed-load,1,ip-172-31-19-62,olap,benchANT
2026-05-16 12:22:30+00:00,system,load15,3.84,dbms,clickbench,postgresql-indexed-load,1,ip-172-31-19-62,olap,benchANT
2026-05-16 12:22:40+00:00,system,load15,3.85,dbms,clickbench,postgresql-indexed-load,1,ip-172-31-19-62,olap,benchANT
2026-05-16 12:22:50+00:00,system,load15,3.86,dbms,clickbench,postgresql-indexed-load,1,ip-172-31-19-62,olap,benchANT
2026-05-16 12:23:00+00:00,system,load15,3.86,dbms,clickbench,postgresql-indexed-load,1,ip-172-31-19-62,olap,benchANT
2026-05-16 12:23:10+00:00,system,load15,3.85,dbms,clickbench,postgresql-indexed-load,1,ip-172-31-19-62,olap,benchANT
2026-05-16 12:23:20+00:00,system,load15,3.82,dbms,clickbench,postgresql-indexed-load,1,ip-172-31-19-62,olap,benchANT
2026-05-16 12:23:30+00:00,system,load15,3.79,dbms,clickbench,postgresql-indexed-load,1,ip-172-31-19-62,olap,benchANT
2026-05-16 12:23:40+00:00,system,load15,3.76,dbms,clickbench,postgresql-indexed-load,1,ip-172-31-19-62,olap,benchANT
2026-05-16 12:23:50+00:00,system,load15,3.75,dbms,clickbench,postgresql-indexed-load,1,ip-172-31-19-62,olap,benchANT
2026-05-16 12:24:00+00:00,system,load15,3.75,dbms,clickbench,postgresql-indexed-load,1,ip-172-31-19-62,olap,benchANT
2026-05-16 12:24:10+00:00,system,load15,3.75,dbms,clickbench,postgresql-indexed-load,1,ip-172-31-19-62,olap,benchANT
2026-05-16 12:24:20+00:00,system,load15,3.75,dbms,clickbench,postgresql-indexed-load,1,ip-172-31-19-62,olap,benchANT
2026-05-16 12:24:30+00:00,system,load15,3.76,dbms,clickbench,postgresql-indexed-load,1,ip-172-31-19-62,olap,benchANT
2026-05-16 12:24:40+00:00,system,load15,3.76,dbms,clickbench,postgresql-indexed-load,1,ip-172-31-19-62,olap,benchANT
2026-05-16 12:24:50+00:00,system,load15,3.76,dbms,clickbench,postgresql-indexed-load,1,ip-172-31-19-62,olap,benchANT
2026-05-16 12:25:00+00:00,system,load15,3.77,dbms,clickbench,postgresql-indexed-load,1,ip-172-31-19-62,olap,benchANT
2026-05-16 12:25:10+00:00,system,load15,3.77,dbms,clickbench,postgresql-indexed-load,1,ip-172-31-19-62,olap,benchANT
2026-05-16 12:25:20+00:00,system,load15,3.77,dbms,clickbench,postgresql-indexed-load,1,ip-172-31-19-62,olap,benchANT
2026-05-16 12:25:30+00:00,system,load15,3.77,dbms,clickbench,postgresql-indexed-load,1,ip-172-31-19-62,olap,benchANT
2026-05-16 12:25:40+00:00,system,load15,3.78,dbms,clickbench,postgresql-indexed-load,1,ip-172-31-19-62,olap,benchANT
2026-05-16 12:25:50+00:00,system,load15,3.78,dbms,clickbench,postgresql-indexed-load,1,ip-172-31-19-62,olap,benchANT
2026-05-16 12:26:00+00:00,system,load15,3.78,dbms,clickbench,postgresql-indexed-load,1,ip-172-31-19-62,olap,benchANT
2026-05-16 12:26:10+00:00,system,load15,3.79,dbms,clickbench,postgresql-indexed-load,1,ip-172-31-19-62,olap,benchANT
2026-05-16 12:26:20+00:00,system,load15,3.79,dbms,clickbench,postgresql-indexed-load,1,ip-172-31-19-62,olap,benchANT
2026-05-16 12:26:30+00:00,system,load15,3.8,dbms,clickbench,postgresql-indexed-load,1,ip-172-31-19-62,olap,benchANT
2026-05-16 12:26:40+00:00,system,load15,3.8,dbms,clickbench,postgresql-indexed-load,1,ip-172-31-19-62,olap,benchANT
2026-05-16 12:26:50+00:00,system,load15,3.8,dbms,clickbench,postgresql-indexed-load,1,ip-172-31-19-62,olap,benchANT
2026-05-16 12:27:00+00:00,system,load15,3.81,dbms,clickbench,postgresql-indexed-load,1,ip-172-31-19-62,olap,benchANT
2026-05-16 12:27:10+00:00,system,load15,3.81,dbms,clickbench,postgresql-indexed-load,1,ip-172-31-19-62,olap,benchANT
2026-05-16 12:27:20+00:00,system,load15,3.81,dbms,clickbench,postgresql-indexed-load,1,ip-172-31-19-62,olap,benchANT
2026-05-16 12:27:30+00:00,system,load15,3.82,dbms,clickbench,postgresql-indexed-load,1,ip-172-31-19-62,olap,benchANT
2026-05-16 12:27:40+00:00,system,load15,3.82,dbms,clickbench,postgresql-indexed-load,1,ip-172-31-19-62,olap,benchANT
2026-05-16 12:27:50+00:00,system,load15,3.82,dbms,clickbench,postgresql-indexed-load,1,ip-172-31-19-62,olap,benchANT
2026-05-16 12:28:00+00:00,system,load15,3.82,dbms,clickbench,postgresql-indexed-load,1,ip-172-31-19-62,olap,benchANT
2026-05-16 12:28:10+00:00,system,load15,3.82,dbms,clickbench,postgresql-indexed-load,1,ip-172-31-19-62,olap,benchANT
2026-05-16 12:28:20+00:00,system,load15,3.83,dbms,clickbench,postgresql-indexed-load,1,ip-172-31-19-62,olap,benchANT
2026-05-16 12:28:30+00:00,system,load15,3.83,dbms,clickbench,postgresql-indexed-load,1,ip-172-31-19-62,olap,benchANT
2026-05-16 12:28:40+00:00,system,load15,3.84,dbms,clickbench,postgresql-indexed-load,1,ip-172-31-19-62,olap,benchANT
2026-05-16 12:28:50+00:00,system,load15,3.84,dbms,clickbench,postgresql-indexed-load,1,ip-172-31-19-62,olap,benchANT
2026-05-16 12:29:00+00:00,system,load15,3.84,dbms,clickbench,postgresql-indexed-load,1,ip-172-31-19-62,olap,benchANT
2026-05-16 12:29:10+00:00,system,load15,3.84,dbms,clickbench,postgresql-indexed-load,1,ip-172-31-19-62,olap,benchANT
2026-05-16 12:29:20+00:00,system,load15,3.84,dbms,clickbench,postgresql-indexed-load,1,ip-172-31-19-62,olap,benchANT
2026-05-16 12:29:30+00:00,system,load15,3.85,dbms,clickbench,postgresql-indexed-load,1,ip-172-31-19-62,olap,benchANT
2026-05-16 12:29:40+00:00,system,load15,3.85,dbms,clickbench,postgresql-indexed-load,1,ip-172-31-19-62,olap,benchANT
2026-05-16 12:29:50+00:00,system,load15,3.85,dbms,clickbench,postgresql-indexed-load,1,ip-172-31-19-62,olap,benchANT
2026-05-16 12:30:00+00:00,system,load15,3.85,dbms,clickbench,postgresql-indexed-load,1,ip-172-31-19-62,olap,benchANT
2026-05-16 12:30:10+00:00,system,load15,3.85,dbms,clickbench,postgresql-indexed-load,1,ip-172-31-19-62,olap,benchANT
2026-05-16 12:30:20+00:00,system,load15,3.85,dbms,clickbench,postgresql-indexed-load,1,ip-172-31-19-62,olap,benchANT
2026-05-16 12:30:30+00:00,system,load15,3.86,dbms,clickbench,postgresql-indexed-load,1,ip-172-31-19-62,olap,benchANT
2026-05-16 12:30:40+00:00,system,load15,3.86,dbms,clickbench,postgresql-indexed-load,1,ip-172-31-19-62,olap,benchANT
2026-05-16 12:30:50+00:00,system,load15,3.86,dbms,clickbench,postgresql-indexed-load,1,ip-172-31-19-62,olap,benchANT
2026-05-16 12:31:00+00:00,system,load15,3.86,dbms,clickbench,postgresql-indexed-load,1,ip-172-31-19-62,olap,benchANT
2026-05-16 12:31:10+00:00,system,load15,3.86,dbms,clickbench,postgresql-indexed-load,1,ip-172-31-19-62,olap,benchANT
2026-05-16 12:31:20+00:00,system,load15,3.87,dbms,clickbench,postgresql-indexed-load,1,ip-172-31-19-62,olap,benchANT
2026-05-16 12:31:30+00:00,system,load15,3.87,dbms,clickbench,postgresql-indexed-load,1,ip-172-31-19-62,olap,benchANT
2026-05-16 12:31:40+00:00,system,load15,3.87,dbms,clickbench,postgresql-indexed-load,1,ip-172-31-19-62,olap,benchANT
2026-05-16 12:31:50+00:00,system,load15,3.87,dbms,clickbench,postgresql-indexed-load,1,ip-172-31-19-62,olap,benchANT
2026-05-16 12:32:00+00:00,system,load15,3.87,dbms,clickbench,postgresql-indexed-load,1,ip-172-31-19-62,olap,benchANT
2026-05-16 12:32:10+00:00,system,load15,3.88,dbms,clickbench,postgresql-indexed-load,1,ip-172-31-19-62,olap,benchANT
2026-05-16 12:32:20+00:00,system,load15,3.88,dbms,clickbench,postgresql-indexed-load,1,ip-172-31-19-62,olap,benchANT
2026-05-16 12:32:30+00:00,system,load15,3.9,dbms,clickbench,postgresql-indexed-load,1,ip-172-31-19-62,olap,benchANT
2026-05-16 12:32:40+00:00,system,load15,3.9,dbms,clickbench,postgresql-indexed-load,1,ip-172-31-19-62,olap,benchANT
2026-05-16 12:32:50+00:00,system,load15,3.91,dbms,clickbench,postgresql-indexed-load,1,ip-172-31-19-62,olap,benchANT
2026-05-16 12:33:00+00:00,system,load15,3.91,dbms,clickbench,postgresql-indexed-load,1,ip-172-31-19-62,olap,benchANT
2026-05-16 12:33:10+00:00,system,load15,3.91,dbms,clickbench,postgresql-indexed-load,1,ip-172-31-19-62,olap,benchANT
2026-05-16 12:33:20+00:00,system,load15,3.91,dbms,clickbench,postgresql-indexed-load,1,ip-172-31-19-62,olap,benchANT
2026-05-16 12:33:30+00:00,system,load15,3.91,dbms,clickbench,postgresql-indexed-load,1,ip-172-31-19-62,olap,benchANT
2026-05-16 12:33:40+00:00,system,load15,3.91,dbms,clickbench,postgresql-indexed-load,1,ip-172-31-19-62,olap,benchANT
2026-05-16 12:33:50+00:00,system,load15,3.91,dbms,clickbench,postgresql-indexed-load,1,ip-172-31-19-62,olap,benchANT
2026-05-16 12:34:00+00:00,system,load15,3.91,dbms,clickbench,postgresql-indexed-load,1,ip-172-31-19-62,olap,benchANT
2026-05-16 12:34:10+00:00,system,load15,3.92,dbms,clickbench,postgresql-indexed-load,1,ip-172-31-19-62,olap,benchANT
2026-05-16 12:34:20+00:00,system,load15,3.92,dbms,clickbench,postgresql-indexed-load,1,ip-172-31-19-62,olap,benchANT
2026-05-16 12:34:30+00:00,system,load15,3.92,dbms,clickbench,postgresql-indexed-load,1,ip-172-31-19-62,olap,benchANT
2026-05-16 12:34:40+00:00,system,load15,3.92,dbms,clickbench,postgresql-indexed-load,1,ip-172-31-19-62,olap,benchANT
2026-05-16 12:34:50+00:00,system,load15,3.92,dbms,clickbench,postgresql-indexed-load,1,ip-172-31-19-62,olap,benchANT
2026-05-16 12:35:00+00:00,system,load15,3.92,dbms,clickbench,postgresql-indexed-load,1,ip-172-31-19-62,olap,benchANT
2026-05-16 12:35:10+00:00,system,load15,3.92,dbms,clickbench,postgresql-indexed-load,1,ip-172-31-19-62,olap,benchANT
2026-05-16 12:35:20+00:00,system,load15,3.92,dbms,clickbench,postgresql-indexed-load,1,ip-172-31-19-62,olap,benchANT
2026-05-16 12:35:30+00:00,system,load15,3.92,dbms,clickbench,postgresql-indexed-load,1,ip-172-31-19-62,olap,benchANT
2026-05-16 12:35:40+00:00,system,load15,3.92,dbms,clickbench,postgresql-indexed-load,1,ip-172-31-19-62,olap,benchANT
2026-05-16 12:35:50+00:00,system,load15,3.93,dbms,clickbench,postgresql-indexed-load,1,ip-172-31-19-62,olap,benchANT
2026-05-16 12:36:00+00:00,system,load15,3.93,dbms,clickbench,postgresql-indexed-load,1,ip-172-31-19-62,olap,benchANT
2026-05-16 12:36:10+00:00,system,load15,3.93,dbms,clickbench,postgresql-indexed-load,1,ip-172-31-19-62,olap,benchANT
2026-05-16 12:36:20+00:00,system,load15,3.93,dbms,clickbench,postgresql-indexed-load,1,ip-172-31-19-62,olap,benchANT
2026-05-16 12:36:30+00:00,system,load15,3.93,dbms,clickbench,postgresql-indexed-load,1,ip-172-31-19-62,olap,benchANT
2026-05-16 12:36:40+00:00,system,load15,3.93,dbms,clickbench,postgresql-indexed-load,1,ip-172-31-19-62,olap,benchANT
2026-05-16 12:36:50+00:00,system,load15,3.93,dbms,clickbench,postgresql-indexed-load,1,ip-172-31-19-62,olap,benchANT
2026-05-16 12:37:00+00:00,system,load15,3.93,dbms,clickbench,postgresql-indexed-load,1,ip-172-31-19-62,olap,benchANT
2026-05-16 12:37:10+00:00,system,load15,3.93,dbms,clickbench,postgresql-indexed-load,1,ip-172-31-19-62,olap,benchANT
2026-05-16 12:37:20+00:00,system,load15,3.93,dbms,clickbench,postgresql-indexed-load,1,ip-172-31-19-62,olap,benchANT
2026-05-16 12:37:30+00:00,system,load15,3.93,dbms,clickbench,postgresql-indexed-load,1,ip-172-31-19-62,olap,benchANT
2026-05-16 12:37:40+00:00,system,load15,3.94,dbms,clickbench,postgresql-indexed-load,1,ip-172-31-19-62,olap,benchANT
2026-05-16 12:37:50+00:00,system,load15,3.94,dbms,clickbench,postgresql-indexed-load,1,ip-172-31-19-62,olap,benchANT
2026-05-16 12:38:00+00:00,system,load15,3.94,dbms,clickbench,postgresql-indexed-load,1,ip-172-31-19-62,olap,benchANT
2026-05-16 12:38:10+00:00,system,load15,3.94,dbms,clickbench,postgresql-indexed-load,1,ip-172-31-19-62,olap,benchANT
2026-05-16 12:38:20+00:00,system,load15,3.95,dbms,clickbench,postgresql-indexed-load,1,ip-172-31-19-62,olap,benchANT
2026-05-16 12:38:30+00:00,system,load15,3.95,dbms,clickbench,postgresql-indexed-load,1,ip-172-31-19-62,olap,benchANT
2026-05-16 12:38:40+00:00,system,load15,3.95,dbms,clickbench,postgresql-indexed-load,1,ip-172-31-19-62,olap,benchANT
2026-05-16 12:38:50+00:00,system,load15,3.95,dbms,clickbench,postgresql-indexed-load,1,ip-172-31-19-62,olap,benchANT
2026-05-16 12:39:00+00:00,system,load15,3.95,dbms,clickbench,postgresql-indexed-load,1,ip-172-31-19-62,olap,benchANT
2026-05-16 12:39:10+00:00,system,load15,3.95,dbms,clickbench,postgresql-indexed-load,1,ip-172-31-19-62,olap,benchANT
2026-05-16 12:39:20+00:00,system,load15,3.95,dbms,clickbench,postgresql-indexed-load,1,ip-172-31-19-62,olap,benchANT
2026-05-16 12:39:30+00:00,system,load15,3.95,dbms,clickbench,postgresql-indexed-load,1,ip-172-31-19-62,olap,benchANT
2026-05-16 12:39:40+00:00,system,load15,3.95,dbms,clickbench,postgresql-indexed-load,1,ip-172-31-19-62,olap,benchANT
2026-05-16 12:39:50+00:00,system,load15,3.95,dbms,clickbench,postgresql-indexed-load,1,ip-172-31-19-62,olap,benchANT
2026-05-16 12:40:00+00:00,system,load15,3.96,dbms,clickbench,postgresql-indexed-load,1,ip-172-31-19-62,olap,benchANT
2026-05-16 12:40:10+00:00,system,load15,3.96,dbms,clickbench,postgresql-indexed-load,1,ip-172-31-19-62,olap,benchANT
2026-05-16 12:40:20+00:00,system,load15,3.96,dbms,clickbench,postgresql-indexed-load,1,ip-172-31-19-62,olap,benchANT
2026-05-16 12:40:30+00:00,system,load15,3.96,dbms,clickbench,postgresql-indexed-load,1,ip-172-31-19-62,olap,benchANT
2026-05-16 12:40:40+00:00,system,load15,3.96,dbms,clickbench,postgresql-indexed-load,1,ip-172-31-19-62,olap,benchANT
2026-05-16 12:40:50+00:00,system,load15,3.97,dbms,clickbench,postgresql-indexed-load,1,ip-172-31-19-62,olap,benchANT
2026-05-16 12:41:00+00:00,system,load15,3.97,dbms,clickbench,postgresql-indexed-load,1,ip-172-31-19-62,olap,benchANT
2026-05-16 12:41:10+00:00,system,load15,3.97,dbms,clickbench,postgresql-indexed-load,1,ip-172-31-19-62,olap,benchANT
2026-05-16 12:41:20+00:00,system,load15,3.97,dbms,clickbench,postgresql-indexed-load,1,ip-172-31-19-62,olap,benchANT
2026-05-16 12:41:30+00:00,system,load15,3.97,dbms,clickbench,postgresql-indexed-load,1,ip-172-31-19-62,olap,benchANT
2026-05-16 12:41:40+00:00,system,load15,3.98,dbms,clickbench,postgresql-indexed-load,1,ip-172-31-19-62,olap,benchANT
2026-05-16 12:41:50+00:00,system,load15,3.98,dbms,clickbench,postgresql-indexed-load,1,ip-172-31-19-62,olap,benchANT
2026-05-16 12:42:00+00:00,system,load15,3.98,dbms,clickbench,postgresql-indexed-load,1,ip-172-31-19-62,olap,benchANT
2026-05-16 12:42:10+00:00,system,load15,3.98,dbms,clickbench,postgresql-indexed-load,1,ip-172-31-19-62,olap,benchANT
2026-05-16 12:42:20+00:00,system,load15,3.98,dbms,clickbench,postgresql-indexed-load,1,ip-172-31-19-62,olap,benchANT
2026-05-16 12:42:30+00:00,system,load15,3.98,dbms,clickbench,postgresql-indexed-load,1,ip-172-31-19-62,olap,benchANT
2026-05-16 12:42:40+00:00,system,load15,3.99,dbms,clickbench,postgresql-indexed-load,1,ip-172-31-19-62,olap,benchANT
2026-05-16 12:42:50+00:00,system,load15,3.99,dbms,clickbench,postgresql-indexed-load,1,ip-172-31-19-62,olap,benchANT
2026-05-16 12:43:00+00:00,system,load15,3.99,dbms,clickbench,postgresql-indexed-load,1,ip-172-31-19-62,olap,benchANT
2026-05-16 12:43:10+00:00,system,load15,3.99,dbms,clickbench,postgresql-indexed-load,1,ip-172-31-19-62,olap,benchANT
2026-05-16 12:43:20+00:00,system,load15,3.99,dbms,clickbench,postgresql-indexed-load,1,ip-172-31-19-62,olap,benchANT
2026-05-16 12:43:30+00:00,system,load15,3.99,dbms,clickbench,postgresql-indexed-load,1,ip-172-31-19-62,olap,benchANT
2026-05-16 12:43:40+00:00,system,load15,3.99,dbms,clickbench,postgresql-indexed-load,1,ip-172-31-19-62,olap,benchANT
2026-05-16 12:43:50+00:00,system,load15,3.99,dbms,clickbench,postgresql-indexed-load,1,ip-172-31-19-62,olap,benchANT
2026-05-16 12:44:00+00:00,system,load15,3.99,dbms,clickbench,postgresql-indexed-load,1,ip-172-31-19-62,olap,benchANT
2026-05-16 12:44:10+00:00,system,load15,4.0,dbms,clickbench,postgresql-indexed-load,1,ip-172-31-19-62,olap,benchANT
2026-05-16 12:44:20+00:00,system,load15,4.0,dbms,clickbench,postgresql-indexed-load,1,ip-172-31-19-62,olap,benchANT
2026-05-16 12:44:30+00:00,system,load15,4.0,dbms,clickbench,postgresql-indexed-load,1,ip-172-31-19-62,olap,benchANT
2026-05-16 12:44:40+00:00,system,load15,4.0,dbms,clickbench,postgresql-indexed-load,1,ip-172-31-19-62,olap,benchANT
2026-05-16 12:44:50+00:00,system,load15,4.0,dbms,clickbench,postgresql-indexed-load,1,ip-172-31-19-62,olap,benchANT
2026-05-16 12:45:00+00:00,system,load15,4.0,dbms,clickbench,postgresql-indexed-load,1,ip-172-31-19-62,olap,benchANT
2026-05-16 12:45:10+00:00,system,load15,4.0,dbms,clickbench,postgresql-indexed-load,1,ip-172-31-19-62,olap,benchANT
2026-05-16 12:45:20+00:00,system,load15,4.0,dbms,clickbench,postgresql-indexed-load,1,ip-172-31-19-62,olap,benchANT
2026-05-16 12:45:30+00:00,system,load15,4.01,dbms,clickbench,postgresql-indexed-load,1,ip-172-31-19-62,olap,benchANT
2026-05-16 12:45:40+00:00,system,load15,4.0,dbms,clickbench,postgresql-indexed-load,1,ip-172-31-19-62,olap,benchANT
2026-05-16 12:45:50+00:00,system,load15,4.0,dbms,clickbench,postgresql-indexed-load,1,ip-172-31-19-62,olap,benchANT
2026-05-16 12:46:00+00:00,system,load15,4.0,dbms,clickbench,postgresql-indexed-load,1,ip-172-31-19-62,olap,benchANT
2026-05-16 12:46:10+00:00,system,load15,4.0,dbms,clickbench,postgresql-indexed-load,1,ip-172-31-19-62,olap,benchANT
2026-05-16 12:46:20+00:00,system,load15,4.0,dbms,clickbench,postgresql-indexed-load,1,ip-172-31-19-62,olap,benchANT
2026-05-16 12:46:30+00:00,system,load15,4.01,dbms,clickbench,postgresql-indexed-load,1,ip-172-31-19-62,olap,benchANT
2026-05-16 12:46:40+00:00,system,load15,4.0,dbms,clickbench,postgresql-indexed-load,1,ip-172-31-19-62,olap,benchANT
2026-05-16 12:46:50+00:00,system,load15,4.0,dbms,clickbench,postgresql-indexed-load,1,ip-172-31-19-62,olap,benchANT
2026-05-16 12:47:00+00:00,system,load15,4.0,dbms,clickbench,postgresql-indexed-load,1,ip-172-31-19-62,olap,benchANT
2026-05-16 12:47:10+00:00,system,load15,4.0,dbms,clickbench,postgresql-indexed-load,1,ip-172-31-19-62,olap,benchANT
2026-05-16 12:47:20+00:00,system,load15,4.0,dbms,clickbench,postgresql-indexed-load,1,ip-172-31-19-62,olap,benchANT
2026-05-16 12:47:30+00:00,system,load15,4.01,dbms,clickbench,postgresql-indexed-load,1,ip-172-31-19-62,olap,benchANT
2026-05-16 12:47:40+00:00,system,load15,4.0,dbms,clickbench,postgresql-indexed-load,1,ip-172-31-19-62,olap,benchANT
2026-05-16 12:47:50+00:00,system,load15,4.0,dbms,clickbench,postgresql-indexed-load,1,ip-172-31-19-62,olap,benchANT
2026-05-16 12:48:00+00:00,system,load15,4.01,dbms,clickbench,postgresql-indexed-load,1,ip-172-31-19-62,olap,benchANT
2026-05-16 12:48:10+00:00,system,load15,4.01,dbms,clickbench,postgresql-indexed-load,1,ip-172-31-19-62,olap,benchANT
2026-05-16 12:48:20+00:00,system,load15,4.01,dbms,clickbench,postgresql-indexed-load,1,ip-172-31-19-62,olap,benchANT
2026-05-16 12:48:30+00:00,system,load15,4.01,dbms,clickbench,postgresql-indexed-load,1,ip-172-31-19-62,olap,benchANT
2026-05-16 12:48:40+00:00,system,load15,4.0,dbms,clickbench,postgresql-indexed-load,1,ip-172-31-19-62,olap,benchANT
2026-05-16 12:48:50+00:00,system,load15,4.0,dbms,clickbench,postgresql-indexed-load,1,ip-172-31-19-62,olap,benchANT
2026-05-16 12:49:00+00:00,system,load15,4.01,dbms,clickbench,postgresql-indexed-load,1,ip-172-31-19-62,olap,benchANT
2026-05-16 12:49:10+00:00,system,load15,4.01,dbms,clickbench,postgresql-indexed-load,1,ip-172-31-19-62,olap,benchANT
2026-05-16 12:49:20+00:00,system,load15,4.01,dbms,clickbench,postgresql-indexed-load,1,ip-172-31-19-62,olap,benchANT
2026-05-16 12:49:30+00:00,system,load15,4.01,dbms,clickbench,postgresql-indexed-load,1,ip-172-31-19-62,olap,benchANT
2026-05-16 12:49:40+00:00,system,load15,4.01,dbms,clickbench,postgresql-indexed-load,1,ip-172-31-19-62,olap,benchANT
2026-05-16 12:49:50+00:00,system,load15,4.01,dbms,clickbench,postgresql-indexed-load,1,ip-172-31-19-62,olap,benchANT
2026-05-16 12:50:00+00:00,system,load15,4.03,dbms,clickbench,postgresql-indexed-load,1,ip-172-31-19-62,olap,benchANT
2026-05-16 12:50:10+00:00,system,load15,4.03,dbms,clickbench,postgresql-indexed-load,1,ip-172-31-19-62,olap,benchANT
2026-05-16 12:50:20+00:00,system,load15,4.03,dbms,clickbench,postgresql-indexed-load,1,ip-172-31-19-62,olap,benchANT
2026-05-16 12:50:30+00:00,system,load15,4.03,dbms,clickbench,postgresql-indexed-load,1,ip-172-31-19-62,olap,benchANT
2026-05-16 12:50:40+00:00,system,load15,4.03,dbms,clickbench,postgresql-indexed-load,1,ip-172-31-19-62,olap,benchANT
2026-05-16 12:50:50+00:00,system,load15,4.03,dbms,clickbench,postgresql-indexed-load,1,ip-172-31-19-62,olap,benchANT
2026-05-16 12:51:00+00:00,system,load15,4.02,dbms,clickbench,postgresql-indexed-load,1,ip-172-31-19-62,olap,benchANT
2026-05-16 12:51:10+00:00,system,load15,4.02,dbms,clickbench,postgresql-indexed-load,1,ip-172-31-19-62,olap,benchANT
2026-05-16 12:51:20+00:00,system,load15,4.03,dbms,clickbench,postgresql-indexed-load,1,ip-172-31-19-62,olap,benchANT
2026-05-16 12:51:30+00:00,system,load15,4.03,dbms,clickbench,postgresql-indexed-load,1,ip-172-31-19-62,olap,benchANT
2026-05-16 12:51:40+00:00,system,load15,4.04,dbms,clickbench,postgresql-indexed-load,1,ip-172-31-19-62,olap,benchANT
2026-05-16 12:51:50+00:00,system,load15,4.04,dbms,clickbench,postgresql-indexed-load,1,ip-172-31-19-62,olap,benchANT
2026-05-16 12:52:00+00:00,system,load15,4.04,dbms,clickbench,postgresql-indexed-load,1,ip-172-31-19-62,olap,benchANT
2026-05-16 12:52:10+00:00,system,load15,4.05,dbms,clickbench,postgresql-indexed-load,1,ip-172-31-19-62,olap,benchANT
2026-05-16 12:52:20+00:00,system,load15,4.05,dbms,clickbench,postgresql-indexed-load,1,ip-172-31-19-62,olap,benchANT
2026-05-16 12:52:30+00:00,system,load15,4.05,dbms,clickbench,postgresql-indexed-load,1,ip-172-31-19-62,olap,benchANT
2026-05-16 12:52:40+00:00,system,load15,4.05,dbms,clickbench,postgresql-indexed-load,1,ip-172-31-19-62,olap,benchANT
2026-05-16 12:52:50+00:00,system,load15,4.05,dbms,clickbench,postgresql-indexed-load,1,ip-172-31-19-62,olap,benchANT
2026-05-16 12:53:00+00:00,system,load15,4.05,dbms,clickbench,postgresql-indexed-load,1,ip-172-31-19-62,olap,benchANT
2026-05-16 12:53:10+00:00,system,load15,4.05,dbms,clickbench,postgresql-indexed-load,1,ip-172-31-19-62,olap,benchANT
2026-05-16 12:53:20+00:00,system,load15,4.05,dbms,clickbench,postgresql-indexed-load,1,ip-172-31-19-62,olap,benchANT
2026-05-16 12:53:30+00:00,system,load15,4.06,dbms,clickbench,postgresql-indexed-load,1,ip-172-31-19-62,olap,benchANT
2026-05-16 12:53:40+00:00,system,load15,4.05,dbms,clickbench,postgresql-indexed-load,1,ip-172-31-19-62,olap,benchANT
2026-05-16 12:53:50+00:00,system,load15,4.05,dbms,clickbench,postgresql-indexed-load,1,ip-172-31-19-62,olap,benchANT
2026-05-16 12:54:00+00:00,system,load15,4.06,dbms,clickbench,postgresql-indexed-load,1,ip-172-31-19-62,olap,benchANT
2026-05-16 12:54:10+00:00,system,load15,4.06,dbms,clickbench,postgresql-indexed-load,1,ip-172-31-19-62,olap,benchANT
2026-05-16 12:54:20+00:00,system,load15,4.06,dbms,clickbench,postgresql-indexed-load,1,ip-172-31-19-62,olap,benchANT
2026-05-16 12:54:30+00:00,system,load15,4.06,dbms,clickbench,postgresql-indexed-load,1,ip-172-31-19-62,olap,benchANT
2026-05-16 12:54:40+00:00,system,load15,4.05,dbms,clickbench,postgresql-indexed-load,1,ip-172-31-19-62,olap,benchANT
2026-05-16 12:54:50+00:00,system,load15,4.05,dbms,clickbench,postgresql-indexed-load,1,ip-172-31-19-62,olap,benchANT
2026-05-16 12:55:00+00:00,system,load15,4.05,dbms,clickbench,postgresql-indexed-load,1,ip-172-31-19-62,olap,benchANT
2026-05-16 12:55:10+00:00,system,load15,4.05,dbms,clickbench,postgresql-indexed-load,1,ip-172-31-19-62,olap,benchANT
2026-05-16 12:55:20+00:00,system,load15,4.06,dbms,clickbench,postgresql-indexed-load,1,ip-172-31-19-62,olap,benchANT
2026-05-16 12:55:30+00:00,system,load15,4.06,dbms,clickbench,postgresql-indexed-load,1,ip-172-31-19-62,olap,benchANT
2026-05-16 12:55:40+00:00,system,load15,4.06,dbms,clickbench,postgresql-indexed-load,1,ip-172-31-19-62,olap,benchANT
2026-05-16 12:55:50+00:00,system,load15,4.05,dbms,clickbench,postgresql-indexed-load,1,ip-172-31-19-62,olap,benchANT
2026-05-16 12:56:00+00:00,system,load15,4.05,dbms,clickbench,postgresql-indexed-load,1,ip-172-31-19-62,olap,benchANT
2026-05-16 12:56:10+00:00,system,load15,4.05,dbms,clickbench,postgresql-indexed-load,1,ip-172-31-19-62,olap,benchANT
2026-05-16 12:56:20+00:00,system,load15,4.05,dbms,clickbench,postgresql-indexed-load,1,ip-172-31-19-62,olap,benchANT
2026-05-16 12:56:30+00:00,system,load15,4.05,dbms,clickbench,postgresql-indexed-load,1,ip-172-31-19-62,olap,benchANT
2026-05-16 12:56:40+00:00,system,load15,4.06,dbms,clickbench,postgresql-indexed-load,1,ip-172-31-19-62,olap,benchANT
2026-05-16 12:56:50+00:00,system,load15,4.05,dbms,clickbench,postgresql-indexed-load,1,ip-172-31-19-62,olap,benchANT
2026-05-16 12:57:00+00:00,system,load15,4.05,dbms,clickbench,postgresql-indexed-load,1,ip-172-31-19-62,olap,benchANT
2026-05-16 12:57:10+00:00,system,load15,4.05,dbms,clickbench,postgresql-indexed-load,1,ip-172-31-19-62,olap,benchANT
2026-05-16 12:57:20+00:00,system,load15,4.05,dbms,clickbench,postgresql-indexed-load,1,ip-172-31-19-62,olap,benchANT
2026-05-16 12:57:30+00:00,system,load15,4.04,dbms,clickbench,postgresql-indexed-load,1,ip-172-31-19-62,olap,benchANT
2026-05-16 12:57:40+00:00,system,load15,4.04,dbms,clickbench,postgresql-indexed-load,1,ip-172-31-19-62,olap,benchANT
2026-05-16 12:57:50+00:00,system,load15,4.04,dbms,clickbench,postgresql-indexed-load,1,ip-172-31-19-62,olap,benchANT
2026-05-16 12:58:00+00:00,system,load15,4.04,dbms,clickbench,postgresql-indexed-load,1,ip-172-31-19-62,olap,benchANT
2026-05-16 12:58:10+00:00,system,load15,4.04,dbms,clickbench,postgresql-indexed-load,1,ip-172-31-19-62,olap,benchANT
2026-05-16 12:58:20+00:00,system,load15,4.04,dbms,clickbench,postgresql-indexed-load,1,ip-172-31-19-62,olap,benchANT
2026-05-16 12:58:30+00:00,system,load15,4.04,dbms,clickbench,postgresql-indexed-load,1,ip-172-31-19-62,olap,benchANT
2026-05-16 12:58:40+00:00,system,load15,4.04,dbms,clickbench,postgresql-indexed-load,1,ip-172-31-19-62,olap,benchANT
2026-05-16 12:58:50+00:00,system,load15,4.04,dbms,clickbench,postgresql-indexed-load,1,ip-172-31-19-62,olap,benchANT
2026-05-16 12:59:00+00:00,system,load15,4.04,dbms,clickbench,postgresql-indexed-load,1,ip-172-31-19-62,olap,benchANT
2026-05-16 12:59:10+00:00,system,load15,4.04,dbms,clickbench,postgresql-indexed-load,1,ip-172-31-19-62,olap,benchANT
2026-05-16 12:59:20+00:00,system,load15,4.05,dbms,clickbench,postgresql-indexed-load,1,ip-172-31-19-62,olap,benchANT
2026-05-16 12:59:30+00:00,system,load15,4.04,dbms,clickbench,postgresql-indexed-load,1,ip-172-31-19-62,olap,benchANT
2026-05-16 12:59:40+00:00,system,load15,4.05,dbms,clickbench,postgresql-indexed-load,1,ip-172-31-19-62,olap,benchANT
2026-05-16 12:59:50+00:00,system,load15,4.05,dbms,clickbench,postgresql-indexed-load,1,ip-172-31-19-62,olap,benchANT
2026-05-16 13:00:00+00:00,system,load15,4.05,dbms,clickbench,postgresql-indexed-load,1,ip-172-31-19-62,olap,benchANT
2026-05-16 13:00:10+00:00,system,load15,4.05,dbms,clickbench,postgresql-indexed-load,1,ip-172-31-19-62,olap,benchANT
2026-05-16 13:00:20+00:00,system,load15,4.05,dbms,clickbench,postgresql-indexed-load,1,ip-172-31-19-62,olap,benchANT
2026-05-16 13:00:30+00:00,system,load15,4.04,dbms,clickbench,postgresql-indexed-load,1,ip-172-31-19-62,olap,benchANT
2026-05-16 13:00:40+00:00,system,load15,4.04,dbms,clickbench,postgresql-indexed-load,1,ip-172-31-19-62,olap,benchANT
2026-05-16 13:00:50+00:00,system,load15,4.04,dbms,clickbench,postgresql-indexed-load,1,ip-172-31-19-62,olap,benchANT
2026-05-16 13:01:00+00:00,system,load15,4.04,dbms,clickbench,postgresql-indexed-load,1,ip-172-31-19-62,olap,benchANT
2026-05-16 13:01:10+00:00,system,load15,4.05,dbms,clickbench,postgresql-indexed-load,1,ip-172-31-19-62,olap,benchANT
2026-05-16 13:01:20+00:00,system,load15,4.05,dbms,clickbench,postgresql-indexed-load,1,ip-172-31-19-62,olap,benchANT
2026-05-16 13:01:30+00:00,system,load15,4.04,dbms,clickbench,postgresql-indexed-load,1,ip-172-31-19-62,olap,benchANT
2026-05-16 13:01:40+00:00,system,load15,4.04,dbms,clickbench,postgresql-indexed-load,1,ip-172-31-19-62,olap,benchANT
2026-05-16 13:01:50+00:00,system,load15,4.04,dbms,clickbench,postgresql-indexed-load,1,ip-172-31-19-62,olap,benchANT
2026-05-16 13:02:00+00:00,system,load15,4.04,dbms,clickbench,postgresql-indexed-load,1,ip-172-31-19-62,olap,benchANT
2026-05-16 13:02:10+00:00,system,load15,4.05,dbms,clickbench,postgresql-indexed-load,1,ip-172-31-19-62,olap,benchANT
2026-05-16 13:02:20+00:00,system,load15,4.05,dbms,clickbench,postgresql-indexed-load,1,ip-172-31-19-62,olap,benchANT
2026-05-16 13:02:30+00:00,system,load15,4.05,dbms,clickbench,postgresql-indexed-load,1,ip-172-31-19-62,olap,benchANT
2026-05-16 13:02:40+00:00,system,load15,4.06,dbms,clickbench,postgresql-indexed-load,1,ip-172-31-19-62,olap,benchANT
2026-05-16 13:02:50+00:00,system,load15,4.05,dbms,clickbench,postgresql-indexed-load,1,ip-172-31-19-62,olap,benchANT
2026-05-16 13:03:00+00:00,system,load15,4.05,dbms,clickbench,postgresql-indexed-load,1,ip-172-31-19-62,olap,benchANT
2026-05-16 13:03:10+00:00,system,load15,4.05,dbms,clickbench,postgresql-indexed-load,1,ip-172-31-19-62,olap,benchANT
2026-05-16 13:03:20+00:00,system,load15,4.05,dbms,clickbench,postgresql-indexed-load,1,ip-172-31-19-62,olap,benchANT
2026-05-16 13:03:30+00:00,system,load15,4.06,dbms,clickbench,postgresql-indexed-load,1,ip-172-31-19-62,olap,benchANT
2026-05-16 13:03:40+00:00,system,load15,4.06,dbms,clickbench,postgresql-indexed-load,1,ip-172-31-19-62,olap,benchANT
2026-05-16 13:03:50+00:00,system,load15,4.06,dbms,clickbench,postgresql-indexed-load,1,ip-172-31-19-62,olap,benchANT
2026-05-16 13:04:00+00:00,system,load15,4.06,dbms,clickbench,postgresql-indexed-load,1,ip-172-31-19-62,olap,benchANT
2026-05-16 13:04:10+00:00,system,load15,4.07,dbms,clickbench,postgresql-indexed-load,1,ip-172-31-19-62,olap,benchANT
2026-05-16 13:04:20+00:00,system,load15,4.07,dbms,clickbench,postgresql-indexed-load,1,ip-172-31-19-62,olap,benchANT
2026-05-16 13:04:30+00:00,system,load15,4.07,dbms,clickbench,postgresql-indexed-load,1,ip-172-31-19-62,olap,benchANT
2026-05-16 13:04:40+00:00,system,load15,4.07,dbms,clickbench,postgresql-indexed-load,1,ip-172-31-19-62,olap,benchANT
2026-05-16 13:04:50+00:00,system,load15,4.07,dbms,clickbench,postgresql-indexed-load,1,ip-172-31-19-62,olap,benchANT
2026-05-16 13:05:00+00:00,system,load15,4.06,dbms,clickbench,postgresql-indexed-load,1,ip-172-31-19-62,olap,benchANT
2026-05-16 13:05:10+00:00,system,load15,4.06,dbms,clickbench,postgresql-indexed-load,1,ip-172-31-19-62,olap,benchANT
2026-05-16 13:05:20+00:00,system,load15,4.06,dbms,clickbench,postgresql-indexed-load,1,ip-172-31-19-62,olap,benchANT
2026-05-16 13:05:30+00:00,system,load15,4.06,dbms,clickbench,postgresql-indexed-load,1,ip-172-31-19-62,olap,benchANT
2026-05-16 13:05:40+00:00,system,load15,4.06,dbms,clickbench,postgresql-indexed-load,1,ip-172-31-19-62,olap,benchANT
2026-05-16 13:05:50+00:00,system,load15,4.07,dbms,clickbench,postgresql-indexed-load,1,ip-172-31-19-62,olap,benchANT
2026-05-16 13:06:00+00:00,system,load15,4.07,dbms,clickbench,postgresql-indexed-load,1,ip-172-31-19-62,olap,benchANT
2026-05-16 13:06:10+00:00,system,load15,4.07,dbms,clickbench,postgresql-indexed-load,1,ip-172-31-19-62,olap,benchANT
2026-05-16 13:06:20+00:00,system,load15,4.07,dbms,clickbench,postgresql-indexed-load,1,ip-172-31-19-62,olap,benchANT
2026-05-16 13:06:30+00:00,system,load15,4.07,dbms,clickbench,postgresql-indexed-load,1,ip-172-31-19-62,olap,benchANT
2026-05-16 13:06:40+00:00,system,load15,4.07,dbms,clickbench,postgresql-indexed-load,1,ip-172-31-19-62,olap,benchANT
2026-05-16 13:06:50+00:00,system,load15,4.07,dbms,clickbench,postgresql-indexed-load,1,ip-172-31-19-62,olap,benchANT
2026-05-16 13:07:00+00:00,system,load15,4.08,dbms,clickbench,postgresql-indexed-load,1,ip-172-31-19-62,olap,benchANT
2026-05-16 13:07:10+00:00,system,load15,4.08,dbms,clickbench,postgresql-indexed-load,1,ip-172-31-19-62,olap,benchANT
2026-05-16 13:07:20+00:00,system,load15,4.06,dbms,clickbench,postgresql-indexed-load,1,ip-172-31-19-62,olap,benchANT
2026-05-16 13:07:30+00:00,system,load15,4.02,dbms,clickbench,postgresql-indexed-load,1,ip-172-31-19-62,olap,benchANT
2026-05-16 13:07:40+00:00,system,load15,3.99,dbms,clickbench,postgresql-indexed-load,1,ip-172-31-19-62,olap,benchANT
2026-05-16 13:07:50+00:00,system,load15,3.96,dbms,clickbench,postgresql-indexed-load,1,ip-172-31-19-62,olap,benchANT
2026-05-16 13:08:00+00:00,system,load15,3.93,dbms,clickbench,postgresql-indexed-load,1,ip-172-31-19-62,olap,benchANT
2026-05-16 13:08:10+00:00,system,load15,3.9,dbms,clickbench,postgresql-indexed-load,1,ip-172-31-19-62,olap,benchANT
2026-05-16 13:08:20+00:00,system,load15,3.87,dbms,clickbench,postgresql-indexed-load,1,ip-172-31-19-62,olap,benchANT
2026-05-16 13:08:30+00:00,system,load15,3.84,dbms,clickbench,postgresql-indexed-load,1,ip-172-31-19-62,olap,benchANT
2026-05-16 13:08:40+00:00,system,load15,3.81,dbms,clickbench,postgresql-indexed-load,1,ip-172-31-19-62,olap,benchANT
2026-05-16 13:08:50+00:00,system,load15,3.79,dbms,clickbench,postgresql-indexed-load,1,ip-172-31-19-62,olap,benchANT
2026-05-16 13:09:00+00:00,system,load15,3.76,dbms,clickbench,postgresql-indexed-load,1,ip-172-31-19-62,olap,benchANT
2026-05-16 13:09:10+00:00,system,load15,3.73,dbms,clickbench,postgresql-indexed-load,1,ip-172-31-19-62,olap,benchANT
2026-05-16 13:09:20+00:00,system,load15,3.7,dbms,clickbench,postgresql-indexed-load,1,ip-172-31-19-62,olap,benchANT
2026-05-16 13:09:30+00:00,system,load15,3.69,dbms,clickbench,postgresql-indexed-load,1,ip-172-31-19-62,olap,benchANT
2026-05-16 13:09:40+00:00,system,load15,3.68,dbms,clickbench,postgresql-indexed-load,1,ip-172-31-19-62,olap,benchANT
2026-05-16 13:09:50+00:00,system,load15,3.66,dbms,clickbench,postgresql-indexed-load,1,ip-172-31-19-62,olap,benchANT
2026-05-16 13:10:00+00:00,system,load15,3.62,dbms,clickbench,postgresql-indexed-load,1,ip-172-31-19-62,olap,benchANT
2026-05-16 13:10:10+00:00,system,load15,3.58,dbms,clickbench,postgresql-indexed-load,1,ip-172-31-19-62,olap,benchANT
2026-05-16 10:29:10+00:00,system,load5,0.0,dbms,clickbench,postgresql-indexed-load,1,ip-172-31-19-62,olap,benchANT
2026-05-16 10:29:20+00:00,system,load5,0.08,dbms,clickbench,postgresql-indexed-load,1,ip-172-31-19-62,olap,benchANT
2026-05-16 10:29:30+00:00,system,load5,0.18,dbms,clickbench,postgresql-indexed-load,1,ip-172-31-19-62,olap,benchANT
2026-05-16 10:29:40+00:00,system,load5,0.31,dbms,clickbench,postgresql-indexed-load,1,ip-172-31-19-62,olap,benchANT
2026-05-16 10:29:50+00:00,system,load5,0.44,dbms,clickbench,postgresql-indexed-load,1,ip-172-31-19-62,olap,benchANT
2026-05-16 10:30:00+00:00,system,load5,0.59,dbms,clickbench,postgresql-indexed-load,1,ip-172-31-19-62,olap,benchANT
2026-05-16 10:30:10+00:00,system,load5,0.74,dbms,clickbench,postgresql-indexed-load,1,ip-172-31-19-62,olap,benchANT
2026-05-16 10:30:20+00:00,system,load5,0.86,dbms,clickbench,postgresql-indexed-load,1,ip-172-31-19-62,olap,benchANT
2026-05-16 10:30:30+00:00,system,load5,1.0,dbms,clickbench,postgresql-indexed-load,1,ip-172-31-19-62,olap,benchANT
2026-05-16 10:30:40+00:00,system,load5,1.13,dbms,clickbench,postgresql-indexed-load,1,ip-172-31-19-62,olap,benchANT
2026-05-16 10:30:50+00:00,system,load5,1.26,dbms,clickbench,postgresql-indexed-load,1,ip-172-31-19-62,olap,benchANT
2026-05-16 10:31:00+00:00,system,load5,1.37,dbms,clickbench,postgresql-indexed-load,1,ip-172-31-19-62,olap,benchANT
2026-05-16 10:31:10+00:00,system,load5,1.49,dbms,clickbench,postgresql-indexed-load,1,ip-172-31-19-62,olap,benchANT
2026-05-16 10:31:20+00:00,system,load5,1.6,dbms,clickbench,postgresql-indexed-load,1,ip-172-31-19-62,olap,benchANT
2026-05-16 10:31:30+00:00,system,load5,1.7,dbms,clickbench,postgresql-indexed-load,1,ip-172-31-19-62,olap,benchANT
2026-05-16 10:31:40+00:00,system,load5,1.81,dbms,clickbench,postgresql-indexed-load,1,ip-172-31-19-62,olap,benchANT
2026-05-16 10:31:50+00:00,system,load5,1.91,dbms,clickbench,postgresql-indexed-load,1,ip-172-31-19-62,olap,benchANT
2026-05-16 10:32:00+00:00,system,load5,2.02,dbms,clickbench,postgresql-indexed-load,1,ip-172-31-19-62,olap,benchANT
2026-05-16 10:32:10+00:00,system,load5,2.12,dbms,clickbench,postgresql-indexed-load,1,ip-172-31-19-62,olap,benchANT
2026-05-16 10:32:20+00:00,system,load5,2.19,dbms,clickbench,postgresql-indexed-load,1,ip-172-31-19-62,olap,benchANT
2026-05-16 10:32:30+00:00,system,load5,2.3,dbms,clickbench,postgresql-indexed-load,1,ip-172-31-19-62,olap,benchANT
2026-05-16 10:32:40+00:00,system,load5,2.43,dbms,clickbench,postgresql-indexed-load,1,ip-172-31-19-62,olap,benchANT
2026-05-16 10:32:50+00:00,system,load5,2.54,dbms,clickbench,postgresql-indexed-load,1,ip-172-31-19-62,olap,benchANT
2026-05-16 10:33:00+00:00,system,load5,2.66,dbms,clickbench,postgresql-indexed-load,1,ip-172-31-19-62,olap,benchANT
2026-05-16 10:33:10+00:00,system,load5,2.75,dbms,clickbench,postgresql-indexed-load,1,ip-172-31-19-62,olap,benchANT
2026-05-16 10:33:20+00:00,system,load5,2.88,dbms,clickbench,postgresql-indexed-load,1,ip-172-31-19-62,olap,benchANT
2026-05-16 10:33:30+00:00,system,load5,2.98,dbms,clickbench,postgresql-indexed-load,1,ip-172-31-19-62,olap,benchANT
2026-05-16 10:33:40+00:00,system,load5,3.08,dbms,clickbench,postgresql-indexed-load,1,ip-172-31-19-62,olap,benchANT
2026-05-16 10:33:50+00:00,system,load5,3.16,dbms,clickbench,postgresql-indexed-load,1,ip-172-31-19-62,olap,benchANT
2026-05-16 10:34:00+00:00,system,load5,3.25,dbms,clickbench,postgresql-indexed-load,1,ip-172-31-19-62,olap,benchANT
2026-05-16 10:34:10+00:00,system,load5,3.34,dbms,clickbench,postgresql-indexed-load,1,ip-172-31-19-62,olap,benchANT
2026-05-16 10:34:20+00:00,system,load5,3.43,dbms,clickbench,postgresql-indexed-load,1,ip-172-31-19-62,olap,benchANT
2026-05-16 10:34:30+00:00,system,load5,3.5,dbms,clickbench,postgresql-indexed-load,1,ip-172-31-19-62,olap,benchANT
2026-05-16 10:34:40+00:00,system,load5,3.58,dbms,clickbench,postgresql-indexed-load,1,ip-172-31-19-62,olap,benchANT
2026-05-16 10:34:50+00:00,system,load5,3.66,dbms,clickbench,postgresql-indexed-load,1,ip-172-31-19-62,olap,benchANT
2026-05-16 10:35:00+00:00,system,load5,3.74,dbms,clickbench,postgresql-indexed-load,1,ip-172-31-19-62,olap,benchANT
2026-05-16 10:35:10+00:00,system,load5,3.82,dbms,clickbench,postgresql-indexed-load,1,ip-172-31-19-62,olap,benchANT
2026-05-16 10:35:20+00:00,system,load5,3.89,dbms,clickbench,postgresql-indexed-load,1,ip-172-31-19-62,olap,benchANT
2026-05-16 10:35:30+00:00,system,load5,3.94,dbms,clickbench,postgresql-indexed-load,1,ip-172-31-19-62,olap,benchANT
2026-05-16 10:35:40+00:00,system,load5,4.01,dbms,clickbench,postgresql-indexed-load,1,ip-172-31-19-62,olap,benchANT
2026-05-16 10:35:50+00:00,system,load5,4.08,dbms,clickbench,postgresql-indexed-load,1,ip-172-31-19-62,olap,benchANT
2026-05-16 10:36:00+00:00,system,load5,4.14,dbms,clickbench,postgresql-indexed-load,1,ip-172-31-19-62,olap,benchANT
2026-05-16 10:36:10+00:00,system,load5,4.2,dbms,clickbench,postgresql-indexed-load,1,ip-172-31-19-62,olap,benchANT
2026-05-16 10:36:20+00:00,system,load5,4.28,dbms,clickbench,postgresql-indexed-load,1,ip-172-31-19-62,olap,benchANT
2026-05-16 10:36:30+00:00,system,load5,4.34,dbms,clickbench,postgresql-indexed-load,1,ip-172-31-19-62,olap,benchANT
2026-05-16 10:36:40+00:00,system,load5,4.39,dbms,clickbench,postgresql-indexed-load,1,ip-172-31-19-62,olap,benchANT
2026-05-16 10:36:50+00:00,system,load5,4.43,dbms,clickbench,postgresql-indexed-load,1,ip-172-31-19-62,olap,benchANT
2026-05-16 10:37:00+00:00,system,load5,4.48,dbms,clickbench,postgresql-indexed-load,1,ip-172-31-19-62,olap,benchANT
2026-05-16 10:37:10+00:00,system,load5,4.53,dbms,clickbench,postgresql-indexed-load,1,ip-172-31-19-62,olap,benchANT
2026-05-16 10:37:20+00:00,system,load5,4.58,dbms,clickbench,postgresql-indexed-load,1,ip-172-31-19-62,olap,benchANT
2026-05-16 10:37:30+00:00,system,load5,4.63,dbms,clickbench,postgresql-indexed-load,1,ip-172-31-19-62,olap,benchANT
2026-05-16 10:37:40+00:00,system,load5,4.67,dbms,clickbench,postgresql-indexed-load,1,ip-172-31-19-62,olap,benchANT
2026-05-16 10:37:50+00:00,system,load5,4.72,dbms,clickbench,postgresql-indexed-load,1,ip-172-31-19-62,olap,benchANT
2026-05-16 10:38:00+00:00,system,load5,4.76,dbms,clickbench,postgresql-indexed-load,1,ip-172-31-19-62,olap,benchANT
2026-05-16 10:38:10+00:00,system,load5,4.8,dbms,clickbench,postgresql-indexed-load,1,ip-172-31-19-62,olap,benchANT
2026-05-16 10:38:20+00:00,system,load5,4.84,dbms,clickbench,postgresql-indexed-load,1,ip-172-31-19-62,olap,benchANT
2026-05-16 10:38:30+00:00,system,load5,4.81,dbms,clickbench,postgresql-indexed-load,1,ip-172-31-19-62,olap,benchANT
2026-05-16 10:38:40+00:00,system,load5,4.85,dbms,clickbench,postgresql-indexed-load,1,ip-172-31-19-62,olap,benchANT
2026-05-16 10:38:50+00:00,system,load5,4.86,dbms,clickbench,postgresql-indexed-load,1,ip-172-31-19-62,olap,benchANT
2026-05-16 10:39:00+00:00,system,load5,4.81,dbms,clickbench,postgresql-indexed-load,1,ip-172-31-19-62,olap,benchANT
2026-05-16 10:39:10+00:00,system,load5,4.69,dbms,clickbench,postgresql-indexed-load,1,ip-172-31-19-62,olap,benchANT
2026-05-16 10:39:20+00:00,system,load5,4.56,dbms,clickbench,postgresql-indexed-load,1,ip-172-31-19-62,olap,benchANT
2026-05-16 10:39:30+00:00,system,load5,4.45,dbms,clickbench,postgresql-indexed-load,1,ip-172-31-19-62,olap,benchANT
2026-05-16 10:39:40+00:00,system,load5,4.41,dbms,clickbench,postgresql-indexed-load,1,ip-172-31-19-62,olap,benchANT
2026-05-16 10:39:50+00:00,system,load5,4.3,dbms,clickbench,postgresql-indexed-load,1,ip-172-31-19-62,olap,benchANT
2026-05-16 10:40:00+00:00,system,load5,4.26,dbms,clickbench,postgresql-indexed-load,1,ip-172-31-19-62,olap,benchANT
2026-05-16 10:40:10+00:00,system,load5,4.15,dbms,clickbench,postgresql-indexed-load,1,ip-172-31-19-62,olap,benchANT
2026-05-16 10:40:20+00:00,system,load5,4.05,dbms,clickbench,postgresql-indexed-load,1,ip-172-31-19-62,olap,benchANT
2026-05-16 10:40:30+00:00,system,load5,4.08,dbms,clickbench,postgresql-indexed-load,1,ip-172-31-19-62,olap,benchANT
2026-05-16 10:40:40+00:00,system,load5,4.07,dbms,clickbench,postgresql-indexed-load,1,ip-172-31-19-62,olap,benchANT
2026-05-16 10:40:50+00:00,system,load5,4.07,dbms,clickbench,postgresql-indexed-load,1,ip-172-31-19-62,olap,benchANT
2026-05-16 10:41:00+00:00,system,load5,4.07,dbms,clickbench,postgresql-indexed-load,1,ip-172-31-19-62,olap,benchANT
2026-05-16 10:41:10+00:00,system,load5,4.07,dbms,clickbench,postgresql-indexed-load,1,ip-172-31-19-62,olap,benchANT
2026-05-16 10:41:20+00:00,system,load5,4.06,dbms,clickbench,postgresql-indexed-load,1,ip-172-31-19-62,olap,benchANT
2026-05-16 10:41:30+00:00,system,load5,4.06,dbms,clickbench,postgresql-indexed-load,1,ip-172-31-19-62,olap,benchANT
2026-05-16 10:41:40+00:00,system,load5,4.06,dbms,clickbench,postgresql-indexed-load,1,ip-172-31-19-62,olap,benchANT
2026-05-16 10:41:50+00:00,system,load5,4.06,dbms,clickbench,postgresql-indexed-load,1,ip-172-31-19-62,olap,benchANT
2026-05-16 10:42:00+00:00,system,load5,4.05,dbms,clickbench,postgresql-indexed-load,1,ip-172-31-19-62,olap,benchANT
2026-05-16 10:42:10+00:00,system,load5,4.05,dbms,clickbench,postgresql-indexed-load,1,ip-172-31-19-62,olap,benchANT
2026-05-16 10:42:20+00:00,system,load5,4.05,dbms,clickbench,postgresql-indexed-load,1,ip-172-31-19-62,olap,benchANT
2026-05-16 10:42:30+00:00,system,load5,4.06,dbms,clickbench,postgresql-indexed-load,1,ip-172-31-19-62,olap,benchANT
2026-05-16 10:42:40+00:00,system,load5,4.06,dbms,clickbench,postgresql-indexed-load,1,ip-172-31-19-62,olap,benchANT
2026-05-16 10:42:50+00:00,system,load5,4.06,dbms,clickbench,postgresql-indexed-load,1,ip-172-31-19-62,olap,benchANT
2026-05-16 10:43:00+00:00,system,load5,4.06,dbms,clickbench,postgresql-indexed-load,1,ip-172-31-19-62,olap,benchANT
2026-05-16 10:43:10+00:00,system,load5,4.05,dbms,clickbench,postgresql-indexed-load,1,ip-172-31-19-62,olap,benchANT
2026-05-16 10:43:20+00:00,system,load5,4.05,dbms,clickbench,postgresql-indexed-load,1,ip-172-31-19-62,olap,benchANT
2026-05-16 10:43:30+00:00,system,load5,4.05,dbms,clickbench,postgresql-indexed-load,1,ip-172-31-19-62,olap,benchANT
2026-05-16 10:43:40+00:00,system,load5,4.05,dbms,clickbench,postgresql-indexed-load,1,ip-172-31-19-62,olap,benchANT
2026-05-16 10:43:50+00:00,system,load5,4.05,dbms,clickbench,postgresql-indexed-load,1,ip-172-31-19-62,olap,benchANT
2026-05-16 10:44:00+00:00,system,load5,4.04,dbms,clickbench,postgresql-indexed-load,1,ip-172-31-19-62,olap,benchANT
2026-05-16 10:44:10+00:00,system,load5,4.04,dbms,clickbench,postgresql-indexed-load,1,ip-172-31-19-62,olap,benchANT
2026-05-16 10:44:20+00:00,system,load5,4.04,dbms,clickbench,postgresql-indexed-load,1,ip-172-31-19-62,olap,benchANT
2026-05-16 10:44:30+00:00,system,load5,4.06,dbms,clickbench,postgresql-indexed-load,1,ip-172-31-19-62,olap,benchANT
2026-05-16 10:44:40+00:00,system,load5,4.05,dbms,clickbench,postgresql-indexed-load,1,ip-172-31-19-62,olap,benchANT
2026-05-16 10:44:50+00:00,system,load5,4.05,dbms,clickbench,postgresql-indexed-load,1,ip-172-31-19-62,olap,benchANT
2026-05-16 10:45:00+00:00,system,load5,4.05,dbms,clickbench,postgresql-indexed-load,1,ip-172-31-19-62,olap,benchANT
2026-05-16 10:45:10+00:00,system,load5,4.05,dbms,clickbench,postgresql-indexed-load,1,ip-172-31-19-62,olap,benchANT
2026-05-16 10:45:20+00:00,system,load5,4.05,dbms,clickbench,postgresql-indexed-load,1,ip-172-31-19-62,olap,benchANT
2026-05-16 10:45:30+00:00,system,load5,4.09,dbms,clickbench,postgresql-indexed-load,1,ip-172-31-19-62,olap,benchANT
2026-05-16 10:45:40+00:00,system,load5,4.09,dbms,clickbench,postgresql-indexed-load,1,ip-172-31-19-62,olap,benchANT
2026-05-16 10:45:50+00:00,system,load5,4.09,dbms,clickbench,postgresql-indexed-load,1,ip-172-31-19-62,olap,benchANT
2026-05-16 10:46:00+00:00,system,load5,4.08,dbms,clickbench,postgresql-indexed-load,1,ip-172-31-19-62,olap,benchANT
2026-05-16 10:46:10+00:00,system,load5,4.08,dbms,clickbench,postgresql-indexed-load,1,ip-172-31-19-62,olap,benchANT
2026-05-16 10:46:20+00:00,system,load5,4.08,dbms,clickbench,postgresql-indexed-load,1,ip-172-31-19-62,olap,benchANT
2026-05-16 10:46:30+00:00,system,load5,4.07,dbms,clickbench,postgresql-indexed-load,1,ip-172-31-19-62,olap,benchANT
2026-05-16 10:46:40+00:00,system,load5,4.07,dbms,clickbench,postgresql-indexed-load,1,ip-172-31-19-62,olap,benchANT
2026-05-16 10:46:50+00:00,system,load5,4.07,dbms,clickbench,postgresql-indexed-load,1,ip-172-31-19-62,olap,benchANT
2026-05-16 10:47:00+00:00,system,load5,4.07,dbms,clickbench,postgresql-indexed-load,1,ip-172-31-19-62,olap,benchANT
2026-05-16 10:47:10+00:00,system,load5,4.08,dbms,clickbench,postgresql-indexed-load,1,ip-172-31-19-62,olap,benchANT
2026-05-16 10:47:20+00:00,system,load5,4.08,dbms,clickbench,postgresql-indexed-load,1,ip-172-31-19-62,olap,benchANT
2026-05-16 10:47:30+00:00,system,load5,4.07,dbms,clickbench,postgresql-indexed-load,1,ip-172-31-19-62,olap,benchANT
2026-05-16 10:47:40+00:00,system,load5,4.07,dbms,clickbench,postgresql-indexed-load,1,ip-172-31-19-62,olap,benchANT
2026-05-16 10:47:50+00:00,system,load5,4.07,dbms,clickbench,postgresql-indexed-load,1,ip-172-31-19-62,olap,benchANT
2026-05-16 10:48:00+00:00,system,load5,4.08,dbms,clickbench,postgresql-indexed-load,1,ip-172-31-19-62,olap,benchANT
2026-05-16 10:48:10+00:00,system,load5,4.1,dbms,clickbench,postgresql-indexed-load,1,ip-172-31-19-62,olap,benchANT
2026-05-16 10:48:20+00:00,system,load5,4.11,dbms,clickbench,postgresql-indexed-load,1,ip-172-31-19-62,olap,benchANT
2026-05-16 10:48:30+00:00,system,load5,4.11,dbms,clickbench,postgresql-indexed-load,1,ip-172-31-19-62,olap,benchANT
2026-05-16 10:48:40+00:00,system,load5,4.1,dbms,clickbench,postgresql-indexed-load,1,ip-172-31-19-62,olap,benchANT
2026-05-16 10:48:50+00:00,system,load5,4.1,dbms,clickbench,postgresql-indexed-load,1,ip-172-31-19-62,olap,benchANT
2026-05-16 10:49:00+00:00,system,load5,4.09,dbms,clickbench,postgresql-indexed-load,1,ip-172-31-19-62,olap,benchANT
2026-05-16 10:49:10+00:00,system,load5,4.09,dbms,clickbench,postgresql-indexed-load,1,ip-172-31-19-62,olap,benchANT
2026-05-16 10:49:20+00:00,system,load5,4.09,dbms,clickbench,postgresql-indexed-load,1,ip-172-31-19-62,olap,benchANT
2026-05-16 10:49:30+00:00,system,load5,3.98,dbms,clickbench,postgresql-indexed-load,1,ip-172-31-19-62,olap,benchANT
2026-05-16 10:49:40+00:00,system,load5,3.89,dbms,clickbench,postgresql-indexed-load,1,ip-172-31-19-62,olap,benchANT
2026-05-16 10:49:50+00:00,system,load5,3.92,dbms,clickbench,postgresql-indexed-load,1,ip-172-31-19-62,olap,benchANT
2026-05-16 10:50:00+00:00,system,load5,3.96,dbms,clickbench,postgresql-indexed-load,1,ip-172-31-19-62,olap,benchANT
2026-05-16 10:50:10+00:00,system,load5,3.99,dbms,clickbench,postgresql-indexed-load,1,ip-172-31-19-62,olap,benchANT
2026-05-16 10:50:20+00:00,system,load5,4.03,dbms,clickbench,postgresql-indexed-load,1,ip-172-31-19-62,olap,benchANT
2026-05-16 10:50:30+00:00,system,load5,4.06,dbms,clickbench,postgresql-indexed-load,1,ip-172-31-19-62,olap,benchANT
2026-05-16 10:50:40+00:00,system,load5,4.09,dbms,clickbench,postgresql-indexed-load,1,ip-172-31-19-62,olap,benchANT
2026-05-16 10:50:50+00:00,system,load5,4.12,dbms,clickbench,postgresql-indexed-load,1,ip-172-31-19-62,olap,benchANT
2026-05-16 10:51:00+00:00,system,load5,4.15,dbms,clickbench,postgresql-indexed-load,1,ip-172-31-19-62,olap,benchANT
2026-05-16 10:51:10+00:00,system,load5,4.18,dbms,clickbench,postgresql-indexed-load,1,ip-172-31-19-62,olap,benchANT
2026-05-16 10:51:20+00:00,system,load5,4.21,dbms,clickbench,postgresql-indexed-load,1,ip-172-31-19-62,olap,benchANT
2026-05-16 10:51:30+00:00,system,load5,4.23,dbms,clickbench,postgresql-indexed-load,1,ip-172-31-19-62,olap,benchANT
2026-05-16 10:51:40+00:00,system,load5,4.26,dbms,clickbench,postgresql-indexed-load,1,ip-172-31-19-62,olap,benchANT
2026-05-16 10:51:50+00:00,system,load5,4.28,dbms,clickbench,postgresql-indexed-load,1,ip-172-31-19-62,olap,benchANT
2026-05-16 10:52:00+00:00,system,load5,4.31,dbms,clickbench,postgresql-indexed-load,1,ip-172-31-19-62,olap,benchANT
2026-05-16 10:52:10+00:00,system,load5,4.33,dbms,clickbench,postgresql-indexed-load,1,ip-172-31-19-62,olap,benchANT
2026-05-16 10:52:20+00:00,system,load5,4.35,dbms,clickbench,postgresql-indexed-load,1,ip-172-31-19-62,olap,benchANT
2026-05-16 10:52:30+00:00,system,load5,4.37,dbms,clickbench,postgresql-indexed-load,1,ip-172-31-19-62,olap,benchANT
2026-05-16 10:52:40+00:00,system,load5,4.4,dbms,clickbench,postgresql-indexed-load,1,ip-172-31-19-62,olap,benchANT
2026-05-16 10:52:50+00:00,system,load5,4.32,dbms,clickbench,postgresql-indexed-load,1,ip-172-31-19-62,olap,benchANT
2026-05-16 10:53:00+00:00,system,load5,4.21,dbms,clickbench,postgresql-indexed-load,1,ip-172-31-19-62,olap,benchANT
2026-05-16 10:53:10+00:00,system,load5,4.1,dbms,clickbench,postgresql-indexed-load,1,ip-172-31-19-62,olap,benchANT
2026-05-16 10:53:20+00:00,system,load5,4.05,dbms,clickbench,postgresql-indexed-load,1,ip-172-31-19-62,olap,benchANT
2026-05-16 10:53:30+00:00,system,load5,4.08,dbms,clickbench,postgresql-indexed-load,1,ip-172-31-19-62,olap,benchANT
2026-05-16 10:53:40+00:00,system,load5,4.08,dbms,clickbench,postgresql-indexed-load,1,ip-172-31-19-62,olap,benchANT
2026-05-16 10:53:50+00:00,system,load5,4.07,dbms,clickbench,postgresql-indexed-load,1,ip-172-31-19-62,olap,benchANT
2026-05-16 10:54:00+00:00,system,load5,4.07,dbms,clickbench,postgresql-indexed-load,1,ip-172-31-19-62,olap,benchANT
2026-05-16 10:54:10+00:00,system,load5,4.07,dbms,clickbench,postgresql-indexed-load,1,ip-172-31-19-62,olap,benchANT
2026-05-16 10:54:20+00:00,system,load5,4.07,dbms,clickbench,postgresql-indexed-load,1,ip-172-31-19-62,olap,benchANT
2026-05-16 10:54:30+00:00,system,load5,4.06,dbms,clickbench,postgresql-indexed-load,1,ip-172-31-19-62,olap,benchANT
2026-05-16 10:54:40+00:00,system,load5,4.06,dbms,clickbench,postgresql-indexed-load,1,ip-172-31-19-62,olap,benchANT
2026-05-16 10:54:50+00:00,system,load5,4.06,dbms,clickbench,postgresql-indexed-load,1,ip-172-31-19-62,olap,benchANT
2026-05-16 10:55:00+00:00,system,load5,4.06,dbms,clickbench,postgresql-indexed-load,1,ip-172-31-19-62,olap,benchANT
2026-05-16 10:55:10+00:00,system,load5,4.05,dbms,clickbench,postgresql-indexed-load,1,ip-172-31-19-62,olap,benchANT
2026-05-16 10:55:20+00:00,system,load5,4.05,dbms,clickbench,postgresql-indexed-load,1,ip-172-31-19-62,olap,benchANT
2026-05-16 10:55:30+00:00,system,load5,4.05,dbms,clickbench,postgresql-indexed-load,1,ip-172-31-19-62,olap,benchANT
2026-05-16 10:55:40+00:00,system,load5,4.05,dbms,clickbench,postgresql-indexed-load,1,ip-172-31-19-62,olap,benchANT
2026-05-16 10:55:50+00:00,system,load5,4.05,dbms,clickbench,postgresql-indexed-load,1,ip-172-31-19-62,olap,benchANT
2026-05-16 10:56:00+00:00,system,load5,4.04,dbms,clickbench,postgresql-indexed-load,1,ip-172-31-19-62,olap,benchANT
2026-05-16 10:56:10+00:00,system,load5,4.04,dbms,clickbench,postgresql-indexed-load,1,ip-172-31-19-62,olap,benchANT
2026-05-16 10:56:20+00:00,system,load5,4.04,dbms,clickbench,postgresql-indexed-load,1,ip-172-31-19-62,olap,benchANT
2026-05-16 10:56:30+00:00,system,load5,4.04,dbms,clickbench,postgresql-indexed-load,1,ip-172-31-19-62,olap,benchANT
2026-05-16 10:56:40+00:00,system,load5,4.04,dbms,clickbench,postgresql-indexed-load,1,ip-172-31-19-62,olap,benchANT
2026-05-16 10:56:50+00:00,system,load5,4.03,dbms,clickbench,postgresql-indexed-load,1,ip-172-31-19-62,olap,benchANT
2026-05-16 10:57:00+00:00,system,load5,4.03,dbms,clickbench,postgresql-indexed-load,1,ip-172-31-19-62,olap,benchANT
2026-05-16 10:57:10+00:00,system,load5,4.03,dbms,clickbench,postgresql-indexed-load,1,ip-172-31-19-62,olap,benchANT
2026-05-16 10:57:20+00:00,system,load5,4.03,dbms,clickbench,postgresql-indexed-load,1,ip-172-31-19-62,olap,benchANT
2026-05-16 10:57:30+00:00,system,load5,4.03,dbms,clickbench,postgresql-indexed-load,1,ip-172-31-19-62,olap,benchANT
2026-05-16 10:57:40+00:00,system,load5,4.04,dbms,clickbench,postgresql-indexed-load,1,ip-172-31-19-62,olap,benchANT
2026-05-16 10:57:50+00:00,system,load5,4.04,dbms,clickbench,postgresql-indexed-load,1,ip-172-31-19-62,olap,benchANT
2026-05-16 10:58:00+00:00,system,load5,4.04,dbms,clickbench,postgresql-indexed-load,1,ip-172-31-19-62,olap,benchANT
2026-05-16 10:58:10+00:00,system,load5,4.04,dbms,clickbench,postgresql-indexed-load,1,ip-172-31-19-62,olap,benchANT
2026-05-16 10:58:20+00:00,system,load5,4.04,dbms,clickbench,postgresql-indexed-load,1,ip-172-31-19-62,olap,benchANT
2026-05-16 10:58:30+00:00,system,load5,4.03,dbms,clickbench,postgresql-indexed-load,1,ip-172-31-19-62,olap,benchANT
2026-05-16 10:58:40+00:00,system,load5,4.03,dbms,clickbench,postgresql-indexed-load,1,ip-172-31-19-62,olap,benchANT
2026-05-16 10:58:50+00:00,system,load5,4.03,dbms,clickbench,postgresql-indexed-load,1,ip-172-31-19-62,olap,benchANT
2026-05-16 10:59:00+00:00,system,load5,4.03,dbms,clickbench,postgresql-indexed-load,1,ip-172-31-19-62,olap,benchANT
2026-05-16 10:59:10+00:00,system,load5,4.03,dbms,clickbench,postgresql-indexed-load,1,ip-172-31-19-62,olap,benchANT
2026-05-16 10:59:20+00:00,system,load5,4.03,dbms,clickbench,postgresql-indexed-load,1,ip-172-31-19-62,olap,benchANT
2026-05-16 10:59:30+00:00,system,load5,4.03,dbms,clickbench,postgresql-indexed-load,1,ip-172-31-19-62,olap,benchANT
2026-05-16 10:59:40+00:00,system,load5,4.02,dbms,clickbench,postgresql-indexed-load,1,ip-172-31-19-62,olap,benchANT
2026-05-16 10:59:50+00:00,system,load5,4.02,dbms,clickbench,postgresql-indexed-load,1,ip-172-31-19-62,olap,benchANT
2026-05-16 11:00:00+00:00,system,load5,4.02,dbms,clickbench,postgresql-indexed-load,1,ip-172-31-19-62,olap,benchANT
2026-05-16 11:00:10+00:00,system,load5,4.02,dbms,clickbench,postgresql-indexed-load,1,ip-172-31-19-62,olap,benchANT
2026-05-16 11:00:20+00:00,system,load5,4.02,dbms,clickbench,postgresql-indexed-load,1,ip-172-31-19-62,olap,benchANT
2026-05-16 11:00:30+00:00,system,load5,4.02,dbms,clickbench,postgresql-indexed-load,1,ip-172-31-19-62,olap,benchANT
2026-05-16 11:00:40+00:00,system,load5,4.02,dbms,clickbench,postgresql-indexed-load,1,ip-172-31-19-62,olap,benchANT
2026-05-16 11:00:50+00:00,system,load5,4.02,dbms,clickbench,postgresql-indexed-load,1,ip-172-31-19-62,olap,benchANT
2026-05-16 11:01:00+00:00,system,load5,4.02,dbms,clickbench,postgresql-indexed-load,1,ip-172-31-19-62,olap,benchANT
2026-05-16 11:01:10+00:00,system,load5,4.02,dbms,clickbench,postgresql-indexed-load,1,ip-172-31-19-62,olap,benchANT
2026-05-16 11:01:20+00:00,system,load5,4.02,dbms,clickbench,postgresql-indexed-load,1,ip-172-31-19-62,olap,benchANT
2026-05-16 11:01:30+00:00,system,load5,4.01,dbms,clickbench,postgresql-indexed-load,1,ip-172-31-19-62,olap,benchANT
2026-05-16 11:01:40+00:00,system,load5,4.01,dbms,clickbench,postgresql-indexed-load,1,ip-172-31-19-62,olap,benchANT
2026-05-16 11:01:50+00:00,system,load5,4.01,dbms,clickbench,postgresql-indexed-load,1,ip-172-31-19-62,olap,benchANT
2026-05-16 11:02:00+00:00,system,load5,4.01,dbms,clickbench,postgresql-indexed-load,1,ip-172-31-19-62,olap,benchANT
2026-05-16 11:02:10+00:00,system,load5,4.04,dbms,clickbench,postgresql-indexed-load,1,ip-172-31-19-62,olap,benchANT
2026-05-16 11:02:20+00:00,system,load5,3.94,dbms,clickbench,postgresql-indexed-load,1,ip-172-31-19-62,olap,benchANT
2026-05-16 11:02:30+00:00,system,load5,4.04,dbms,clickbench,postgresql-indexed-load,1,ip-172-31-19-62,olap,benchANT
2026-05-16 11:02:40+00:00,system,load5,4.09,dbms,clickbench,postgresql-indexed-load,1,ip-172-31-19-62,olap,benchANT
2026-05-16 11:02:50+00:00,system,load5,4.09,dbms,clickbench,postgresql-indexed-load,1,ip-172-31-19-62,olap,benchANT
2026-05-16 11:03:00+00:00,system,load5,4.08,dbms,clickbench,postgresql-indexed-load,1,ip-172-31-19-62,olap,benchANT
2026-05-16 11:03:10+00:00,system,load5,4.08,dbms,clickbench,postgresql-indexed-load,1,ip-172-31-19-62,olap,benchANT
2026-05-16 11:03:20+00:00,system,load5,4.08,dbms,clickbench,postgresql-indexed-load,1,ip-172-31-19-62,olap,benchANT
2026-05-16 11:03:30+00:00,system,load5,4.08,dbms,clickbench,postgresql-indexed-load,1,ip-172-31-19-62,olap,benchANT
2026-05-16 11:03:40+00:00,system,load5,4.07,dbms,clickbench,postgresql-indexed-load,1,ip-172-31-19-62,olap,benchANT
2026-05-16 11:03:50+00:00,system,load5,4.09,dbms,clickbench,postgresql-indexed-load,1,ip-172-31-19-62,olap,benchANT
2026-05-16 11:04:00+00:00,system,load5,4.12,dbms,clickbench,postgresql-indexed-load,1,ip-172-31-19-62,olap,benchANT
2026-05-16 11:04:10+00:00,system,load5,4.11,dbms,clickbench,postgresql-indexed-load,1,ip-172-31-19-62,olap,benchANT
2026-05-16 11:04:20+00:00,system,load5,4.11,dbms,clickbench,postgresql-indexed-load,1,ip-172-31-19-62,olap,benchANT
2026-05-16 11:04:30+00:00,system,load5,4.1,dbms,clickbench,postgresql-indexed-load,1,ip-172-31-19-62,olap,benchANT
2026-05-16 11:04:40+00:00,system,load5,4.1,dbms,clickbench,postgresql-indexed-load,1,ip-172-31-19-62,olap,benchANT
2026-05-16 11:04:50+00:00,system,load5,4.11,dbms,clickbench,postgresql-indexed-load,1,ip-172-31-19-62,olap,benchANT
2026-05-16 11:05:00+00:00,system,load5,4.11,dbms,clickbench,postgresql-indexed-load,1,ip-172-31-19-62,olap,benchANT
2026-05-16 11:05:10+00:00,system,load5,4.11,dbms,clickbench,postgresql-indexed-load,1,ip-172-31-19-62,olap,benchANT
2026-05-16 11:05:20+00:00,system,load5,4.1,dbms,clickbench,postgresql-indexed-load,1,ip-172-31-19-62,olap,benchANT
2026-05-16 11:05:30+00:00,system,load5,4.1,dbms,clickbench,postgresql-indexed-load,1,ip-172-31-19-62,olap,benchANT
2026-05-16 11:05:40+00:00,system,load5,4.09,dbms,clickbench,postgresql-indexed-load,1,ip-172-31-19-62,olap,benchANT
2026-05-16 11:05:50+00:00,system,load5,4.09,dbms,clickbench,postgresql-indexed-load,1,ip-172-31-19-62,olap,benchANT
2026-05-16 11:06:00+00:00,system,load5,4.09,dbms,clickbench,postgresql-indexed-load,1,ip-172-31-19-62,olap,benchANT
2026-05-16 11:06:10+00:00,system,load5,4.08,dbms,clickbench,postgresql-indexed-load,1,ip-172-31-19-62,olap,benchANT
2026-05-16 11:06:20+00:00,system,load5,4.08,dbms,clickbench,postgresql-indexed-load,1,ip-172-31-19-62,olap,benchANT
2026-05-16 11:06:30+00:00,system,load5,4.08,dbms,clickbench,postgresql-indexed-load,1,ip-172-31-19-62,olap,benchANT
2026-05-16 11:06:40+00:00,system,load5,4.08,dbms,clickbench,postgresql-indexed-load,1,ip-172-31-19-62,olap,benchANT
2026-05-16 11:06:50+00:00,system,load5,4.07,dbms,clickbench,postgresql-indexed-load,1,ip-172-31-19-62,olap,benchANT
2026-05-16 11:07:00+00:00,system,load5,4.07,dbms,clickbench,postgresql-indexed-load,1,ip-172-31-19-62,olap,benchANT
2026-05-16 11:07:10+00:00,system,load5,4.07,dbms,clickbench,postgresql-indexed-load,1,ip-172-31-19-62,olap,benchANT
2026-05-16 11:07:20+00:00,system,load5,4.06,dbms,clickbench,postgresql-indexed-load,1,ip-172-31-19-62,olap,benchANT
2026-05-16 11:07:30+00:00,system,load5,4.06,dbms,clickbench,postgresql-indexed-load,1,ip-172-31-19-62,olap,benchANT
2026-05-16 11:07:40+00:00,system,load5,4.06,dbms,clickbench,postgresql-indexed-load,1,ip-172-31-19-62,olap,benchANT
2026-05-16 11:07:50+00:00,system,load5,4.07,dbms,clickbench,postgresql-indexed-load,1,ip-172-31-19-62,olap,benchANT
2026-05-16 11:08:00+00:00,system,load5,4.07,dbms,clickbench,postgresql-indexed-load,1,ip-172-31-19-62,olap,benchANT
2026-05-16 11:08:10+00:00,system,load5,4.07,dbms,clickbench,postgresql-indexed-load,1,ip-172-31-19-62,olap,benchANT
2026-05-16 11:08:20+00:00,system,load5,4.06,dbms,clickbench,postgresql-indexed-load,1,ip-172-31-19-62,olap,benchANT
2026-05-16 11:08:30+00:00,system,load5,4.06,dbms,clickbench,postgresql-indexed-load,1,ip-172-31-19-62,olap,benchANT
2026-05-16 11:08:40+00:00,system,load5,4.06,dbms,clickbench,postgresql-indexed-load,1,ip-172-31-19-62,olap,benchANT
2026-05-16 11:08:50+00:00,system,load5,4.06,dbms,clickbench,postgresql-indexed-load,1,ip-172-31-19-62,olap,benchANT
2026-05-16 11:09:00+00:00,system,load5,4.05,dbms,clickbench,postgresql-indexed-load,1,ip-172-31-19-62,olap,benchANT
2026-05-16 11:09:10+00:00,system,load5,4.05,dbms,clickbench,postgresql-indexed-load,1,ip-172-31-19-62,olap,benchANT
2026-05-16 11:09:20+00:00,system,load5,4.05,dbms,clickbench,postgresql-indexed-load,1,ip-172-31-19-62,olap,benchANT
2026-05-16 11:09:30+00:00,system,load5,4.05,dbms,clickbench,postgresql-indexed-load,1,ip-172-31-19-62,olap,benchANT
2026-05-16 11:09:40+00:00,system,load5,4.05,dbms,clickbench,postgresql-indexed-load,1,ip-172-31-19-62,olap,benchANT
2026-05-16 11:09:50+00:00,system,load5,4.04,dbms,clickbench,postgresql-indexed-load,1,ip-172-31-19-62,olap,benchANT
2026-05-16 11:10:00+00:00,system,load5,4.06,dbms,clickbench,postgresql-indexed-load,1,ip-172-31-19-62,olap,benchANT
2026-05-16 11:10:10+00:00,system,load5,4.06,dbms,clickbench,postgresql-indexed-load,1,ip-172-31-19-62,olap,benchANT
2026-05-16 11:10:20+00:00,system,load5,4.05,dbms,clickbench,postgresql-indexed-load,1,ip-172-31-19-62,olap,benchANT
2026-05-16 11:10:30+00:00,system,load5,4.05,dbms,clickbench,postgresql-indexed-load,1,ip-172-31-19-62,olap,benchANT
2026-05-16 11:10:40+00:00,system,load5,4.05,dbms,clickbench,postgresql-indexed-load,1,ip-172-31-19-62,olap,benchANT
2026-05-16 11:10:50+00:00,system,load5,4.05,dbms,clickbench,postgresql-indexed-load,1,ip-172-31-19-62,olap,benchANT
2026-05-16 11:11:00+00:00,system,load5,4.05,dbms,clickbench,postgresql-indexed-load,1,ip-172-31-19-62,olap,benchANT
2026-05-16 11:11:10+00:00,system,load5,4.04,dbms,clickbench,postgresql-indexed-load,1,ip-172-31-19-62,olap,benchANT
2026-05-16 11:11:20+00:00,system,load5,3.99,dbms,clickbench,postgresql-indexed-load,1,ip-172-31-19-62,olap,benchANT
2026-05-16 11:11:30+00:00,system,load5,3.89,dbms,clickbench,postgresql-indexed-load,1,ip-172-31-19-62,olap,benchANT
2026-05-16 11:11:40+00:00,system,load5,3.8,dbms,clickbench,postgresql-indexed-load,1,ip-172-31-19-62,olap,benchANT
2026-05-16 11:11:50+00:00,system,load5,3.71,dbms,clickbench,postgresql-indexed-load,1,ip-172-31-19-62,olap,benchANT
2026-05-16 11:12:00+00:00,system,load5,3.62,dbms,clickbench,postgresql-indexed-load,1,ip-172-31-19-62,olap,benchANT
2026-05-16 11:12:10+00:00,system,load5,3.53,dbms,clickbench,postgresql-indexed-load,1,ip-172-31-19-62,olap,benchANT
2026-05-16 11:12:20+00:00,system,load5,3.45,dbms,clickbench,postgresql-indexed-load,1,ip-172-31-19-62,olap,benchANT
2026-05-16 11:12:30+00:00,system,load5,3.36,dbms,clickbench,postgresql-indexed-load,1,ip-172-31-19-62,olap,benchANT
2026-05-16 11:12:40+00:00,system,load5,3.29,dbms,clickbench,postgresql-indexed-load,1,ip-172-31-19-62,olap,benchANT
2026-05-16 11:12:50+00:00,system,load5,3.21,dbms,clickbench,postgresql-indexed-load,1,ip-172-31-19-62,olap,benchANT
2026-05-16 11:13:00+00:00,system,load5,3.14,dbms,clickbench,postgresql-indexed-load,1,ip-172-31-19-62,olap,benchANT
2026-05-16 11:13:10+00:00,system,load5,3.07,dbms,clickbench,postgresql-indexed-load,1,ip-172-31-19-62,olap,benchANT
2026-05-16 11:13:20+00:00,system,load5,3.0,dbms,clickbench,postgresql-indexed-load,1,ip-172-31-19-62,olap,benchANT
2026-05-16 11:13:30+00:00,system,load5,2.93,dbms,clickbench,postgresql-indexed-load,1,ip-172-31-19-62,olap,benchANT
2026-05-16 11:13:40+00:00,system,load5,2.87,dbms,clickbench,postgresql-indexed-load,1,ip-172-31-19-62,olap,benchANT
2026-05-16 11:13:50+00:00,system,load5,2.81,dbms,clickbench,postgresql-indexed-load,1,ip-172-31-19-62,olap,benchANT
2026-05-16 11:14:00+00:00,system,load5,2.75,dbms,clickbench,postgresql-indexed-load,1,ip-172-31-19-62,olap,benchANT
2026-05-16 11:14:10+00:00,system,load5,2.69,dbms,clickbench,postgresql-indexed-load,1,ip-172-31-19-62,olap,benchANT
2026-05-16 11:14:20+00:00,system,load5,2.63,dbms,clickbench,postgresql-indexed-load,1,ip-172-31-19-62,olap,benchANT
2026-05-16 11:14:30+00:00,system,load5,2.58,dbms,clickbench,postgresql-indexed-load,1,ip-172-31-19-62,olap,benchANT
2026-05-16 11:14:40+00:00,system,load5,2.52,dbms,clickbench,postgresql-indexed-load,1,ip-172-31-19-62,olap,benchANT
2026-05-16 11:14:50+00:00,system,load5,2.47,dbms,clickbench,postgresql-indexed-load,1,ip-172-31-19-62,olap,benchANT
2026-05-16 11:15:00+00:00,system,load5,2.43,dbms,clickbench,postgresql-indexed-load,1,ip-172-31-19-62,olap,benchANT
2026-05-16 11:15:10+00:00,system,load5,2.38,dbms,clickbench,postgresql-indexed-load,1,ip-172-31-19-62,olap,benchANT
2026-05-16 11:15:20+00:00,system,load5,2.33,dbms,clickbench,postgresql-indexed-load,1,ip-172-31-19-62,olap,benchANT
2026-05-16 11:15:30+00:00,system,load5,2.29,dbms,clickbench,postgresql-indexed-load,1,ip-172-31-19-62,olap,benchANT
2026-05-16 11:15:40+00:00,system,load5,2.24,dbms,clickbench,postgresql-indexed-load,1,ip-172-31-19-62,olap,benchANT
2026-05-16 11:15:50+00:00,system,load5,2.2,dbms,clickbench,postgresql-indexed-load,1,ip-172-31-19-62,olap,benchANT
2026-05-16 11:16:00+00:00,system,load5,2.16,dbms,clickbench,postgresql-indexed-load,1,ip-172-31-19-62,olap,benchANT
2026-05-16 11:16:10+00:00,system,load5,2.12,dbms,clickbench,postgresql-indexed-load,1,ip-172-31-19-62,olap,benchANT
2026-05-16 11:16:20+00:00,system,load5,2.09,dbms,clickbench,postgresql-indexed-load,1,ip-172-31-19-62,olap,benchANT
2026-05-16 11:16:30+00:00,system,load5,2.05,dbms,clickbench,postgresql-indexed-load,1,ip-172-31-19-62,olap,benchANT
2026-05-16 11:16:40+00:00,system,load5,2.02,dbms,clickbench,postgresql-indexed-load,1,ip-172-31-19-62,olap,benchANT
2026-05-16 11:16:50+00:00,system,load5,1.98,dbms,clickbench,postgresql-indexed-load,1,ip-172-31-19-62,olap,benchANT
2026-05-16 11:17:00+00:00,system,load5,1.95,dbms,clickbench,postgresql-indexed-load,1,ip-172-31-19-62,olap,benchANT
2026-05-16 11:17:10+00:00,system,load5,1.92,dbms,clickbench,postgresql-indexed-load,1,ip-172-31-19-62,olap,benchANT
2026-05-16 11:17:20+00:00,system,load5,1.89,dbms,clickbench,postgresql-indexed-load,1,ip-172-31-19-62,olap,benchANT
2026-05-16 11:17:30+00:00,system,load5,1.86,dbms,clickbench,postgresql-indexed-load,1,ip-172-31-19-62,olap,benchANT
2026-05-16 11:17:40+00:00,system,load5,1.83,dbms,clickbench,postgresql-indexed-load,1,ip-172-31-19-62,olap,benchANT
2026-05-16 11:17:50+00:00,system,load5,1.8,dbms,clickbench,postgresql-indexed-load,1,ip-172-31-19-62,olap,benchANT
2026-05-16 11:18:00+00:00,system,load5,1.77,dbms,clickbench,postgresql-indexed-load,1,ip-172-31-19-62,olap,benchANT
2026-05-16 11:18:10+00:00,system,load5,1.75,dbms,clickbench,postgresql-indexed-load,1,ip-172-31-19-62,olap,benchANT
2026-05-16 11:18:20+00:00,system,load5,1.72,dbms,clickbench,postgresql-indexed-load,1,ip-172-31-19-62,olap,benchANT
2026-05-16 11:18:30+00:00,system,load5,1.7,dbms,clickbench,postgresql-indexed-load,1,ip-172-31-19-62,olap,benchANT
2026-05-16 11:18:40+00:00,system,load5,1.67,dbms,clickbench,postgresql-indexed-load,1,ip-172-31-19-62,olap,benchANT
2026-05-16 11:18:50+00:00,system,load5,1.65,dbms,clickbench,postgresql-indexed-load,1,ip-172-31-19-62,olap,benchANT
2026-05-16 11:19:00+00:00,system,load5,1.63,dbms,clickbench,postgresql-indexed-load,1,ip-172-31-19-62,olap,benchANT
2026-05-16 11:19:10+00:00,system,load5,1.61,dbms,clickbench,postgresql-indexed-load,1,ip-172-31-19-62,olap,benchANT
2026-05-16 11:19:20+00:00,system,load5,1.61,dbms,clickbench,postgresql-indexed-load,1,ip-172-31-19-62,olap,benchANT
2026-05-16 11:19:30+00:00,system,load5,1.58,dbms,clickbench,postgresql-indexed-load,1,ip-172-31-19-62,olap,benchANT
2026-05-16 11:19:40+00:00,system,load5,1.57,dbms,clickbench,postgresql-indexed-load,1,ip-172-31-19-62,olap,benchANT
2026-05-16 11:19:50+00:00,system,load5,1.55,dbms,clickbench,postgresql-indexed-load,1,ip-172-31-19-62,olap,benchANT
2026-05-16 11:20:00+00:00,system,load5,1.53,dbms,clickbench,postgresql-indexed-load,1,ip-172-31-19-62,olap,benchANT
2026-05-16 11:20:10+00:00,system,load5,1.51,dbms,clickbench,postgresql-indexed-load,1,ip-172-31-19-62,olap,benchANT
2026-05-16 11:20:20+00:00,system,load5,1.49,dbms,clickbench,postgresql-indexed-load,1,ip-172-31-19-62,olap,benchANT
2026-05-16 11:20:30+00:00,system,load5,1.48,dbms,clickbench,postgresql-indexed-load,1,ip-172-31-19-62,olap,benchANT
2026-05-16 11:20:40+00:00,system,load5,1.46,dbms,clickbench,postgresql-indexed-load,1,ip-172-31-19-62,olap,benchANT
2026-05-16 11:20:50+00:00,system,load5,1.44,dbms,clickbench,postgresql-indexed-load,1,ip-172-31-19-62,olap,benchANT
2026-05-16 11:21:00+00:00,system,load5,1.43,dbms,clickbench,postgresql-indexed-load,1,ip-172-31-19-62,olap,benchANT
2026-05-16 11:21:10+00:00,system,load5,1.41,dbms,clickbench,postgresql-indexed-load,1,ip-172-31-19-62,olap,benchANT
2026-05-16 11:21:20+00:00,system,load5,1.4,dbms,clickbench,postgresql-indexed-load,1,ip-172-31-19-62,olap,benchANT
2026-05-16 11:21:30+00:00,system,load5,1.39,dbms,clickbench,postgresql-indexed-load,1,ip-172-31-19-62,olap,benchANT
2026-05-16 11:21:40+00:00,system,load5,1.37,dbms,clickbench,postgresql-indexed-load,1,ip-172-31-19-62,olap,benchANT
2026-05-16 11:21:50+00:00,system,load5,1.36,dbms,clickbench,postgresql-indexed-load,1,ip-172-31-19-62,olap,benchANT
2026-05-16 11:22:00+00:00,system,load5,1.35,dbms,clickbench,postgresql-indexed-load,1,ip-172-31-19-62,olap,benchANT
2026-05-16 11:22:10+00:00,system,load5,1.34,dbms,clickbench,postgresql-indexed-load,1,ip-172-31-19-62,olap,benchANT
2026-05-16 11:22:20+00:00,system,load5,1.32,dbms,clickbench,postgresql-indexed-load,1,ip-172-31-19-62,olap,benchANT
2026-05-16 11:22:30+00:00,system,load5,1.31,dbms,clickbench,postgresql-indexed-load,1,ip-172-31-19-62,olap,benchANT
2026-05-16 11:22:40+00:00,system,load5,1.3,dbms,clickbench,postgresql-indexed-load,1,ip-172-31-19-62,olap,benchANT
2026-05-16 11:22:50+00:00,system,load5,1.29,dbms,clickbench,postgresql-indexed-load,1,ip-172-31-19-62,olap,benchANT
2026-05-16 11:23:00+00:00,system,load5,1.28,dbms,clickbench,postgresql-indexed-load,1,ip-172-31-19-62,olap,benchANT
2026-05-16 11:23:10+00:00,system,load5,1.29,dbms,clickbench,postgresql-indexed-load,1,ip-172-31-19-62,olap,benchANT
2026-05-16 11:23:20+00:00,system,load5,1.28,dbms,clickbench,postgresql-indexed-load,1,ip-172-31-19-62,olap,benchANT
2026-05-16 11:23:30+00:00,system,load5,1.27,dbms,clickbench,postgresql-indexed-load,1,ip-172-31-19-62,olap,benchANT
2026-05-16 11:23:40+00:00,system,load5,1.26,dbms,clickbench,postgresql-indexed-load,1,ip-172-31-19-62,olap,benchANT
2026-05-16 11:23:50+00:00,system,load5,1.25,dbms,clickbench,postgresql-indexed-load,1,ip-172-31-19-62,olap,benchANT
2026-05-16 11:24:00+00:00,system,load5,1.24,dbms,clickbench,postgresql-indexed-load,1,ip-172-31-19-62,olap,benchANT
2026-05-16 11:24:10+00:00,system,load5,1.23,dbms,clickbench,postgresql-indexed-load,1,ip-172-31-19-62,olap,benchANT
2026-05-16 11:24:20+00:00,system,load5,1.23,dbms,clickbench,postgresql-indexed-load,1,ip-172-31-19-62,olap,benchANT
2026-05-16 11:24:30+00:00,system,load5,1.22,dbms,clickbench,postgresql-indexed-load,1,ip-172-31-19-62,olap,benchANT
2026-05-16 11:24:40+00:00,system,load5,1.21,dbms,clickbench,postgresql-indexed-load,1,ip-172-31-19-62,olap,benchANT
2026-05-16 11:24:50+00:00,system,load5,1.2,dbms,clickbench,postgresql-indexed-load,1,ip-172-31-19-62,olap,benchANT
2026-05-16 11:25:00+00:00,system,load5,1.2,dbms,clickbench,postgresql-indexed-load,1,ip-172-31-19-62,olap,benchANT
2026-05-16 11:25:10+00:00,system,load5,1.19,dbms,clickbench,postgresql-indexed-load,1,ip-172-31-19-62,olap,benchANT
2026-05-16 11:25:20+00:00,system,load5,1.18,dbms,clickbench,postgresql-indexed-load,1,ip-172-31-19-62,olap,benchANT
2026-05-16 11:25:30+00:00,system,load5,1.18,dbms,clickbench,postgresql-indexed-load,1,ip-172-31-19-62,olap,benchANT
2026-05-16 11:25:40+00:00,system,load5,1.17,dbms,clickbench,postgresql-indexed-load,1,ip-172-31-19-62,olap,benchANT
2026-05-16 11:25:50+00:00,system,load5,1.16,dbms,clickbench,postgresql-indexed-load,1,ip-172-31-19-62,olap,benchANT
2026-05-16 11:26:00+00:00,system,load5,1.16,dbms,clickbench,postgresql-indexed-load,1,ip-172-31-19-62,olap,benchANT
2026-05-16 11:26:10+00:00,system,load5,1.15,dbms,clickbench,postgresql-indexed-load,1,ip-172-31-19-62,olap,benchANT
2026-05-16 11:26:20+00:00,system,load5,1.15,dbms,clickbench,postgresql-indexed-load,1,ip-172-31-19-62,olap,benchANT
2026-05-16 11:26:30+00:00,system,load5,1.14,dbms,clickbench,postgresql-indexed-load,1,ip-172-31-19-62,olap,benchANT
2026-05-16 11:26:40+00:00,system,load5,1.14,dbms,clickbench,postgresql-indexed-load,1,ip-172-31-19-62,olap,benchANT
2026-05-16 11:26:50+00:00,system,load5,1.13,dbms,clickbench,postgresql-indexed-load,1,ip-172-31-19-62,olap,benchANT
2026-05-16 11:27:00+00:00,system,load5,1.13,dbms,clickbench,postgresql-indexed-load,1,ip-172-31-19-62,olap,benchANT
2026-05-16 11:27:10+00:00,system,load5,1.12,dbms,clickbench,postgresql-indexed-load,1,ip-172-31-19-62,olap,benchANT
2026-05-16 11:27:20+00:00,system,load5,1.12,dbms,clickbench,postgresql-indexed-load,1,ip-172-31-19-62,olap,benchANT
2026-05-16 11:27:30+00:00,system,load5,1.11,dbms,clickbench,postgresql-indexed-load,1,ip-172-31-19-62,olap,benchANT
2026-05-16 11:27:40+00:00,system,load5,1.11,dbms,clickbench,postgresql-indexed-load,1,ip-172-31-19-62,olap,benchANT
2026-05-16 11:27:50+00:00,system,load5,1.1,dbms,clickbench,postgresql-indexed-load,1,ip-172-31-19-62,olap,benchANT
2026-05-16 11:28:00+00:00,system,load5,1.1,dbms,clickbench,postgresql-indexed-load,1,ip-172-31-19-62,olap,benchANT
2026-05-16 11:28:10+00:00,system,load5,1.1,dbms,clickbench,postgresql-indexed-load,1,ip-172-31-19-62,olap,benchANT
2026-05-16 11:28:20+00:00,system,load5,1.09,dbms,clickbench,postgresql-indexed-load,1,ip-172-31-19-62,olap,benchANT
2026-05-16 11:28:30+00:00,system,load5,1.09,dbms,clickbench,postgresql-indexed-load,1,ip-172-31-19-62,olap,benchANT
2026-05-16 11:28:40+00:00,system,load5,1.09,dbms,clickbench,postgresql-indexed-load,1,ip-172-31-19-62,olap,benchANT
2026-05-16 11:28:50+00:00,system,load5,1.08,dbms,clickbench,postgresql-indexed-load,1,ip-172-31-19-62,olap,benchANT
2026-05-16 11:29:00+00:00,system,load5,1.08,dbms,clickbench,postgresql-indexed-load,1,ip-172-31-19-62,olap,benchANT
2026-05-16 11:29:10+00:00,system,load5,1.08,dbms,clickbench,postgresql-indexed-load,1,ip-172-31-19-62,olap,benchANT
2026-05-16 11:29:20+00:00,system,load5,1.07,dbms,clickbench,postgresql-indexed-load,1,ip-172-31-19-62,olap,benchANT
2026-05-16 11:29:30+00:00,system,load5,1.07,dbms,clickbench,postgresql-indexed-load,1,ip-172-31-19-62,olap,benchANT
2026-05-16 11:29:40+00:00,system,load5,1.07,dbms,clickbench,postgresql-indexed-load,1,ip-172-31-19-62,olap,benchANT
2026-05-16 11:29:50+00:00,system,load5,1.07,dbms,clickbench,postgresql-indexed-load,1,ip-172-31-19-62,olap,benchANT
2026-05-16 11:30:00+00:00,system,load5,1.06,dbms,clickbench,postgresql-indexed-load,1,ip-172-31-19-62,olap,benchANT
2026-05-16 11:30:10+00:00,system,load5,1.06,dbms,clickbench,postgresql-indexed-load,1,ip-172-31-19-62,olap,benchANT
2026-05-16 11:30:20+00:00,system,load5,1.06,dbms,clickbench,postgresql-indexed-load,1,ip-172-31-19-62,olap,benchANT
2026-05-16 11:30:30+00:00,system,load5,1.06,dbms,clickbench,postgresql-indexed-load,1,ip-172-31-19-62,olap,benchANT
2026-05-16 11:30:40+00:00,system,load5,1.05,dbms,clickbench,postgresql-indexed-load,1,ip-172-31-19-62,olap,benchANT
2026-05-16 11:30:50+00:00,system,load5,1.05,dbms,clickbench,postgresql-indexed-load,1,ip-172-31-19-62,olap,benchANT
2026-05-16 11:31:00+00:00,system,load5,1.05,dbms,clickbench,postgresql-indexed-load,1,ip-172-31-19-62,olap,benchANT
2026-05-16 11:31:10+00:00,system,load5,1.05,dbms,clickbench,postgresql-indexed-load,1,ip-172-31-19-62,olap,benchANT
2026-05-16 11:31:20+00:00,system,load5,1.05,dbms,clickbench,postgresql-indexed-load,1,ip-172-31-19-62,olap,benchANT
2026-05-16 11:31:30+00:00,system,load5,1.04,dbms,clickbench,postgresql-indexed-load,1,ip-172-31-19-62,olap,benchANT
2026-05-16 11:31:40+00:00,system,load5,1.04,dbms,clickbench,postgresql-indexed-load,1,ip-172-31-19-62,olap,benchANT
2026-05-16 11:31:50+00:00,system,load5,1.04,dbms,clickbench,postgresql-indexed-load,1,ip-172-31-19-62,olap,benchANT
2026-05-16 11:32:00+00:00,system,load5,1.04,dbms,clickbench,postgresql-indexed-load,1,ip-172-31-19-62,olap,benchANT
2026-05-16 11:32:10+00:00,system,load5,1.04,dbms,clickbench,postgresql-indexed-load,1,ip-172-31-19-62,olap,benchANT
2026-05-16 11:32:20+00:00,system,load5,1.03,dbms,clickbench,postgresql-indexed-load,1,ip-172-31-19-62,olap,benchANT
2026-05-16 11:32:30+00:00,system,load5,1.05,dbms,clickbench,postgresql-indexed-load,1,ip-172-31-19-62,olap,benchANT
2026-05-16 11:32:40+00:00,system,load5,1.05,dbms,clickbench,postgresql-indexed-load,1,ip-172-31-19-62,olap,benchANT
2026-05-16 11:32:50+00:00,system,load5,1.04,dbms,clickbench,postgresql-indexed-load,1,ip-172-31-19-62,olap,benchANT
2026-05-16 11:33:00+00:00,system,load5,1.06,dbms,clickbench,postgresql-indexed-load,1,ip-172-31-19-62,olap,benchANT
2026-05-16 11:33:10+00:00,system,load5,1.06,dbms,clickbench,postgresql-indexed-load,1,ip-172-31-19-62,olap,benchANT
2026-05-16 11:33:20+00:00,system,load5,1.06,dbms,clickbench,postgresql-indexed-load,1,ip-172-31-19-62,olap,benchANT
2026-05-16 11:33:30+00:00,system,load5,1.05,dbms,clickbench,postgresql-indexed-load,1,ip-172-31-19-62,olap,benchANT
2026-05-16 11:33:40+00:00,system,load5,1.05,dbms,clickbench,postgresql-indexed-load,1,ip-172-31-19-62,olap,benchANT
2026-05-16 11:33:50+00:00,system,load5,1.05,dbms,clickbench,postgresql-indexed-load,1,ip-172-31-19-62,olap,benchANT
2026-05-16 11:34:00+00:00,system,load5,1.05,dbms,clickbench,postgresql-indexed-load,1,ip-172-31-19-62,olap,benchANT
2026-05-16 11:34:10+00:00,system,load5,1.05,dbms,clickbench,postgresql-indexed-load,1,ip-172-31-19-62,olap,benchANT
2026-05-16 11:34:20+00:00,system,load5,1.04,dbms,clickbench,postgresql-indexed-load,1,ip-172-31-19-62,olap,benchANT
2026-05-16 11:34:30+00:00,system,load5,1.04,dbms,clickbench,postgresql-indexed-load,1,ip-172-31-19-62,olap,benchANT
2026-05-16 11:34:40+00:00,system,load5,1.04,dbms,clickbench,postgresql-indexed-load,1,ip-172-31-19-62,olap,benchANT
2026-05-16 11:34:50+00:00,system,load5,1.04,dbms,clickbench,postgresql-indexed-load,1,ip-172-31-19-62,olap,benchANT
2026-05-16 11:35:00+00:00,system,load5,1.04,dbms,clickbench,postgresql-indexed-load,1,ip-172-31-19-62,olap,benchANT
2026-05-16 11:35:10+00:00,system,load5,1.03,dbms,clickbench,postgresql-indexed-load,1,ip-172-31-19-62,olap,benchANT
2026-05-16 11:35:20+00:00,system,load5,1.03,dbms,clickbench,postgresql-indexed-load,1,ip-172-31-19-62,olap,benchANT
2026-05-16 11:35:30+00:00,system,load5,1.03,dbms,clickbench,postgresql-indexed-load,1,ip-172-31-19-62,olap,benchANT
2026-05-16 11:35:40+00:00,system,load5,1.03,dbms,clickbench,postgresql-indexed-load,1,ip-172-31-19-62,olap,benchANT
2026-05-16 11:35:50+00:00,system,load5,1.03,dbms,clickbench,postgresql-indexed-load,1,ip-172-31-19-62,olap,benchANT
2026-05-16 11:36:00+00:00,system,load5,1.03,dbms,clickbench,postgresql-indexed-load,1,ip-172-31-19-62,olap,benchANT
2026-05-16 11:36:10+00:00,system,load5,1.03,dbms,clickbench,postgresql-indexed-load,1,ip-172-31-19-62,olap,benchANT
2026-05-16 11:36:20+00:00,system,load5,1.02,dbms,clickbench,postgresql-indexed-load,1,ip-172-31-19-62,olap,benchANT
2026-05-16 11:36:30+00:00,system,load5,1.02,dbms,clickbench,postgresql-indexed-load,1,ip-172-31-19-62,olap,benchANT
2026-05-16 11:36:40+00:00,system,load5,1.02,dbms,clickbench,postgresql-indexed-load,1,ip-172-31-19-62,olap,benchANT
2026-05-16 11:36:50+00:00,system,load5,1.02,dbms,clickbench,postgresql-indexed-load,1,ip-172-31-19-62,olap,benchANT
2026-05-16 11:37:00+00:00,system,load5,1.02,dbms,clickbench,postgresql-indexed-load,1,ip-172-31-19-62,olap,benchANT
2026-05-16 11:37:10+00:00,system,load5,1.02,dbms,clickbench,postgresql-indexed-load,1,ip-172-31-19-62,olap,benchANT
2026-05-16 11:37:20+00:00,system,load5,1.02,dbms,clickbench,postgresql-indexed-load,1,ip-172-31-19-62,olap,benchANT
2026-05-16 11:37:30+00:00,system,load5,1.02,dbms,clickbench,postgresql-indexed-load,1,ip-172-31-19-62,olap,benchANT
2026-05-16 11:37:40+00:00,system,load5,1.02,dbms,clickbench,postgresql-indexed-load,1,ip-172-31-19-62,olap,benchANT
2026-05-16 11:37:50+00:00,system,load5,1.02,dbms,clickbench,postgresql-indexed-load,1,ip-172-31-19-62,olap,benchANT
2026-05-16 11:38:00+00:00,system,load5,1.02,dbms,clickbench,postgresql-indexed-load,1,ip-172-31-19-62,olap,benchANT
2026-05-16 11:38:10+00:00,system,load5,1.01,dbms,clickbench,postgresql-indexed-load,1,ip-172-31-19-62,olap,benchANT
2026-05-16 11:38:20+00:00,system,load5,1.01,dbms,clickbench,postgresql-indexed-load,1,ip-172-31-19-62,olap,benchANT
2026-05-16 11:38:30+00:00,system,load5,1.01,dbms,clickbench,postgresql-indexed-load,1,ip-172-31-19-62,olap,benchANT
2026-05-16 11:38:40+00:00,system,load5,1.01,dbms,clickbench,postgresql-indexed-load,1,ip-172-31-19-62,olap,benchANT
2026-05-16 11:38:50+00:00,system,load5,1.01,dbms,clickbench,postgresql-indexed-load,1,ip-172-31-19-62,olap,benchANT
2026-05-16 11:39:00+00:00,system,load5,1.01,dbms,clickbench,postgresql-indexed-load,1,ip-172-31-19-62,olap,benchANT
2026-05-16 11:39:10+00:00,system,load5,1.01,dbms,clickbench,postgresql-indexed-load,1,ip-172-31-19-62,olap,benchANT
2026-05-16 11:39:20+00:00,system,load5,1.01,dbms,clickbench,postgresql-indexed-load,1,ip-172-31-19-62,olap,benchANT
2026-05-16 11:39:30+00:00,system,load5,1.01,dbms,clickbench,postgresql-indexed-load,1,ip-172-31-19-62,olap,benchANT
2026-05-16 11:39:40+00:00,system,load5,1.01,dbms,clickbench,postgresql-indexed-load,1,ip-172-31-19-62,olap,benchANT
2026-05-16 11:39:50+00:00,system,load5,1.0,dbms,clickbench,postgresql-indexed-load,1,ip-172-31-19-62,olap,benchANT
2026-05-16 11:40:00+00:00,system,load5,1.0,dbms,clickbench,postgresql-indexed-load,1,ip-172-31-19-62,olap,benchANT
2026-05-16 11:40:10+00:00,system,load5,1.0,dbms,clickbench,postgresql-indexed-load,1,ip-172-31-19-62,olap,benchANT
2026-05-16 11:40:20+00:00,system,load5,1.0,dbms,clickbench,postgresql-indexed-load,1,ip-172-31-19-62,olap,benchANT
2026-05-16 11:40:30+00:00,system,load5,1.0,dbms,clickbench,postgresql-indexed-load,1,ip-172-31-19-62,olap,benchANT
2026-05-16 11:40:40+00:00,system,load5,1.0,dbms,clickbench,postgresql-indexed-load,1,ip-172-31-19-62,olap,benchANT
2026-05-16 11:40:50+00:00,system,load5,1.0,dbms,clickbench,postgresql-indexed-load,1,ip-172-31-19-62,olap,benchANT
2026-05-16 11:41:00+00:00,system,load5,1.0,dbms,clickbench,postgresql-indexed-load,1,ip-172-31-19-62,olap,benchANT
2026-05-16 11:41:10+00:00,system,load5,1.0,dbms,clickbench,postgresql-indexed-load,1,ip-172-31-19-62,olap,benchANT
2026-05-16 11:41:20+00:00,system,load5,1.0,dbms,clickbench,postgresql-indexed-load,1,ip-172-31-19-62,olap,benchANT
2026-05-16 11:41:30+00:00,system,load5,1.0,dbms,clickbench,postgresql-indexed-load,1,ip-172-31-19-62,olap,benchANT
2026-05-16 11:41:40+00:00,system,load5,1.0,dbms,clickbench,postgresql-indexed-load,1,ip-172-31-19-62,olap,benchANT
2026-05-16 11:41:50+00:00,system,load5,1.0,dbms,clickbench,postgresql-indexed-load,1,ip-172-31-19-62,olap,benchANT
2026-05-16 11:42:00+00:00,system,load5,1.0,dbms,clickbench,postgresql-indexed-load,1,ip-172-31-19-62,olap,benchANT
2026-05-16 11:42:10+00:00,system,load5,1.0,dbms,clickbench,postgresql-indexed-load,1,ip-172-31-19-62,olap,benchANT
2026-05-16 11:42:20+00:00,system,load5,1.0,dbms,clickbench,postgresql-indexed-load,1,ip-172-31-19-62,olap,benchANT
2026-05-16 11:42:30+00:00,system,load5,1.0,dbms,clickbench,postgresql-indexed-load,1,ip-172-31-19-62,olap,benchANT
2026-05-16 11:42:40+00:00,system,load5,1.0,dbms,clickbench,postgresql-indexed-load,1,ip-172-31-19-62,olap,benchANT
2026-05-16 11:42:50+00:00,system,load5,1.0,dbms,clickbench,postgresql-indexed-load,1,ip-172-31-19-62,olap,benchANT
2026-05-16 11:43:00+00:00,system,load5,1.0,dbms,clickbench,postgresql-indexed-load,1,ip-172-31-19-62,olap,benchANT
2026-05-16 11:43:10+00:00,system,load5,1.0,dbms,clickbench,postgresql-indexed-load,1,ip-172-31-19-62,olap,benchANT
2026-05-16 11:43:20+00:00,system,load5,1.0,dbms,clickbench,postgresql-indexed-load,1,ip-172-31-19-62,olap,benchANT
2026-05-16 11:43:30+00:00,system,load5,1.0,dbms,clickbench,postgresql-indexed-load,1,ip-172-31-19-62,olap,benchANT
2026-05-16 11:43:40+00:00,system,load5,1.0,dbms,clickbench,postgresql-indexed-load,1,ip-172-31-19-62,olap,benchANT
2026-05-16 11:43:50+00:00,system,load5,1.0,dbms,clickbench,postgresql-indexed-load,1,ip-172-31-19-62,olap,benchANT
2026-05-16 11:44:00+00:00,system,load5,1.0,dbms,clickbench,postgresql-indexed-load,1,ip-172-31-19-62,olap,benchANT
2026-05-16 11:44:10+00:00,system,load5,1.0,dbms,clickbench,postgresql-indexed-load,1,ip-172-31-19-62,olap,benchANT
2026-05-16 11:44:20+00:00,system,load5,1.0,dbms,clickbench,postgresql-indexed-load,1,ip-172-31-19-62,olap,benchANT
2026-05-16 11:44:30+00:00,system,load5,1.0,dbms,clickbench,postgresql-indexed-load,1,ip-172-31-19-62,olap,benchANT
2026-05-16 11:44:40+00:00,system,load5,1.0,dbms,clickbench,postgresql-indexed-load,1,ip-172-31-19-62,olap,benchANT
2026-05-16 11:44:50+00:00,system,load5,1.0,dbms,clickbench,postgresql-indexed-load,1,ip-172-31-19-62,olap,benchANT
2026-05-16 11:45:00+00:00,system,load5,1.0,dbms,clickbench,postgresql-indexed-load,1,ip-172-31-19-62,olap,benchANT
2026-05-16 11:45:10+00:00,system,load5,1.0,dbms,clickbench,postgresql-indexed-load,1,ip-172-31-19-62,olap,benchANT
2026-05-16 11:45:20+00:00,system,load5,1.0,dbms,clickbench,postgresql-indexed-load,1,ip-172-31-19-62,olap,benchANT
2026-05-16 11:45:30+00:00,system,load5,1.0,dbms,clickbench,postgresql-indexed-load,1,ip-172-31-19-62,olap,benchANT
2026-05-16 11:45:40+00:00,system,load5,1.0,dbms,clickbench,postgresql-indexed-load,1,ip-172-31-19-62,olap,benchANT
2026-05-16 11:45:50+00:00,system,load5,1.0,dbms,clickbench,postgresql-indexed-load,1,ip-172-31-19-62,olap,benchANT
2026-05-16 11:46:00+00:00,system,load5,1.0,dbms,clickbench,postgresql-indexed-load,1,ip-172-31-19-62,olap,benchANT
2026-05-16 11:46:10+00:00,system,load5,1.0,dbms,clickbench,postgresql-indexed-load,1,ip-172-31-19-62,olap,benchANT
2026-05-16 11:46:20+00:00,system,load5,1.0,dbms,clickbench,postgresql-indexed-load,1,ip-172-31-19-62,olap,benchANT
2026-05-16 11:46:30+00:00,system,load5,1.0,dbms,clickbench,postgresql-indexed-load,1,ip-172-31-19-62,olap,benchANT
2026-05-16 11:46:40+00:00,system,load5,1.0,dbms,clickbench,postgresql-indexed-load,1,ip-172-31-19-62,olap,benchANT
2026-05-16 11:46:50+00:00,system,load5,1.0,dbms,clickbench,postgresql-indexed-load,1,ip-172-31-19-62,olap,benchANT
2026-05-16 11:47:00+00:00,system,load5,1.0,dbms,clickbench,postgresql-indexed-load,1,ip-172-31-19-62,olap,benchANT
2026-05-16 11:47:10+00:00,system,load5,1.0,dbms,clickbench,postgresql-indexed-load,1,ip-172-31-19-62,olap,benchANT
2026-05-16 11:47:20+00:00,system,load5,1.02,dbms,clickbench,postgresql-indexed-load,1,ip-172-31-19-62,olap,benchANT
2026-05-16 11:47:30+00:00,system,load5,1.02,dbms,clickbench,postgresql-indexed-load,1,ip-172-31-19-62,olap,benchANT
2026-05-16 11:47:40+00:00,system,load5,1.01,dbms,clickbench,postgresql-indexed-load,1,ip-172-31-19-62,olap,benchANT
2026-05-16 11:47:50+00:00,system,load5,1.01,dbms,clickbench,postgresql-indexed-load,1,ip-172-31-19-62,olap,benchANT
2026-05-16 11:48:00+00:00,system,load5,1.11,dbms,clickbench,postgresql-indexed-load,1,ip-172-31-19-62,olap,benchANT
2026-05-16 11:48:10+00:00,system,load5,1.21,dbms,clickbench,postgresql-indexed-load,1,ip-172-31-19-62,olap,benchANT
2026-05-16 11:48:20+00:00,system,load5,1.3,dbms,clickbench,postgresql-indexed-load,1,ip-172-31-19-62,olap,benchANT
2026-05-16 11:48:30+00:00,system,load5,1.39,dbms,clickbench,postgresql-indexed-load,1,ip-172-31-19-62,olap,benchANT
2026-05-16 11:48:40+00:00,system,load5,1.48,dbms,clickbench,postgresql-indexed-load,1,ip-172-31-19-62,olap,benchANT
2026-05-16 11:48:50+00:00,system,load5,1.56,dbms,clickbench,postgresql-indexed-load,1,ip-172-31-19-62,olap,benchANT
2026-05-16 11:49:00+00:00,system,load5,1.64,dbms,clickbench,postgresql-indexed-load,1,ip-172-31-19-62,olap,benchANT
2026-05-16 11:49:10+00:00,system,load5,1.72,dbms,clickbench,postgresql-indexed-load,1,ip-172-31-19-62,olap,benchANT
2026-05-16 11:49:20+00:00,system,load5,1.79,dbms,clickbench,postgresql-indexed-load,1,ip-172-31-19-62,olap,benchANT
2026-05-16 11:49:30+00:00,system,load5,1.87,dbms,clickbench,postgresql-indexed-load,1,ip-172-31-19-62,olap,benchANT
2026-05-16 11:49:40+00:00,system,load5,1.94,dbms,clickbench,postgresql-indexed-load,1,ip-172-31-19-62,olap,benchANT
2026-05-16 11:49:50+00:00,system,load5,2.01,dbms,clickbench,postgresql-indexed-load,1,ip-172-31-19-62,olap,benchANT
2026-05-16 11:50:00+00:00,system,load5,2.07,dbms,clickbench,postgresql-indexed-load,1,ip-172-31-19-62,olap,benchANT
2026-05-16 11:50:10+00:00,system,load5,2.14,dbms,clickbench,postgresql-indexed-load,1,ip-172-31-19-62,olap,benchANT
2026-05-16 11:50:20+00:00,system,load5,2.2,dbms,clickbench,postgresql-indexed-load,1,ip-172-31-19-62,olap,benchANT
2026-05-16 11:50:30+00:00,system,load5,2.26,dbms,clickbench,postgresql-indexed-load,1,ip-172-31-19-62,olap,benchANT
2026-05-16 11:50:40+00:00,system,load5,2.32,dbms,clickbench,postgresql-indexed-load,1,ip-172-31-19-62,olap,benchANT
2026-05-16 11:50:50+00:00,system,load5,2.37,dbms,clickbench,postgresql-indexed-load,1,ip-172-31-19-62,olap,benchANT
2026-05-16 11:51:00+00:00,system,load5,2.43,dbms,clickbench,postgresql-indexed-load,1,ip-172-31-19-62,olap,benchANT
2026-05-16 11:51:10+00:00,system,load5,2.48,dbms,clickbench,postgresql-indexed-load,1,ip-172-31-19-62,olap,benchANT
2026-05-16 11:51:20+00:00,system,load5,2.53,dbms,clickbench,postgresql-indexed-load,1,ip-172-31-19-62,olap,benchANT
2026-05-16 11:51:30+00:00,system,load5,2.58,dbms,clickbench,postgresql-indexed-load,1,ip-172-31-19-62,olap,benchANT
2026-05-16 11:51:40+00:00,system,load5,2.63,dbms,clickbench,postgresql-indexed-load,1,ip-172-31-19-62,olap,benchANT
2026-05-16 11:51:50+00:00,system,load5,2.67,dbms,clickbench,postgresql-indexed-load,1,ip-172-31-19-62,olap,benchANT
2026-05-16 11:52:00+00:00,system,load5,2.72,dbms,clickbench,postgresql-indexed-load,1,ip-172-31-19-62,olap,benchANT
2026-05-16 11:52:10+00:00,system,load5,2.76,dbms,clickbench,postgresql-indexed-load,1,ip-172-31-19-62,olap,benchANT
2026-05-16 11:52:20+00:00,system,load5,2.8,dbms,clickbench,postgresql-indexed-load,1,ip-172-31-19-62,olap,benchANT
2026-05-16 11:52:30+00:00,system,load5,2.84,dbms,clickbench,postgresql-indexed-load,1,ip-172-31-19-62,olap,benchANT
2026-05-16 11:52:40+00:00,system,load5,2.88,dbms,clickbench,postgresql-indexed-load,1,ip-172-31-19-62,olap,benchANT
2026-05-16 11:52:50+00:00,system,load5,2.92,dbms,clickbench,postgresql-indexed-load,1,ip-172-31-19-62,olap,benchANT
2026-05-16 11:53:00+00:00,system,load5,2.95,dbms,clickbench,postgresql-indexed-load,1,ip-172-31-19-62,olap,benchANT
2026-05-16 11:53:10+00:00,system,load5,2.99,dbms,clickbench,postgresql-indexed-load,1,ip-172-31-19-62,olap,benchANT
2026-05-16 11:53:20+00:00,system,load5,3.02,dbms,clickbench,postgresql-indexed-load,1,ip-172-31-19-62,olap,benchANT
2026-05-16 11:53:30+00:00,system,load5,3.05,dbms,clickbench,postgresql-indexed-load,1,ip-172-31-19-62,olap,benchANT
2026-05-16 11:53:40+00:00,system,load5,3.1,dbms,clickbench,postgresql-indexed-load,1,ip-172-31-19-62,olap,benchANT
2026-05-16 11:53:50+00:00,system,load5,3.13,dbms,clickbench,postgresql-indexed-load,1,ip-172-31-19-62,olap,benchANT
2026-05-16 11:54:00+00:00,system,load5,3.16,dbms,clickbench,postgresql-indexed-load,1,ip-172-31-19-62,olap,benchANT
2026-05-16 11:54:10+00:00,system,load5,3.21,dbms,clickbench,postgresql-indexed-load,1,ip-172-31-19-62,olap,benchANT
2026-05-16 11:54:20+00:00,system,load5,3.23,dbms,clickbench,postgresql-indexed-load,1,ip-172-31-19-62,olap,benchANT
2026-05-16 11:54:30+00:00,system,load5,3.26,dbms,clickbench,postgresql-indexed-load,1,ip-172-31-19-62,olap,benchANT
2026-05-16 11:54:40+00:00,system,load5,3.28,dbms,clickbench,postgresql-indexed-load,1,ip-172-31-19-62,olap,benchANT
2026-05-16 11:54:50+00:00,system,load5,3.31,dbms,clickbench,postgresql-indexed-load,1,ip-172-31-19-62,olap,benchANT
2026-05-16 11:55:00+00:00,system,load5,3.33,dbms,clickbench,postgresql-indexed-load,1,ip-172-31-19-62,olap,benchANT
2026-05-16 11:55:10+00:00,system,load5,3.35,dbms,clickbench,postgresql-indexed-load,1,ip-172-31-19-62,olap,benchANT
2026-05-16 11:55:20+00:00,system,load5,3.37,dbms,clickbench,postgresql-indexed-load,1,ip-172-31-19-62,olap,benchANT
2026-05-16 11:55:30+00:00,system,load5,3.4,dbms,clickbench,postgresql-indexed-load,1,ip-172-31-19-62,olap,benchANT
2026-05-16 11:55:40+00:00,system,load5,3.42,dbms,clickbench,postgresql-indexed-load,1,ip-172-31-19-62,olap,benchANT
2026-05-16 11:55:50+00:00,system,load5,3.44,dbms,clickbench,postgresql-indexed-load,1,ip-172-31-19-62,olap,benchANT
2026-05-16 11:56:00+00:00,system,load5,3.45,dbms,clickbench,postgresql-indexed-load,1,ip-172-31-19-62,olap,benchANT
2026-05-16 11:56:10+00:00,system,load5,3.47,dbms,clickbench,postgresql-indexed-load,1,ip-172-31-19-62,olap,benchANT
2026-05-16 11:56:20+00:00,system,load5,3.49,dbms,clickbench,postgresql-indexed-load,1,ip-172-31-19-62,olap,benchANT
2026-05-16 11:56:30+00:00,system,load5,3.51,dbms,clickbench,postgresql-indexed-load,1,ip-172-31-19-62,olap,benchANT
2026-05-16 11:56:40+00:00,system,load5,3.43,dbms,clickbench,postgresql-indexed-load,1,ip-172-31-19-62,olap,benchANT
2026-05-16 11:56:50+00:00,system,load5,3.34,dbms,clickbench,postgresql-indexed-load,1,ip-172-31-19-62,olap,benchANT
2026-05-16 11:57:00+00:00,system,load5,3.32,dbms,clickbench,postgresql-indexed-load,1,ip-172-31-19-62,olap,benchANT
2026-05-16 11:57:10+00:00,system,load5,3.34,dbms,clickbench,postgresql-indexed-load,1,ip-172-31-19-62,olap,benchANT
2026-05-16 11:57:20+00:00,system,load5,3.36,dbms,clickbench,postgresql-indexed-load,1,ip-172-31-19-62,olap,benchANT
2026-05-16 11:57:30+00:00,system,load5,3.38,dbms,clickbench,postgresql-indexed-load,1,ip-172-31-19-62,olap,benchANT
2026-05-16 11:57:40+00:00,system,load5,3.4,dbms,clickbench,postgresql-indexed-load,1,ip-172-31-19-62,olap,benchANT
2026-05-16 11:57:50+00:00,system,load5,3.46,dbms,clickbench,postgresql-indexed-load,1,ip-172-31-19-62,olap,benchANT
2026-05-16 11:58:00+00:00,system,load5,3.48,dbms,clickbench,postgresql-indexed-load,1,ip-172-31-19-62,olap,benchANT
2026-05-16 11:58:10+00:00,system,load5,3.49,dbms,clickbench,postgresql-indexed-load,1,ip-172-31-19-62,olap,benchANT
2026-05-16 11:58:20+00:00,system,load5,3.53,dbms,clickbench,postgresql-indexed-load,1,ip-172-31-19-62,olap,benchANT
2026-05-16 11:58:30+00:00,system,load5,3.54,dbms,clickbench,postgresql-indexed-load,1,ip-172-31-19-62,olap,benchANT
2026-05-16 11:58:40+00:00,system,load5,3.56,dbms,clickbench,postgresql-indexed-load,1,ip-172-31-19-62,olap,benchANT
2026-05-16 11:58:50+00:00,system,load5,3.57,dbms,clickbench,postgresql-indexed-load,1,ip-172-31-19-62,olap,benchANT
2026-05-16 11:59:00+00:00,system,load5,3.59,dbms,clickbench,postgresql-indexed-load,1,ip-172-31-19-62,olap,benchANT
2026-05-16 11:59:10+00:00,system,load5,3.6,dbms,clickbench,postgresql-indexed-load,1,ip-172-31-19-62,olap,benchANT
2026-05-16 11:59:20+00:00,system,load5,3.62,dbms,clickbench,postgresql-indexed-load,1,ip-172-31-19-62,olap,benchANT
2026-05-16 11:59:30+00:00,system,load5,3.63,dbms,clickbench,postgresql-indexed-load,1,ip-172-31-19-62,olap,benchANT
2026-05-16 11:59:40+00:00,system,load5,3.64,dbms,clickbench,postgresql-indexed-load,1,ip-172-31-19-62,olap,benchANT
2026-05-16 11:59:50+00:00,system,load5,3.65,dbms,clickbench,postgresql-indexed-load,1,ip-172-31-19-62,olap,benchANT
2026-05-16 12:00:00+00:00,system,load5,3.67,dbms,clickbench,postgresql-indexed-load,1,ip-172-31-19-62,olap,benchANT
2026-05-16 12:00:10+00:00,system,load5,3.68,dbms,clickbench,postgresql-indexed-load,1,ip-172-31-19-62,olap,benchANT
2026-05-16 12:00:20+00:00,system,load5,3.69,dbms,clickbench,postgresql-indexed-load,1,ip-172-31-19-62,olap,benchANT
2026-05-16 12:00:30+00:00,system,load5,3.7,dbms,clickbench,postgresql-indexed-load,1,ip-172-31-19-62,olap,benchANT
2026-05-16 12:00:40+00:00,system,load5,3.71,dbms,clickbench,postgresql-indexed-load,1,ip-172-31-19-62,olap,benchANT
2026-05-16 12:00:50+00:00,system,load5,3.72,dbms,clickbench,postgresql-indexed-load,1,ip-172-31-19-62,olap,benchANT
2026-05-16 12:01:00+00:00,system,load5,3.73,dbms,clickbench,postgresql-indexed-load,1,ip-172-31-19-62,olap,benchANT
2026-05-16 12:01:10+00:00,system,load5,3.74,dbms,clickbench,postgresql-indexed-load,1,ip-172-31-19-62,olap,benchANT
2026-05-16 12:01:20+00:00,system,load5,3.75,dbms,clickbench,postgresql-indexed-load,1,ip-172-31-19-62,olap,benchANT
2026-05-16 12:01:30+00:00,system,load5,3.76,dbms,clickbench,postgresql-indexed-load,1,ip-172-31-19-62,olap,benchANT
2026-05-16 12:01:40+00:00,system,load5,3.77,dbms,clickbench,postgresql-indexed-load,1,ip-172-31-19-62,olap,benchANT
2026-05-16 12:01:50+00:00,system,load5,3.77,dbms,clickbench,postgresql-indexed-load,1,ip-172-31-19-62,olap,benchANT
2026-05-16 12:02:00+00:00,system,load5,3.78,dbms,clickbench,postgresql-indexed-load,1,ip-172-31-19-62,olap,benchANT
2026-05-16 12:02:10+00:00,system,load5,3.79,dbms,clickbench,postgresql-indexed-load,1,ip-172-31-19-62,olap,benchANT
2026-05-16 12:02:20+00:00,system,load5,3.8,dbms,clickbench,postgresql-indexed-load,1,ip-172-31-19-62,olap,benchANT
2026-05-16 12:02:30+00:00,system,load5,3.82,dbms,clickbench,postgresql-indexed-load,1,ip-172-31-19-62,olap,benchANT
2026-05-16 12:02:40+00:00,system,load5,3.83,dbms,clickbench,postgresql-indexed-load,1,ip-172-31-19-62,olap,benchANT
2026-05-16 12:02:50+00:00,system,load5,3.83,dbms,clickbench,postgresql-indexed-load,1,ip-172-31-19-62,olap,benchANT
2026-05-16 12:03:00+00:00,system,load5,3.84,dbms,clickbench,postgresql-indexed-load,1,ip-172-31-19-62,olap,benchANT
2026-05-16 12:03:10+00:00,system,load5,3.84,dbms,clickbench,postgresql-indexed-load,1,ip-172-31-19-62,olap,benchANT
2026-05-16 12:03:20+00:00,system,load5,3.85,dbms,clickbench,postgresql-indexed-load,1,ip-172-31-19-62,olap,benchANT
2026-05-16 12:03:30+00:00,system,load5,3.86,dbms,clickbench,postgresql-indexed-load,1,ip-172-31-19-62,olap,benchANT
2026-05-16 12:03:40+00:00,system,load5,3.86,dbms,clickbench,postgresql-indexed-load,1,ip-172-31-19-62,olap,benchANT
2026-05-16 12:03:50+00:00,system,load5,3.87,dbms,clickbench,postgresql-indexed-load,1,ip-172-31-19-62,olap,benchANT
2026-05-16 12:04:00+00:00,system,load5,3.87,dbms,clickbench,postgresql-indexed-load,1,ip-172-31-19-62,olap,benchANT
2026-05-16 12:04:10+00:00,system,load5,3.87,dbms,clickbench,postgresql-indexed-load,1,ip-172-31-19-62,olap,benchANT
2026-05-16 12:04:20+00:00,system,load5,3.88,dbms,clickbench,postgresql-indexed-load,1,ip-172-31-19-62,olap,benchANT
2026-05-16 12:04:30+00:00,system,load5,3.88,dbms,clickbench,postgresql-indexed-load,1,ip-172-31-19-62,olap,benchANT
2026-05-16 12:04:40+00:00,system,load5,3.91,dbms,clickbench,postgresql-indexed-load,1,ip-172-31-19-62,olap,benchANT
2026-05-16 12:04:50+00:00,system,load5,3.91,dbms,clickbench,postgresql-indexed-load,1,ip-172-31-19-62,olap,benchANT
2026-05-16 12:05:00+00:00,system,load5,3.91,dbms,clickbench,postgresql-indexed-load,1,ip-172-31-19-62,olap,benchANT
2026-05-16 12:05:10+00:00,system,load5,3.93,dbms,clickbench,postgresql-indexed-load,1,ip-172-31-19-62,olap,benchANT
2026-05-16 12:05:20+00:00,system,load5,3.94,dbms,clickbench,postgresql-indexed-load,1,ip-172-31-19-62,olap,benchANT
2026-05-16 12:05:30+00:00,system,load5,3.94,dbms,clickbench,postgresql-indexed-load,1,ip-172-31-19-62,olap,benchANT
2026-05-16 12:05:40+00:00,system,load5,3.94,dbms,clickbench,postgresql-indexed-load,1,ip-172-31-19-62,olap,benchANT
2026-05-16 12:05:50+00:00,system,load5,3.94,dbms,clickbench,postgresql-indexed-load,1,ip-172-31-19-62,olap,benchANT
2026-05-16 12:06:00+00:00,system,load5,3.95,dbms,clickbench,postgresql-indexed-load,1,ip-172-31-19-62,olap,benchANT
2026-05-16 12:06:10+00:00,system,load5,3.95,dbms,clickbench,postgresql-indexed-load,1,ip-172-31-19-62,olap,benchANT
2026-05-16 12:06:20+00:00,system,load5,3.97,dbms,clickbench,postgresql-indexed-load,1,ip-172-31-19-62,olap,benchANT
2026-05-16 12:06:30+00:00,system,load5,3.97,dbms,clickbench,postgresql-indexed-load,1,ip-172-31-19-62,olap,benchANT
2026-05-16 12:06:40+00:00,system,load5,3.97,dbms,clickbench,postgresql-indexed-load,1,ip-172-31-19-62,olap,benchANT
2026-05-16 12:06:50+00:00,system,load5,3.97,dbms,clickbench,postgresql-indexed-load,1,ip-172-31-19-62,olap,benchANT
2026-05-16 12:07:00+00:00,system,load5,3.97,dbms,clickbench,postgresql-indexed-load,1,ip-172-31-19-62,olap,benchANT
2026-05-16 12:07:10+00:00,system,load5,3.97,dbms,clickbench,postgresql-indexed-load,1,ip-172-31-19-62,olap,benchANT
2026-05-16 12:07:20+00:00,system,load5,3.99,dbms,clickbench,postgresql-indexed-load,1,ip-172-31-19-62,olap,benchANT
2026-05-16 12:07:30+00:00,system,load5,3.99,dbms,clickbench,postgresql-indexed-load,1,ip-172-31-19-62,olap,benchANT
2026-05-16 12:07:40+00:00,system,load5,3.99,dbms,clickbench,postgresql-indexed-load,1,ip-172-31-19-62,olap,benchANT
2026-05-16 12:07:50+00:00,system,load5,3.99,dbms,clickbench,postgresql-indexed-load,1,ip-172-31-19-62,olap,benchANT
2026-05-16 12:08:00+00:00,system,load5,3.99,dbms,clickbench,postgresql-indexed-load,1,ip-172-31-19-62,olap,benchANT
2026-05-16 12:08:10+00:00,system,load5,4.0,dbms,clickbench,postgresql-indexed-load,1,ip-172-31-19-62,olap,benchANT
2026-05-16 12:08:20+00:00,system,load5,4.0,dbms,clickbench,postgresql-indexed-load,1,ip-172-31-19-62,olap,benchANT
2026-05-16 12:08:30+00:00,system,load5,4.0,dbms,clickbench,postgresql-indexed-load,1,ip-172-31-19-62,olap,benchANT
2026-05-16 12:08:40+00:00,system,load5,4.0,dbms,clickbench,postgresql-indexed-load,1,ip-172-31-19-62,olap,benchANT
2026-05-16 12:08:50+00:00,system,load5,4.0,dbms,clickbench,postgresql-indexed-load,1,ip-172-31-19-62,olap,benchANT
2026-05-16 12:09:00+00:00,system,load5,4.0,dbms,clickbench,postgresql-indexed-load,1,ip-172-31-19-62,olap,benchANT
2026-05-16 12:09:10+00:00,system,load5,4.0,dbms,clickbench,postgresql-indexed-load,1,ip-172-31-19-62,olap,benchANT
2026-05-16 12:09:20+00:00,system,load5,4.0,dbms,clickbench,postgresql-indexed-load,1,ip-172-31-19-62,olap,benchANT
2026-05-16 12:09:30+00:00,system,load5,4.0,dbms,clickbench,postgresql-indexed-load,1,ip-172-31-19-62,olap,benchANT
2026-05-16 12:09:40+00:00,system,load5,4.0,dbms,clickbench,postgresql-indexed-load,1,ip-172-31-19-62,olap,benchANT
2026-05-16 12:09:50+00:00,system,load5,4.0,dbms,clickbench,postgresql-indexed-load,1,ip-172-31-19-62,olap,benchANT
2026-05-16 12:10:00+00:00,system,load5,4.0,dbms,clickbench,postgresql-indexed-load,1,ip-172-31-19-62,olap,benchANT
2026-05-16 12:10:10+00:00,system,load5,4.02,dbms,clickbench,postgresql-indexed-load,1,ip-172-31-19-62,olap,benchANT
2026-05-16 12:10:20+00:00,system,load5,4.02,dbms,clickbench,postgresql-indexed-load,1,ip-172-31-19-62,olap,benchANT
2026-05-16 12:10:30+00:00,system,load5,4.01,dbms,clickbench,postgresql-indexed-load,1,ip-172-31-19-62,olap,benchANT
2026-05-16 12:10:40+00:00,system,load5,4.01,dbms,clickbench,postgresql-indexed-load,1,ip-172-31-19-62,olap,benchANT
2026-05-16 12:10:50+00:00,system,load5,4.01,dbms,clickbench,postgresql-indexed-load,1,ip-172-31-19-62,olap,benchANT
2026-05-16 12:11:00+00:00,system,load5,4.01,dbms,clickbench,postgresql-indexed-load,1,ip-172-31-19-62,olap,benchANT
2026-05-16 12:11:10+00:00,system,load5,4.01,dbms,clickbench,postgresql-indexed-load,1,ip-172-31-19-62,olap,benchANT
2026-05-16 12:11:20+00:00,system,load5,4.03,dbms,clickbench,postgresql-indexed-load,1,ip-172-31-19-62,olap,benchANT
2026-05-16 12:11:30+00:00,system,load5,4.03,dbms,clickbench,postgresql-indexed-load,1,ip-172-31-19-62,olap,benchANT
2026-05-16 12:11:40+00:00,system,load5,4.02,dbms,clickbench,postgresql-indexed-load,1,ip-172-31-19-62,olap,benchANT
2026-05-16 12:11:50+00:00,system,load5,4.02,dbms,clickbench,postgresql-indexed-load,1,ip-172-31-19-62,olap,benchANT
2026-05-16 12:12:00+00:00,system,load5,4.02,dbms,clickbench,postgresql-indexed-load,1,ip-172-31-19-62,olap,benchANT
2026-05-16 12:12:10+00:00,system,load5,4.02,dbms,clickbench,postgresql-indexed-load,1,ip-172-31-19-62,olap,benchANT
2026-05-16 12:12:20+00:00,system,load5,4.02,dbms,clickbench,postgresql-indexed-load,1,ip-172-31-19-62,olap,benchANT
2026-05-16 12:12:30+00:00,system,load5,4.02,dbms,clickbench,postgresql-indexed-load,1,ip-172-31-19-62,olap,benchANT
2026-05-16 12:12:40+00:00,system,load5,4.02,dbms,clickbench,postgresql-indexed-load,1,ip-172-31-19-62,olap,benchANT
2026-05-16 12:12:50+00:00,system,load5,4.02,dbms,clickbench,postgresql-indexed-load,1,ip-172-31-19-62,olap,benchANT
2026-05-16 12:13:00+00:00,system,load5,4.02,dbms,clickbench,postgresql-indexed-load,1,ip-172-31-19-62,olap,benchANT
2026-05-16 12:13:10+00:00,system,load5,4.02,dbms,clickbench,postgresql-indexed-load,1,ip-172-31-19-62,olap,benchANT
2026-05-16 12:13:20+00:00,system,load5,4.01,dbms,clickbench,postgresql-indexed-load,1,ip-172-31-19-62,olap,benchANT
2026-05-16 12:13:30+00:00,system,load5,4.01,dbms,clickbench,postgresql-indexed-load,1,ip-172-31-19-62,olap,benchANT
2026-05-16 12:13:40+00:00,system,load5,4.01,dbms,clickbench,postgresql-indexed-load,1,ip-172-31-19-62,olap,benchANT
2026-05-16 12:13:50+00:00,system,load5,4.03,dbms,clickbench,postgresql-indexed-load,1,ip-172-31-19-62,olap,benchANT
2026-05-16 12:14:00+00:00,system,load5,4.03,dbms,clickbench,postgresql-indexed-load,1,ip-172-31-19-62,olap,benchANT
2026-05-16 12:14:10+00:00,system,load5,4.03,dbms,clickbench,postgresql-indexed-load,1,ip-172-31-19-62,olap,benchANT
2026-05-16 12:14:20+00:00,system,load5,4.03,dbms,clickbench,postgresql-indexed-load,1,ip-172-31-19-62,olap,benchANT
2026-05-16 12:14:30+00:00,system,load5,4.02,dbms,clickbench,postgresql-indexed-load,1,ip-172-31-19-62,olap,benchANT
2026-05-16 12:14:40+00:00,system,load5,4.02,dbms,clickbench,postgresql-indexed-load,1,ip-172-31-19-62,olap,benchANT
2026-05-16 12:14:50+00:00,system,load5,4.04,dbms,clickbench,postgresql-indexed-load,1,ip-172-31-19-62,olap,benchANT
2026-05-16 12:15:00+00:00,system,load5,4.04,dbms,clickbench,postgresql-indexed-load,1,ip-172-31-19-62,olap,benchANT
2026-05-16 12:15:10+00:00,system,load5,4.04,dbms,clickbench,postgresql-indexed-load,1,ip-172-31-19-62,olap,benchANT
2026-05-16 12:15:20+00:00,system,load5,4.03,dbms,clickbench,postgresql-indexed-load,1,ip-172-31-19-62,olap,benchANT
2026-05-16 12:15:30+00:00,system,load5,4.07,dbms,clickbench,postgresql-indexed-load,1,ip-172-31-19-62,olap,benchANT
2026-05-16 12:15:40+00:00,system,load5,4.08,dbms,clickbench,postgresql-indexed-load,1,ip-172-31-19-62,olap,benchANT
2026-05-16 12:15:50+00:00,system,load5,4.09,dbms,clickbench,postgresql-indexed-load,1,ip-172-31-19-62,olap,benchANT
2026-05-16 12:16:00+00:00,system,load5,4.09,dbms,clickbench,postgresql-indexed-load,1,ip-172-31-19-62,olap,benchANT
2026-05-16 12:16:10+00:00,system,load5,4.1,dbms,clickbench,postgresql-indexed-load,1,ip-172-31-19-62,olap,benchANT
2026-05-16 12:16:20+00:00,system,load5,4.1,dbms,clickbench,postgresql-indexed-load,1,ip-172-31-19-62,olap,benchANT
2026-05-16 12:16:30+00:00,system,load5,4.1,dbms,clickbench,postgresql-indexed-load,1,ip-172-31-19-62,olap,benchANT
2026-05-16 12:16:40+00:00,system,load5,4.09,dbms,clickbench,postgresql-indexed-load,1,ip-172-31-19-62,olap,benchANT
2026-05-16 12:16:50+00:00,system,load5,4.1,dbms,clickbench,postgresql-indexed-load,1,ip-172-31-19-62,olap,benchANT
2026-05-16 12:17:00+00:00,system,load5,4.12,dbms,clickbench,postgresql-indexed-load,1,ip-172-31-19-62,olap,benchANT
2026-05-16 12:17:10+00:00,system,load5,4.13,dbms,clickbench,postgresql-indexed-load,1,ip-172-31-19-62,olap,benchANT
2026-05-16 12:17:20+00:00,system,load5,4.14,dbms,clickbench,postgresql-indexed-load,1,ip-172-31-19-62,olap,benchANT
2026-05-16 12:17:30+00:00,system,load5,4.15,dbms,clickbench,postgresql-indexed-load,1,ip-172-31-19-62,olap,benchANT
2026-05-16 12:17:40+00:00,system,load5,4.17,dbms,clickbench,postgresql-indexed-load,1,ip-172-31-19-62,olap,benchANT
2026-05-16 12:17:50+00:00,system,load5,4.16,dbms,clickbench,postgresql-indexed-load,1,ip-172-31-19-62,olap,benchANT
2026-05-16 12:18:00+00:00,system,load5,4.15,dbms,clickbench,postgresql-indexed-load,1,ip-172-31-19-62,olap,benchANT
2026-05-16 12:18:10+00:00,system,load5,4.15,dbms,clickbench,postgresql-indexed-load,1,ip-172-31-19-62,olap,benchANT
2026-05-16 12:18:20+00:00,system,load5,4.14,dbms,clickbench,postgresql-indexed-load,1,ip-172-31-19-62,olap,benchANT
2026-05-16 12:18:30+00:00,system,load5,4.14,dbms,clickbench,postgresql-indexed-load,1,ip-172-31-19-62,olap,benchANT
2026-05-16 12:18:40+00:00,system,load5,4.13,dbms,clickbench,postgresql-indexed-load,1,ip-172-31-19-62,olap,benchANT
2026-05-16 12:18:50+00:00,system,load5,4.13,dbms,clickbench,postgresql-indexed-load,1,ip-172-31-19-62,olap,benchANT
2026-05-16 12:19:00+00:00,system,load5,4.14,dbms,clickbench,postgresql-indexed-load,1,ip-172-31-19-62,olap,benchANT
2026-05-16 12:19:10+00:00,system,load5,4.14,dbms,clickbench,postgresql-indexed-load,1,ip-172-31-19-62,olap,benchANT
2026-05-16 12:19:20+00:00,system,load5,4.15,dbms,clickbench,postgresql-indexed-load,1,ip-172-31-19-62,olap,benchANT
2026-05-16 12:19:30+00:00,system,load5,4.16,dbms,clickbench,postgresql-indexed-load,1,ip-172-31-19-62,olap,benchANT
2026-05-16 12:19:40+00:00,system,load5,4.17,dbms,clickbench,postgresql-indexed-load,1,ip-172-31-19-62,olap,benchANT
2026-05-16 12:19:50+00:00,system,load5,4.21,dbms,clickbench,postgresql-indexed-load,1,ip-172-31-19-62,olap,benchANT
2026-05-16 12:20:00+00:00,system,load5,4.21,dbms,clickbench,postgresql-indexed-load,1,ip-172-31-19-62,olap,benchANT
2026-05-16 12:20:10+00:00,system,load5,4.22,dbms,clickbench,postgresql-indexed-load,1,ip-172-31-19-62,olap,benchANT
2026-05-16 12:20:20+00:00,system,load5,4.23,dbms,clickbench,postgresql-indexed-load,1,ip-172-31-19-62,olap,benchANT
2026-05-16 12:20:30+00:00,system,load5,4.23,dbms,clickbench,postgresql-indexed-load,1,ip-172-31-19-62,olap,benchANT
2026-05-16 12:20:40+00:00,system,load5,4.23,dbms,clickbench,postgresql-indexed-load,1,ip-172-31-19-62,olap,benchANT
2026-05-16 12:20:50+00:00,system,load5,4.22,dbms,clickbench,postgresql-indexed-load,1,ip-172-31-19-62,olap,benchANT
2026-05-16 12:21:00+00:00,system,load5,4.21,dbms,clickbench,postgresql-indexed-load,1,ip-172-31-19-62,olap,benchANT
2026-05-16 12:21:10+00:00,system,load5,4.2,dbms,clickbench,postgresql-indexed-load,1,ip-172-31-19-62,olap,benchANT
2026-05-16 12:21:20+00:00,system,load5,4.2,dbms,clickbench,postgresql-indexed-load,1,ip-172-31-19-62,olap,benchANT
2026-05-16 12:21:30+00:00,system,load5,4.21,dbms,clickbench,postgresql-indexed-load,1,ip-172-31-19-62,olap,benchANT
2026-05-16 12:21:40+00:00,system,load5,4.2,dbms,clickbench,postgresql-indexed-load,1,ip-172-31-19-62,olap,benchANT
2026-05-16 12:21:50+00:00,system,load5,4.19,dbms,clickbench,postgresql-indexed-load,1,ip-172-31-19-62,olap,benchANT
2026-05-16 12:22:00+00:00,system,load5,4.19,dbms,clickbench,postgresql-indexed-load,1,ip-172-31-19-62,olap,benchANT
2026-05-16 12:22:10+00:00,system,load5,4.18,dbms,clickbench,postgresql-indexed-load,1,ip-172-31-19-62,olap,benchANT
2026-05-16 12:22:20+00:00,system,load5,4.17,dbms,clickbench,postgresql-indexed-load,1,ip-172-31-19-62,olap,benchANT
2026-05-16 12:22:30+00:00,system,load5,4.17,dbms,clickbench,postgresql-indexed-load,1,ip-172-31-19-62,olap,benchANT
2026-05-16 12:22:40+00:00,system,load5,4.18,dbms,clickbench,postgresql-indexed-load,1,ip-172-31-19-62,olap,benchANT
2026-05-16 12:22:50+00:00,system,load5,4.19,dbms,clickbench,postgresql-indexed-load,1,ip-172-31-19-62,olap,benchANT
2026-05-16 12:23:00+00:00,system,load5,4.18,dbms,clickbench,postgresql-indexed-load,1,ip-172-31-19-62,olap,benchANT
2026-05-16 12:23:10+00:00,system,load5,4.14,dbms,clickbench,postgresql-indexed-load,1,ip-172-31-19-62,olap,benchANT
2026-05-16 12:23:20+00:00,system,load5,4.04,dbms,clickbench,postgresql-indexed-load,1,ip-172-31-19-62,olap,benchANT
2026-05-16 12:23:30+00:00,system,load5,3.94,dbms,clickbench,postgresql-indexed-load,1,ip-172-31-19-62,olap,benchANT
2026-05-16 12:23:40+00:00,system,load5,3.84,dbms,clickbench,postgresql-indexed-load,1,ip-172-31-19-62,olap,benchANT
2026-05-16 12:23:50+00:00,system,load5,3.8,dbms,clickbench,postgresql-indexed-load,1,ip-172-31-19-62,olap,benchANT
2026-05-16 12:24:00+00:00,system,load5,3.8,dbms,clickbench,postgresql-indexed-load,1,ip-172-31-19-62,olap,benchANT
2026-05-16 12:24:10+00:00,system,load5,3.81,dbms,clickbench,postgresql-indexed-load,1,ip-172-31-19-62,olap,benchANT
2026-05-16 12:24:20+00:00,system,load5,3.82,dbms,clickbench,postgresql-indexed-load,1,ip-172-31-19-62,olap,benchANT
2026-05-16 12:24:30+00:00,system,load5,3.82,dbms,clickbench,postgresql-indexed-load,1,ip-172-31-19-62,olap,benchANT
2026-05-16 12:24:40+00:00,system,load5,3.83,dbms,clickbench,postgresql-indexed-load,1,ip-172-31-19-62,olap,benchANT
2026-05-16 12:24:50+00:00,system,load5,3.84,dbms,clickbench,postgresql-indexed-load,1,ip-172-31-19-62,olap,benchANT
2026-05-16 12:25:00+00:00,system,load5,3.84,dbms,clickbench,postgresql-indexed-load,1,ip-172-31-19-62,olap,benchANT
2026-05-16 12:25:10+00:00,system,load5,3.85,dbms,clickbench,postgresql-indexed-load,1,ip-172-31-19-62,olap,benchANT
2026-05-16 12:25:20+00:00,system,load5,3.85,dbms,clickbench,postgresql-indexed-load,1,ip-172-31-19-62,olap,benchANT
2026-05-16 12:25:30+00:00,system,load5,3.86,dbms,clickbench,postgresql-indexed-load,1,ip-172-31-19-62,olap,benchANT
2026-05-16 12:25:40+00:00,system,load5,3.86,dbms,clickbench,postgresql-indexed-load,1,ip-172-31-19-62,olap,benchANT
2026-05-16 12:25:50+00:00,system,load5,3.87,dbms,clickbench,postgresql-indexed-load,1,ip-172-31-19-62,olap,benchANT
2026-05-16 12:26:00+00:00,system,load5,3.87,dbms,clickbench,postgresql-indexed-load,1,ip-172-31-19-62,olap,benchANT
2026-05-16 12:26:10+00:00,system,load5,3.88,dbms,clickbench,postgresql-indexed-load,1,ip-172-31-19-62,olap,benchANT
2026-05-16 12:26:20+00:00,system,load5,3.88,dbms,clickbench,postgresql-indexed-load,1,ip-172-31-19-62,olap,benchANT
2026-05-16 12:26:30+00:00,system,load5,3.9,dbms,clickbench,postgresql-indexed-load,1,ip-172-31-19-62,olap,benchANT
2026-05-16 12:26:40+00:00,system,load5,3.91,dbms,clickbench,postgresql-indexed-load,1,ip-172-31-19-62,olap,benchANT
2026-05-16 12:26:50+00:00,system,load5,3.91,dbms,clickbench,postgresql-indexed-load,1,ip-172-31-19-62,olap,benchANT
2026-05-16 12:27:00+00:00,system,load5,3.91,dbms,clickbench,postgresql-indexed-load,1,ip-172-31-19-62,olap,benchANT
2026-05-16 12:27:10+00:00,system,load5,3.92,dbms,clickbench,postgresql-indexed-load,1,ip-172-31-19-62,olap,benchANT
2026-05-16 12:27:20+00:00,system,load5,3.92,dbms,clickbench,postgresql-indexed-load,1,ip-172-31-19-62,olap,benchANT
2026-05-16 12:27:30+00:00,system,load5,3.92,dbms,clickbench,postgresql-indexed-load,1,ip-172-31-19-62,olap,benchANT
2026-05-16 12:27:40+00:00,system,load5,3.93,dbms,clickbench,postgresql-indexed-load,1,ip-172-31-19-62,olap,benchANT
2026-05-16 12:27:50+00:00,system,load5,3.93,dbms,clickbench,postgresql-indexed-load,1,ip-172-31-19-62,olap,benchANT
2026-05-16 12:28:00+00:00,system,load5,3.93,dbms,clickbench,postgresql-indexed-load,1,ip-172-31-19-62,olap,benchANT
2026-05-16 12:28:10+00:00,system,load5,3.93,dbms,clickbench,postgresql-indexed-load,1,ip-172-31-19-62,olap,benchANT
2026-05-16 12:28:20+00:00,system,load5,3.94,dbms,clickbench,postgresql-indexed-load,1,ip-172-31-19-62,olap,benchANT
2026-05-16 12:28:30+00:00,system,load5,3.94,dbms,clickbench,postgresql-indexed-load,1,ip-172-31-19-62,olap,benchANT
2026-05-16 12:28:40+00:00,system,load5,3.96,dbms,clickbench,postgresql-indexed-load,1,ip-172-31-19-62,olap,benchANT
2026-05-16 12:28:50+00:00,system,load5,3.96,dbms,clickbench,postgresql-indexed-load,1,ip-172-31-19-62,olap,benchANT
2026-05-16 12:29:00+00:00,system,load5,3.96,dbms,clickbench,postgresql-indexed-load,1,ip-172-31-19-62,olap,benchANT
2026-05-16 12:29:10+00:00,system,load5,3.97,dbms,clickbench,postgresql-indexed-load,1,ip-172-31-19-62,olap,benchANT
2026-05-16 12:29:20+00:00,system,load5,3.97,dbms,clickbench,postgresql-indexed-load,1,ip-172-31-19-62,olap,benchANT
2026-05-16 12:29:30+00:00,system,load5,3.97,dbms,clickbench,postgresql-indexed-load,1,ip-172-31-19-62,olap,benchANT
2026-05-16 12:29:40+00:00,system,load5,3.97,dbms,clickbench,postgresql-indexed-load,1,ip-172-31-19-62,olap,benchANT
2026-05-16 12:29:50+00:00,system,load5,3.97,dbms,clickbench,postgresql-indexed-load,1,ip-172-31-19-62,olap,benchANT
2026-05-16 12:30:00+00:00,system,load5,3.97,dbms,clickbench,postgresql-indexed-load,1,ip-172-31-19-62,olap,benchANT
2026-05-16 12:30:10+00:00,system,load5,3.97,dbms,clickbench,postgresql-indexed-load,1,ip-172-31-19-62,olap,benchANT
2026-05-16 12:30:20+00:00,system,load5,3.97,dbms,clickbench,postgresql-indexed-load,1,ip-172-31-19-62,olap,benchANT
2026-05-16 12:30:30+00:00,system,load5,3.98,dbms,clickbench,postgresql-indexed-load,1,ip-172-31-19-62,olap,benchANT
2026-05-16 12:30:40+00:00,system,load5,3.98,dbms,clickbench,postgresql-indexed-load,1,ip-172-31-19-62,olap,benchANT
2026-05-16 12:30:50+00:00,system,load5,3.98,dbms,clickbench,postgresql-indexed-load,1,ip-172-31-19-62,olap,benchANT
2026-05-16 12:31:00+00:00,system,load5,3.98,dbms,clickbench,postgresql-indexed-load,1,ip-172-31-19-62,olap,benchANT
2026-05-16 12:31:10+00:00,system,load5,3.98,dbms,clickbench,postgresql-indexed-load,1,ip-172-31-19-62,olap,benchANT
2026-05-16 12:31:20+00:00,system,load5,3.98,dbms,clickbench,postgresql-indexed-load,1,ip-172-31-19-62,olap,benchANT
2026-05-16 12:31:30+00:00,system,load5,3.98,dbms,clickbench,postgresql-indexed-load,1,ip-172-31-19-62,olap,benchANT
2026-05-16 12:31:40+00:00,system,load5,3.98,dbms,clickbench,postgresql-indexed-load,1,ip-172-31-19-62,olap,benchANT
2026-05-16 12:31:50+00:00,system,load5,3.98,dbms,clickbench,postgresql-indexed-load,1,ip-172-31-19-62,olap,benchANT
2026-05-16 12:32:00+00:00,system,load5,3.98,dbms,clickbench,postgresql-indexed-load,1,ip-172-31-19-62,olap,benchANT
2026-05-16 12:32:10+00:00,system,load5,3.99,dbms,clickbench,postgresql-indexed-load,1,ip-172-31-19-62,olap,benchANT
2026-05-16 12:32:20+00:00,system,load5,3.99,dbms,clickbench,postgresql-indexed-load,1,ip-172-31-19-62,olap,benchANT
2026-05-16 12:32:30+00:00,system,load5,4.05,dbms,clickbench,postgresql-indexed-load,1,ip-172-31-19-62,olap,benchANT
2026-05-16 12:32:40+00:00,system,load5,4.05,dbms,clickbench,postgresql-indexed-load,1,ip-172-31-19-62,olap,benchANT
2026-05-16 12:32:50+00:00,system,load5,4.05,dbms,clickbench,postgresql-indexed-load,1,ip-172-31-19-62,olap,benchANT
2026-05-16 12:33:00+00:00,system,load5,4.05,dbms,clickbench,postgresql-indexed-load,1,ip-172-31-19-62,olap,benchANT
2026-05-16 12:33:10+00:00,system,load5,4.05,dbms,clickbench,postgresql-indexed-load,1,ip-172-31-19-62,olap,benchANT
2026-05-16 12:33:20+00:00,system,load5,4.04,dbms,clickbench,postgresql-indexed-load,1,ip-172-31-19-62,olap,benchANT
2026-05-16 12:33:30+00:00,system,load5,4.04,dbms,clickbench,postgresql-indexed-load,1,ip-172-31-19-62,olap,benchANT
2026-05-16 12:33:40+00:00,system,load5,4.04,dbms,clickbench,postgresql-indexed-load,1,ip-172-31-19-62,olap,benchANT
2026-05-16 12:33:50+00:00,system,load5,4.04,dbms,clickbench,postgresql-indexed-load,1,ip-172-31-19-62,olap,benchANT
2026-05-16 12:34:00+00:00,system,load5,4.04,dbms,clickbench,postgresql-indexed-load,1,ip-172-31-19-62,olap,benchANT
2026-05-16 12:34:10+00:00,system,load5,4.03,dbms,clickbench,postgresql-indexed-load,1,ip-172-31-19-62,olap,benchANT
2026-05-16 12:34:20+00:00,system,load5,4.03,dbms,clickbench,postgresql-indexed-load,1,ip-172-31-19-62,olap,benchANT
2026-05-16 12:34:30+00:00,system,load5,4.03,dbms,clickbench,postgresql-indexed-load,1,ip-172-31-19-62,olap,benchANT
2026-05-16 12:34:40+00:00,system,load5,4.03,dbms,clickbench,postgresql-indexed-load,1,ip-172-31-19-62,olap,benchANT
2026-05-16 12:34:50+00:00,system,load5,4.03,dbms,clickbench,postgresql-indexed-load,1,ip-172-31-19-62,olap,benchANT
2026-05-16 12:35:00+00:00,system,load5,4.03,dbms,clickbench,postgresql-indexed-load,1,ip-172-31-19-62,olap,benchANT
2026-05-16 12:35:10+00:00,system,load5,4.03,dbms,clickbench,postgresql-indexed-load,1,ip-172-31-19-62,olap,benchANT
2026-05-16 12:35:20+00:00,system,load5,4.02,dbms,clickbench,postgresql-indexed-load,1,ip-172-31-19-62,olap,benchANT
2026-05-16 12:35:30+00:00,system,load5,4.02,dbms,clickbench,postgresql-indexed-load,1,ip-172-31-19-62,olap,benchANT
2026-05-16 12:35:40+00:00,system,load5,4.02,dbms,clickbench,postgresql-indexed-load,1,ip-172-31-19-62,olap,benchANT
2026-05-16 12:35:50+00:00,system,load5,4.02,dbms,clickbench,postgresql-indexed-load,1,ip-172-31-19-62,olap,benchANT
2026-05-16 12:36:00+00:00,system,load5,4.02,dbms,clickbench,postgresql-indexed-load,1,ip-172-31-19-62,olap,benchANT
2026-05-16 12:36:10+00:00,system,load5,4.02,dbms,clickbench,postgresql-indexed-load,1,ip-172-31-19-62,olap,benchANT
2026-05-16 12:36:20+00:00,system,load5,4.02,dbms,clickbench,postgresql-indexed-load,1,ip-172-31-19-62,olap,benchANT
2026-05-16 12:36:30+00:00,system,load5,4.02,dbms,clickbench,postgresql-indexed-load,1,ip-172-31-19-62,olap,benchANT
2026-05-16 12:36:40+00:00,system,load5,4.02,dbms,clickbench,postgresql-indexed-load,1,ip-172-31-19-62,olap,benchANT
2026-05-16 12:36:50+00:00,system,load5,4.02,dbms,clickbench,postgresql-indexed-load,1,ip-172-31-19-62,olap,benchANT
2026-05-16 12:37:00+00:00,system,load5,4.02,dbms,clickbench,postgresql-indexed-load,1,ip-172-31-19-62,olap,benchANT
2026-05-16 12:37:10+00:00,system,load5,4.01,dbms,clickbench,postgresql-indexed-load,1,ip-172-31-19-62,olap,benchANT
2026-05-16 12:37:20+00:00,system,load5,4.01,dbms,clickbench,postgresql-indexed-load,1,ip-172-31-19-62,olap,benchANT
2026-05-16 12:37:30+00:00,system,load5,4.01,dbms,clickbench,postgresql-indexed-load,1,ip-172-31-19-62,olap,benchANT
2026-05-16 12:37:40+00:00,system,load5,4.01,dbms,clickbench,postgresql-indexed-load,1,ip-172-31-19-62,olap,benchANT
2026-05-16 12:37:50+00:00,system,load5,4.01,dbms,clickbench,postgresql-indexed-load,1,ip-172-31-19-62,olap,benchANT
2026-05-16 12:38:00+00:00,system,load5,4.01,dbms,clickbench,postgresql-indexed-load,1,ip-172-31-19-62,olap,benchANT
2026-05-16 12:38:10+00:00,system,load5,4.03,dbms,clickbench,postgresql-indexed-load,1,ip-172-31-19-62,olap,benchANT
2026-05-16 12:38:20+00:00,system,load5,4.02,dbms,clickbench,postgresql-indexed-load,1,ip-172-31-19-62,olap,benchANT
2026-05-16 12:38:30+00:00,system,load5,4.02,dbms,clickbench,postgresql-indexed-load,1,ip-172-31-19-62,olap,benchANT
2026-05-16 12:38:40+00:00,system,load5,4.02,dbms,clickbench,postgresql-indexed-load,1,ip-172-31-19-62,olap,benchANT
2026-05-16 12:38:50+00:00,system,load5,4.02,dbms,clickbench,postgresql-indexed-load,1,ip-172-31-19-62,olap,benchANT
2026-05-16 12:39:00+00:00,system,load5,4.02,dbms,clickbench,postgresql-indexed-load,1,ip-172-31-19-62,olap,benchANT
2026-05-16 12:39:10+00:00,system,load5,4.02,dbms,clickbench,postgresql-indexed-load,1,ip-172-31-19-62,olap,benchANT
2026-05-16 12:39:20+00:00,system,load5,4.02,dbms,clickbench,postgresql-indexed-load,1,ip-172-31-19-62,olap,benchANT
2026-05-16 12:39:30+00:00,system,load5,4.02,dbms,clickbench,postgresql-indexed-load,1,ip-172-31-19-62,olap,benchANT
2026-05-16 12:39:40+00:00,system,load5,4.02,dbms,clickbench,postgresql-indexed-load,1,ip-172-31-19-62,olap,benchANT
2026-05-16 12:39:50+00:00,system,load5,4.02,dbms,clickbench,postgresql-indexed-load,1,ip-172-31-19-62,olap,benchANT
2026-05-16 12:40:00+00:00,system,load5,4.03,dbms,clickbench,postgresql-indexed-load,1,ip-172-31-19-62,olap,benchANT
2026-05-16 12:40:10+00:00,system,load5,4.03,dbms,clickbench,postgresql-indexed-load,1,ip-172-31-19-62,olap,benchANT
2026-05-16 12:40:20+00:00,system,load5,4.03,dbms,clickbench,postgresql-indexed-load,1,ip-172-31-19-62,olap,benchANT
2026-05-16 12:40:30+00:00,system,load5,4.03,dbms,clickbench,postgresql-indexed-load,1,ip-172-31-19-62,olap,benchANT
2026-05-16 12:40:40+00:00,system,load5,4.03,dbms,clickbench,postgresql-indexed-load,1,ip-172-31-19-62,olap,benchANT
2026-05-16 12:40:50+00:00,system,load5,4.03,dbms,clickbench,postgresql-indexed-load,1,ip-172-31-19-62,olap,benchANT
2026-05-16 12:41:00+00:00,system,load5,4.02,dbms,clickbench,postgresql-indexed-load,1,ip-172-31-19-62,olap,benchANT
2026-05-16 12:41:10+00:00,system,load5,4.02,dbms,clickbench,postgresql-indexed-load,1,ip-172-31-19-62,olap,benchANT
2026-05-16 12:41:20+00:00,system,load5,4.04,dbms,clickbench,postgresql-indexed-load,1,ip-172-31-19-62,olap,benchANT
2026-05-16 12:41:30+00:00,system,load5,4.04,dbms,clickbench,postgresql-indexed-load,1,ip-172-31-19-62,olap,benchANT
2026-05-16 12:41:40+00:00,system,load5,4.04,dbms,clickbench,postgresql-indexed-load,1,ip-172-31-19-62,olap,benchANT
2026-05-16 12:41:50+00:00,system,load5,4.03,dbms,clickbench,postgresql-indexed-load,1,ip-172-31-19-62,olap,benchANT
2026-05-16 12:42:00+00:00,system,load5,4.03,dbms,clickbench,postgresql-indexed-load,1,ip-172-31-19-62,olap,benchANT
2026-05-16 12:42:10+00:00,system,load5,4.03,dbms,clickbench,postgresql-indexed-load,1,ip-172-31-19-62,olap,benchANT
2026-05-16 12:42:20+00:00,system,load5,4.03,dbms,clickbench,postgresql-indexed-load,1,ip-172-31-19-62,olap,benchANT
2026-05-16 12:42:30+00:00,system,load5,4.03,dbms,clickbench,postgresql-indexed-load,1,ip-172-31-19-62,olap,benchANT
2026-05-16 12:42:40+00:00,system,load5,4.04,dbms,clickbench,postgresql-indexed-load,1,ip-172-31-19-62,olap,benchANT
2026-05-16 12:42:50+00:00,system,load5,4.04,dbms,clickbench,postgresql-indexed-load,1,ip-172-31-19-62,olap,benchANT
2026-05-16 12:43:00+00:00,system,load5,4.04,dbms,clickbench,postgresql-indexed-load,1,ip-172-31-19-62,olap,benchANT
2026-05-16 12:43:10+00:00,system,load5,4.04,dbms,clickbench,postgresql-indexed-load,1,ip-172-31-19-62,olap,benchANT
2026-05-16 12:43:20+00:00,system,load5,4.04,dbms,clickbench,postgresql-indexed-load,1,ip-172-31-19-62,olap,benchANT
2026-05-16 12:43:30+00:00,system,load5,4.03,dbms,clickbench,postgresql-indexed-load,1,ip-172-31-19-62,olap,benchANT
2026-05-16 12:43:40+00:00,system,load5,4.03,dbms,clickbench,postgresql-indexed-load,1,ip-172-31-19-62,olap,benchANT
2026-05-16 12:43:50+00:00,system,load5,4.03,dbms,clickbench,postgresql-indexed-load,1,ip-172-31-19-62,olap,benchANT
2026-05-16 12:44:00+00:00,system,load5,4.03,dbms,clickbench,postgresql-indexed-load,1,ip-172-31-19-62,olap,benchANT
2026-05-16 12:44:10+00:00,system,load5,4.03,dbms,clickbench,postgresql-indexed-load,1,ip-172-31-19-62,olap,benchANT
2026-05-16 12:44:20+00:00,system,load5,4.03,dbms,clickbench,postgresql-indexed-load,1,ip-172-31-19-62,olap,benchANT
2026-05-16 12:44:30+00:00,system,load5,4.03,dbms,clickbench,postgresql-indexed-load,1,ip-172-31-19-62,olap,benchANT
2026-05-16 12:44:40+00:00,system,load5,4.02,dbms,clickbench,postgresql-indexed-load,1,ip-172-31-19-62,olap,benchANT
2026-05-16 12:44:50+00:00,system,load5,4.02,dbms,clickbench,postgresql-indexed-load,1,ip-172-31-19-62,olap,benchANT
2026-05-16 12:45:00+00:00,system,load5,4.02,dbms,clickbench,postgresql-indexed-load,1,ip-172-31-19-62,olap,benchANT
2026-05-16 12:45:10+00:00,system,load5,4.02,dbms,clickbench,postgresql-indexed-load,1,ip-172-31-19-62,olap,benchANT
2026-05-16 12:45:20+00:00,system,load5,4.02,dbms,clickbench,postgresql-indexed-load,1,ip-172-31-19-62,olap,benchANT
2026-05-16 12:45:30+00:00,system,load5,4.04,dbms,clickbench,postgresql-indexed-load,1,ip-172-31-19-62,olap,benchANT
2026-05-16 12:45:40+00:00,system,load5,4.03,dbms,clickbench,postgresql-indexed-load,1,ip-172-31-19-62,olap,benchANT
2026-05-16 12:45:50+00:00,system,load5,4.03,dbms,clickbench,postgresql-indexed-load,1,ip-172-31-19-62,olap,benchANT
2026-05-16 12:46:00+00:00,system,load5,4.03,dbms,clickbench,postgresql-indexed-load,1,ip-172-31-19-62,olap,benchANT
2026-05-16 12:46:10+00:00,system,load5,4.03,dbms,clickbench,postgresql-indexed-load,1,ip-172-31-19-62,olap,benchANT
2026-05-16 12:46:20+00:00,system,load5,4.03,dbms,clickbench,postgresql-indexed-load,1,ip-172-31-19-62,olap,benchANT
2026-05-16 12:46:30+00:00,system,load5,4.04,dbms,clickbench,postgresql-indexed-load,1,ip-172-31-19-62,olap,benchANT
2026-05-16 12:46:40+00:00,system,load5,4.04,dbms,clickbench,postgresql-indexed-load,1,ip-172-31-19-62,olap,benchANT
2026-05-16 12:46:50+00:00,system,load5,4.04,dbms,clickbench,postgresql-indexed-load,1,ip-172-31-19-62,olap,benchANT
2026-05-16 12:47:00+00:00,system,load5,4.04,dbms,clickbench,postgresql-indexed-load,1,ip-172-31-19-62,olap,benchANT
2026-05-16 12:47:10+00:00,system,load5,4.04,dbms,clickbench,postgresql-indexed-load,1,ip-172-31-19-62,olap,benchANT
2026-05-16 12:47:20+00:00,system,load5,4.03,dbms,clickbench,postgresql-indexed-load,1,ip-172-31-19-62,olap,benchANT
2026-05-16 12:47:30+00:00,system,load5,4.05,dbms,clickbench,postgresql-indexed-load,1,ip-172-31-19-62,olap,benchANT
2026-05-16 12:47:40+00:00,system,load5,4.05,dbms,clickbench,postgresql-indexed-load,1,ip-172-31-19-62,olap,benchANT
2026-05-16 12:47:50+00:00,system,load5,4.05,dbms,clickbench,postgresql-indexed-load,1,ip-172-31-19-62,olap,benchANT
2026-05-16 12:48:00+00:00,system,load5,4.06,dbms,clickbench,postgresql-indexed-load,1,ip-172-31-19-62,olap,benchANT
2026-05-16 12:48:10+00:00,system,load5,4.06,dbms,clickbench,postgresql-indexed-load,1,ip-172-31-19-62,olap,benchANT
2026-05-16 12:48:20+00:00,system,load5,4.06,dbms,clickbench,postgresql-indexed-load,1,ip-172-31-19-62,olap,benchANT
2026-05-16 12:48:30+00:00,system,load5,4.05,dbms,clickbench,postgresql-indexed-load,1,ip-172-31-19-62,olap,benchANT
2026-05-16 12:48:40+00:00,system,load5,4.05,dbms,clickbench,postgresql-indexed-load,1,ip-172-31-19-62,olap,benchANT
2026-05-16 12:48:50+00:00,system,load5,4.05,dbms,clickbench,postgresql-indexed-load,1,ip-172-31-19-62,olap,benchANT
2026-05-16 12:49:00+00:00,system,load5,4.06,dbms,clickbench,postgresql-indexed-load,1,ip-172-31-19-62,olap,benchANT
2026-05-16 12:49:10+00:00,system,load5,4.06,dbms,clickbench,postgresql-indexed-load,1,ip-172-31-19-62,olap,benchANT
2026-05-16 12:49:20+00:00,system,load5,4.06,dbms,clickbench,postgresql-indexed-load,1,ip-172-31-19-62,olap,benchANT
2026-05-16 12:49:30+00:00,system,load5,4.06,dbms,clickbench,postgresql-indexed-load,1,ip-172-31-19-62,olap,benchANT
2026-05-16 12:49:40+00:00,system,load5,4.07,dbms,clickbench,postgresql-indexed-load,1,ip-172-31-19-62,olap,benchANT
2026-05-16 12:49:50+00:00,system,load5,4.07,dbms,clickbench,postgresql-indexed-load,1,ip-172-31-19-62,olap,benchANT
2026-05-16 12:50:00+00:00,system,load5,4.13,dbms,clickbench,postgresql-indexed-load,1,ip-172-31-19-62,olap,benchANT
2026-05-16 12:50:10+00:00,system,load5,4.13,dbms,clickbench,postgresql-indexed-load,1,ip-172-31-19-62,olap,benchANT
2026-05-16 12:50:20+00:00,system,load5,4.12,dbms,clickbench,postgresql-indexed-load,1,ip-172-31-19-62,olap,benchANT
2026-05-16 12:50:30+00:00,system,load5,4.12,dbms,clickbench,postgresql-indexed-load,1,ip-172-31-19-62,olap,benchANT
2026-05-16 12:50:40+00:00,system,load5,4.11,dbms,clickbench,postgresql-indexed-load,1,ip-172-31-19-62,olap,benchANT
2026-05-16 12:50:50+00:00,system,load5,4.11,dbms,clickbench,postgresql-indexed-load,1,ip-172-31-19-62,olap,benchANT
2026-05-16 12:51:00+00:00,system,load5,4.11,dbms,clickbench,postgresql-indexed-load,1,ip-172-31-19-62,olap,benchANT
2026-05-16 12:51:10+00:00,system,load5,4.1,dbms,clickbench,postgresql-indexed-load,1,ip-172-31-19-62,olap,benchANT
2026-05-16 12:51:20+00:00,system,load5,4.13,dbms,clickbench,postgresql-indexed-load,1,ip-172-31-19-62,olap,benchANT
2026-05-16 12:51:30+00:00,system,load5,4.13,dbms,clickbench,postgresql-indexed-load,1,ip-172-31-19-62,olap,benchANT
2026-05-16 12:51:40+00:00,system,load5,4.14,dbms,clickbench,postgresql-indexed-load,1,ip-172-31-19-62,olap,benchANT
2026-05-16 12:51:50+00:00,system,load5,4.13,dbms,clickbench,postgresql-indexed-load,1,ip-172-31-19-62,olap,benchANT
2026-05-16 12:52:00+00:00,system,load5,4.13,dbms,clickbench,postgresql-indexed-load,1,ip-172-31-19-62,olap,benchANT
2026-05-16 12:52:10+00:00,system,load5,4.16,dbms,clickbench,postgresql-indexed-load,1,ip-172-31-19-62,olap,benchANT
2026-05-16 12:52:20+00:00,system,load5,4.17,dbms,clickbench,postgresql-indexed-load,1,ip-172-31-19-62,olap,benchANT
2026-05-16 12:52:30+00:00,system,load5,4.16,dbms,clickbench,postgresql-indexed-load,1,ip-172-31-19-62,olap,benchANT
2026-05-16 12:52:40+00:00,system,load5,4.16,dbms,clickbench,postgresql-indexed-load,1,ip-172-31-19-62,olap,benchANT
2026-05-16 12:52:50+00:00,system,load5,4.17,dbms,clickbench,postgresql-indexed-load,1,ip-172-31-19-62,olap,benchANT
2026-05-16 12:53:00+00:00,system,load5,4.16,dbms,clickbench,postgresql-indexed-load,1,ip-172-31-19-62,olap,benchANT
2026-05-16 12:53:10+00:00,system,load5,4.16,dbms,clickbench,postgresql-indexed-load,1,ip-172-31-19-62,olap,benchANT
2026-05-16 12:53:20+00:00,system,load5,4.15,dbms,clickbench,postgresql-indexed-load,1,ip-172-31-19-62,olap,benchANT
2026-05-16 12:53:30+00:00,system,load5,4.16,dbms,clickbench,postgresql-indexed-load,1,ip-172-31-19-62,olap,benchANT
2026-05-16 12:53:40+00:00,system,load5,4.16,dbms,clickbench,postgresql-indexed-load,1,ip-172-31-19-62,olap,benchANT
2026-05-16 12:53:50+00:00,system,load5,4.15,dbms,clickbench,postgresql-indexed-load,1,ip-172-31-19-62,olap,benchANT
2026-05-16 12:54:00+00:00,system,load5,4.16,dbms,clickbench,postgresql-indexed-load,1,ip-172-31-19-62,olap,benchANT
2026-05-16 12:54:10+00:00,system,load5,4.16,dbms,clickbench,postgresql-indexed-load,1,ip-172-31-19-62,olap,benchANT
2026-05-16 12:54:20+00:00,system,load5,4.15,dbms,clickbench,postgresql-indexed-load,1,ip-172-31-19-62,olap,benchANT
2026-05-16 12:54:30+00:00,system,load5,4.14,dbms,clickbench,postgresql-indexed-load,1,ip-172-31-19-62,olap,benchANT
2026-05-16 12:54:40+00:00,system,load5,4.12,dbms,clickbench,postgresql-indexed-load,1,ip-172-31-19-62,olap,benchANT
2026-05-16 12:54:50+00:00,system,load5,4.14,dbms,clickbench,postgresql-indexed-load,1,ip-172-31-19-62,olap,benchANT
2026-05-16 12:55:00+00:00,system,load5,4.13,dbms,clickbench,postgresql-indexed-load,1,ip-172-31-19-62,olap,benchANT
2026-05-16 12:55:10+00:00,system,load5,4.13,dbms,clickbench,postgresql-indexed-load,1,ip-172-31-19-62,olap,benchANT
2026-05-16 12:55:20+00:00,system,load5,4.14,dbms,clickbench,postgresql-indexed-load,1,ip-172-31-19-62,olap,benchANT
2026-05-16 12:55:30+00:00,system,load5,4.13,dbms,clickbench,postgresql-indexed-load,1,ip-172-31-19-62,olap,benchANT
2026-05-16 12:55:40+00:00,system,load5,4.13,dbms,clickbench,postgresql-indexed-load,1,ip-172-31-19-62,olap,benchANT
2026-05-16 12:55:50+00:00,system,load5,4.12,dbms,clickbench,postgresql-indexed-load,1,ip-172-31-19-62,olap,benchANT
2026-05-16 12:56:00+00:00,system,load5,4.12,dbms,clickbench,postgresql-indexed-load,1,ip-172-31-19-62,olap,benchANT
2026-05-16 12:56:10+00:00,system,load5,4.11,dbms,clickbench,postgresql-indexed-load,1,ip-172-31-19-62,olap,benchANT
2026-05-16 12:56:20+00:00,system,load5,4.11,dbms,clickbench,postgresql-indexed-load,1,ip-172-31-19-62,olap,benchANT
2026-05-16 12:56:30+00:00,system,load5,4.11,dbms,clickbench,postgresql-indexed-load,1,ip-172-31-19-62,olap,benchANT
2026-05-16 12:56:40+00:00,system,load5,4.12,dbms,clickbench,postgresql-indexed-load,1,ip-172-31-19-62,olap,benchANT
2026-05-16 12:56:50+00:00,system,load5,4.11,dbms,clickbench,postgresql-indexed-load,1,ip-172-31-19-62,olap,benchANT
2026-05-16 12:57:00+00:00,system,load5,4.09,dbms,clickbench,postgresql-indexed-load,1,ip-172-31-19-62,olap,benchANT
2026-05-16 12:57:10+00:00,system,load5,4.09,dbms,clickbench,postgresql-indexed-load,1,ip-172-31-19-62,olap,benchANT
2026-05-16 12:57:20+00:00,system,load5,4.09,dbms,clickbench,postgresql-indexed-load,1,ip-172-31-19-62,olap,benchANT
2026-05-16 12:57:30+00:00,system,load5,4.08,dbms,clickbench,postgresql-indexed-load,1,ip-172-31-19-62,olap,benchANT
2026-05-16 12:57:40+00:00,system,load5,4.08,dbms,clickbench,postgresql-indexed-load,1,ip-172-31-19-62,olap,benchANT
2026-05-16 12:57:50+00:00,system,load5,4.08,dbms,clickbench,postgresql-indexed-load,1,ip-172-31-19-62,olap,benchANT
2026-05-16 12:58:00+00:00,system,load5,4.07,dbms,clickbench,postgresql-indexed-load,1,ip-172-31-19-62,olap,benchANT
2026-05-16 12:58:10+00:00,system,load5,4.07,dbms,clickbench,postgresql-indexed-load,1,ip-172-31-19-62,olap,benchANT
2026-05-16 12:58:20+00:00,system,load5,4.07,dbms,clickbench,postgresql-indexed-load,1,ip-172-31-19-62,olap,benchANT
2026-05-16 12:58:30+00:00,system,load5,4.07,dbms,clickbench,postgresql-indexed-load,1,ip-172-31-19-62,olap,benchANT
2026-05-16 12:58:40+00:00,system,load5,4.08,dbms,clickbench,postgresql-indexed-load,1,ip-172-31-19-62,olap,benchANT
2026-05-16 12:58:50+00:00,system,load5,4.08,dbms,clickbench,postgresql-indexed-load,1,ip-172-31-19-62,olap,benchANT
2026-05-16 12:59:00+00:00,system,load5,4.07,dbms,clickbench,postgresql-indexed-load,1,ip-172-31-19-62,olap,benchANT
2026-05-16 12:59:10+00:00,system,load5,4.07,dbms,clickbench,postgresql-indexed-load,1,ip-172-31-19-62,olap,benchANT
2026-05-16 12:59:20+00:00,system,load5,4.09,dbms,clickbench,postgresql-indexed-load,1,ip-172-31-19-62,olap,benchANT
2026-05-16 12:59:30+00:00,system,load5,4.08,dbms,clickbench,postgresql-indexed-load,1,ip-172-31-19-62,olap,benchANT
2026-05-16 12:59:40+00:00,system,load5,4.1,dbms,clickbench,postgresql-indexed-load,1,ip-172-31-19-62,olap,benchANT
2026-05-16 12:59:50+00:00,system,load5,4.09,dbms,clickbench,postgresql-indexed-load,1,ip-172-31-19-62,olap,benchANT
2026-05-16 13:00:00+00:00,system,load5,4.09,dbms,clickbench,postgresql-indexed-load,1,ip-172-31-19-62,olap,benchANT
2026-05-16 13:00:10+00:00,system,load5,4.08,dbms,clickbench,postgresql-indexed-load,1,ip-172-31-19-62,olap,benchANT
2026-05-16 13:00:20+00:00,system,load5,4.08,dbms,clickbench,postgresql-indexed-load,1,ip-172-31-19-62,olap,benchANT
2026-05-16 13:00:30+00:00,system,load5,4.08,dbms,clickbench,postgresql-indexed-load,1,ip-172-31-19-62,olap,benchANT
2026-05-16 13:00:40+00:00,system,load5,4.08,dbms,clickbench,postgresql-indexed-load,1,ip-172-31-19-62,olap,benchANT
2026-05-16 13:00:50+00:00,system,load5,4.07,dbms,clickbench,postgresql-indexed-load,1,ip-172-31-19-62,olap,benchANT
2026-05-16 13:01:00+00:00,system,load5,4.07,dbms,clickbench,postgresql-indexed-load,1,ip-172-31-19-62,olap,benchANT
2026-05-16 13:01:10+00:00,system,load5,4.08,dbms,clickbench,postgresql-indexed-load,1,ip-172-31-19-62,olap,benchANT
2026-05-16 13:01:20+00:00,system,load5,4.08,dbms,clickbench,postgresql-indexed-load,1,ip-172-31-19-62,olap,benchANT
2026-05-16 13:01:30+00:00,system,load5,4.08,dbms,clickbench,postgresql-indexed-load,1,ip-172-31-19-62,olap,benchANT
2026-05-16 13:01:40+00:00,system,load5,4.08,dbms,clickbench,postgresql-indexed-load,1,ip-172-31-19-62,olap,benchANT
2026-05-16 13:01:50+00:00,system,load5,4.07,dbms,clickbench,postgresql-indexed-load,1,ip-172-31-19-62,olap,benchANT
2026-05-16 13:02:00+00:00,system,load5,4.07,dbms,clickbench,postgresql-indexed-load,1,ip-172-31-19-62,olap,benchANT
2026-05-16 13:02:10+00:00,system,load5,4.08,dbms,clickbench,postgresql-indexed-load,1,ip-172-31-19-62,olap,benchANT
2026-05-16 13:02:20+00:00,system,load5,4.1,dbms,clickbench,postgresql-indexed-load,1,ip-172-31-19-62,olap,benchANT
2026-05-16 13:02:30+00:00,system,load5,4.09,dbms,clickbench,postgresql-indexed-load,1,ip-172-31-19-62,olap,benchANT
2026-05-16 13:02:40+00:00,system,load5,4.11,dbms,clickbench,postgresql-indexed-load,1,ip-172-31-19-62,olap,benchANT
2026-05-16 13:02:50+00:00,system,load5,4.1,dbms,clickbench,postgresql-indexed-load,1,ip-172-31-19-62,olap,benchANT
2026-05-16 13:03:00+00:00,system,load5,4.1,dbms,clickbench,postgresql-indexed-load,1,ip-172-31-19-62,olap,benchANT
2026-05-16 13:03:10+00:00,system,load5,4.1,dbms,clickbench,postgresql-indexed-load,1,ip-172-31-19-62,olap,benchANT
2026-05-16 13:03:20+00:00,system,load5,4.09,dbms,clickbench,postgresql-indexed-load,1,ip-172-31-19-62,olap,benchANT
2026-05-16 13:03:30+00:00,system,load5,4.12,dbms,clickbench,postgresql-indexed-load,1,ip-172-31-19-62,olap,benchANT
2026-05-16 13:03:40+00:00,system,load5,4.12,dbms,clickbench,postgresql-indexed-load,1,ip-172-31-19-62,olap,benchANT
2026-05-16 13:03:50+00:00,system,load5,4.11,dbms,clickbench,postgresql-indexed-load,1,ip-172-31-19-62,olap,benchANT
2026-05-16 13:04:00+00:00,system,load5,4.13,dbms,clickbench,postgresql-indexed-load,1,ip-172-31-19-62,olap,benchANT
2026-05-16 13:04:10+00:00,system,load5,4.14,dbms,clickbench,postgresql-indexed-load,1,ip-172-31-19-62,olap,benchANT
2026-05-16 13:04:20+00:00,system,load5,4.13,dbms,clickbench,postgresql-indexed-load,1,ip-172-31-19-62,olap,benchANT
2026-05-16 13:04:30+00:00,system,load5,4.13,dbms,clickbench,postgresql-indexed-load,1,ip-172-31-19-62,olap,benchANT
2026-05-16 13:04:40+00:00,system,load5,4.12,dbms,clickbench,postgresql-indexed-load,1,ip-172-31-19-62,olap,benchANT
2026-05-16 13:04:50+00:00,system,load5,4.12,dbms,clickbench,postgresql-indexed-load,1,ip-172-31-19-62,olap,benchANT
2026-05-16 13:05:00+00:00,system,load5,4.11,dbms,clickbench,postgresql-indexed-load,1,ip-172-31-19-62,olap,benchANT
2026-05-16 13:05:10+00:00,system,load5,4.11,dbms,clickbench,postgresql-indexed-load,1,ip-172-31-19-62,olap,benchANT
2026-05-16 13:05:20+00:00,system,load5,4.11,dbms,clickbench,postgresql-indexed-load,1,ip-172-31-19-62,olap,benchANT
2026-05-16 13:05:30+00:00,system,load5,4.1,dbms,clickbench,postgresql-indexed-load,1,ip-172-31-19-62,olap,benchANT
2026-05-16 13:05:40+00:00,system,load5,4.1,dbms,clickbench,postgresql-indexed-load,1,ip-172-31-19-62,olap,benchANT
2026-05-16 13:05:50+00:00,system,load5,4.13,dbms,clickbench,postgresql-indexed-load,1,ip-172-31-19-62,olap,benchANT
2026-05-16 13:06:00+00:00,system,load5,4.12,dbms,clickbench,postgresql-indexed-load,1,ip-172-31-19-62,olap,benchANT
2026-05-16 13:06:10+00:00,system,load5,4.12,dbms,clickbench,postgresql-indexed-load,1,ip-172-31-19-62,olap,benchANT
2026-05-16 13:06:20+00:00,system,load5,4.13,dbms,clickbench,postgresql-indexed-load,1,ip-172-31-19-62,olap,benchANT
2026-05-16 13:06:30+00:00,system,load5,4.12,dbms,clickbench,postgresql-indexed-load,1,ip-172-31-19-62,olap,benchANT
2026-05-16 13:06:40+00:00,system,load5,4.12,dbms,clickbench,postgresql-indexed-load,1,ip-172-31-19-62,olap,benchANT
2026-05-16 13:06:50+00:00,system,load5,4.12,dbms,clickbench,postgresql-indexed-load,1,ip-172-31-19-62,olap,benchANT
2026-05-16 13:07:00+00:00,system,load5,4.13,dbms,clickbench,postgresql-indexed-load,1,ip-172-31-19-62,olap,benchANT
2026-05-16 13:07:10+00:00,system,load5,4.12,dbms,clickbench,postgresql-indexed-load,1,ip-172-31-19-62,olap,benchANT
2026-05-16 13:07:20+00:00,system,load5,4.07,dbms,clickbench,postgresql-indexed-load,1,ip-172-31-19-62,olap,benchANT
2026-05-16 13:07:30+00:00,system,load5,3.97,dbms,clickbench,postgresql-indexed-load,1,ip-172-31-19-62,olap,benchANT
2026-05-16 13:07:40+00:00,system,load5,3.87,dbms,clickbench,postgresql-indexed-load,1,ip-172-31-19-62,olap,benchANT
2026-05-16 13:07:50+00:00,system,load5,3.77,dbms,clickbench,postgresql-indexed-load,1,ip-172-31-19-62,olap,benchANT
2026-05-16 13:08:00+00:00,system,load5,3.68,dbms,clickbench,postgresql-indexed-load,1,ip-172-31-19-62,olap,benchANT
2026-05-16 13:08:10+00:00,system,load5,3.61,dbms,clickbench,postgresql-indexed-load,1,ip-172-31-19-62,olap,benchANT
2026-05-16 13:08:20+00:00,system,load5,3.54,dbms,clickbench,postgresql-indexed-load,1,ip-172-31-19-62,olap,benchANT
2026-05-16 13:08:30+00:00,system,load5,3.46,dbms,clickbench,postgresql-indexed-load,1,ip-172-31-19-62,olap,benchANT
2026-05-16 13:08:40+00:00,system,load5,3.37,dbms,clickbench,postgresql-indexed-load,1,ip-172-31-19-62,olap,benchANT
2026-05-16 13:08:50+00:00,system,load5,3.33,dbms,clickbench,postgresql-indexed-load,1,ip-172-31-19-62,olap,benchANT
2026-05-16 13:09:00+00:00,system,load5,3.25,dbms,clickbench,postgresql-indexed-load,1,ip-172-31-19-62,olap,benchANT
2026-05-16 13:09:10+00:00,system,load5,3.18,dbms,clickbench,postgresql-indexed-load,1,ip-172-31-19-62,olap,benchANT
2026-05-16 13:09:20+00:00,system,load5,3.11,dbms,clickbench,postgresql-indexed-load,1,ip-172-31-19-62,olap,benchANT
2026-05-16 13:09:30+00:00,system,load5,3.09,dbms,clickbench,postgresql-indexed-load,1,ip-172-31-19-62,olap,benchANT
2026-05-16 13:09:40+00:00,system,load5,3.07,dbms,clickbench,postgresql-indexed-load,1,ip-172-31-19-62,olap,benchANT
2026-05-16 13:09:50+00:00,system,load5,3.05,dbms,clickbench,postgresql-indexed-load,1,ip-172-31-19-62,olap,benchANT
2026-05-16 13:10:00+00:00,system,load5,2.95,dbms,clickbench,postgresql-indexed-load,1,ip-172-31-19-62,olap,benchANT
2026-05-16 13:10:10+00:00,system,load5,2.85,dbms,clickbench,postgresql-indexed-load,1,ip-172-31-19-62,olap,benchANT
2026-05-16 10:29:10+00:00,system,n_cpus,8,dbms,clickbench,postgresql-indexed-load,1,ip-172-31-19-62,olap,benchANT
2026-05-16 10:29:20+00:00,system,n_cpus,8,dbms,clickbench,postgresql-indexed-load,1,ip-172-31-19-62,olap,benchANT
2026-05-16 10:29:30+00:00,system,n_cpus,8,dbms,clickbench,postgresql-indexed-load,1,ip-172-31-19-62,olap,benchANT
2026-05-16 10:29:40+00:00,system,n_cpus,8,dbms,clickbench,postgresql-indexed-load,1,ip-172-31-19-62,olap,benchANT
2026-05-16 10:29:50+00:00,system,n_cpus,8,dbms,clickbench,postgresql-indexed-load,1,ip-172-31-19-62,olap,benchANT
2026-05-16 10:30:00+00:00,system,n_cpus,8,dbms,clickbench,postgresql-indexed-load,1,ip-172-31-19-62,olap,benchANT
2026-05-16 10:30:10+00:00,system,n_cpus,8,dbms,clickbench,postgresql-indexed-load,1,ip-172-31-19-62,olap,benchANT
2026-05-16 10:30:20+00:00,system,n_cpus,8,dbms,clickbench,postgresql-indexed-load,1,ip-172-31-19-62,olap,benchANT
2026-05-16 10:30:30+00:00,system,n_cpus,8,dbms,clickbench,postgresql-indexed-load,1,ip-172-31-19-62,olap,benchANT
2026-05-16 10:30:40+00:00,system,n_cpus,8,dbms,clickbench,postgresql-indexed-load,1,ip-172-31-19-62,olap,benchANT
2026-05-16 10:30:50+00:00,system,n_cpus,8,dbms,clickbench,postgresql-indexed-load,1,ip-172-31-19-62,olap,benchANT
2026-05-16 10:31:00+00:00,system,n_cpus,8,dbms,clickbench,postgresql-indexed-load,1,ip-172-31-19-62,olap,benchANT
2026-05-16 10:31:10+00:00,system,n_cpus,8,dbms,clickbench,postgresql-indexed-load,1,ip-172-31-19-62,olap,benchANT
2026-05-16 10:31:20+00:00,system,n_cpus,8,dbms,clickbench,postgresql-indexed-load,1,ip-172-31-19-62,olap,benchANT
2026-05-16 10:31:30+00:00,system,n_cpus,8,dbms,clickbench,postgresql-indexed-load,1,ip-172-31-19-62,olap,benchANT
2026-05-16 10:31:40+00:00,system,n_cpus,8,dbms,clickbench,postgresql-indexed-load,1,ip-172-31-19-62,olap,benchANT
2026-05-16 10:31:50+00:00,system,n_cpus,8,dbms,clickbench,postgresql-indexed-load,1,ip-172-31-19-62,olap,benchANT
2026-05-16 10:32:00+00:00,system,n_cpus,8,dbms,clickbench,postgresql-indexed-load,1,ip-172-31-19-62,olap,benchANT
2026-05-16 10:32:10+00:00,system,n_cpus,8,dbms,clickbench,postgresql-indexed-load,1,ip-172-31-19-62,olap,benchANT
2026-05-16 10:32:20+00:00,system,n_cpus,8,dbms,clickbench,postgresql-indexed-load,1,ip-172-31-19-62,olap,benchANT
2026-05-16 10:32:30+00:00,system,n_cpus,8,dbms,clickbench,postgresql-indexed-load,1,ip-172-31-19-62,olap,benchANT
2026-05-16 10:32:40+00:00,system,n_cpus,8,dbms,clickbench,postgresql-indexed-load,1,ip-172-31-19-62,olap,benchANT
2026-05-16 10:32:50+00:00,system,n_cpus,8,dbms,clickbench,postgresql-indexed-load,1,ip-172-31-19-62,olap,benchANT
2026-05-16 10:33:00+00:00,system,n_cpus,8,dbms,clickbench,postgresql-indexed-load,1,ip-172-31-19-62,olap,benchANT
2026-05-16 10:33:10+00:00,system,n_cpus,8,dbms,clickbench,postgresql-indexed-load,1,ip-172-31-19-62,olap,benchANT
2026-05-16 10:33:20+00:00,system,n_cpus,8,dbms,clickbench,postgresql-indexed-load,1,ip-172-31-19-62,olap,benchANT
2026-05-16 10:33:30+00:00,system,n_cpus,8,dbms,clickbench,postgresql-indexed-load,1,ip-172-31-19-62,olap,benchANT
2026-05-16 10:33:40+00:00,system,n_cpus,8,dbms,clickbench,postgresql-indexed-load,1,ip-172-31-19-62,olap,benchANT
2026-05-16 10:33:50+00:00,system,n_cpus,8,dbms,clickbench,postgresql-indexed-load,1,ip-172-31-19-62,olap,benchANT
2026-05-16 10:34:00+00:00,system,n_cpus,8,dbms,clickbench,postgresql-indexed-load,1,ip-172-31-19-62,olap,benchANT
2026-05-16 10:34:10+00:00,system,n_cpus,8,dbms,clickbench,postgresql-indexed-load,1,ip-172-31-19-62,olap,benchANT
2026-05-16 10:34:20+00:00,system,n_cpus,8,dbms,clickbench,postgresql-indexed-load,1,ip-172-31-19-62,olap,benchANT
2026-05-16 10:34:30+00:00,system,n_cpus,8,dbms,clickbench,postgresql-indexed-load,1,ip-172-31-19-62,olap,benchANT
2026-05-16 10:34:40+00:00,system,n_cpus,8,dbms,clickbench,postgresql-indexed-load,1,ip-172-31-19-62,olap,benchANT
2026-05-16 10:34:50+00:00,system,n_cpus,8,dbms,clickbench,postgresql-indexed-load,1,ip-172-31-19-62,olap,benchANT
2026-05-16 10:35:00+00:00,system,n_cpus,8,dbms,clickbench,postgresql-indexed-load,1,ip-172-31-19-62,olap,benchANT
2026-05-16 10:35:10+00:00,system,n_cpus,8,dbms,clickbench,postgresql-indexed-load,1,ip-172-31-19-62,olap,benchANT
2026-05-16 10:35:20+00:00,system,n_cpus,8,dbms,clickbench,postgresql-indexed-load,1,ip-172-31-19-62,olap,benchANT
2026-05-16 10:35:30+00:00,system,n_cpus,8,dbms,clickbench,postgresql-indexed-load,1,ip-172-31-19-62,olap,benchANT
2026-05-16 10:35:40+00:00,system,n_cpus,8,dbms,clickbench,postgresql-indexed-load,1,ip-172-31-19-62,olap,benchANT
2026-05-16 10:35:50+00:00,system,n_cpus,8,dbms,clickbench,postgresql-indexed-load,1,ip-172-31-19-62,olap,benchANT
2026-05-16 10:36:00+00:00,system,n_cpus,8,dbms,clickbench,postgresql-indexed-load,1,ip-172-31-19-62,olap,benchANT
2026-05-16 10:36:10+00:00,system,n_cpus,8,dbms,clickbench,postgresql-indexed-load,1,ip-172-31-19-62,olap,benchANT
2026-05-16 10:36:20+00:00,system,n_cpus,8,dbms,clickbench,postgresql-indexed-load,1,ip-172-31-19-62,olap,benchANT
2026-05-16 10:36:30+00:00,system,n_cpus,8,dbms,clickbench,postgresql-indexed-load,1,ip-172-31-19-62,olap,benchANT
2026-05-16 10:36:40+00:00,system,n_cpus,8,dbms,clickbench,postgresql-indexed-load,1,ip-172-31-19-62,olap,benchANT
2026-05-16 10:36:50+00:00,system,n_cpus,8,dbms,clickbench,postgresql-indexed-load,1,ip-172-31-19-62,olap,benchANT
2026-05-16 10:37:00+00:00,system,n_cpus,8,dbms,clickbench,postgresql-indexed-load,1,ip-172-31-19-62,olap,benchANT
2026-05-16 10:37:10+00:00,system,n_cpus,8,dbms,clickbench,postgresql-indexed-load,1,ip-172-31-19-62,olap,benchANT
2026-05-16 10:37:20+00:00,system,n_cpus,8,dbms,clickbench,postgresql-indexed-load,1,ip-172-31-19-62,olap,benchANT
2026-05-16 10:37:30+00:00,system,n_cpus,8,dbms,clickbench,postgresql-indexed-load,1,ip-172-31-19-62,olap,benchANT
2026-05-16 10:37:40+00:00,system,n_cpus,8,dbms,clickbench,postgresql-indexed-load,1,ip-172-31-19-62,olap,benchANT
2026-05-16 10:37:50+00:00,system,n_cpus,8,dbms,clickbench,postgresql-indexed-load,1,ip-172-31-19-62,olap,benchANT
2026-05-16 10:38:00+00:00,system,n_cpus,8,dbms,clickbench,postgresql-indexed-load,1,ip-172-31-19-62,olap,benchANT
2026-05-16 10:38:10+00:00,system,n_cpus,8,dbms,clickbench,postgresql-indexed-load,1,ip-172-31-19-62,olap,benchANT
2026-05-16 10:38:20+00:00,system,n_cpus,8,dbms,clickbench,postgresql-indexed-load,1,ip-172-31-19-62,olap,benchANT
2026-05-16 10:38:30+00:00,system,n_cpus,8,dbms,clickbench,postgresql-indexed-load,1,ip-172-31-19-62,olap,benchANT
2026-05-16 10:38:40+00:00,system,n_cpus,8,dbms,clickbench,postgresql-indexed-load,1,ip-172-31-19-62,olap,benchANT
2026-05-16 10:38:50+00:00,system,n_cpus,8,dbms,clickbench,postgresql-indexed-load,1,ip-172-31-19-62,olap,benchANT
2026-05-16 10:39:00+00:00,system,n_cpus,8,dbms,clickbench,postgresql-indexed-load,1,ip-172-31-19-62,olap,benchANT
2026-05-16 10:39:10+00:00,system,n_cpus,8,dbms,clickbench,postgresql-indexed-load,1,ip-172-31-19-62,olap,benchANT
2026-05-16 10:39:20+00:00,system,n_cpus,8,dbms,clickbench,postgresql-indexed-load,1,ip-172-31-19-62,olap,benchANT
2026-05-16 10:39:30+00:00,system,n_cpus,8,dbms,clickbench,postgresql-indexed-load,1,ip-172-31-19-62,olap,benchANT
2026-05-16 10:39:40+00:00,system,n_cpus,8,dbms,clickbench,postgresql-indexed-load,1,ip-172-31-19-62,olap,benchANT
2026-05-16 10:39:50+00:00,system,n_cpus,8,dbms,clickbench,postgresql-indexed-load,1,ip-172-31-19-62,olap,benchANT
2026-05-16 10:40:00+00:00,system,n_cpus,8,dbms,clickbench,postgresql-indexed-load,1,ip-172-31-19-62,olap,benchANT
2026-05-16 10:40:10+00:00,system,n_cpus,8,dbms,clickbench,postgresql-indexed-load,1,ip-172-31-19-62,olap,benchANT
2026-05-16 10:40:20+00:00,system,n_cpus,8,dbms,clickbench,postgresql-indexed-load,1,ip-172-31-19-62,olap,benchANT
2026-05-16 10:40:30+00:00,system,n_cpus,8,dbms,clickbench,postgresql-indexed-load,1,ip-172-31-19-62,olap,benchANT
2026-05-16 10:40:40+00:00,system,n_cpus,8,dbms,clickbench,postgresql-indexed-load,1,ip-172-31-19-62,olap,benchANT
2026-05-16 10:40:50+00:00,system,n_cpus,8,dbms,clickbench,postgresql-indexed-load,1,ip-172-31-19-62,olap,benchANT
2026-05-16 10:41:00+00:00,system,n_cpus,8,dbms,clickbench,postgresql-indexed-load,1,ip-172-31-19-62,olap,benchANT
2026-05-16 10:41:10+00:00,system,n_cpus,8,dbms,clickbench,postgresql-indexed-load,1,ip-172-31-19-62,olap,benchANT
2026-05-16 10:41:20+00:00,system,n_cpus,8,dbms,clickbench,postgresql-indexed-load,1,ip-172-31-19-62,olap,benchANT
2026-05-16 10:41:30+00:00,system,n_cpus,8,dbms,clickbench,postgresql-indexed-load,1,ip-172-31-19-62,olap,benchANT
2026-05-16 10:41:40+00:00,system,n_cpus,8,dbms,clickbench,postgresql-indexed-load,1,ip-172-31-19-62,olap,benchANT
2026-05-16 10:41:50+00:00,system,n_cpus,8,dbms,clickbench,postgresql-indexed-load,1,ip-172-31-19-62,olap,benchANT
2026-05-16 10:42:00+00:00,system,n_cpus,8,dbms,clickbench,postgresql-indexed-load,1,ip-172-31-19-62,olap,benchANT
2026-05-16 10:42:10+00:00,system,n_cpus,8,dbms,clickbench,postgresql-indexed-load,1,ip-172-31-19-62,olap,benchANT
2026-05-16 10:42:20+00:00,system,n_cpus,8,dbms,clickbench,postgresql-indexed-load,1,ip-172-31-19-62,olap,benchANT
2026-05-16 10:42:30+00:00,system,n_cpus,8,dbms,clickbench,postgresql-indexed-load,1,ip-172-31-19-62,olap,benchANT
2026-05-16 10:42:40+00:00,system,n_cpus,8,dbms,clickbench,postgresql-indexed-load,1,ip-172-31-19-62,olap,benchANT
2026-05-16 10:42:50+00:00,system,n_cpus,8,dbms,clickbench,postgresql-indexed-load,1,ip-172-31-19-62,olap,benchANT
2026-05-16 10:43:00+00:00,system,n_cpus,8,dbms,clickbench,postgresql-indexed-load,1,ip-172-31-19-62,olap,benchANT
2026-05-16 10:43:10+00:00,system,n_cpus,8,dbms,clickbench,postgresql-indexed-load,1,ip-172-31-19-62,olap,benchANT
2026-05-16 10:43:20+00:00,system,n_cpus,8,dbms,clickbench,postgresql-indexed-load,1,ip-172-31-19-62,olap,benchANT
2026-05-16 10:43:30+00:00,system,n_cpus,8,dbms,clickbench,postgresql-indexed-load,1,ip-172-31-19-62,olap,benchANT
2026-05-16 10:43:40+00:00,system,n_cpus,8,dbms,clickbench,postgresql-indexed-load,1,ip-172-31-19-62,olap,benchANT
2026-05-16 10:43:50+00:00,system,n_cpus,8,dbms,clickbench,postgresql-indexed-load,1,ip-172-31-19-62,olap,benchANT
2026-05-16 10:44:00+00:00,system,n_cpus,8,dbms,clickbench,postgresql-indexed-load,1,ip-172-31-19-62,olap,benchANT
2026-05-16 10:44:10+00:00,system,n_cpus,8,dbms,clickbench,postgresql-indexed-load,1,ip-172-31-19-62,olap,benchANT
2026-05-16 10:44:20+00:00,system,n_cpus,8,dbms,clickbench,postgresql-indexed-load,1,ip-172-31-19-62,olap,benchANT
2026-05-16 10:44:30+00:00,system,n_cpus,8,dbms,clickbench,postgresql-indexed-load,1,ip-172-31-19-62,olap,benchANT
2026-05-16 10:44:40+00:00,system,n_cpus,8,dbms,clickbench,postgresql-indexed-load,1,ip-172-31-19-62,olap,benchANT
2026-05-16 10:44:50+00:00,system,n_cpus,8,dbms,clickbench,postgresql-indexed-load,1,ip-172-31-19-62,olap,benchANT
2026-05-16 10:45:00+00:00,system,n_cpus,8,dbms,clickbench,postgresql-indexed-load,1,ip-172-31-19-62,olap,benchANT
2026-05-16 10:45:10+00:00,system,n_cpus,8,dbms,clickbench,postgresql-indexed-load,1,ip-172-31-19-62,olap,benchANT
2026-05-16 10:45:20+00:00,system,n_cpus,8,dbms,clickbench,postgresql-indexed-load,1,ip-172-31-19-62,olap,benchANT
2026-05-16 10:45:30+00:00,system,n_cpus,8,dbms,clickbench,postgresql-indexed-load,1,ip-172-31-19-62,olap,benchANT
2026-05-16 10:45:40+00:00,system,n_cpus,8,dbms,clickbench,postgresql-indexed-load,1,ip-172-31-19-62,olap,benchANT
2026-05-16 10:45:50+00:00,system,n_cpus,8,dbms,clickbench,postgresql-indexed-load,1,ip-172-31-19-62,olap,benchANT
2026-05-16 10:46:00+00:00,system,n_cpus,8,dbms,clickbench,postgresql-indexed-load,1,ip-172-31-19-62,olap,benchANT
2026-05-16 10:46:10+00:00,system,n_cpus,8,dbms,clickbench,postgresql-indexed-load,1,ip-172-31-19-62,olap,benchANT
2026-05-16 10:46:20+00:00,system,n_cpus,8,dbms,clickbench,postgresql-indexed-load,1,ip-172-31-19-62,olap,benchANT
2026-05-16 10:46:30+00:00,system,n_cpus,8,dbms,clickbench,postgresql-indexed-load,1,ip-172-31-19-62,olap,benchANT
2026-05-16 10:46:40+00:00,system,n_cpus,8,dbms,clickbench,postgresql-indexed-load,1,ip-172-31-19-62,olap,benchANT
2026-05-16 10:46:50+00:00,system,n_cpus,8,dbms,clickbench,postgresql-indexed-load,1,ip-172-31-19-62,olap,benchANT
2026-05-16 10:47:00+00:00,system,n_cpus,8,dbms,clickbench,postgresql-indexed-load,1,ip-172-31-19-62,olap,benchANT
2026-05-16 10:47:10+00:00,system,n_cpus,8,dbms,clickbench,postgresql-indexed-load,1,ip-172-31-19-62,olap,benchANT
2026-05-16 10:47:20+00:00,system,n_cpus,8,dbms,clickbench,postgresql-indexed-load,1,ip-172-31-19-62,olap,benchANT
2026-05-16 10:47:30+00:00,system,n_cpus,8,dbms,clickbench,postgresql-indexed-load,1,ip-172-31-19-62,olap,benchANT
2026-05-16 10:47:40+00:00,system,n_cpus,8,dbms,clickbench,postgresql-indexed-load,1,ip-172-31-19-62,olap,benchANT
2026-05-16 10:47:50+00:00,system,n_cpus,8,dbms,clickbench,postgresql-indexed-load,1,ip-172-31-19-62,olap,benchANT
2026-05-16 10:48:00+00:00,system,n_cpus,8,dbms,clickbench,postgresql-indexed-load,1,ip-172-31-19-62,olap,benchANT
2026-05-16 10:48:10+00:00,system,n_cpus,8,dbms,clickbench,postgresql-indexed-load,1,ip-172-31-19-62,olap,benchANT
2026-05-16 10:48:20+00:00,system,n_cpus,8,dbms,clickbench,postgresql-indexed-load,1,ip-172-31-19-62,olap,benchANT
2026-05-16 10:48:30+00:00,system,n_cpus,8,dbms,clickbench,postgresql-indexed-load,1,ip-172-31-19-62,olap,benchANT
2026-05-16 10:48:40+00:00,system,n_cpus,8,dbms,clickbench,postgresql-indexed-load,1,ip-172-31-19-62,olap,benchANT
2026-05-16 10:48:50+00:00,system,n_cpus,8,dbms,clickbench,postgresql-indexed-load,1,ip-172-31-19-62,olap,benchANT
2026-05-16 10:49:00+00:00,system,n_cpus,8,dbms,clickbench,postgresql-indexed-load,1,ip-172-31-19-62,olap,benchANT
2026-05-16 10:49:10+00:00,system,n_cpus,8,dbms,clickbench,postgresql-indexed-load,1,ip-172-31-19-62,olap,benchANT
2026-05-16 10:49:20+00:00,system,n_cpus,8,dbms,clickbench,postgresql-indexed-load,1,ip-172-31-19-62,olap,benchANT
2026-05-16 10:49:30+00:00,system,n_cpus,8,dbms,clickbench,postgresql-indexed-load,1,ip-172-31-19-62,olap,benchANT
2026-05-16 10:49:40+00:00,system,n_cpus,8,dbms,clickbench,postgresql-indexed-load,1,ip-172-31-19-62,olap,benchANT
2026-05-16 10:49:50+00:00,system,n_cpus,8,dbms,clickbench,postgresql-indexed-load,1,ip-172-31-19-62,olap,benchANT
2026-05-16 10:50:00+00:00,system,n_cpus,8,dbms,clickbench,postgresql-indexed-load,1,ip-172-31-19-62,olap,benchANT
2026-05-16 10:50:10+00:00,system,n_cpus,8,dbms,clickbench,postgresql-indexed-load,1,ip-172-31-19-62,olap,benchANT
2026-05-16 10:50:20+00:00,system,n_cpus,8,dbms,clickbench,postgresql-indexed-load,1,ip-172-31-19-62,olap,benchANT
2026-05-16 10:50:30+00:00,system,n_cpus,8,dbms,clickbench,postgresql-indexed-load,1,ip-172-31-19-62,olap,benchANT
2026-05-16 10:50:40+00:00,system,n_cpus,8,dbms,clickbench,postgresql-indexed-load,1,ip-172-31-19-62,olap,benchANT
2026-05-16 10:50:50+00:00,system,n_cpus,8,dbms,clickbench,postgresql-indexed-load,1,ip-172-31-19-62,olap,benchANT
2026-05-16 10:51:00+00:00,system,n_cpus,8,dbms,clickbench,postgresql-indexed-load,1,ip-172-31-19-62,olap,benchANT
2026-05-16 10:51:10+00:00,system,n_cpus,8,dbms,clickbench,postgresql-indexed-load,1,ip-172-31-19-62,olap,benchANT
2026-05-16 10:51:20+00:00,system,n_cpus,8,dbms,clickbench,postgresql-indexed-load,1,ip-172-31-19-62,olap,benchANT
2026-05-16 10:51:30+00:00,system,n_cpus,8,dbms,clickbench,postgresql-indexed-load,1,ip-172-31-19-62,olap,benchANT
2026-05-16 10:51:40+00:00,system,n_cpus,8,dbms,clickbench,postgresql-indexed-load,1,ip-172-31-19-62,olap,benchANT
2026-05-16 10:51:50+00:00,system,n_cpus,8,dbms,clickbench,postgresql-indexed-load,1,ip-172-31-19-62,olap,benchANT
2026-05-16 10:52:00+00:00,system,n_cpus,8,dbms,clickbench,postgresql-indexed-load,1,ip-172-31-19-62,olap,benchANT
2026-05-16 10:52:10+00:00,system,n_cpus,8,dbms,clickbench,postgresql-indexed-load,1,ip-172-31-19-62,olap,benchANT
2026-05-16 10:52:20+00:00,system,n_cpus,8,dbms,clickbench,postgresql-indexed-load,1,ip-172-31-19-62,olap,benchANT
2026-05-16 10:52:30+00:00,system,n_cpus,8,dbms,clickbench,postgresql-indexed-load,1,ip-172-31-19-62,olap,benchANT
2026-05-16 10:52:40+00:00,system,n_cpus,8,dbms,clickbench,postgresql-indexed-load,1,ip-172-31-19-62,olap,benchANT
2026-05-16 10:52:50+00:00,system,n_cpus,8,dbms,clickbench,postgresql-indexed-load,1,ip-172-31-19-62,olap,benchANT
2026-05-16 10:53:00+00:00,system,n_cpus,8,dbms,clickbench,postgresql-indexed-load,1,ip-172-31-19-62,olap,benchANT
2026-05-16 10:53:10+00:00,system,n_cpus,8,dbms,clickbench,postgresql-indexed-load,1,ip-172-31-19-62,olap,benchANT
2026-05-16 10:53:20+00:00,system,n_cpus,8,dbms,clickbench,postgresql-indexed-load,1,ip-172-31-19-62,olap,benchANT
2026-05-16 10:53:30+00:00,system,n_cpus,8,dbms,clickbench,postgresql-indexed-load,1,ip-172-31-19-62,olap,benchANT
2026-05-16 10:53:40+00:00,system,n_cpus,8,dbms,clickbench,postgresql-indexed-load,1,ip-172-31-19-62,olap,benchANT
2026-05-16 10:53:50+00:00,system,n_cpus,8,dbms,clickbench,postgresql-indexed-load,1,ip-172-31-19-62,olap,benchANT
2026-05-16 10:54:00+00:00,system,n_cpus,8,dbms,clickbench,postgresql-indexed-load,1,ip-172-31-19-62,olap,benchANT
2026-05-16 10:54:10+00:00,system,n_cpus,8,dbms,clickbench,postgresql-indexed-load,1,ip-172-31-19-62,olap,benchANT
2026-05-16 10:54:20+00:00,system,n_cpus,8,dbms,clickbench,postgresql-indexed-load,1,ip-172-31-19-62,olap,benchANT
2026-05-16 10:54:30+00:00,system,n_cpus,8,dbms,clickbench,postgresql-indexed-load,1,ip-172-31-19-62,olap,benchANT
2026-05-16 10:54:40+00:00,system,n_cpus,8,dbms,clickbench,postgresql-indexed-load,1,ip-172-31-19-62,olap,benchANT
2026-05-16 10:54:50+00:00,system,n_cpus,8,dbms,clickbench,postgresql-indexed-load,1,ip-172-31-19-62,olap,benchANT
2026-05-16 10:55:00+00:00,system,n_cpus,8,dbms,clickbench,postgresql-indexed-load,1,ip-172-31-19-62,olap,benchANT
2026-05-16 10:55:10+00:00,system,n_cpus,8,dbms,clickbench,postgresql-indexed-load,1,ip-172-31-19-62,olap,benchANT
2026-05-16 10:55:20+00:00,system,n_cpus,8,dbms,clickbench,postgresql-indexed-load,1,ip-172-31-19-62,olap,benchANT
2026-05-16 10:55:30+00:00,system,n_cpus,8,dbms,clickbench,postgresql-indexed-load,1,ip-172-31-19-62,olap,benchANT
2026-05-16 10:55:40+00:00,system,n_cpus,8,dbms,clickbench,postgresql-indexed-load,1,ip-172-31-19-62,olap,benchANT
2026-05-16 10:55:50+00:00,system,n_cpus,8,dbms,clickbench,postgresql-indexed-load,1,ip-172-31-19-62,olap,benchANT
2026-05-16 10:56:00+00:00,system,n_cpus,8,dbms,clickbench,postgresql-indexed-load,1,ip-172-31-19-62,olap,benchANT
2026-05-16 10:56:10+00:00,system,n_cpus,8,dbms,clickbench,postgresql-indexed-load,1,ip-172-31-19-62,olap,benchANT
2026-05-16 10:56:20+00:00,system,n_cpus,8,dbms,clickbench,postgresql-indexed-load,1,ip-172-31-19-62,olap,benchANT
2026-05-16 10:56:30+00:00,system,n_cpus,8,dbms,clickbench,postgresql-indexed-load,1,ip-172-31-19-62,olap,benchANT
2026-05-16 10:56:40+00:00,system,n_cpus,8,dbms,clickbench,postgresql-indexed-load,1,ip-172-31-19-62,olap,benchANT
2026-05-16 10:56:50+00:00,system,n_cpus,8,dbms,clickbench,postgresql-indexed-load,1,ip-172-31-19-62,olap,benchANT
2026-05-16 10:57:00+00:00,system,n_cpus,8,dbms,clickbench,postgresql-indexed-load,1,ip-172-31-19-62,olap,benchANT
2026-05-16 10:57:10+00:00,system,n_cpus,8,dbms,clickbench,postgresql-indexed-load,1,ip-172-31-19-62,olap,benchANT
2026-05-16 10:57:20+00:00,system,n_cpus,8,dbms,clickbench,postgresql-indexed-load,1,ip-172-31-19-62,olap,benchANT
2026-05-16 10:57:30+00:00,system,n_cpus,8,dbms,clickbench,postgresql-indexed-load,1,ip-172-31-19-62,olap,benchANT
2026-05-16 10:57:40+00:00,system,n_cpus,8,dbms,clickbench,postgresql-indexed-load,1,ip-172-31-19-62,olap,benchANT
2026-05-16 10:57:50+00:00,system,n_cpus,8,dbms,clickbench,postgresql-indexed-load,1,ip-172-31-19-62,olap,benchANT
2026-05-16 10:58:00+00:00,system,n_cpus,8,dbms,clickbench,postgresql-indexed-load,1,ip-172-31-19-62,olap,benchANT
2026-05-16 10:58:10+00:00,system,n_cpus,8,dbms,clickbench,postgresql-indexed-load,1,ip-172-31-19-62,olap,benchANT
2026-05-16 10:58:20+00:00,system,n_cpus,8,dbms,clickbench,postgresql-indexed-load,1,ip-172-31-19-62,olap,benchANT
2026-05-16 10:58:30+00:00,system,n_cpus,8,dbms,clickbench,postgresql-indexed-load,1,ip-172-31-19-62,olap,benchANT
2026-05-16 10:58:40+00:00,system,n_cpus,8,dbms,clickbench,postgresql-indexed-load,1,ip-172-31-19-62,olap,benchANT
2026-05-16 10:58:50+00:00,system,n_cpus,8,dbms,clickbench,postgresql-indexed-load,1,ip-172-31-19-62,olap,benchANT
2026-05-16 10:59:00+00:00,system,n_cpus,8,dbms,clickbench,postgresql-indexed-load,1,ip-172-31-19-62,olap,benchANT
2026-05-16 10:59:10+00:00,system,n_cpus,8,dbms,clickbench,postgresql-indexed-load,1,ip-172-31-19-62,olap,benchANT
2026-05-16 10:59:20+00:00,system,n_cpus,8,dbms,clickbench,postgresql-indexed-load,1,ip-172-31-19-62,olap,benchANT
2026-05-16 10:59:30+00:00,system,n_cpus,8,dbms,clickbench,postgresql-indexed-load,1,ip-172-31-19-62,olap,benchANT
2026-05-16 10:59:40+00:00,system,n_cpus,8,dbms,clickbench,postgresql-indexed-load,1,ip-172-31-19-62,olap,benchANT
2026-05-16 10:59:50+00:00,system,n_cpus,8,dbms,clickbench,postgresql-indexed-load,1,ip-172-31-19-62,olap,benchANT
2026-05-16 11:00:00+00:00,system,n_cpus,8,dbms,clickbench,postgresql-indexed-load,1,ip-172-31-19-62,olap,benchANT
2026-05-16 11:00:10+00:00,system,n_cpus,8,dbms,clickbench,postgresql-indexed-load,1,ip-172-31-19-62,olap,benchANT
2026-05-16 11:00:20+00:00,system,n_cpus,8,dbms,clickbench,postgresql-indexed-load,1,ip-172-31-19-62,olap,benchANT
2026-05-16 11:00:30+00:00,system,n_cpus,8,dbms,clickbench,postgresql-indexed-load,1,ip-172-31-19-62,olap,benchANT
2026-05-16 11:00:40+00:00,system,n_cpus,8,dbms,clickbench,postgresql-indexed-load,1,ip-172-31-19-62,olap,benchANT
2026-05-16 11:00:50+00:00,system,n_cpus,8,dbms,clickbench,postgresql-indexed-load,1,ip-172-31-19-62,olap,benchANT
2026-05-16 11:01:00+00:00,system,n_cpus,8,dbms,clickbench,postgresql-indexed-load,1,ip-172-31-19-62,olap,benchANT
2026-05-16 11:01:10+00:00,system,n_cpus,8,dbms,clickbench,postgresql-indexed-load,1,ip-172-31-19-62,olap,benchANT
2026-05-16 11:01:20+00:00,system,n_cpus,8,dbms,clickbench,postgresql-indexed-load,1,ip-172-31-19-62,olap,benchANT
2026-05-16 11:01:30+00:00,system,n_cpus,8,dbms,clickbench,postgresql-indexed-load,1,ip-172-31-19-62,olap,benchANT
2026-05-16 11:01:40+00:00,system,n_cpus,8,dbms,clickbench,postgresql-indexed-load,1,ip-172-31-19-62,olap,benchANT
2026-05-16 11:01:50+00:00,system,n_cpus,8,dbms,clickbench,postgresql-indexed-load,1,ip-172-31-19-62,olap,benchANT
2026-05-16 11:02:00+00:00,system,n_cpus,8,dbms,clickbench,postgresql-indexed-load,1,ip-172-31-19-62,olap,benchANT
2026-05-16 11:02:10+00:00,system,n_cpus,8,dbms,clickbench,postgresql-indexed-load,1,ip-172-31-19-62,olap,benchANT
2026-05-16 11:02:20+00:00,system,n_cpus,8,dbms,clickbench,postgresql-indexed-load,1,ip-172-31-19-62,olap,benchANT
2026-05-16 11:02:30+00:00,system,n_cpus,8,dbms,clickbench,postgresql-indexed-load,1,ip-172-31-19-62,olap,benchANT
2026-05-16 11:02:40+00:00,system,n_cpus,8,dbms,clickbench,postgresql-indexed-load,1,ip-172-31-19-62,olap,benchANT
2026-05-16 11:02:50+00:00,system,n_cpus,8,dbms,clickbench,postgresql-indexed-load,1,ip-172-31-19-62,olap,benchANT
2026-05-16 11:03:00+00:00,system,n_cpus,8,dbms,clickbench,postgresql-indexed-load,1,ip-172-31-19-62,olap,benchANT
2026-05-16 11:03:10+00:00,system,n_cpus,8,dbms,clickbench,postgresql-indexed-load,1,ip-172-31-19-62,olap,benchANT
2026-05-16 11:03:20+00:00,system,n_cpus,8,dbms,clickbench,postgresql-indexed-load,1,ip-172-31-19-62,olap,benchANT
2026-05-16 11:03:30+00:00,system,n_cpus,8,dbms,clickbench,postgresql-indexed-load,1,ip-172-31-19-62,olap,benchANT
2026-05-16 11:03:40+00:00,system,n_cpus,8,dbms,clickbench,postgresql-indexed-load,1,ip-172-31-19-62,olap,benchANT
2026-05-16 11:03:50+00:00,system,n_cpus,8,dbms,clickbench,postgresql-indexed-load,1,ip-172-31-19-62,olap,benchANT
2026-05-16 11:04:00+00:00,system,n_cpus,8,dbms,clickbench,postgresql-indexed-load,1,ip-172-31-19-62,olap,benchANT
2026-05-16 11:04:10+00:00,system,n_cpus,8,dbms,clickbench,postgresql-indexed-load,1,ip-172-31-19-62,olap,benchANT
2026-05-16 11:04:20+00:00,system,n_cpus,8,dbms,clickbench,postgresql-indexed-load,1,ip-172-31-19-62,olap,benchANT
2026-05-16 11:04:30+00:00,system,n_cpus,8,dbms,clickbench,postgresql-indexed-load,1,ip-172-31-19-62,olap,benchANT
2026-05-16 11:04:40+00:00,system,n_cpus,8,dbms,clickbench,postgresql-indexed-load,1,ip-172-31-19-62,olap,benchANT
2026-05-16 11:04:50+00:00,system,n_cpus,8,dbms,clickbench,postgresql-indexed-load,1,ip-172-31-19-62,olap,benchANT
2026-05-16 11:05:00+00:00,system,n_cpus,8,dbms,clickbench,postgresql-indexed-load,1,ip-172-31-19-62,olap,benchANT
2026-05-16 11:05:10+00:00,system,n_cpus,8,dbms,clickbench,postgresql-indexed-load,1,ip-172-31-19-62,olap,benchANT
2026-05-16 11:05:20+00:00,system,n_cpus,8,dbms,clickbench,postgresql-indexed-load,1,ip-172-31-19-62,olap,benchANT
2026-05-16 11:05:30+00:00,system,n_cpus,8,dbms,clickbench,postgresql-indexed-load,1,ip-172-31-19-62,olap,benchANT
2026-05-16 11:05:40+00:00,system,n_cpus,8,dbms,clickbench,postgresql-indexed-load,1,ip-172-31-19-62,olap,benchANT
2026-05-16 11:05:50+00:00,system,n_cpus,8,dbms,clickbench,postgresql-indexed-load,1,ip-172-31-19-62,olap,benchANT
2026-05-16 11:06:00+00:00,system,n_cpus,8,dbms,clickbench,postgresql-indexed-load,1,ip-172-31-19-62,olap,benchANT
2026-05-16 11:06:10+00:00,system,n_cpus,8,dbms,clickbench,postgresql-indexed-load,1,ip-172-31-19-62,olap,benchANT
2026-05-16 11:06:20+00:00,system,n_cpus,8,dbms,clickbench,postgresql-indexed-load,1,ip-172-31-19-62,olap,benchANT
2026-05-16 11:06:30+00:00,system,n_cpus,8,dbms,clickbench,postgresql-indexed-load,1,ip-172-31-19-62,olap,benchANT
2026-05-16 11:06:40+00:00,system,n_cpus,8,dbms,clickbench,postgresql-indexed-load,1,ip-172-31-19-62,olap,benchANT
2026-05-16 11:06:50+00:00,system,n_cpus,8,dbms,clickbench,postgresql-indexed-load,1,ip-172-31-19-62,olap,benchANT
2026-05-16 11:07:00+00:00,system,n_cpus,8,dbms,clickbench,postgresql-indexed-load,1,ip-172-31-19-62,olap,benchANT
2026-05-16 11:07:10+00:00,system,n_cpus,8,dbms,clickbench,postgresql-indexed-load,1,ip-172-31-19-62,olap,benchANT
2026-05-16 11:07:20+00:00,system,n_cpus,8,dbms,clickbench,postgresql-indexed-load,1,ip-172-31-19-62,olap,benchANT
2026-05-16 11:07:30+00:00,system,n_cpus,8,dbms,clickbench,postgresql-indexed-load,1,ip-172-31-19-62,olap,benchANT
2026-05-16 11:07:40+00:00,system,n_cpus,8,dbms,clickbench,postgresql-indexed-load,1,ip-172-31-19-62,olap,benchANT
2026-05-16 11:07:50+00:00,system,n_cpus,8,dbms,clickbench,postgresql-indexed-load,1,ip-172-31-19-62,olap,benchANT
2026-05-16 11:08:00+00:00,system,n_cpus,8,dbms,clickbench,postgresql-indexed-load,1,ip-172-31-19-62,olap,benchANT
2026-05-16 11:08:10+00:00,system,n_cpus,8,dbms,clickbench,postgresql-indexed-load,1,ip-172-31-19-62,olap,benchANT
2026-05-16 11:08:20+00:00,system,n_cpus,8,dbms,clickbench,postgresql-indexed-load,1,ip-172-31-19-62,olap,benchANT
2026-05-16 11:08:30+00:00,system,n_cpus,8,dbms,clickbench,postgresql-indexed-load,1,ip-172-31-19-62,olap,benchANT
2026-05-16 11:08:40+00:00,system,n_cpus,8,dbms,clickbench,postgresql-indexed-load,1,ip-172-31-19-62,olap,benchANT
2026-05-16 11:08:50+00:00,system,n_cpus,8,dbms,clickbench,postgresql-indexed-load,1,ip-172-31-19-62,olap,benchANT
2026-05-16 11:09:00+00:00,system,n_cpus,8,dbms,clickbench,postgresql-indexed-load,1,ip-172-31-19-62,olap,benchANT
2026-05-16 11:09:10+00:00,system,n_cpus,8,dbms,clickbench,postgresql-indexed-load,1,ip-172-31-19-62,olap,benchANT
2026-05-16 11:09:20+00:00,system,n_cpus,8,dbms,clickbench,postgresql-indexed-load,1,ip-172-31-19-62,olap,benchANT
2026-05-16 11:09:30+00:00,system,n_cpus,8,dbms,clickbench,postgresql-indexed-load,1,ip-172-31-19-62,olap,benchANT
2026-05-16 11:09:40+00:00,system,n_cpus,8,dbms,clickbench,postgresql-indexed-load,1,ip-172-31-19-62,olap,benchANT
2026-05-16 11:09:50+00:00,system,n_cpus,8,dbms,clickbench,postgresql-indexed-load,1,ip-172-31-19-62,olap,benchANT
2026-05-16 11:10:00+00:00,system,n_cpus,8,dbms,clickbench,postgresql-indexed-load,1,ip-172-31-19-62,olap,benchANT
2026-05-16 11:10:10+00:00,system,n_cpus,8,dbms,clickbench,postgresql-indexed-load,1,ip-172-31-19-62,olap,benchANT
2026-05-16 11:10:20+00:00,system,n_cpus,8,dbms,clickbench,postgresql-indexed-load,1,ip-172-31-19-62,olap,benchANT
2026-05-16 11:10:30+00:00,system,n_cpus,8,dbms,clickbench,postgresql-indexed-load,1,ip-172-31-19-62,olap,benchANT
2026-05-16 11:10:40+00:00,system,n_cpus,8,dbms,clickbench,postgresql-indexed-load,1,ip-172-31-19-62,olap,benchANT
2026-05-16 11:10:50+00:00,system,n_cpus,8,dbms,clickbench,postgresql-indexed-load,1,ip-172-31-19-62,olap,benchANT
2026-05-16 11:11:00+00:00,system,n_cpus,8,dbms,clickbench,postgresql-indexed-load,1,ip-172-31-19-62,olap,benchANT
2026-05-16 11:11:10+00:00,system,n_cpus,8,dbms,clickbench,postgresql-indexed-load,1,ip-172-31-19-62,olap,benchANT
2026-05-16 11:11:20+00:00,system,n_cpus,8,dbms,clickbench,postgresql-indexed-load,1,ip-172-31-19-62,olap,benchANT
2026-05-16 11:11:30+00:00,system,n_cpus,8,dbms,clickbench,postgresql-indexed-load,1,ip-172-31-19-62,olap,benchANT
2026-05-16 11:11:40+00:00,system,n_cpus,8,dbms,clickbench,postgresql-indexed-load,1,ip-172-31-19-62,olap,benchANT
2026-05-16 11:11:50+00:00,system,n_cpus,8,dbms,clickbench,postgresql-indexed-load,1,ip-172-31-19-62,olap,benchANT
2026-05-16 11:12:00+00:00,system,n_cpus,8,dbms,clickbench,postgresql-indexed-load,1,ip-172-31-19-62,olap,benchANT
2026-05-16 11:12:10+00:00,system,n_cpus,8,dbms,clickbench,postgresql-indexed-load,1,ip-172-31-19-62,olap,benchANT
2026-05-16 11:12:20+00:00,system,n_cpus,8,dbms,clickbench,postgresql-indexed-load,1,ip-172-31-19-62,olap,benchANT
2026-05-16 11:12:30+00:00,system,n_cpus,8,dbms,clickbench,postgresql-indexed-load,1,ip-172-31-19-62,olap,benchANT
2026-05-16 11:12:40+00:00,system,n_cpus,8,dbms,clickbench,postgresql-indexed-load,1,ip-172-31-19-62,olap,benchANT
2026-05-16 11:12:50+00:00,system,n_cpus,8,dbms,clickbench,postgresql-indexed-load,1,ip-172-31-19-62,olap,benchANT
2026-05-16 11:13:00+00:00,system,n_cpus,8,dbms,clickbench,postgresql-indexed-load,1,ip-172-31-19-62,olap,benchANT
2026-05-16 11:13:10+00:00,system,n_cpus,8,dbms,clickbench,postgresql-indexed-load,1,ip-172-31-19-62,olap,benchANT
2026-05-16 11:13:20+00:00,system,n_cpus,8,dbms,clickbench,postgresql-indexed-load,1,ip-172-31-19-62,olap,benchANT
2026-05-16 11:13:30+00:00,system,n_cpus,8,dbms,clickbench,postgresql-indexed-load,1,ip-172-31-19-62,olap,benchANT
2026-05-16 11:13:40+00:00,system,n_cpus,8,dbms,clickbench,postgresql-indexed-load,1,ip-172-31-19-62,olap,benchANT
2026-05-16 11:13:50+00:00,system,n_cpus,8,dbms,clickbench,postgresql-indexed-load,1,ip-172-31-19-62,olap,benchANT
2026-05-16 11:14:00+00:00,system,n_cpus,8,dbms,clickbench,postgresql-indexed-load,1,ip-172-31-19-62,olap,benchANT
2026-05-16 11:14:10+00:00,system,n_cpus,8,dbms,clickbench,postgresql-indexed-load,1,ip-172-31-19-62,olap,benchANT
2026-05-16 11:14:20+00:00,system,n_cpus,8,dbms,clickbench,postgresql-indexed-load,1,ip-172-31-19-62,olap,benchANT
2026-05-16 11:14:30+00:00,system,n_cpus,8,dbms,clickbench,postgresql-indexed-load,1,ip-172-31-19-62,olap,benchANT
2026-05-16 11:14:40+00:00,system,n_cpus,8,dbms,clickbench,postgresql-indexed-load,1,ip-172-31-19-62,olap,benchANT
2026-05-16 11:14:50+00:00,system,n_cpus,8,dbms,clickbench,postgresql-indexed-load,1,ip-172-31-19-62,olap,benchANT
2026-05-16 11:15:00+00:00,system,n_cpus,8,dbms,clickbench,postgresql-indexed-load,1,ip-172-31-19-62,olap,benchANT
2026-05-16 11:15:10+00:00,system,n_cpus,8,dbms,clickbench,postgresql-indexed-load,1,ip-172-31-19-62,olap,benchANT
2026-05-16 11:15:20+00:00,system,n_cpus,8,dbms,clickbench,postgresql-indexed-load,1,ip-172-31-19-62,olap,benchANT
2026-05-16 11:15:30+00:00,system,n_cpus,8,dbms,clickbench,postgresql-indexed-load,1,ip-172-31-19-62,olap,benchANT
2026-05-16 11:15:40+00:00,system,n_cpus,8,dbms,clickbench,postgresql-indexed-load,1,ip-172-31-19-62,olap,benchANT
2026-05-16 11:15:50+00:00,system,n_cpus,8,dbms,clickbench,postgresql-indexed-load,1,ip-172-31-19-62,olap,benchANT
2026-05-16 11:16:00+00:00,system,n_cpus,8,dbms,clickbench,postgresql-indexed-load,1,ip-172-31-19-62,olap,benchANT
2026-05-16 11:16:10+00:00,system,n_cpus,8,dbms,clickbench,postgresql-indexed-load,1,ip-172-31-19-62,olap,benchANT
2026-05-16 11:16:20+00:00,system,n_cpus,8,dbms,clickbench,postgresql-indexed-load,1,ip-172-31-19-62,olap,benchANT
2026-05-16 11:16:30+00:00,system,n_cpus,8,dbms,clickbench,postgresql-indexed-load,1,ip-172-31-19-62,olap,benchANT
2026-05-16 11:16:40+00:00,system,n_cpus,8,dbms,clickbench,postgresql-indexed-load,1,ip-172-31-19-62,olap,benchANT
2026-05-16 11:16:50+00:00,system,n_cpus,8,dbms,clickbench,postgresql-indexed-load,1,ip-172-31-19-62,olap,benchANT
2026-05-16 11:17:00+00:00,system,n_cpus,8,dbms,clickbench,postgresql-indexed-load,1,ip-172-31-19-62,olap,benchANT
2026-05-16 11:17:10+00:00,system,n_cpus,8,dbms,clickbench,postgresql-indexed-load,1,ip-172-31-19-62,olap,benchANT
2026-05-16 11:17:20+00:00,system,n_cpus,8,dbms,clickbench,postgresql-indexed-load,1,ip-172-31-19-62,olap,benchANT
2026-05-16 11:17:30+00:00,system,n_cpus,8,dbms,clickbench,postgresql-indexed-load,1,ip-172-31-19-62,olap,benchANT
2026-05-16 11:17:40+00:00,system,n_cpus,8,dbms,clickbench,postgresql-indexed-load,1,ip-172-31-19-62,olap,benchANT
2026-05-16 11:17:50+00:00,system,n_cpus,8,dbms,clickbench,postgresql-indexed-load,1,ip-172-31-19-62,olap,benchANT
2026-05-16 11:18:00+00:00,system,n_cpus,8,dbms,clickbench,postgresql-indexed-load,1,ip-172-31-19-62,olap,benchANT
2026-05-16 11:18:10+00:00,system,n_cpus,8,dbms,clickbench,postgresql-indexed-load,1,ip-172-31-19-62,olap,benchANT
2026-05-16 11:18:20+00:00,system,n_cpus,8,dbms,clickbench,postgresql-indexed-load,1,ip-172-31-19-62,olap,benchANT
2026-05-16 11:18:30+00:00,system,n_cpus,8,dbms,clickbench,postgresql-indexed-load,1,ip-172-31-19-62,olap,benchANT
2026-05-16 11:18:40+00:00,system,n_cpus,8,dbms,clickbench,postgresql-indexed-load,1,ip-172-31-19-62,olap,benchANT
2026-05-16 11:18:50+00:00,system,n_cpus,8,dbms,clickbench,postgresql-indexed-load,1,ip-172-31-19-62,olap,benchANT
2026-05-16 11:19:00+00:00,system,n_cpus,8,dbms,clickbench,postgresql-indexed-load,1,ip-172-31-19-62,olap,benchANT
2026-05-16 11:19:10+00:00,system,n_cpus,8,dbms,clickbench,postgresql-indexed-load,1,ip-172-31-19-62,olap,benchANT
2026-05-16 11:19:20+00:00,system,n_cpus,8,dbms,clickbench,postgresql-indexed-load,1,ip-172-31-19-62,olap,benchANT
2026-05-16 11:19:30+00:00,system,n_cpus,8,dbms,clickbench,postgresql-indexed-load,1,ip-172-31-19-62,olap,benchANT
2026-05-16 11:19:40+00:00,system,n_cpus,8,dbms,clickbench,postgresql-indexed-load,1,ip-172-31-19-62,olap,benchANT
2026-05-16 11:19:50+00:00,system,n_cpus,8,dbms,clickbench,postgresql-indexed-load,1,ip-172-31-19-62,olap,benchANT
2026-05-16 11:20:00+00:00,system,n_cpus,8,dbms,clickbench,postgresql-indexed-load,1,ip-172-31-19-62,olap,benchANT
2026-05-16 11:20:10+00:00,system,n_cpus,8,dbms,clickbench,postgresql-indexed-load,1,ip-172-31-19-62,olap,benchANT
2026-05-16 11:20:20+00:00,system,n_cpus,8,dbms,clickbench,postgresql-indexed-load,1,ip-172-31-19-62,olap,benchANT
2026-05-16 11:20:30+00:00,system,n_cpus,8,dbms,clickbench,postgresql-indexed-load,1,ip-172-31-19-62,olap,benchANT
2026-05-16 11:20:40+00:00,system,n_cpus,8,dbms,clickbench,postgresql-indexed-load,1,ip-172-31-19-62,olap,benchANT
2026-05-16 11:20:50+00:00,system,n_cpus,8,dbms,clickbench,postgresql-indexed-load,1,ip-172-31-19-62,olap,benchANT
2026-05-16 11:21:00+00:00,system,n_cpus,8,dbms,clickbench,postgresql-indexed-load,1,ip-172-31-19-62,olap,benchANT
2026-05-16 11:21:10+00:00,system,n_cpus,8,dbms,clickbench,postgresql-indexed-load,1,ip-172-31-19-62,olap,benchANT
2026-05-16 11:21:20+00:00,system,n_cpus,8,dbms,clickbench,postgresql-indexed-load,1,ip-172-31-19-62,olap,benchANT
2026-05-16 11:21:30+00:00,system,n_cpus,8,dbms,clickbench,postgresql-indexed-load,1,ip-172-31-19-62,olap,benchANT
2026-05-16 11:21:40+00:00,system,n_cpus,8,dbms,clickbench,postgresql-indexed-load,1,ip-172-31-19-62,olap,benchANT
2026-05-16 11:21:50+00:00,system,n_cpus,8,dbms,clickbench,postgresql-indexed-load,1,ip-172-31-19-62,olap,benchANT
2026-05-16 11:22:00+00:00,system,n_cpus,8,dbms,clickbench,postgresql-indexed-load,1,ip-172-31-19-62,olap,benchANT
2026-05-16 11:22:10+00:00,system,n_cpus,8,dbms,clickbench,postgresql-indexed-load,1,ip-172-31-19-62,olap,benchANT
2026-05-16 11:22:20+00:00,system,n_cpus,8,dbms,clickbench,postgresql-indexed-load,1,ip-172-31-19-62,olap,benchANT
2026-05-16 11:22:30+00:00,system,n_cpus,8,dbms,clickbench,postgresql-indexed-load,1,ip-172-31-19-62,olap,benchANT
2026-05-16 11:22:40+00:00,system,n_cpus,8,dbms,clickbench,postgresql-indexed-load,1,ip-172-31-19-62,olap,benchANT
2026-05-16 11:22:50+00:00,system,n_cpus,8,dbms,clickbench,postgresql-indexed-load,1,ip-172-31-19-62,olap,benchANT
2026-05-16 11:23:00+00:00,system,n_cpus,8,dbms,clickbench,postgresql-indexed-load,1,ip-172-31-19-62,olap,benchANT
2026-05-16 11:23:10+00:00,system,n_cpus,8,dbms,clickbench,postgresql-indexed-load,1,ip-172-31-19-62,olap,benchANT
2026-05-16 11:23:20+00:00,system,n_cpus,8,dbms,clickbench,postgresql-indexed-load,1,ip-172-31-19-62,olap,benchANT
2026-05-16 11:23:30+00:00,system,n_cpus,8,dbms,clickbench,postgresql-indexed-load,1,ip-172-31-19-62,olap,benchANT
2026-05-16 11:23:40+00:00,system,n_cpus,8,dbms,clickbench,postgresql-indexed-load,1,ip-172-31-19-62,olap,benchANT
2026-05-16 11:23:50+00:00,system,n_cpus,8,dbms,clickbench,postgresql-indexed-load,1,ip-172-31-19-62,olap,benchANT
2026-05-16 11:24:00+00:00,system,n_cpus,8,dbms,clickbench,postgresql-indexed-load,1,ip-172-31-19-62,olap,benchANT
2026-05-16 11:24:10+00:00,system,n_cpus,8,dbms,clickbench,postgresql-indexed-load,1,ip-172-31-19-62,olap,benchANT
2026-05-16 11:24:20+00:00,system,n_cpus,8,dbms,clickbench,postgresql-indexed-load,1,ip-172-31-19-62,olap,benchANT
2026-05-16 11:24:30+00:00,system,n_cpus,8,dbms,clickbench,postgresql-indexed-load,1,ip-172-31-19-62,olap,benchANT
2026-05-16 11:24:40+00:00,system,n_cpus,8,dbms,clickbench,postgresql-indexed-load,1,ip-172-31-19-62,olap,benchANT
2026-05-16 11:24:50+00:00,system,n_cpus,8,dbms,clickbench,postgresql-indexed-load,1,ip-172-31-19-62,olap,benchANT
2026-05-16 11:25:00+00:00,system,n_cpus,8,dbms,clickbench,postgresql-indexed-load,1,ip-172-31-19-62,olap,benchANT
2026-05-16 11:25:10+00:00,system,n_cpus,8,dbms,clickbench,postgresql-indexed-load,1,ip-172-31-19-62,olap,benchANT
2026-05-16 11:25:20+00:00,system,n_cpus,8,dbms,clickbench,postgresql-indexed-load,1,ip-172-31-19-62,olap,benchANT
2026-05-16 11:25:30+00:00,system,n_cpus,8,dbms,clickbench,postgresql-indexed-load,1,ip-172-31-19-62,olap,benchANT
2026-05-16 11:25:40+00:00,system,n_cpus,8,dbms,clickbench,postgresql-indexed-load,1,ip-172-31-19-62,olap,benchANT
2026-05-16 11:25:50+00:00,system,n_cpus,8,dbms,clickbench,postgresql-indexed-load,1,ip-172-31-19-62,olap,benchANT
2026-05-16 11:26:00+00:00,system,n_cpus,8,dbms,clickbench,postgresql-indexed-load,1,ip-172-31-19-62,olap,benchANT
2026-05-16 11:26:10+00:00,system,n_cpus,8,dbms,clickbench,postgresql-indexed-load,1,ip-172-31-19-62,olap,benchANT
2026-05-16 11:26:20+00:00,system,n_cpus,8,dbms,clickbench,postgresql-indexed-load,1,ip-172-31-19-62,olap,benchANT
2026-05-16 11:26:30+00:00,system,n_cpus,8,dbms,clickbench,postgresql-indexed-load,1,ip-172-31-19-62,olap,benchANT
2026-05-16 11:26:40+00:00,system,n_cpus,8,dbms,clickbench,postgresql-indexed-load,1,ip-172-31-19-62,olap,benchANT
2026-05-16 11:26:50+00:00,system,n_cpus,8,dbms,clickbench,postgresql-indexed-load,1,ip-172-31-19-62,olap,benchANT
2026-05-16 11:27:00+00:00,system,n_cpus,8,dbms,clickbench,postgresql-indexed-load,1,ip-172-31-19-62,olap,benchANT
2026-05-16 11:27:10+00:00,system,n_cpus,8,dbms,clickbench,postgresql-indexed-load,1,ip-172-31-19-62,olap,benchANT
2026-05-16 11:27:20+00:00,system,n_cpus,8,dbms,clickbench,postgresql-indexed-load,1,ip-172-31-19-62,olap,benchANT
2026-05-16 11:27:30+00:00,system,n_cpus,8,dbms,clickbench,postgresql-indexed-load,1,ip-172-31-19-62,olap,benchANT
2026-05-16 11:27:40+00:00,system,n_cpus,8,dbms,clickbench,postgresql-indexed-load,1,ip-172-31-19-62,olap,benchANT
2026-05-16 11:27:50+00:00,system,n_cpus,8,dbms,clickbench,postgresql-indexed-load,1,ip-172-31-19-62,olap,benchANT
2026-05-16 11:28:00+00:00,system,n_cpus,8,dbms,clickbench,postgresql-indexed-load,1,ip-172-31-19-62,olap,benchANT
2026-05-16 11:28:10+00:00,system,n_cpus,8,dbms,clickbench,postgresql-indexed-load,1,ip-172-31-19-62,olap,benchANT
2026-05-16 11:28:20+00:00,system,n_cpus,8,dbms,clickbench,postgresql-indexed-load,1,ip-172-31-19-62,olap,benchANT
2026-05-16 11:28:30+00:00,system,n_cpus,8,dbms,clickbench,postgresql-indexed-load,1,ip-172-31-19-62,olap,benchANT
2026-05-16 11:28:40+00:00,system,n_cpus,8,dbms,clickbench,postgresql-indexed-load,1,ip-172-31-19-62,olap,benchANT
2026-05-16 11:28:50+00:00,system,n_cpus,8,dbms,clickbench,postgresql-indexed-load,1,ip-172-31-19-62,olap,benchANT
2026-05-16 11:29:00+00:00,system,n_cpus,8,dbms,clickbench,postgresql-indexed-load,1,ip-172-31-19-62,olap,benchANT
2026-05-16 11:29:10+00:00,system,n_cpus,8,dbms,clickbench,postgresql-indexed-load,1,ip-172-31-19-62,olap,benchANT
2026-05-16 11:29:20+00:00,system,n_cpus,8,dbms,clickbench,postgresql-indexed-load,1,ip-172-31-19-62,olap,benchANT
2026-05-16 11:29:30+00:00,system,n_cpus,8,dbms,clickbench,postgresql-indexed-load,1,ip-172-31-19-62,olap,benchANT
2026-05-16 11:29:40+00:00,system,n_cpus,8,dbms,clickbench,postgresql-indexed-load,1,ip-172-31-19-62,olap,benchANT
2026-05-16 11:29:50+00:00,system,n_cpus,8,dbms,clickbench,postgresql-indexed-load,1,ip-172-31-19-62,olap,benchANT
2026-05-16 11:30:00+00:00,system,n_cpus,8,dbms,clickbench,postgresql-indexed-load,1,ip-172-31-19-62,olap,benchANT
2026-05-16 11:30:10+00:00,system,n_cpus,8,dbms,clickbench,postgresql-indexed-load,1,ip-172-31-19-62,olap,benchANT
2026-05-16 11:30:20+00:00,system,n_cpus,8,dbms,clickbench,postgresql-indexed-load,1,ip-172-31-19-62,olap,benchANT
2026-05-16 11:30:30+00:00,system,n_cpus,8,dbms,clickbench,postgresql-indexed-load,1,ip-172-31-19-62,olap,benchANT
2026-05-16 11:30:40+00:00,system,n_cpus,8,dbms,clickbench,postgresql-indexed-load,1,ip-172-31-19-62,olap,benchANT
2026-05-16 11:30:50+00:00,system,n_cpus,8,dbms,clickbench,postgresql-indexed-load,1,ip-172-31-19-62,olap,benchANT
2026-05-16 11:31:00+00:00,system,n_cpus,8,dbms,clickbench,postgresql-indexed-load,1,ip-172-31-19-62,olap,benchANT
2026-05-16 11:31:10+00:00,system,n_cpus,8,dbms,clickbench,postgresql-indexed-load,1,ip-172-31-19-62,olap,benchANT
2026-05-16 11:31:20+00:00,system,n_cpus,8,dbms,clickbench,postgresql-indexed-load,1,ip-172-31-19-62,olap,benchANT
2026-05-16 11:31:30+00:00,system,n_cpus,8,dbms,clickbench,postgresql-indexed-load,1,ip-172-31-19-62,olap,benchANT
2026-05-16 11:31:40+00:00,system,n_cpus,8,dbms,clickbench,postgresql-indexed-load,1,ip-172-31-19-62,olap,benchANT
2026-05-16 11:31:50+00:00,system,n_cpus,8,dbms,clickbench,postgresql-indexed-load,1,ip-172-31-19-62,olap,benchANT
2026-05-16 11:32:00+00:00,system,n_cpus,8,dbms,clickbench,postgresql-indexed-load,1,ip-172-31-19-62,olap,benchANT
2026-05-16 11:32:10+00:00,system,n_cpus,8,dbms,clickbench,postgresql-indexed-load,1,ip-172-31-19-62,olap,benchANT
2026-05-16 11:32:20+00:00,system,n_cpus,8,dbms,clickbench,postgresql-indexed-load,1,ip-172-31-19-62,olap,benchANT
2026-05-16 11:32:30+00:00,system,n_cpus,8,dbms,clickbench,postgresql-indexed-load,1,ip-172-31-19-62,olap,benchANT
2026-05-16 11:32:40+00:00,system,n_cpus,8,dbms,clickbench,postgresql-indexed-load,1,ip-172-31-19-62,olap,benchANT
2026-05-16 11:32:50+00:00,system,n_cpus,8,dbms,clickbench,postgresql-indexed-load,1,ip-172-31-19-62,olap,benchANT
2026-05-16 11:33:00+00:00,system,n_cpus,8,dbms,clickbench,postgresql-indexed-load,1,ip-172-31-19-62,olap,benchANT
2026-05-16 11:33:10+00:00,system,n_cpus,8,dbms,clickbench,postgresql-indexed-load,1,ip-172-31-19-62,olap,benchANT
2026-05-16 11:33:20+00:00,system,n_cpus,8,dbms,clickbench,postgresql-indexed-load,1,ip-172-31-19-62,olap,benchANT
2026-05-16 11:33:30+00:00,system,n_cpus,8,dbms,clickbench,postgresql-indexed-load,1,ip-172-31-19-62,olap,benchANT
2026-05-16 11:33:40+00:00,system,n_cpus,8,dbms,clickbench,postgresql-indexed-load,1,ip-172-31-19-62,olap,benchANT
2026-05-16 11:33:50+00:00,system,n_cpus,8,dbms,clickbench,postgresql-indexed-load,1,ip-172-31-19-62,olap,benchANT
2026-05-16 11:34:00+00:00,system,n_cpus,8,dbms,clickbench,postgresql-indexed-load,1,ip-172-31-19-62,olap,benchANT
2026-05-16 11:34:10+00:00,system,n_cpus,8,dbms,clickbench,postgresql-indexed-load,1,ip-172-31-19-62,olap,benchANT
2026-05-16 11:34:20+00:00,system,n_cpus,8,dbms,clickbench,postgresql-indexed-load,1,ip-172-31-19-62,olap,benchANT
2026-05-16 11:34:30+00:00,system,n_cpus,8,dbms,clickbench,postgresql-indexed-load,1,ip-172-31-19-62,olap,benchANT
2026-05-16 11:34:40+00:00,system,n_cpus,8,dbms,clickbench,postgresql-indexed-load,1,ip-172-31-19-62,olap,benchANT
2026-05-16 11:34:50+00:00,system,n_cpus,8,dbms,clickbench,postgresql-indexed-load,1,ip-172-31-19-62,olap,benchANT
2026-05-16 11:35:00+00:00,system,n_cpus,8,dbms,clickbench,postgresql-indexed-load,1,ip-172-31-19-62,olap,benchANT
2026-05-16 11:35:10+00:00,system,n_cpus,8,dbms,clickbench,postgresql-indexed-load,1,ip-172-31-19-62,olap,benchANT
2026-05-16 11:35:20+00:00,system,n_cpus,8,dbms,clickbench,postgresql-indexed-load,1,ip-172-31-19-62,olap,benchANT
2026-05-16 11:35:30+00:00,system,n_cpus,8,dbms,clickbench,postgresql-indexed-load,1,ip-172-31-19-62,olap,benchANT
2026-05-16 11:35:40+00:00,system,n_cpus,8,dbms,clickbench,postgresql-indexed-load,1,ip-172-31-19-62,olap,benchANT
2026-05-16 11:35:50+00:00,system,n_cpus,8,dbms,clickbench,postgresql-indexed-load,1,ip-172-31-19-62,olap,benchANT
2026-05-16 11:36:00+00:00,system,n_cpus,8,dbms,clickbench,postgresql-indexed-load,1,ip-172-31-19-62,olap,benchANT
2026-05-16 11:36:10+00:00,system,n_cpus,8,dbms,clickbench,postgresql-indexed-load,1,ip-172-31-19-62,olap,benchANT
2026-05-16 11:36:20+00:00,system,n_cpus,8,dbms,clickbench,postgresql-indexed-load,1,ip-172-31-19-62,olap,benchANT
2026-05-16 11:36:30+00:00,system,n_cpus,8,dbms,clickbench,postgresql-indexed-load,1,ip-172-31-19-62,olap,benchANT
2026-05-16 11:36:40+00:00,system,n_cpus,8,dbms,clickbench,postgresql-indexed-load,1,ip-172-31-19-62,olap,benchANT
2026-05-16 11:36:50+00:00,system,n_cpus,8,dbms,clickbench,postgresql-indexed-load,1,ip-172-31-19-62,olap,benchANT
2026-05-16 11:37:00+00:00,system,n_cpus,8,dbms,clickbench,postgresql-indexed-load,1,ip-172-31-19-62,olap,benchANT
2026-05-16 11:37:10+00:00,system,n_cpus,8,dbms,clickbench,postgresql-indexed-load,1,ip-172-31-19-62,olap,benchANT
2026-05-16 11:37:20+00:00,system,n_cpus,8,dbms,clickbench,postgresql-indexed-load,1,ip-172-31-19-62,olap,benchANT
2026-05-16 11:37:30+00:00,system,n_cpus,8,dbms,clickbench,postgresql-indexed-load,1,ip-172-31-19-62,olap,benchANT
2026-05-16 11:37:40+00:00,system,n_cpus,8,dbms,clickbench,postgresql-indexed-load,1,ip-172-31-19-62,olap,benchANT
2026-05-16 11:37:50+00:00,system,n_cpus,8,dbms,clickbench,postgresql-indexed-load,1,ip-172-31-19-62,olap,benchANT
2026-05-16 11:38:00+00:00,system,n_cpus,8,dbms,clickbench,postgresql-indexed-load,1,ip-172-31-19-62,olap,benchANT
2026-05-16 11:38:10+00:00,system,n_cpus,8,dbms,clickbench,postgresql-indexed-load,1,ip-172-31-19-62,olap,benchANT
2026-05-16 11:38:20+00:00,system,n_cpus,8,dbms,clickbench,postgresql-indexed-load,1,ip-172-31-19-62,olap,benchANT
2026-05-16 11:38:30+00:00,system,n_cpus,8,dbms,clickbench,postgresql-indexed-load,1,ip-172-31-19-62,olap,benchANT
2026-05-16 11:38:40+00:00,system,n_cpus,8,dbms,clickbench,postgresql-indexed-load,1,ip-172-31-19-62,olap,benchANT
2026-05-16 11:38:50+00:00,system,n_cpus,8,dbms,clickbench,postgresql-indexed-load,1,ip-172-31-19-62,olap,benchANT
2026-05-16 11:39:00+00:00,system,n_cpus,8,dbms,clickbench,postgresql-indexed-load,1,ip-172-31-19-62,olap,benchANT
2026-05-16 11:39:10+00:00,system,n_cpus,8,dbms,clickbench,postgresql-indexed-load,1,ip-172-31-19-62,olap,benchANT
2026-05-16 11:39:20+00:00,system,n_cpus,8,dbms,clickbench,postgresql-indexed-load,1,ip-172-31-19-62,olap,benchANT
2026-05-16 11:39:30+00:00,system,n_cpus,8,dbms,clickbench,postgresql-indexed-load,1,ip-172-31-19-62,olap,benchANT
2026-05-16 11:39:40+00:00,system,n_cpus,8,dbms,clickbench,postgresql-indexed-load,1,ip-172-31-19-62,olap,benchANT
2026-05-16 11:39:50+00:00,system,n_cpus,8,dbms,clickbench,postgresql-indexed-load,1,ip-172-31-19-62,olap,benchANT
2026-05-16 11:40:00+00:00,system,n_cpus,8,dbms,clickbench,postgresql-indexed-load,1,ip-172-31-19-62,olap,benchANT
2026-05-16 11:40:10+00:00,system,n_cpus,8,dbms,clickbench,postgresql-indexed-load,1,ip-172-31-19-62,olap,benchANT
2026-05-16 11:40:20+00:00,system,n_cpus,8,dbms,clickbench,postgresql-indexed-load,1,ip-172-31-19-62,olap,benchANT
2026-05-16 11:40:30+00:00,system,n_cpus,8,dbms,clickbench,postgresql-indexed-load,1,ip-172-31-19-62,olap,benchANT
2026-05-16 11:40:40+00:00,system,n_cpus,8,dbms,clickbench,postgresql-indexed-load,1,ip-172-31-19-62,olap,benchANT
2026-05-16 11:40:50+00:00,system,n_cpus,8,dbms,clickbench,postgresql-indexed-load,1,ip-172-31-19-62,olap,benchANT
2026-05-16 11:41:00+00:00,system,n_cpus,8,dbms,clickbench,postgresql-indexed-load,1,ip-172-31-19-62,olap,benchANT
2026-05-16 11:41:10+00:00,system,n_cpus,8,dbms,clickbench,postgresql-indexed-load,1,ip-172-31-19-62,olap,benchANT
2026-05-16 11:41:20+00:00,system,n_cpus,8,dbms,clickbench,postgresql-indexed-load,1,ip-172-31-19-62,olap,benchANT
2026-05-16 11:41:30+00:00,system,n_cpus,8,dbms,clickbench,postgresql-indexed-load,1,ip-172-31-19-62,olap,benchANT
2026-05-16 11:41:40+00:00,system,n_cpus,8,dbms,clickbench,postgresql-indexed-load,1,ip-172-31-19-62,olap,benchANT
2026-05-16 11:41:50+00:00,system,n_cpus,8,dbms,clickbench,postgresql-indexed-load,1,ip-172-31-19-62,olap,benchANT
2026-05-16 11:42:00+00:00,system,n_cpus,8,dbms,clickbench,postgresql-indexed-load,1,ip-172-31-19-62,olap,benchANT
2026-05-16 11:42:10+00:00,system,n_cpus,8,dbms,clickbench,postgresql-indexed-load,1,ip-172-31-19-62,olap,benchANT
2026-05-16 11:42:20+00:00,system,n_cpus,8,dbms,clickbench,postgresql-indexed-load,1,ip-172-31-19-62,olap,benchANT
2026-05-16 11:42:30+00:00,system,n_cpus,8,dbms,clickbench,postgresql-indexed-load,1,ip-172-31-19-62,olap,benchANT
2026-05-16 11:42:40+00:00,system,n_cpus,8,dbms,clickbench,postgresql-indexed-load,1,ip-172-31-19-62,olap,benchANT
2026-05-16 11:42:50+00:00,system,n_cpus,8,dbms,clickbench,postgresql-indexed-load,1,ip-172-31-19-62,olap,benchANT
2026-05-16 11:43:00+00:00,system,n_cpus,8,dbms,clickbench,postgresql-indexed-load,1,ip-172-31-19-62,olap,benchANT
2026-05-16 11:43:10+00:00,system,n_cpus,8,dbms,clickbench,postgresql-indexed-load,1,ip-172-31-19-62,olap,benchANT
2026-05-16 11:43:20+00:00,system,n_cpus,8,dbms,clickbench,postgresql-indexed-load,1,ip-172-31-19-62,olap,benchANT
2026-05-16 11:43:30+00:00,system,n_cpus,8,dbms,clickbench,postgresql-indexed-load,1,ip-172-31-19-62,olap,benchANT
2026-05-16 11:43:40+00:00,system,n_cpus,8,dbms,clickbench,postgresql-indexed-load,1,ip-172-31-19-62,olap,benchANT
2026-05-16 11:43:50+00:00,system,n_cpus,8,dbms,clickbench,postgresql-indexed-load,1,ip-172-31-19-62,olap,benchANT
2026-05-16 11:44:00+00:00,system,n_cpus,8,dbms,clickbench,postgresql-indexed-load,1,ip-172-31-19-62,olap,benchANT
2026-05-16 11:44:10+00:00,system,n_cpus,8,dbms,clickbench,postgresql-indexed-load,1,ip-172-31-19-62,olap,benchANT
2026-05-16 11:44:20+00:00,system,n_cpus,8,dbms,clickbench,postgresql-indexed-load,1,ip-172-31-19-62,olap,benchANT
2026-05-16 11:44:30+00:00,system,n_cpus,8,dbms,clickbench,postgresql-indexed-load,1,ip-172-31-19-62,olap,benchANT
2026-05-16 11:44:40+00:00,system,n_cpus,8,dbms,clickbench,postgresql-indexed-load,1,ip-172-31-19-62,olap,benchANT
2026-05-16 11:44:50+00:00,system,n_cpus,8,dbms,clickbench,postgresql-indexed-load,1,ip-172-31-19-62,olap,benchANT
2026-05-16 11:45:00+00:00,system,n_cpus,8,dbms,clickbench,postgresql-indexed-load,1,ip-172-31-19-62,olap,benchANT
2026-05-16 11:45:10+00:00,system,n_cpus,8,dbms,clickbench,postgresql-indexed-load,1,ip-172-31-19-62,olap,benchANT
2026-05-16 11:45:20+00:00,system,n_cpus,8,dbms,clickbench,postgresql-indexed-load,1,ip-172-31-19-62,olap,benchANT
2026-05-16 11:45:30+00:00,system,n_cpus,8,dbms,clickbench,postgresql-indexed-load,1,ip-172-31-19-62,olap,benchANT
2026-05-16 11:45:40+00:00,system,n_cpus,8,dbms,clickbench,postgresql-indexed-load,1,ip-172-31-19-62,olap,benchANT
2026-05-16 11:45:50+00:00,system,n_cpus,8,dbms,clickbench,postgresql-indexed-load,1,ip-172-31-19-62,olap,benchANT
2026-05-16 11:46:00+00:00,system,n_cpus,8,dbms,clickbench,postgresql-indexed-load,1,ip-172-31-19-62,olap,benchANT
2026-05-16 11:46:10+00:00,system,n_cpus,8,dbms,clickbench,postgresql-indexed-load,1,ip-172-31-19-62,olap,benchANT
2026-05-16 11:46:20+00:00,system,n_cpus,8,dbms,clickbench,postgresql-indexed-load,1,ip-172-31-19-62,olap,benchANT
2026-05-16 11:46:30+00:00,system,n_cpus,8,dbms,clickbench,postgresql-indexed-load,1,ip-172-31-19-62,olap,benchANT
2026-05-16 11:46:40+00:00,system,n_cpus,8,dbms,clickbench,postgresql-indexed-load,1,ip-172-31-19-62,olap,benchANT
2026-05-16 11:46:50+00:00,system,n_cpus,8,dbms,clickbench,postgresql-indexed-load,1,ip-172-31-19-62,olap,benchANT
2026-05-16 11:47:00+00:00,system,n_cpus,8,dbms,clickbench,postgresql-indexed-load,1,ip-172-31-19-62,olap,benchANT
2026-05-16 11:47:10+00:00,system,n_cpus,8,dbms,clickbench,postgresql-indexed-load,1,ip-172-31-19-62,olap,benchANT
2026-05-16 11:47:20+00:00,system,n_cpus,8,dbms,clickbench,postgresql-indexed-load,1,ip-172-31-19-62,olap,benchANT
2026-05-16 11:47:30+00:00,system,n_cpus,8,dbms,clickbench,postgresql-indexed-load,1,ip-172-31-19-62,olap,benchANT
2026-05-16 11:47:40+00:00,system,n_cpus,8,dbms,clickbench,postgresql-indexed-load,1,ip-172-31-19-62,olap,benchANT
2026-05-16 11:47:50+00:00,system,n_cpus,8,dbms,clickbench,postgresql-indexed-load,1,ip-172-31-19-62,olap,benchANT
2026-05-16 11:48:00+00:00,system,n_cpus,8,dbms,clickbench,postgresql-indexed-load,1,ip-172-31-19-62,olap,benchANT
2026-05-16 11:48:10+00:00,system,n_cpus,8,dbms,clickbench,postgresql-indexed-load,1,ip-172-31-19-62,olap,benchANT
2026-05-16 11:48:20+00:00,system,n_cpus,8,dbms,clickbench,postgresql-indexed-load,1,ip-172-31-19-62,olap,benchANT
2026-05-16 11:48:30+00:00,system,n_cpus,8,dbms,clickbench,postgresql-indexed-load,1,ip-172-31-19-62,olap,benchANT
2026-05-16 11:48:40+00:00,system,n_cpus,8,dbms,clickbench,postgresql-indexed-load,1,ip-172-31-19-62,olap,benchANT
2026-05-16 11:48:50+00:00,system,n_cpus,8,dbms,clickbench,postgresql-indexed-load,1,ip-172-31-19-62,olap,benchANT
2026-05-16 11:49:00+00:00,system,n_cpus,8,dbms,clickbench,postgresql-indexed-load,1,ip-172-31-19-62,olap,benchANT
2026-05-16 11:49:10+00:00,system,n_cpus,8,dbms,clickbench,postgresql-indexed-load,1,ip-172-31-19-62,olap,benchANT
2026-05-16 11:49:20+00:00,system,n_cpus,8,dbms,clickbench,postgresql-indexed-load,1,ip-172-31-19-62,olap,benchANT
2026-05-16 11:49:30+00:00,system,n_cpus,8,dbms,clickbench,postgresql-indexed-load,1,ip-172-31-19-62,olap,benchANT
2026-05-16 11:49:40+00:00,system,n_cpus,8,dbms,clickbench,postgresql-indexed-load,1,ip-172-31-19-62,olap,benchANT
2026-05-16 11:49:50+00:00,system,n_cpus,8,dbms,clickbench,postgresql-indexed-load,1,ip-172-31-19-62,olap,benchANT
2026-05-16 11:50:00+00:00,system,n_cpus,8,dbms,clickbench,postgresql-indexed-load,1,ip-172-31-19-62,olap,benchANT
2026-05-16 11:50:10+00:00,system,n_cpus,8,dbms,clickbench,postgresql-indexed-load,1,ip-172-31-19-62,olap,benchANT
2026-05-16 11:50:20+00:00,system,n_cpus,8,dbms,clickbench,postgresql-indexed-load,1,ip-172-31-19-62,olap,benchANT
2026-05-16 11:50:30+00:00,system,n_cpus,8,dbms,clickbench,postgresql-indexed-load,1,ip-172-31-19-62,olap,benchANT
2026-05-16 11:50:40+00:00,system,n_cpus,8,dbms,clickbench,postgresql-indexed-load,1,ip-172-31-19-62,olap,benchANT
2026-05-16 11:50:50+00:00,system,n_cpus,8,dbms,clickbench,postgresql-indexed-load,1,ip-172-31-19-62,olap,benchANT
2026-05-16 11:51:00+00:00,system,n_cpus,8,dbms,clickbench,postgresql-indexed-load,1,ip-172-31-19-62,olap,benchANT
2026-05-16 11:51:10+00:00,system,n_cpus,8,dbms,clickbench,postgresql-indexed-load,1,ip-172-31-19-62,olap,benchANT
2026-05-16 11:51:20+00:00,system,n_cpus,8,dbms,clickbench,postgresql-indexed-load,1,ip-172-31-19-62,olap,benchANT
2026-05-16 11:51:30+00:00,system,n_cpus,8,dbms,clickbench,postgresql-indexed-load,1,ip-172-31-19-62,olap,benchANT
2026-05-16 11:51:40+00:00,system,n_cpus,8,dbms,clickbench,postgresql-indexed-load,1,ip-172-31-19-62,olap,benchANT
2026-05-16 11:51:50+00:00,system,n_cpus,8,dbms,clickbench,postgresql-indexed-load,1,ip-172-31-19-62,olap,benchANT
2026-05-16 11:52:00+00:00,system,n_cpus,8,dbms,clickbench,postgresql-indexed-load,1,ip-172-31-19-62,olap,benchANT
2026-05-16 11:52:10+00:00,system,n_cpus,8,dbms,clickbench,postgresql-indexed-load,1,ip-172-31-19-62,olap,benchANT
2026-05-16 11:52:20+00:00,system,n_cpus,8,dbms,clickbench,postgresql-indexed-load,1,ip-172-31-19-62,olap,benchANT
2026-05-16 11:52:30+00:00,system,n_cpus,8,dbms,clickbench,postgresql-indexed-load,1,ip-172-31-19-62,olap,benchANT
2026-05-16 11:52:40+00:00,system,n_cpus,8,dbms,clickbench,postgresql-indexed-load,1,ip-172-31-19-62,olap,benchANT
2026-05-16 11:52:50+00:00,system,n_cpus,8,dbms,clickbench,postgresql-indexed-load,1,ip-172-31-19-62,olap,benchANT
2026-05-16 11:53:00+00:00,system,n_cpus,8,dbms,clickbench,postgresql-indexed-load,1,ip-172-31-19-62,olap,benchANT
2026-05-16 11:53:10+00:00,system,n_cpus,8,dbms,clickbench,postgresql-indexed-load,1,ip-172-31-19-62,olap,benchANT
2026-05-16 11:53:20+00:00,system,n_cpus,8,dbms,clickbench,postgresql-indexed-load,1,ip-172-31-19-62,olap,benchANT
2026-05-16 11:53:30+00:00,system,n_cpus,8,dbms,clickbench,postgresql-indexed-load,1,ip-172-31-19-62,olap,benchANT
2026-05-16 11:53:40+00:00,system,n_cpus,8,dbms,clickbench,postgresql-indexed-load,1,ip-172-31-19-62,olap,benchANT
2026-05-16 11:53:50+00:00,system,n_cpus,8,dbms,clickbench,postgresql-indexed-load,1,ip-172-31-19-62,olap,benchANT
2026-05-16 11:54:00+00:00,system,n_cpus,8,dbms,clickbench,postgresql-indexed-load,1,ip-172-31-19-62,olap,benchANT
2026-05-16 11:54:10+00:00,system,n_cpus,8,dbms,clickbench,postgresql-indexed-load,1,ip-172-31-19-62,olap,benchANT
2026-05-16 11:54:20+00:00,system,n_cpus,8,dbms,clickbench,postgresql-indexed-load,1,ip-172-31-19-62,olap,benchANT
2026-05-16 11:54:30+00:00,system,n_cpus,8,dbms,clickbench,postgresql-indexed-load,1,ip-172-31-19-62,olap,benchANT
2026-05-16 11:54:40+00:00,system,n_cpus,8,dbms,clickbench,postgresql-indexed-load,1,ip-172-31-19-62,olap,benchANT
2026-05-16 11:54:50+00:00,system,n_cpus,8,dbms,clickbench,postgresql-indexed-load,1,ip-172-31-19-62,olap,benchANT
2026-05-16 11:55:00+00:00,system,n_cpus,8,dbms,clickbench,postgresql-indexed-load,1,ip-172-31-19-62,olap,benchANT
2026-05-16 11:55:10+00:00,system,n_cpus,8,dbms,clickbench,postgresql-indexed-load,1,ip-172-31-19-62,olap,benchANT
2026-05-16 11:55:20+00:00,system,n_cpus,8,dbms,clickbench,postgresql-indexed-load,1,ip-172-31-19-62,olap,benchANT
2026-05-16 11:55:30+00:00,system,n_cpus,8,dbms,clickbench,postgresql-indexed-load,1,ip-172-31-19-62,olap,benchANT
2026-05-16 11:55:40+00:00,system,n_cpus,8,dbms,clickbench,postgresql-indexed-load,1,ip-172-31-19-62,olap,benchANT
2026-05-16 11:55:50+00:00,system,n_cpus,8,dbms,clickbench,postgresql-indexed-load,1,ip-172-31-19-62,olap,benchANT
2026-05-16 11:56:00+00:00,system,n_cpus,8,dbms,clickbench,postgresql-indexed-load,1,ip-172-31-19-62,olap,benchANT
2026-05-16 11:56:10+00:00,system,n_cpus,8,dbms,clickbench,postgresql-indexed-load,1,ip-172-31-19-62,olap,benchANT
2026-05-16 11:56:20+00:00,system,n_cpus,8,dbms,clickbench,postgresql-indexed-load,1,ip-172-31-19-62,olap,benchANT
2026-05-16 11:56:30+00:00,system,n_cpus,8,dbms,clickbench,postgresql-indexed-load,1,ip-172-31-19-62,olap,benchANT
2026-05-16 11:56:40+00:00,system,n_cpus,8,dbms,clickbench,postgresql-indexed-load,1,ip-172-31-19-62,olap,benchANT
2026-05-16 11:56:50+00:00,system,n_cpus,8,dbms,clickbench,postgresql-indexed-load,1,ip-172-31-19-62,olap,benchANT
2026-05-16 11:57:00+00:00,system,n_cpus,8,dbms,clickbench,postgresql-indexed-load,1,ip-172-31-19-62,olap,benchANT
2026-05-16 11:57:10+00:00,system,n_cpus,8,dbms,clickbench,postgresql-indexed-load,1,ip-172-31-19-62,olap,benchANT
2026-05-16 11:57:20+00:00,system,n_cpus,8,dbms,clickbench,postgresql-indexed-load,1,ip-172-31-19-62,olap,benchANT
2026-05-16 11:57:30+00:00,system,n_cpus,8,dbms,clickbench,postgresql-indexed-load,1,ip-172-31-19-62,olap,benchANT
2026-05-16 11:57:40+00:00,system,n_cpus,8,dbms,clickbench,postgresql-indexed-load,1,ip-172-31-19-62,olap,benchANT
2026-05-16 11:57:50+00:00,system,n_cpus,8,dbms,clickbench,postgresql-indexed-load,1,ip-172-31-19-62,olap,benchANT
2026-05-16 11:58:00+00:00,system,n_cpus,8,dbms,clickbench,postgresql-indexed-load,1,ip-172-31-19-62,olap,benchANT
2026-05-16 11:58:10+00:00,system,n_cpus,8,dbms,clickbench,postgresql-indexed-load,1,ip-172-31-19-62,olap,benchANT
2026-05-16 11:58:20+00:00,system,n_cpus,8,dbms,clickbench,postgresql-indexed-load,1,ip-172-31-19-62,olap,benchANT
2026-05-16 11:58:30+00:00,system,n_cpus,8,dbms,clickbench,postgresql-indexed-load,1,ip-172-31-19-62,olap,benchANT
2026-05-16 11:58:40+00:00,system,n_cpus,8,dbms,clickbench,postgresql-indexed-load,1,ip-172-31-19-62,olap,benchANT
2026-05-16 11:58:50+00:00,system,n_cpus,8,dbms,clickbench,postgresql-indexed-load,1,ip-172-31-19-62,olap,benchANT
2026-05-16 11:59:00+00:00,system,n_cpus,8,dbms,clickbench,postgresql-indexed-load,1,ip-172-31-19-62,olap,benchANT
2026-05-16 11:59:10+00:00,system,n_cpus,8,dbms,clickbench,postgresql-indexed-load,1,ip-172-31-19-62,olap,benchANT
2026-05-16 11:59:20+00:00,system,n_cpus,8,dbms,clickbench,postgresql-indexed-load,1,ip-172-31-19-62,olap,benchANT
2026-05-16 11:59:30+00:00,system,n_cpus,8,dbms,clickbench,postgresql-indexed-load,1,ip-172-31-19-62,olap,benchANT
2026-05-16 11:59:40+00:00,system,n_cpus,8,dbms,clickbench,postgresql-indexed-load,1,ip-172-31-19-62,olap,benchANT
2026-05-16 11:59:50+00:00,system,n_cpus,8,dbms,clickbench,postgresql-indexed-load,1,ip-172-31-19-62,olap,benchANT
2026-05-16 12:00:00+00:00,system,n_cpus,8,dbms,clickbench,postgresql-indexed-load,1,ip-172-31-19-62,olap,benchANT
2026-05-16 12:00:10+00:00,system,n_cpus,8,dbms,clickbench,postgresql-indexed-load,1,ip-172-31-19-62,olap,benchANT
2026-05-16 12:00:20+00:00,system,n_cpus,8,dbms,clickbench,postgresql-indexed-load,1,ip-172-31-19-62,olap,benchANT
2026-05-16 12:00:30+00:00,system,n_cpus,8,dbms,clickbench,postgresql-indexed-load,1,ip-172-31-19-62,olap,benchANT
2026-05-16 12:00:40+00:00,system,n_cpus,8,dbms,clickbench,postgresql-indexed-load,1,ip-172-31-19-62,olap,benchANT
2026-05-16 12:00:50+00:00,system,n_cpus,8,dbms,clickbench,postgresql-indexed-load,1,ip-172-31-19-62,olap,benchANT
2026-05-16 12:01:00+00:00,system,n_cpus,8,dbms,clickbench,postgresql-indexed-load,1,ip-172-31-19-62,olap,benchANT
2026-05-16 12:01:10+00:00,system,n_cpus,8,dbms,clickbench,postgresql-indexed-load,1,ip-172-31-19-62,olap,benchANT
2026-05-16 12:01:20+00:00,system,n_cpus,8,dbms,clickbench,postgresql-indexed-load,1,ip-172-31-19-62,olap,benchANT
2026-05-16 12:01:30+00:00,system,n_cpus,8,dbms,clickbench,postgresql-indexed-load,1,ip-172-31-19-62,olap,benchANT
2026-05-16 12:01:40+00:00,system,n_cpus,8,dbms,clickbench,postgresql-indexed-load,1,ip-172-31-19-62,olap,benchANT
2026-05-16 12:01:50+00:00,system,n_cpus,8,dbms,clickbench,postgresql-indexed-load,1,ip-172-31-19-62,olap,benchANT
2026-05-16 12:02:00+00:00,system,n_cpus,8,dbms,clickbench,postgresql-indexed-load,1,ip-172-31-19-62,olap,benchANT
2026-05-16 12:02:10+00:00,system,n_cpus,8,dbms,clickbench,postgresql-indexed-load,1,ip-172-31-19-62,olap,benchANT
2026-05-16 12:02:20+00:00,system,n_cpus,8,dbms,clickbench,postgresql-indexed-load,1,ip-172-31-19-62,olap,benchANT
2026-05-16 12:02:30+00:00,system,n_cpus,8,dbms,clickbench,postgresql-indexed-load,1,ip-172-31-19-62,olap,benchANT
2026-05-16 12:02:40+00:00,system,n_cpus,8,dbms,clickbench,postgresql-indexed-load,1,ip-172-31-19-62,olap,benchANT
2026-05-16 12:02:50+00:00,system,n_cpus,8,dbms,clickbench,postgresql-indexed-load,1,ip-172-31-19-62,olap,benchANT
2026-05-16 12:03:00+00:00,system,n_cpus,8,dbms,clickbench,postgresql-indexed-load,1,ip-172-31-19-62,olap,benchANT
2026-05-16 12:03:10+00:00,system,n_cpus,8,dbms,clickbench,postgresql-indexed-load,1,ip-172-31-19-62,olap,benchANT
2026-05-16 12:03:20+00:00,system,n_cpus,8,dbms,clickbench,postgresql-indexed-load,1,ip-172-31-19-62,olap,benchANT
2026-05-16 12:03:30+00:00,system,n_cpus,8,dbms,clickbench,postgresql-indexed-load,1,ip-172-31-19-62,olap,benchANT
2026-05-16 12:03:40+00:00,system,n_cpus,8,dbms,clickbench,postgresql-indexed-load,1,ip-172-31-19-62,olap,benchANT
2026-05-16 12:03:50+00:00,system,n_cpus,8,dbms,clickbench,postgresql-indexed-load,1,ip-172-31-19-62,olap,benchANT
2026-05-16 12:04:00+00:00,system,n_cpus,8,dbms,clickbench,postgresql-indexed-load,1,ip-172-31-19-62,olap,benchANT
2026-05-16 12:04:10+00:00,system,n_cpus,8,dbms,clickbench,postgresql-indexed-load,1,ip-172-31-19-62,olap,benchANT
2026-05-16 12:04:20+00:00,system,n_cpus,8,dbms,clickbench,postgresql-indexed-load,1,ip-172-31-19-62,olap,benchANT
2026-05-16 12:04:30+00:00,system,n_cpus,8,dbms,clickbench,postgresql-indexed-load,1,ip-172-31-19-62,olap,benchANT
2026-05-16 12:04:40+00:00,system,n_cpus,8,dbms,clickbench,postgresql-indexed-load,1,ip-172-31-19-62,olap,benchANT
2026-05-16 12:04:50+00:00,system,n_cpus,8,dbms,clickbench,postgresql-indexed-load,1,ip-172-31-19-62,olap,benchANT
2026-05-16 12:05:00+00:00,system,n_cpus,8,dbms,clickbench,postgresql-indexed-load,1,ip-172-31-19-62,olap,benchANT
2026-05-16 12:05:10+00:00,system,n_cpus,8,dbms,clickbench,postgresql-indexed-load,1,ip-172-31-19-62,olap,benchANT
2026-05-16 12:05:20+00:00,system,n_cpus,8,dbms,clickbench,postgresql-indexed-load,1,ip-172-31-19-62,olap,benchANT
2026-05-16 12:05:30+00:00,system,n_cpus,8,dbms,clickbench,postgresql-indexed-load,1,ip-172-31-19-62,olap,benchANT
2026-05-16 12:05:40+00:00,system,n_cpus,8,dbms,clickbench,postgresql-indexed-load,1,ip-172-31-19-62,olap,benchANT
2026-05-16 12:05:50+00:00,system,n_cpus,8,dbms,clickbench,postgresql-indexed-load,1,ip-172-31-19-62,olap,benchANT
2026-05-16 12:06:00+00:00,system,n_cpus,8,dbms,clickbench,postgresql-indexed-load,1,ip-172-31-19-62,olap,benchANT
2026-05-16 12:06:10+00:00,system,n_cpus,8,dbms,clickbench,postgresql-indexed-load,1,ip-172-31-19-62,olap,benchANT
2026-05-16 12:06:20+00:00,system,n_cpus,8,dbms,clickbench,postgresql-indexed-load,1,ip-172-31-19-62,olap,benchANT
2026-05-16 12:06:30+00:00,system,n_cpus,8,dbms,clickbench,postgresql-indexed-load,1,ip-172-31-19-62,olap,benchANT
2026-05-16 12:06:40+00:00,system,n_cpus,8,dbms,clickbench,postgresql-indexed-load,1,ip-172-31-19-62,olap,benchANT
2026-05-16 12:06:50+00:00,system,n_cpus,8,dbms,clickbench,postgresql-indexed-load,1,ip-172-31-19-62,olap,benchANT
2026-05-16 12:07:00+00:00,system,n_cpus,8,dbms,clickbench,postgresql-indexed-load,1,ip-172-31-19-62,olap,benchANT
2026-05-16 12:07:10+00:00,system,n_cpus,8,dbms,clickbench,postgresql-indexed-load,1,ip-172-31-19-62,olap,benchANT
2026-05-16 12:07:20+00:00,system,n_cpus,8,dbms,clickbench,postgresql-indexed-load,1,ip-172-31-19-62,olap,benchANT
2026-05-16 12:07:30+00:00,system,n_cpus,8,dbms,clickbench,postgresql-indexed-load,1,ip-172-31-19-62,olap,benchANT
2026-05-16 12:07:40+00:00,system,n_cpus,8,dbms,clickbench,postgresql-indexed-load,1,ip-172-31-19-62,olap,benchANT
2026-05-16 12:07:50+00:00,system,n_cpus,8,dbms,clickbench,postgresql-indexed-load,1,ip-172-31-19-62,olap,benchANT
2026-05-16 12:08:00+00:00,system,n_cpus,8,dbms,clickbench,postgresql-indexed-load,1,ip-172-31-19-62,olap,benchANT
2026-05-16 12:08:10+00:00,system,n_cpus,8,dbms,clickbench,postgresql-indexed-load,1,ip-172-31-19-62,olap,benchANT
2026-05-16 12:08:20+00:00,system,n_cpus,8,dbms,clickbench,postgresql-indexed-load,1,ip-172-31-19-62,olap,benchANT
2026-05-16 12:08:30+00:00,system,n_cpus,8,dbms,clickbench,postgresql-indexed-load,1,ip-172-31-19-62,olap,benchANT
2026-05-16 12:08:40+00:00,system,n_cpus,8,dbms,clickbench,postgresql-indexed-load,1,ip-172-31-19-62,olap,benchANT
2026-05-16 12:08:50+00:00,system,n_cpus,8,dbms,clickbench,postgresql-indexed-load,1,ip-172-31-19-62,olap,benchANT
2026-05-16 12:09:00+00:00,system,n_cpus,8,dbms,clickbench,postgresql-indexed-load,1,ip-172-31-19-62,olap,benchANT
2026-05-16 12:09:10+00:00,system,n_cpus,8,dbms,clickbench,postgresql-indexed-load,1,ip-172-31-19-62,olap,benchANT
2026-05-16 12:09:20+00:00,system,n_cpus,8,dbms,clickbench,postgresql-indexed-load,1,ip-172-31-19-62,olap,benchANT
2026-05-16 12:09:30+00:00,system,n_cpus,8,dbms,clickbench,postgresql-indexed-load,1,ip-172-31-19-62,olap,benchANT
2026-05-16 12:09:40+00:00,system,n_cpus,8,dbms,clickbench,postgresql-indexed-load,1,ip-172-31-19-62,olap,benchANT
2026-05-16 12:09:50+00:00,system,n_cpus,8,dbms,clickbench,postgresql-indexed-load,1,ip-172-31-19-62,olap,benchANT
2026-05-16 12:10:00+00:00,system,n_cpus,8,dbms,clickbench,postgresql-indexed-load,1,ip-172-31-19-62,olap,benchANT
2026-05-16 12:10:10+00:00,system,n_cpus,8,dbms,clickbench,postgresql-indexed-load,1,ip-172-31-19-62,olap,benchANT
2026-05-16 12:10:20+00:00,system,n_cpus,8,dbms,clickbench,postgresql-indexed-load,1,ip-172-31-19-62,olap,benchANT
2026-05-16 12:10:30+00:00,system,n_cpus,8,dbms,clickbench,postgresql-indexed-load,1,ip-172-31-19-62,olap,benchANT
2026-05-16 12:10:40+00:00,system,n_cpus,8,dbms,clickbench,postgresql-indexed-load,1,ip-172-31-19-62,olap,benchANT
2026-05-16 12:10:50+00:00,system,n_cpus,8,dbms,clickbench,postgresql-indexed-load,1,ip-172-31-19-62,olap,benchANT
2026-05-16 12:11:00+00:00,system,n_cpus,8,dbms,clickbench,postgresql-indexed-load,1,ip-172-31-19-62,olap,benchANT
2026-05-16 12:11:10+00:00,system,n_cpus,8,dbms,clickbench,postgresql-indexed-load,1,ip-172-31-19-62,olap,benchANT
2026-05-16 12:11:20+00:00,system,n_cpus,8,dbms,clickbench,postgresql-indexed-load,1,ip-172-31-19-62,olap,benchANT
2026-05-16 12:11:30+00:00,system,n_cpus,8,dbms,clickbench,postgresql-indexed-load,1,ip-172-31-19-62,olap,benchANT
2026-05-16 12:11:40+00:00,system,n_cpus,8,dbms,clickbench,postgresql-indexed-load,1,ip-172-31-19-62,olap,benchANT
2026-05-16 12:11:50+00:00,system,n_cpus,8,dbms,clickbench,postgresql-indexed-load,1,ip-172-31-19-62,olap,benchANT
2026-05-16 12:12:00+00:00,system,n_cpus,8,dbms,clickbench,postgresql-indexed-load,1,ip-172-31-19-62,olap,benchANT
2026-05-16 12:12:10+00:00,system,n_cpus,8,dbms,clickbench,postgresql-indexed-load,1,ip-172-31-19-62,olap,benchANT
2026-05-16 12:12:20+00:00,system,n_cpus,8,dbms,clickbench,postgresql-indexed-load,1,ip-172-31-19-62,olap,benchANT
2026-05-16 12:12:30+00:00,system,n_cpus,8,dbms,clickbench,postgresql-indexed-load,1,ip-172-31-19-62,olap,benchANT
2026-05-16 12:12:40+00:00,system,n_cpus,8,dbms,clickbench,postgresql-indexed-load,1,ip-172-31-19-62,olap,benchANT
2026-05-16 12:12:50+00:00,system,n_cpus,8,dbms,clickbench,postgresql-indexed-load,1,ip-172-31-19-62,olap,benchANT
2026-05-16 12:13:00+00:00,system,n_cpus,8,dbms,clickbench,postgresql-indexed-load,1,ip-172-31-19-62,olap,benchANT
2026-05-16 12:13:10+00:00,system,n_cpus,8,dbms,clickbench,postgresql-indexed-load,1,ip-172-31-19-62,olap,benchANT
2026-05-16 12:13:20+00:00,system,n_cpus,8,dbms,clickbench,postgresql-indexed-load,1,ip-172-31-19-62,olap,benchANT
2026-05-16 12:13:30+00:00,system,n_cpus,8,dbms,clickbench,postgresql-indexed-load,1,ip-172-31-19-62,olap,benchANT
2026-05-16 12:13:40+00:00,system,n_cpus,8,dbms,clickbench,postgresql-indexed-load,1,ip-172-31-19-62,olap,benchANT
2026-05-16 12:13:50+00:00,system,n_cpus,8,dbms,clickbench,postgresql-indexed-load,1,ip-172-31-19-62,olap,benchANT
2026-05-16 12:14:00+00:00,system,n_cpus,8,dbms,clickbench,postgresql-indexed-load,1,ip-172-31-19-62,olap,benchANT
2026-05-16 12:14:10+00:00,system,n_cpus,8,dbms,clickbench,postgresql-indexed-load,1,ip-172-31-19-62,olap,benchANT
2026-05-16 12:14:20+00:00,system,n_cpus,8,dbms,clickbench,postgresql-indexed-load,1,ip-172-31-19-62,olap,benchANT
2026-05-16 12:14:30+00:00,system,n_cpus,8,dbms,clickbench,postgresql-indexed-load,1,ip-172-31-19-62,olap,benchANT
2026-05-16 12:14:40+00:00,system,n_cpus,8,dbms,clickbench,postgresql-indexed-load,1,ip-172-31-19-62,olap,benchANT
2026-05-16 12:14:50+00:00,system,n_cpus,8,dbms,clickbench,postgresql-indexed-load,1,ip-172-31-19-62,olap,benchANT
2026-05-16 12:15:00+00:00,system,n_cpus,8,dbms,clickbench,postgresql-indexed-load,1,ip-172-31-19-62,olap,benchANT
2026-05-16 12:15:10+00:00,system,n_cpus,8,dbms,clickbench,postgresql-indexed-load,1,ip-172-31-19-62,olap,benchANT
2026-05-16 12:15:20+00:00,system,n_cpus,8,dbms,clickbench,postgresql-indexed-load,1,ip-172-31-19-62,olap,benchANT
2026-05-16 12:15:30+00:00,system,n_cpus,8,dbms,clickbench,postgresql-indexed-load,1,ip-172-31-19-62,olap,benchANT
2026-05-16 12:15:40+00:00,system,n_cpus,8,dbms,clickbench,postgresql-indexed-load,1,ip-172-31-19-62,olap,benchANT
2026-05-16 12:15:50+00:00,system,n_cpus,8,dbms,clickbench,postgresql-indexed-load,1,ip-172-31-19-62,olap,benchANT
2026-05-16 12:16:00+00:00,system,n_cpus,8,dbms,clickbench,postgresql-indexed-load,1,ip-172-31-19-62,olap,benchANT
2026-05-16 12:16:10+00:00,system,n_cpus,8,dbms,clickbench,postgresql-indexed-load,1,ip-172-31-19-62,olap,benchANT
2026-05-16 12:16:20+00:00,system,n_cpus,8,dbms,clickbench,postgresql-indexed-load,1,ip-172-31-19-62,olap,benchANT
2026-05-16 12:16:30+00:00,system,n_cpus,8,dbms,clickbench,postgresql-indexed-load,1,ip-172-31-19-62,olap,benchANT
2026-05-16 12:16:40+00:00,system,n_cpus,8,dbms,clickbench,postgresql-indexed-load,1,ip-172-31-19-62,olap,benchANT
2026-05-16 12:16:50+00:00,system,n_cpus,8,dbms,clickbench,postgresql-indexed-load,1,ip-172-31-19-62,olap,benchANT
2026-05-16 12:17:00+00:00,system,n_cpus,8,dbms,clickbench,postgresql-indexed-load,1,ip-172-31-19-62,olap,benchANT
2026-05-16 12:17:10+00:00,system,n_cpus,8,dbms,clickbench,postgresql-indexed-load,1,ip-172-31-19-62,olap,benchANT
2026-05-16 12:17:20+00:00,system,n_cpus,8,dbms,clickbench,postgresql-indexed-load,1,ip-172-31-19-62,olap,benchANT
2026-05-16 12:17:30+00:00,system,n_cpus,8,dbms,clickbench,postgresql-indexed-load,1,ip-172-31-19-62,olap,benchANT
2026-05-16 12:17:40+00:00,system,n_cpus,8,dbms,clickbench,postgresql-indexed-load,1,ip-172-31-19-62,olap,benchANT
2026-05-16 12:17:50+00:00,system,n_cpus,8,dbms,clickbench,postgresql-indexed-load,1,ip-172-31-19-62,olap,benchANT
2026-05-16 12:18:00+00:00,system,n_cpus,8,dbms,clickbench,postgresql-indexed-load,1,ip-172-31-19-62,olap,benchANT
2026-05-16 12:18:10+00:00,system,n_cpus,8,dbms,clickbench,postgresql-indexed-load,1,ip-172-31-19-62,olap,benchANT
2026-05-16 12:18:20+00:00,system,n_cpus,8,dbms,clickbench,postgresql-indexed-load,1,ip-172-31-19-62,olap,benchANT
2026-05-16 12:18:30+00:00,system,n_cpus,8,dbms,clickbench,postgresql-indexed-load,1,ip-172-31-19-62,olap,benchANT
2026-05-16 12:18:40+00:00,system,n_cpus,8,dbms,clickbench,postgresql-indexed-load,1,ip-172-31-19-62,olap,benchANT
2026-05-16 12:18:50+00:00,system,n_cpus,8,dbms,clickbench,postgresql-indexed-load,1,ip-172-31-19-62,olap,benchANT
2026-05-16 12:19:00+00:00,system,n_cpus,8,dbms,clickbench,postgresql-indexed-load,1,ip-172-31-19-62,olap,benchANT
2026-05-16 12:19:10+00:00,system,n_cpus,8,dbms,clickbench,postgresql-indexed-load,1,ip-172-31-19-62,olap,benchANT
2026-05-16 12:19:20+00:00,system,n_cpus,8,dbms,clickbench,postgresql-indexed-load,1,ip-172-31-19-62,olap,benchANT
2026-05-16 12:19:30+00:00,system,n_cpus,8,dbms,clickbench,postgresql-indexed-load,1,ip-172-31-19-62,olap,benchANT
2026-05-16 12:19:40+00:00,system,n_cpus,8,dbms,clickbench,postgresql-indexed-load,1,ip-172-31-19-62,olap,benchANT
2026-05-16 12:19:50+00:00,system,n_cpus,8,dbms,clickbench,postgresql-indexed-load,1,ip-172-31-19-62,olap,benchANT
2026-05-16 12:20:00+00:00,system,n_cpus,8,dbms,clickbench,postgresql-indexed-load,1,ip-172-31-19-62,olap,benchANT
2026-05-16 12:20:10+00:00,system,n_cpus,8,dbms,clickbench,postgresql-indexed-load,1,ip-172-31-19-62,olap,benchANT
2026-05-16 12:20:20+00:00,system,n_cpus,8,dbms,clickbench,postgresql-indexed-load,1,ip-172-31-19-62,olap,benchANT
2026-05-16 12:20:30+00:00,system,n_cpus,8,dbms,clickbench,postgresql-indexed-load,1,ip-172-31-19-62,olap,benchANT
2026-05-16 12:20:40+00:00,system,n_cpus,8,dbms,clickbench,postgresql-indexed-load,1,ip-172-31-19-62,olap,benchANT
2026-05-16 12:20:50+00:00,system,n_cpus,8,dbms,clickbench,postgresql-indexed-load,1,ip-172-31-19-62,olap,benchANT
2026-05-16 12:21:00+00:00,system,n_cpus,8,dbms,clickbench,postgresql-indexed-load,1,ip-172-31-19-62,olap,benchANT
2026-05-16 12:21:10+00:00,system,n_cpus,8,dbms,clickbench,postgresql-indexed-load,1,ip-172-31-19-62,olap,benchANT
2026-05-16 12:21:20+00:00,system,n_cpus,8,dbms,clickbench,postgresql-indexed-load,1,ip-172-31-19-62,olap,benchANT
2026-05-16 12:21:30+00:00,system,n_cpus,8,dbms,clickbench,postgresql-indexed-load,1,ip-172-31-19-62,olap,benchANT
2026-05-16 12:21:40+00:00,system,n_cpus,8,dbms,clickbench,postgresql-indexed-load,1,ip-172-31-19-62,olap,benchANT
2026-05-16 12:21:50+00:00,system,n_cpus,8,dbms,clickbench,postgresql-indexed-load,1,ip-172-31-19-62,olap,benchANT
2026-05-16 12:22:00+00:00,system,n_cpus,8,dbms,clickbench,postgresql-indexed-load,1,ip-172-31-19-62,olap,benchANT
2026-05-16 12:22:10+00:00,system,n_cpus,8,dbms,clickbench,postgresql-indexed-load,1,ip-172-31-19-62,olap,benchANT
2026-05-16 12:22:20+00:00,system,n_cpus,8,dbms,clickbench,postgresql-indexed-load,1,ip-172-31-19-62,olap,benchANT
2026-05-16 12:22:30+00:00,system,n_cpus,8,dbms,clickbench,postgresql-indexed-load,1,ip-172-31-19-62,olap,benchANT
2026-05-16 12:22:40+00:00,system,n_cpus,8,dbms,clickbench,postgresql-indexed-load,1,ip-172-31-19-62,olap,benchANT
2026-05-16 12:22:50+00:00,system,n_cpus,8,dbms,clickbench,postgresql-indexed-load,1,ip-172-31-19-62,olap,benchANT
2026-05-16 12:23:00+00:00,system,n_cpus,8,dbms,clickbench,postgresql-indexed-load,1,ip-172-31-19-62,olap,benchANT
2026-05-16 12:23:10+00:00,system,n_cpus,8,dbms,clickbench,postgresql-indexed-load,1,ip-172-31-19-62,olap,benchANT
2026-05-16 12:23:20+00:00,system,n_cpus,8,dbms,clickbench,postgresql-indexed-load,1,ip-172-31-19-62,olap,benchANT
2026-05-16 12:23:30+00:00,system,n_cpus,8,dbms,clickbench,postgresql-indexed-load,1,ip-172-31-19-62,olap,benchANT
2026-05-16 12:23:40+00:00,system,n_cpus,8,dbms,clickbench,postgresql-indexed-load,1,ip-172-31-19-62,olap,benchANT
2026-05-16 12:23:50+00:00,system,n_cpus,8,dbms,clickbench,postgresql-indexed-load,1,ip-172-31-19-62,olap,benchANT
2026-05-16 12:24:00+00:00,system,n_cpus,8,dbms,clickbench,postgresql-indexed-load,1,ip-172-31-19-62,olap,benchANT
2026-05-16 12:24:10+00:00,system,n_cpus,8,dbms,clickbench,postgresql-indexed-load,1,ip-172-31-19-62,olap,benchANT
2026-05-16 12:24:20+00:00,system,n_cpus,8,dbms,clickbench,postgresql-indexed-load,1,ip-172-31-19-62,olap,benchANT
2026-05-16 12:24:30+00:00,system,n_cpus,8,dbms,clickbench,postgresql-indexed-load,1,ip-172-31-19-62,olap,benchANT
2026-05-16 12:24:40+00:00,system,n_cpus,8,dbms,clickbench,postgresql-indexed-load,1,ip-172-31-19-62,olap,benchANT
2026-05-16 12:24:50+00:00,system,n_cpus,8,dbms,clickbench,postgresql-indexed-load,1,ip-172-31-19-62,olap,benchANT
2026-05-16 12:25:00+00:00,system,n_cpus,8,dbms,clickbench,postgresql-indexed-load,1,ip-172-31-19-62,olap,benchANT
2026-05-16 12:25:10+00:00,system,n_cpus,8,dbms,clickbench,postgresql-indexed-load,1,ip-172-31-19-62,olap,benchANT
2026-05-16 12:25:20+00:00,system,n_cpus,8,dbms,clickbench,postgresql-indexed-load,1,ip-172-31-19-62,olap,benchANT
2026-05-16 12:25:30+00:00,system,n_cpus,8,dbms,clickbench,postgresql-indexed-load,1,ip-172-31-19-62,olap,benchANT
2026-05-16 12:25:40+00:00,system,n_cpus,8,dbms,clickbench,postgresql-indexed-load,1,ip-172-31-19-62,olap,benchANT
2026-05-16 12:25:50+00:00,system,n_cpus,8,dbms,clickbench,postgresql-indexed-load,1,ip-172-31-19-62,olap,benchANT
2026-05-16 12:26:00+00:00,system,n_cpus,8,dbms,clickbench,postgresql-indexed-load,1,ip-172-31-19-62,olap,benchANT
2026-05-16 12:26:10+00:00,system,n_cpus,8,dbms,clickbench,postgresql-indexed-load,1,ip-172-31-19-62,olap,benchANT
2026-05-16 12:26:20+00:00,system,n_cpus,8,dbms,clickbench,postgresql-indexed-load,1,ip-172-31-19-62,olap,benchANT
2026-05-16 12:26:30+00:00,system,n_cpus,8,dbms,clickbench,postgresql-indexed-load,1,ip-172-31-19-62,olap,benchANT
2026-05-16 12:26:40+00:00,system,n_cpus,8,dbms,clickbench,postgresql-indexed-load,1,ip-172-31-19-62,olap,benchANT
2026-05-16 12:26:50+00:00,system,n_cpus,8,dbms,clickbench,postgresql-indexed-load,1,ip-172-31-19-62,olap,benchANT
2026-05-16 12:27:00+00:00,system,n_cpus,8,dbms,clickbench,postgresql-indexed-load,1,ip-172-31-19-62,olap,benchANT
2026-05-16 12:27:10+00:00,system,n_cpus,8,dbms,clickbench,postgresql-indexed-load,1,ip-172-31-19-62,olap,benchANT
2026-05-16 12:27:20+00:00,system,n_cpus,8,dbms,clickbench,postgresql-indexed-load,1,ip-172-31-19-62,olap,benchANT
2026-05-16 12:27:30+00:00,system,n_cpus,8,dbms,clickbench,postgresql-indexed-load,1,ip-172-31-19-62,olap,benchANT
2026-05-16 12:27:40+00:00,system,n_cpus,8,dbms,clickbench,postgresql-indexed-load,1,ip-172-31-19-62,olap,benchANT
2026-05-16 12:27:50+00:00,system,n_cpus,8,dbms,clickbench,postgresql-indexed-load,1,ip-172-31-19-62,olap,benchANT
2026-05-16 12:28:00+00:00,system,n_cpus,8,dbms,clickbench,postgresql-indexed-load,1,ip-172-31-19-62,olap,benchANT
2026-05-16 12:28:10+00:00,system,n_cpus,8,dbms,clickbench,postgresql-indexed-load,1,ip-172-31-19-62,olap,benchANT
2026-05-16 12:28:20+00:00,system,n_cpus,8,dbms,clickbench,postgresql-indexed-load,1,ip-172-31-19-62,olap,benchANT
2026-05-16 12:28:30+00:00,system,n_cpus,8,dbms,clickbench,postgresql-indexed-load,1,ip-172-31-19-62,olap,benchANT
2026-05-16 12:28:40+00:00,system,n_cpus,8,dbms,clickbench,postgresql-indexed-load,1,ip-172-31-19-62,olap,benchANT
2026-05-16 12:28:50+00:00,system,n_cpus,8,dbms,clickbench,postgresql-indexed-load,1,ip-172-31-19-62,olap,benchANT
2026-05-16 12:29:00+00:00,system,n_cpus,8,dbms,clickbench,postgresql-indexed-load,1,ip-172-31-19-62,olap,benchANT
2026-05-16 12:29:10+00:00,system,n_cpus,8,dbms,clickbench,postgresql-indexed-load,1,ip-172-31-19-62,olap,benchANT
2026-05-16 12:29:20+00:00,system,n_cpus,8,dbms,clickbench,postgresql-indexed-load,1,ip-172-31-19-62,olap,benchANT
2026-05-16 12:29:30+00:00,system,n_cpus,8,dbms,clickbench,postgresql-indexed-load,1,ip-172-31-19-62,olap,benchANT
2026-05-16 12:29:40+00:00,system,n_cpus,8,dbms,clickbench,postgresql-indexed-load,1,ip-172-31-19-62,olap,benchANT
2026-05-16 12:29:50+00:00,system,n_cpus,8,dbms,clickbench,postgresql-indexed-load,1,ip-172-31-19-62,olap,benchANT
2026-05-16 12:30:00+00:00,system,n_cpus,8,dbms,clickbench,postgresql-indexed-load,1,ip-172-31-19-62,olap,benchANT
2026-05-16 12:30:10+00:00,system,n_cpus,8,dbms,clickbench,postgresql-indexed-load,1,ip-172-31-19-62,olap,benchANT
2026-05-16 12:30:20+00:00,system,n_cpus,8,dbms,clickbench,postgresql-indexed-load,1,ip-172-31-19-62,olap,benchANT
2026-05-16 12:30:30+00:00,system,n_cpus,8,dbms,clickbench,postgresql-indexed-load,1,ip-172-31-19-62,olap,benchANT
2026-05-16 12:30:40+00:00,system,n_cpus,8,dbms,clickbench,postgresql-indexed-load,1,ip-172-31-19-62,olap,benchANT
2026-05-16 12:30:50+00:00,system,n_cpus,8,dbms,clickbench,postgresql-indexed-load,1,ip-172-31-19-62,olap,benchANT
2026-05-16 12:31:00+00:00,system,n_cpus,8,dbms,clickbench,postgresql-indexed-load,1,ip-172-31-19-62,olap,benchANT
2026-05-16 12:31:10+00:00,system,n_cpus,8,dbms,clickbench,postgresql-indexed-load,1,ip-172-31-19-62,olap,benchANT
2026-05-16 12:31:20+00:00,system,n_cpus,8,dbms,clickbench,postgresql-indexed-load,1,ip-172-31-19-62,olap,benchANT
2026-05-16 12:31:30+00:00,system,n_cpus,8,dbms,clickbench,postgresql-indexed-load,1,ip-172-31-19-62,olap,benchANT
2026-05-16 12:31:40+00:00,system,n_cpus,8,dbms,clickbench,postgresql-indexed-load,1,ip-172-31-19-62,olap,benchANT
2026-05-16 12:31:50+00:00,system,n_cpus,8,dbms,clickbench,postgresql-indexed-load,1,ip-172-31-19-62,olap,benchANT
2026-05-16 12:32:00+00:00,system,n_cpus,8,dbms,clickbench,postgresql-indexed-load,1,ip-172-31-19-62,olap,benchANT
2026-05-16 12:32:10+00:00,system,n_cpus,8,dbms,clickbench,postgresql-indexed-load,1,ip-172-31-19-62,olap,benchANT
2026-05-16 12:32:20+00:00,system,n_cpus,8,dbms,clickbench,postgresql-indexed-load,1,ip-172-31-19-62,olap,benchANT
2026-05-16 12:32:30+00:00,system,n_cpus,8,dbms,clickbench,postgresql-indexed-load,1,ip-172-31-19-62,olap,benchANT
2026-05-16 12:32:40+00:00,system,n_cpus,8,dbms,clickbench,postgresql-indexed-load,1,ip-172-31-19-62,olap,benchANT
2026-05-16 12:32:50+00:00,system,n_cpus,8,dbms,clickbench,postgresql-indexed-load,1,ip-172-31-19-62,olap,benchANT
2026-05-16 12:33:00+00:00,system,n_cpus,8,dbms,clickbench,postgresql-indexed-load,1,ip-172-31-19-62,olap,benchANT
2026-05-16 12:33:10+00:00,system,n_cpus,8,dbms,clickbench,postgresql-indexed-load,1,ip-172-31-19-62,olap,benchANT
2026-05-16 12:33:20+00:00,system,n_cpus,8,dbms,clickbench,postgresql-indexed-load,1,ip-172-31-19-62,olap,benchANT
2026-05-16 12:33:30+00:00,system,n_cpus,8,dbms,clickbench,postgresql-indexed-load,1,ip-172-31-19-62,olap,benchANT
2026-05-16 12:33:40+00:00,system,n_cpus,8,dbms,clickbench,postgresql-indexed-load,1,ip-172-31-19-62,olap,benchANT
2026-05-16 12:33:50+00:00,system,n_cpus,8,dbms,clickbench,postgresql-indexed-load,1,ip-172-31-19-62,olap,benchANT
2026-05-16 12:34:00+00:00,system,n_cpus,8,dbms,clickbench,postgresql-indexed-load,1,ip-172-31-19-62,olap,benchANT
2026-05-16 12:34:10+00:00,system,n_cpus,8,dbms,clickbench,postgresql-indexed-load,1,ip-172-31-19-62,olap,benchANT
2026-05-16 12:34:20+00:00,system,n_cpus,8,dbms,clickbench,postgresql-indexed-load,1,ip-172-31-19-62,olap,benchANT
2026-05-16 12:34:30+00:00,system,n_cpus,8,dbms,clickbench,postgresql-indexed-load,1,ip-172-31-19-62,olap,benchANT
2026-05-16 12:34:40+00:00,system,n_cpus,8,dbms,clickbench,postgresql-indexed-load,1,ip-172-31-19-62,olap,benchANT
2026-05-16 12:34:50+00:00,system,n_cpus,8,dbms,clickbench,postgresql-indexed-load,1,ip-172-31-19-62,olap,benchANT
2026-05-16 12:35:00+00:00,system,n_cpus,8,dbms,clickbench,postgresql-indexed-load,1,ip-172-31-19-62,olap,benchANT
2026-05-16 12:35:10+00:00,system,n_cpus,8,dbms,clickbench,postgresql-indexed-load,1,ip-172-31-19-62,olap,benchANT
2026-05-16 12:35:20+00:00,system,n_cpus,8,dbms,clickbench,postgresql-indexed-load,1,ip-172-31-19-62,olap,benchANT
2026-05-16 12:35:30+00:00,system,n_cpus,8,dbms,clickbench,postgresql-indexed-load,1,ip-172-31-19-62,olap,benchANT
2026-05-16 12:35:40+00:00,system,n_cpus,8,dbms,clickbench,postgresql-indexed-load,1,ip-172-31-19-62,olap,benchANT
2026-05-16 12:35:50+00:00,system,n_cpus,8,dbms,clickbench,postgresql-indexed-load,1,ip-172-31-19-62,olap,benchANT
2026-05-16 12:36:00+00:00,system,n_cpus,8,dbms,clickbench,postgresql-indexed-load,1,ip-172-31-19-62,olap,benchANT
2026-05-16 12:36:10+00:00,system,n_cpus,8,dbms,clickbench,postgresql-indexed-load,1,ip-172-31-19-62,olap,benchANT
2026-05-16 12:36:20+00:00,system,n_cpus,8,dbms,clickbench,postgresql-indexed-load,1,ip-172-31-19-62,olap,benchANT
2026-05-16 12:36:30+00:00,system,n_cpus,8,dbms,clickbench,postgresql-indexed-load,1,ip-172-31-19-62,olap,benchANT
2026-05-16 12:36:40+00:00,system,n_cpus,8,dbms,clickbench,postgresql-indexed-load,1,ip-172-31-19-62,olap,benchANT
2026-05-16 12:36:50+00:00,system,n_cpus,8,dbms,clickbench,postgresql-indexed-load,1,ip-172-31-19-62,olap,benchANT
2026-05-16 12:37:00+00:00,system,n_cpus,8,dbms,clickbench,postgresql-indexed-load,1,ip-172-31-19-62,olap,benchANT
2026-05-16 12:37:10+00:00,system,n_cpus,8,dbms,clickbench,postgresql-indexed-load,1,ip-172-31-19-62,olap,benchANT
2026-05-16 12:37:20+00:00,system,n_cpus,8,dbms,clickbench,postgresql-indexed-load,1,ip-172-31-19-62,olap,benchANT
2026-05-16 12:37:30+00:00,system,n_cpus,8,dbms,clickbench,postgresql-indexed-load,1,ip-172-31-19-62,olap,benchANT
2026-05-16 12:37:40+00:00,system,n_cpus,8,dbms,clickbench,postgresql-indexed-load,1,ip-172-31-19-62,olap,benchANT
2026-05-16 12:37:50+00:00,system,n_cpus,8,dbms,clickbench,postgresql-indexed-load,1,ip-172-31-19-62,olap,benchANT
2026-05-16 12:38:00+00:00,system,n_cpus,8,dbms,clickbench,postgresql-indexed-load,1,ip-172-31-19-62,olap,benchANT
2026-05-16 12:38:10+00:00,system,n_cpus,8,dbms,clickbench,postgresql-indexed-load,1,ip-172-31-19-62,olap,benchANT
2026-05-16 12:38:20+00:00,system,n_cpus,8,dbms,clickbench,postgresql-indexed-load,1,ip-172-31-19-62,olap,benchANT
2026-05-16 12:38:30+00:00,system,n_cpus,8,dbms,clickbench,postgresql-indexed-load,1,ip-172-31-19-62,olap,benchANT
2026-05-16 12:38:40+00:00,system,n_cpus,8,dbms,clickbench,postgresql-indexed-load,1,ip-172-31-19-62,olap,benchANT
2026-05-16 12:38:50+00:00,system,n_cpus,8,dbms,clickbench,postgresql-indexed-load,1,ip-172-31-19-62,olap,benchANT
2026-05-16 12:39:00+00:00,system,n_cpus,8,dbms,clickbench,postgresql-indexed-load,1,ip-172-31-19-62,olap,benchANT
2026-05-16 12:39:10+00:00,system,n_cpus,8,dbms,clickbench,postgresql-indexed-load,1,ip-172-31-19-62,olap,benchANT
2026-05-16 12:39:20+00:00,system,n_cpus,8,dbms,clickbench,postgresql-indexed-load,1,ip-172-31-19-62,olap,benchANT
2026-05-16 12:39:30+00:00,system,n_cpus,8,dbms,clickbench,postgresql-indexed-load,1,ip-172-31-19-62,olap,benchANT
2026-05-16 12:39:40+00:00,system,n_cpus,8,dbms,clickbench,postgresql-indexed-load,1,ip-172-31-19-62,olap,benchANT
2026-05-16 12:39:50+00:00,system,n_cpus,8,dbms,clickbench,postgresql-indexed-load,1,ip-172-31-19-62,olap,benchANT
2026-05-16 12:40:00+00:00,system,n_cpus,8,dbms,clickbench,postgresql-indexed-load,1,ip-172-31-19-62,olap,benchANT
2026-05-16 12:40:10+00:00,system,n_cpus,8,dbms,clickbench,postgresql-indexed-load,1,ip-172-31-19-62,olap,benchANT
2026-05-16 12:40:20+00:00,system,n_cpus,8,dbms,clickbench,postgresql-indexed-load,1,ip-172-31-19-62,olap,benchANT
2026-05-16 12:40:30+00:00,system,n_cpus,8,dbms,clickbench,postgresql-indexed-load,1,ip-172-31-19-62,olap,benchANT
2026-05-16 12:40:40+00:00,system,n_cpus,8,dbms,clickbench,postgresql-indexed-load,1,ip-172-31-19-62,olap,benchANT
2026-05-16 12:40:50+00:00,system,n_cpus,8,dbms,clickbench,postgresql-indexed-load,1,ip-172-31-19-62,olap,benchANT
2026-05-16 12:41:00+00:00,system,n_cpus,8,dbms,clickbench,postgresql-indexed-load,1,ip-172-31-19-62,olap,benchANT
2026-05-16 12:41:10+00:00,system,n_cpus,8,dbms,clickbench,postgresql-indexed-load,1,ip-172-31-19-62,olap,benchANT
2026-05-16 12:41:20+00:00,system,n_cpus,8,dbms,clickbench,postgresql-indexed-load,1,ip-172-31-19-62,olap,benchANT
2026-05-16 12:41:30+00:00,system,n_cpus,8,dbms,clickbench,postgresql-indexed-load,1,ip-172-31-19-62,olap,benchANT
2026-05-16 12:41:40+00:00,system,n_cpus,8,dbms,clickbench,postgresql-indexed-load,1,ip-172-31-19-62,olap,benchANT
2026-05-16 12:41:50+00:00,system,n_cpus,8,dbms,clickbench,postgresql-indexed-load,1,ip-172-31-19-62,olap,benchANT
2026-05-16 12:42:00+00:00,system,n_cpus,8,dbms,clickbench,postgresql-indexed-load,1,ip-172-31-19-62,olap,benchANT
2026-05-16 12:42:10+00:00,system,n_cpus,8,dbms,clickbench,postgresql-indexed-load,1,ip-172-31-19-62,olap,benchANT
2026-05-16 12:42:20+00:00,system,n_cpus,8,dbms,clickbench,postgresql-indexed-load,1,ip-172-31-19-62,olap,benchANT
2026-05-16 12:42:30+00:00,system,n_cpus,8,dbms,clickbench,postgresql-indexed-load,1,ip-172-31-19-62,olap,benchANT
2026-05-16 12:42:40+00:00,system,n_cpus,8,dbms,clickbench,postgresql-indexed-load,1,ip-172-31-19-62,olap,benchANT
2026-05-16 12:42:50+00:00,system,n_cpus,8,dbms,clickbench,postgresql-indexed-load,1,ip-172-31-19-62,olap,benchANT
2026-05-16 12:43:00+00:00,system,n_cpus,8,dbms,clickbench,postgresql-indexed-load,1,ip-172-31-19-62,olap,benchANT
2026-05-16 12:43:10+00:00,system,n_cpus,8,dbms,clickbench,postgresql-indexed-load,1,ip-172-31-19-62,olap,benchANT
2026-05-16 12:43:20+00:00,system,n_cpus,8,dbms,clickbench,postgresql-indexed-load,1,ip-172-31-19-62,olap,benchANT
2026-05-16 12:43:30+00:00,system,n_cpus,8,dbms,clickbench,postgresql-indexed-load,1,ip-172-31-19-62,olap,benchANT
2026-05-16 12:43:40+00:00,system,n_cpus,8,dbms,clickbench,postgresql-indexed-load,1,ip-172-31-19-62,olap,benchANT
2026-05-16 12:43:50+00:00,system,n_cpus,8,dbms,clickbench,postgresql-indexed-load,1,ip-172-31-19-62,olap,benchANT
2026-05-16 12:44:00+00:00,system,n_cpus,8,dbms,clickbench,postgresql-indexed-load,1,ip-172-31-19-62,olap,benchANT
2026-05-16 12:44:10+00:00,system,n_cpus,8,dbms,clickbench,postgresql-indexed-load,1,ip-172-31-19-62,olap,benchANT
2026-05-16 12:44:20+00:00,system,n_cpus,8,dbms,clickbench,postgresql-indexed-load,1,ip-172-31-19-62,olap,benchANT
2026-05-16 12:44:30+00:00,system,n_cpus,8,dbms,clickbench,postgresql-indexed-load,1,ip-172-31-19-62,olap,benchANT
2026-05-16 12:44:40+00:00,system,n_cpus,8,dbms,clickbench,postgresql-indexed-load,1,ip-172-31-19-62,olap,benchANT
2026-05-16 12:44:50+00:00,system,n_cpus,8,dbms,clickbench,postgresql-indexed-load,1,ip-172-31-19-62,olap,benchANT
2026-05-16 12:45:00+00:00,system,n_cpus,8,dbms,clickbench,postgresql-indexed-load,1,ip-172-31-19-62,olap,benchANT
2026-05-16 12:45:10+00:00,system,n_cpus,8,dbms,clickbench,postgresql-indexed-load,1,ip-172-31-19-62,olap,benchANT
2026-05-16 12:45:20+00:00,system,n_cpus,8,dbms,clickbench,postgresql-indexed-load,1,ip-172-31-19-62,olap,benchANT
2026-05-16 12:45:30+00:00,system,n_cpus,8,dbms,clickbench,postgresql-indexed-load,1,ip-172-31-19-62,olap,benchANT
2026-05-16 12:45:40+00:00,system,n_cpus,8,dbms,clickbench,postgresql-indexed-load,1,ip-172-31-19-62,olap,benchANT
2026-05-16 12:45:50+00:00,system,n_cpus,8,dbms,clickbench,postgresql-indexed-load,1,ip-172-31-19-62,olap,benchANT
2026-05-16 12:46:00+00:00,system,n_cpus,8,dbms,clickbench,postgresql-indexed-load,1,ip-172-31-19-62,olap,benchANT
2026-05-16 12:46:10+00:00,system,n_cpus,8,dbms,clickbench,postgresql-indexed-load,1,ip-172-31-19-62,olap,benchANT
2026-05-16 12:46:20+00:00,system,n_cpus,8,dbms,clickbench,postgresql-indexed-load,1,ip-172-31-19-62,olap,benchANT
2026-05-16 12:46:30+00:00,system,n_cpus,8,dbms,clickbench,postgresql-indexed-load,1,ip-172-31-19-62,olap,benchANT
2026-05-16 12:46:40+00:00,system,n_cpus,8,dbms,clickbench,postgresql-indexed-load,1,ip-172-31-19-62,olap,benchANT
2026-05-16 12:46:50+00:00,system,n_cpus,8,dbms,clickbench,postgresql-indexed-load,1,ip-172-31-19-62,olap,benchANT
2026-05-16 12:47:00+00:00,system,n_cpus,8,dbms,clickbench,postgresql-indexed-load,1,ip-172-31-19-62,olap,benchANT
2026-05-16 12:47:10+00:00,system,n_cpus,8,dbms,clickbench,postgresql-indexed-load,1,ip-172-31-19-62,olap,benchANT
2026-05-16 12:47:20+00:00,system,n_cpus,8,dbms,clickbench,postgresql-indexed-load,1,ip-172-31-19-62,olap,benchANT
2026-05-16 12:47:30+00:00,system,n_cpus,8,dbms,clickbench,postgresql-indexed-load,1,ip-172-31-19-62,olap,benchANT
2026-05-16 12:47:40+00:00,system,n_cpus,8,dbms,clickbench,postgresql-indexed-load,1,ip-172-31-19-62,olap,benchANT
2026-05-16 12:47:50+00:00,system,n_cpus,8,dbms,clickbench,postgresql-indexed-load,1,ip-172-31-19-62,olap,benchANT
2026-05-16 12:48:00+00:00,system,n_cpus,8,dbms,clickbench,postgresql-indexed-load,1,ip-172-31-19-62,olap,benchANT
2026-05-16 12:48:10+00:00,system,n_cpus,8,dbms,clickbench,postgresql-indexed-load,1,ip-172-31-19-62,olap,benchANT
2026-05-16 12:48:20+00:00,system,n_cpus,8,dbms,clickbench,postgresql-indexed-load,1,ip-172-31-19-62,olap,benchANT
2026-05-16 12:48:30+00:00,system,n_cpus,8,dbms,clickbench,postgresql-indexed-load,1,ip-172-31-19-62,olap,benchANT
2026-05-16 12:48:40+00:00,system,n_cpus,8,dbms,clickbench,postgresql-indexed-load,1,ip-172-31-19-62,olap,benchANT
2026-05-16 12:48:50+00:00,system,n_cpus,8,dbms,clickbench,postgresql-indexed-load,1,ip-172-31-19-62,olap,benchANT
2026-05-16 12:49:00+00:00,system,n_cpus,8,dbms,clickbench,postgresql-indexed-load,1,ip-172-31-19-62,olap,benchANT
2026-05-16 12:49:10+00:00,system,n_cpus,8,dbms,clickbench,postgresql-indexed-load,1,ip-172-31-19-62,olap,benchANT
2026-05-16 12:49:20+00:00,system,n_cpus,8,dbms,clickbench,postgresql-indexed-load,1,ip-172-31-19-62,olap,benchANT
2026-05-16 12:49:30+00:00,system,n_cpus,8,dbms,clickbench,postgresql-indexed-load,1,ip-172-31-19-62,olap,benchANT
2026-05-16 12:49:40+00:00,system,n_cpus,8,dbms,clickbench,postgresql-indexed-load,1,ip-172-31-19-62,olap,benchANT
2026-05-16 12:49:50+00:00,system,n_cpus,8,dbms,clickbench,postgresql-indexed-load,1,ip-172-31-19-62,olap,benchANT
2026-05-16 12:50:00+00:00,system,n_cpus,8,dbms,clickbench,postgresql-indexed-load,1,ip-172-31-19-62,olap,benchANT
2026-05-16 12:50:10+00:00,system,n_cpus,8,dbms,clickbench,postgresql-indexed-load,1,ip-172-31-19-62,olap,benchANT
2026-05-16 12:50:20+00:00,system,n_cpus,8,dbms,clickbench,postgresql-indexed-load,1,ip-172-31-19-62,olap,benchANT
2026-05-16 12:50:30+00:00,system,n_cpus,8,dbms,clickbench,postgresql-indexed-load,1,ip-172-31-19-62,olap,benchANT
2026-05-16 12:50:40+00:00,system,n_cpus,8,dbms,clickbench,postgresql-indexed-load,1,ip-172-31-19-62,olap,benchANT
2026-05-16 12:50:50+00:00,system,n_cpus,8,dbms,clickbench,postgresql-indexed-load,1,ip-172-31-19-62,olap,benchANT
2026-05-16 12:51:00+00:00,system,n_cpus,8,dbms,clickbench,postgresql-indexed-load,1,ip-172-31-19-62,olap,benchANT
2026-05-16 12:51:10+00:00,system,n_cpus,8,dbms,clickbench,postgresql-indexed-load,1,ip-172-31-19-62,olap,benchANT
2026-05-16 12:51:20+00:00,system,n_cpus,8,dbms,clickbench,postgresql-indexed-load,1,ip-172-31-19-62,olap,benchANT
2026-05-16 12:51:30+00:00,system,n_cpus,8,dbms,clickbench,postgresql-indexed-load,1,ip-172-31-19-62,olap,benchANT
2026-05-16 12:51:40+00:00,system,n_cpus,8,dbms,clickbench,postgresql-indexed-load,1,ip-172-31-19-62,olap,benchANT
2026-05-16 12:51:50+00:00,system,n_cpus,8,dbms,clickbench,postgresql-indexed-load,1,ip-172-31-19-62,olap,benchANT
2026-05-16 12:52:00+00:00,system,n_cpus,8,dbms,clickbench,postgresql-indexed-load,1,ip-172-31-19-62,olap,benchANT
2026-05-16 12:52:10+00:00,system,n_cpus,8,dbms,clickbench,postgresql-indexed-load,1,ip-172-31-19-62,olap,benchANT
2026-05-16 12:52:20+00:00,system,n_cpus,8,dbms,clickbench,postgresql-indexed-load,1,ip-172-31-19-62,olap,benchANT
2026-05-16 12:52:30+00:00,system,n_cpus,8,dbms,clickbench,postgresql-indexed-load,1,ip-172-31-19-62,olap,benchANT
2026-05-16 12:52:40+00:00,system,n_cpus,8,dbms,clickbench,postgresql-indexed-load,1,ip-172-31-19-62,olap,benchANT
2026-05-16 12:52:50+00:00,system,n_cpus,8,dbms,clickbench,postgresql-indexed-load,1,ip-172-31-19-62,olap,benchANT
2026-05-16 12:53:00+00:00,system,n_cpus,8,dbms,clickbench,postgresql-indexed-load,1,ip-172-31-19-62,olap,benchANT
2026-05-16 12:53:10+00:00,system,n_cpus,8,dbms,clickbench,postgresql-indexed-load,1,ip-172-31-19-62,olap,benchANT
2026-05-16 12:53:20+00:00,system,n_cpus,8,dbms,clickbench,postgresql-indexed-load,1,ip-172-31-19-62,olap,benchANT
2026-05-16 12:53:30+00:00,system,n_cpus,8,dbms,clickbench,postgresql-indexed-load,1,ip-172-31-19-62,olap,benchANT
2026-05-16 12:53:40+00:00,system,n_cpus,8,dbms,clickbench,postgresql-indexed-load,1,ip-172-31-19-62,olap,benchANT
2026-05-16 12:53:50+00:00,system,n_cpus,8,dbms,clickbench,postgresql-indexed-load,1,ip-172-31-19-62,olap,benchANT
2026-05-16 12:54:00+00:00,system,n_cpus,8,dbms,clickbench,postgresql-indexed-load,1,ip-172-31-19-62,olap,benchANT
2026-05-16 12:54:10+00:00,system,n_cpus,8,dbms,clickbench,postgresql-indexed-load,1,ip-172-31-19-62,olap,benchANT
2026-05-16 12:54:20+00:00,system,n_cpus,8,dbms,clickbench,postgresql-indexed-load,1,ip-172-31-19-62,olap,benchANT
2026-05-16 12:54:30+00:00,system,n_cpus,8,dbms,clickbench,postgresql-indexed-load,1,ip-172-31-19-62,olap,benchANT
2026-05-16 12:54:40+00:00,system,n_cpus,8,dbms,clickbench,postgresql-indexed-load,1,ip-172-31-19-62,olap,benchANT
2026-05-16 12:54:50+00:00,system,n_cpus,8,dbms,clickbench,postgresql-indexed-load,1,ip-172-31-19-62,olap,benchANT
2026-05-16 12:55:00+00:00,system,n_cpus,8,dbms,clickbench,postgresql-indexed-load,1,ip-172-31-19-62,olap,benchANT
2026-05-16 12:55:10+00:00,system,n_cpus,8,dbms,clickbench,postgresql-indexed-load,1,ip-172-31-19-62,olap,benchANT
2026-05-16 12:55:20+00:00,system,n_cpus,8,dbms,clickbench,postgresql-indexed-load,1,ip-172-31-19-62,olap,benchANT
2026-05-16 12:55:30+00:00,system,n_cpus,8,dbms,clickbench,postgresql-indexed-load,1,ip-172-31-19-62,olap,benchANT
2026-05-16 12:55:40+00:00,system,n_cpus,8,dbms,clickbench,postgresql-indexed-load,1,ip-172-31-19-62,olap,benchANT
2026-05-16 12:55:50+00:00,system,n_cpus,8,dbms,clickbench,postgresql-indexed-load,1,ip-172-31-19-62,olap,benchANT
2026-05-16 12:56:00+00:00,system,n_cpus,8,dbms,clickbench,postgresql-indexed-load,1,ip-172-31-19-62,olap,benchANT
2026-05-16 12:56:10+00:00,system,n_cpus,8,dbms,clickbench,postgresql-indexed-load,1,ip-172-31-19-62,olap,benchANT
2026-05-16 12:56:20+00:00,system,n_cpus,8,dbms,clickbench,postgresql-indexed-load,1,ip-172-31-19-62,olap,benchANT
2026-05-16 12:56:30+00:00,system,n_cpus,8,dbms,clickbench,postgresql-indexed-load,1,ip-172-31-19-62,olap,benchANT
2026-05-16 12:56:40+00:00,system,n_cpus,8,dbms,clickbench,postgresql-indexed-load,1,ip-172-31-19-62,olap,benchANT
2026-05-16 12:56:50+00:00,system,n_cpus,8,dbms,clickbench,postgresql-indexed-load,1,ip-172-31-19-62,olap,benchANT
2026-05-16 12:57:00+00:00,system,n_cpus,8,dbms,clickbench,postgresql-indexed-load,1,ip-172-31-19-62,olap,benchANT
2026-05-16 12:57:10+00:00,system,n_cpus,8,dbms,clickbench,postgresql-indexed-load,1,ip-172-31-19-62,olap,benchANT
2026-05-16 12:57:20+00:00,system,n_cpus,8,dbms,clickbench,postgresql-indexed-load,1,ip-172-31-19-62,olap,benchANT
2026-05-16 12:57:30+00:00,system,n_cpus,8,dbms,clickbench,postgresql-indexed-load,1,ip-172-31-19-62,olap,benchANT
2026-05-16 12:57:40+00:00,system,n_cpus,8,dbms,clickbench,postgresql-indexed-load,1,ip-172-31-19-62,olap,benchANT
2026-05-16 12:57:50+00:00,system,n_cpus,8,dbms,clickbench,postgresql-indexed-load,1,ip-172-31-19-62,olap,benchANT
2026-05-16 12:58:00+00:00,system,n_cpus,8,dbms,clickbench,postgresql-indexed-load,1,ip-172-31-19-62,olap,benchANT
2026-05-16 12:58:10+00:00,system,n_cpus,8,dbms,clickbench,postgresql-indexed-load,1,ip-172-31-19-62,olap,benchANT
2026-05-16 12:58:20+00:00,system,n_cpus,8,dbms,clickbench,postgresql-indexed-load,1,ip-172-31-19-62,olap,benchANT
2026-05-16 12:58:30+00:00,system,n_cpus,8,dbms,clickbench,postgresql-indexed-load,1,ip-172-31-19-62,olap,benchANT
2026-05-16 12:58:40+00:00,system,n_cpus,8,dbms,clickbench,postgresql-indexed-load,1,ip-172-31-19-62,olap,benchANT
2026-05-16 12:58:50+00:00,system,n_cpus,8,dbms,clickbench,postgresql-indexed-load,1,ip-172-31-19-62,olap,benchANT
2026-05-16 12:59:00+00:00,system,n_cpus,8,dbms,clickbench,postgresql-indexed-load,1,ip-172-31-19-62,olap,benchANT
2026-05-16 12:59:10+00:00,system,n_cpus,8,dbms,clickbench,postgresql-indexed-load,1,ip-172-31-19-62,olap,benchANT
2026-05-16 12:59:20+00:00,system,n_cpus,8,dbms,clickbench,postgresql-indexed-load,1,ip-172-31-19-62,olap,benchANT
2026-05-16 12:59:30+00:00,system,n_cpus,8,dbms,clickbench,postgresql-indexed-load,1,ip-172-31-19-62,olap,benchANT
2026-05-16 12:59:40+00:00,system,n_cpus,8,dbms,clickbench,postgresql-indexed-load,1,ip-172-31-19-62,olap,benchANT
2026-05-16 12:59:50+00:00,system,n_cpus,8,dbms,clickbench,postgresql-indexed-load,1,ip-172-31-19-62,olap,benchANT
2026-05-16 13:00:00+00:00,system,n_cpus,8,dbms,clickbench,postgresql-indexed-load,1,ip-172-31-19-62,olap,benchANT
2026-05-16 13:00:10+00:00,system,n_cpus,8,dbms,clickbench,postgresql-indexed-load,1,ip-172-31-19-62,olap,benchANT
2026-05-16 13:00:20+00:00,system,n_cpus,8,dbms,clickbench,postgresql-indexed-load,1,ip-172-31-19-62,olap,benchANT
2026-05-16 13:00:30+00:00,system,n_cpus,8,dbms,clickbench,postgresql-indexed-load,1,ip-172-31-19-62,olap,benchANT
2026-05-16 13:00:40+00:00,system,n_cpus,8,dbms,clickbench,postgresql-indexed-load,1,ip-172-31-19-62,olap,benchANT
2026-05-16 13:00:50+00:00,system,n_cpus,8,dbms,clickbench,postgresql-indexed-load,1,ip-172-31-19-62,olap,benchANT
2026-05-16 13:01:00+00:00,system,n_cpus,8,dbms,clickbench,postgresql-indexed-load,1,ip-172-31-19-62,olap,benchANT
2026-05-16 13:01:10+00:00,system,n_cpus,8,dbms,clickbench,postgresql-indexed-load,1,ip-172-31-19-62,olap,benchANT
2026-05-16 13:01:20+00:00,system,n_cpus,8,dbms,clickbench,postgresql-indexed-load,1,ip-172-31-19-62,olap,benchANT
2026-05-16 13:01:30+00:00,system,n_cpus,8,dbms,clickbench,postgresql-indexed-load,1,ip-172-31-19-62,olap,benchANT
2026-05-16 13:01:40+00:00,system,n_cpus,8,dbms,clickbench,postgresql-indexed-load,1,ip-172-31-19-62,olap,benchANT
2026-05-16 13:01:50+00:00,system,n_cpus,8,dbms,clickbench,postgresql-indexed-load,1,ip-172-31-19-62,olap,benchANT
2026-05-16 13:02:00+00:00,system,n_cpus,8,dbms,clickbench,postgresql-indexed-load,1,ip-172-31-19-62,olap,benchANT
2026-05-16 13:02:10+00:00,system,n_cpus,8,dbms,clickbench,postgresql-indexed-load,1,ip-172-31-19-62,olap,benchANT
2026-05-16 13:02:20+00:00,system,n_cpus,8,dbms,clickbench,postgresql-indexed-load,1,ip-172-31-19-62,olap,benchANT
2026-05-16 13:02:30+00:00,system,n_cpus,8,dbms,clickbench,postgresql-indexed-load,1,ip-172-31-19-62,olap,benchANT
2026-05-16 13:02:40+00:00,system,n_cpus,8,dbms,clickbench,postgresql-indexed-load,1,ip-172-31-19-62,olap,benchANT
2026-05-16 13:02:50+00:00,system,n_cpus,8,dbms,clickbench,postgresql-indexed-load,1,ip-172-31-19-62,olap,benchANT
2026-05-16 13:03:00+00:00,system,n_cpus,8,dbms,clickbench,postgresql-indexed-load,1,ip-172-31-19-62,olap,benchANT
2026-05-16 13:03:10+00:00,system,n_cpus,8,dbms,clickbench,postgresql-indexed-load,1,ip-172-31-19-62,olap,benchANT
2026-05-16 13:03:20+00:00,system,n_cpus,8,dbms,clickbench,postgresql-indexed-load,1,ip-172-31-19-62,olap,benchANT
2026-05-16 13:03:30+00:00,system,n_cpus,8,dbms,clickbench,postgresql-indexed-load,1,ip-172-31-19-62,olap,benchANT
2026-05-16 13:03:40+00:00,system,n_cpus,8,dbms,clickbench,postgresql-indexed-load,1,ip-172-31-19-62,olap,benchANT
2026-05-16 13:03:50+00:00,system,n_cpus,8,dbms,clickbench,postgresql-indexed-load,1,ip-172-31-19-62,olap,benchANT
2026-05-16 13:04:00+00:00,system,n_cpus,8,dbms,clickbench,postgresql-indexed-load,1,ip-172-31-19-62,olap,benchANT
2026-05-16 13:04:10+00:00,system,n_cpus,8,dbms,clickbench,postgresql-indexed-load,1,ip-172-31-19-62,olap,benchANT
2026-05-16 13:04:20+00:00,system,n_cpus,8,dbms,clickbench,postgresql-indexed-load,1,ip-172-31-19-62,olap,benchANT
2026-05-16 13:04:30+00:00,system,n_cpus,8,dbms,clickbench,postgresql-indexed-load,1,ip-172-31-19-62,olap,benchANT
2026-05-16 13:04:40+00:00,system,n_cpus,8,dbms,clickbench,postgresql-indexed-load,1,ip-172-31-19-62,olap,benchANT
2026-05-16 13:04:50+00:00,system,n_cpus,8,dbms,clickbench,postgresql-indexed-load,1,ip-172-31-19-62,olap,benchANT
2026-05-16 13:05:00+00:00,system,n_cpus,8,dbms,clickbench,postgresql-indexed-load,1,ip-172-31-19-62,olap,benchANT
2026-05-16 13:05:10+00:00,system,n_cpus,8,dbms,clickbench,postgresql-indexed-load,1,ip-172-31-19-62,olap,benchANT
2026-05-16 13:05:20+00:00,system,n_cpus,8,dbms,clickbench,postgresql-indexed-load,1,ip-172-31-19-62,olap,benchANT
2026-05-16 13:05:30+00:00,system,n_cpus,8,dbms,clickbench,postgresql-indexed-load,1,ip-172-31-19-62,olap,benchANT
2026-05-16 13:05:40+00:00,system,n_cpus,8,dbms,clickbench,postgresql-indexed-load,1,ip-172-31-19-62,olap,benchANT
2026-05-16 13:05:50+00:00,system,n_cpus,8,dbms,clickbench,postgresql-indexed-load,1,ip-172-31-19-62,olap,benchANT
2026-05-16 13:06:00+00:00,system,n_cpus,8,dbms,clickbench,postgresql-indexed-load,1,ip-172-31-19-62,olap,benchANT
2026-05-16 13:06:10+00:00,system,n_cpus,8,dbms,clickbench,postgresql-indexed-load,1,ip-172-31-19-62,olap,benchANT
2026-05-16 13:06:20+00:00,system,n_cpus,8,dbms,clickbench,postgresql-indexed-load,1,ip-172-31-19-62,olap,benchANT
2026-05-16 13:06:30+00:00,system,n_cpus,8,dbms,clickbench,postgresql-indexed-load,1,ip-172-31-19-62,olap,benchANT
2026-05-16 13:06:40+00:00,system,n_cpus,8,dbms,clickbench,postgresql-indexed-load,1,ip-172-31-19-62,olap,benchANT
2026-05-16 13:06:50+00:00,system,n_cpus,8,dbms,clickbench,postgresql-indexed-load,1,ip-172-31-19-62,olap,benchANT
2026-05-16 13:07:00+00:00,system,n_cpus,8,dbms,clickbench,postgresql-indexed-load,1,ip-172-31-19-62,olap,benchANT
2026-05-16 13:07:10+00:00,system,n_cpus,8,dbms,clickbench,postgresql-indexed-load,1,ip-172-31-19-62,olap,benchANT
2026-05-16 13:07:20+00:00,system,n_cpus,8,dbms,clickbench,postgresql-indexed-load,1,ip-172-31-19-62,olap,benchANT
2026-05-16 13:07:30+00:00,system,n_cpus,8,dbms,clickbench,postgresql-indexed-load,1,ip-172-31-19-62,olap,benchANT
2026-05-16 13:07:40+00:00,system,n_cpus,8,dbms,clickbench,postgresql-indexed-load,1,ip-172-31-19-62,olap,benchANT
2026-05-16 13:07:50+00:00,system,n_cpus,8,dbms,clickbench,postgresql-indexed-load,1,ip-172-31-19-62,olap,benchANT
2026-05-16 13:08:00+00:00,system,n_cpus,8,dbms,clickbench,postgresql-indexed-load,1,ip-172-31-19-62,olap,benchANT
2026-05-16 13:08:10+00:00,system,n_cpus,8,dbms,clickbench,postgresql-indexed-load,1,ip-172-31-19-62,olap,benchANT
2026-05-16 13:08:20+00:00,system,n_cpus,8,dbms,clickbench,postgresql-indexed-load,1,ip-172-31-19-62,olap,benchANT
2026-05-16 13:08:30+00:00,system,n_cpus,8,dbms,clickbench,postgresql-indexed-load,1,ip-172-31-19-62,olap,benchANT
2026-05-16 13:08:40+00:00,system,n_cpus,8,dbms,clickbench,postgresql-indexed-load,1,ip-172-31-19-62,olap,benchANT
2026-05-16 13:08:50+00:00,system,n_cpus,8,dbms,clickbench,postgresql-indexed-load,1,ip-172-31-19-62,olap,benchANT
2026-05-16 13:09:00+00:00,system,n_cpus,8,dbms,clickbench,postgresql-indexed-load,1,ip-172-31-19-62,olap,benchANT
2026-05-16 13:09:10+00:00,system,n_cpus,8,dbms,clickbench,postgresql-indexed-load,1,ip-172-31-19-62,olap,benchANT
2026-05-16 13:09:20+00:00,system,n_cpus,8,dbms,clickbench,postgresql-indexed-load,1,ip-172-31-19-62,olap,benchANT
2026-05-16 13:09:30+00:00,system,n_cpus,8,dbms,clickbench,postgresql-indexed-load,1,ip-172-31-19-62,olap,benchANT
2026-05-16 13:09:40+00:00,system,n_cpus,8,dbms,clickbench,postgresql-indexed-load,1,ip-172-31-19-62,olap,benchANT
2026-05-16 13:09:50+00:00,system,n_cpus,8,dbms,clickbench,postgresql-indexed-load,1,ip-172-31-19-62,olap,benchANT
2026-05-16 13:10:00+00:00,system,n_cpus,8,dbms,clickbench,postgresql-indexed-load,1,ip-172-31-19-62,olap,benchANT
2026-05-16 13:10:10+00:00,system,n_cpus,8,dbms,clickbench,postgresql-indexed-load,1,ip-172-31-19-62,olap,benchANT
2026-05-16 10:29:10+00:00,system,n_users,0,dbms,clickbench,postgresql-indexed-load,1,ip-172-31-19-62,olap,benchANT
2026-05-16 10:29:20+00:00,system,n_users,0,dbms,clickbench,postgresql-indexed-load,1,ip-172-31-19-62,olap,benchANT
2026-05-16 10:29:30+00:00,system,n_users,0,dbms,clickbench,postgresql-indexed-load,1,ip-172-31-19-62,olap,benchANT
2026-05-16 10:29:40+00:00,system,n_users,0,dbms,clickbench,postgresql-indexed-load,1,ip-172-31-19-62,olap,benchANT
2026-05-16 10:29:50+00:00,system,n_users,0,dbms,clickbench,postgresql-indexed-load,1,ip-172-31-19-62,olap,benchANT
2026-05-16 10:30:00+00:00,system,n_users,0,dbms,clickbench,postgresql-indexed-load,1,ip-172-31-19-62,olap,benchANT
2026-05-16 10:30:10+00:00,system,n_users,0,dbms,clickbench,postgresql-indexed-load,1,ip-172-31-19-62,olap,benchANT
2026-05-16 10:30:20+00:00,system,n_users,0,dbms,clickbench,postgresql-indexed-load,1,ip-172-31-19-62,olap,benchANT
2026-05-16 10:30:30+00:00,system,n_users,0,dbms,clickbench,postgresql-indexed-load,1,ip-172-31-19-62,olap,benchANT
2026-05-16 10:30:40+00:00,system,n_users,0,dbms,clickbench,postgresql-indexed-load,1,ip-172-31-19-62,olap,benchANT
2026-05-16 10:30:50+00:00,system,n_users,0,dbms,clickbench,postgresql-indexed-load,1,ip-172-31-19-62,olap,benchANT
2026-05-16 10:31:00+00:00,system,n_users,0,dbms,clickbench,postgresql-indexed-load,1,ip-172-31-19-62,olap,benchANT
2026-05-16 10:31:10+00:00,system,n_users,0,dbms,clickbench,postgresql-indexed-load,1,ip-172-31-19-62,olap,benchANT
2026-05-16 10:31:20+00:00,system,n_users,0,dbms,clickbench,postgresql-indexed-load,1,ip-172-31-19-62,olap,benchANT
2026-05-16 10:31:30+00:00,system,n_users,0,dbms,clickbench,postgresql-indexed-load,1,ip-172-31-19-62,olap,benchANT
2026-05-16 10:31:40+00:00,system,n_users,0,dbms,clickbench,postgresql-indexed-load,1,ip-172-31-19-62,olap,benchANT
2026-05-16 10:31:50+00:00,system,n_users,0,dbms,clickbench,postgresql-indexed-load,1,ip-172-31-19-62,olap,benchANT
2026-05-16 10:32:00+00:00,system,n_users,0,dbms,clickbench,postgresql-indexed-load,1,ip-172-31-19-62,olap,benchANT
2026-05-16 10:32:10+00:00,system,n_users,0,dbms,clickbench,postgresql-indexed-load,1,ip-172-31-19-62,olap,benchANT
2026-05-16 10:32:20+00:00,system,n_users,0,dbms,clickbench,postgresql-indexed-load,1,ip-172-31-19-62,olap,benchANT
2026-05-16 10:32:30+00:00,system,n_users,0,dbms,clickbench,postgresql-indexed-load,1,ip-172-31-19-62,olap,benchANT
2026-05-16 10:32:40+00:00,system,n_users,0,dbms,clickbench,postgresql-indexed-load,1,ip-172-31-19-62,olap,benchANT
2026-05-16 10:32:50+00:00,system,n_users,0,dbms,clickbench,postgresql-indexed-load,1,ip-172-31-19-62,olap,benchANT
2026-05-16 10:33:00+00:00,system,n_users,0,dbms,clickbench,postgresql-indexed-load,1,ip-172-31-19-62,olap,benchANT
2026-05-16 10:33:10+00:00,system,n_users,0,dbms,clickbench,postgresql-indexed-load,1,ip-172-31-19-62,olap,benchANT
2026-05-16 10:33:20+00:00,system,n_users,0,dbms,clickbench,postgresql-indexed-load,1,ip-172-31-19-62,olap,benchANT
2026-05-16 10:33:30+00:00,system,n_users,0,dbms,clickbench,postgresql-indexed-load,1,ip-172-31-19-62,olap,benchANT
2026-05-16 10:33:40+00:00,system,n_users,0,dbms,clickbench,postgresql-indexed-load,1,ip-172-31-19-62,olap,benchANT
2026-05-16 10:33:50+00:00,system,n_users,0,dbms,clickbench,postgresql-indexed-load,1,ip-172-31-19-62,olap,benchANT
2026-05-16 10:34:00+00:00,system,n_users,0,dbms,clickbench,postgresql-indexed-load,1,ip-172-31-19-62,olap,benchANT
2026-05-16 10:34:10+00:00,system,n_users,0,dbms,clickbench,postgresql-indexed-load,1,ip-172-31-19-62,olap,benchANT
2026-05-16 10:34:20+00:00,system,n_users,0,dbms,clickbench,postgresql-indexed-load,1,ip-172-31-19-62,olap,benchANT
2026-05-16 10:34:30+00:00,system,n_users,0,dbms,clickbench,postgresql-indexed-load,1,ip-172-31-19-62,olap,benchANT
2026-05-16 10:34:40+00:00,system,n_users,0,dbms,clickbench,postgresql-indexed-load,1,ip-172-31-19-62,olap,benchANT
2026-05-16 10:34:50+00:00,system,n_users,0,dbms,clickbench,postgresql-indexed-load,1,ip-172-31-19-62,olap,benchANT
2026-05-16 10:35:00+00:00,system,n_users,0,dbms,clickbench,postgresql-indexed-load,1,ip-172-31-19-62,olap,benchANT
2026-05-16 10:35:10+00:00,system,n_users,0,dbms,clickbench,postgresql-indexed-load,1,ip-172-31-19-62,olap,benchANT
2026-05-16 10:35:20+00:00,system,n_users,0,dbms,clickbench,postgresql-indexed-load,1,ip-172-31-19-62,olap,benchANT
2026-05-16 10:35:30+00:00,system,n_users,0,dbms,clickbench,postgresql-indexed-load,1,ip-172-31-19-62,olap,benchANT
2026-05-16 10:35:40+00:00,system,n_users,0,dbms,clickbench,postgresql-indexed-load,1,ip-172-31-19-62,olap,benchANT
2026-05-16 10:35:50+00:00,system,n_users,0,dbms,clickbench,postgresql-indexed-load,1,ip-172-31-19-62,olap,benchANT
2026-05-16 10:36:00+00:00,system,n_users,0,dbms,clickbench,postgresql-indexed-load,1,ip-172-31-19-62,olap,benchANT
2026-05-16 10:36:10+00:00,system,n_users,0,dbms,clickbench,postgresql-indexed-load,1,ip-172-31-19-62,olap,benchANT
2026-05-16 10:36:20+00:00,system,n_users,0,dbms,clickbench,postgresql-indexed-load,1,ip-172-31-19-62,olap,benchANT
2026-05-16 10:36:30+00:00,system,n_users,0,dbms,clickbench,postgresql-indexed-load,1,ip-172-31-19-62,olap,benchANT
2026-05-16 10:36:40+00:00,system,n_users,0,dbms,clickbench,postgresql-indexed-load,1,ip-172-31-19-62,olap,benchANT
2026-05-16 10:36:50+00:00,system,n_users,0,dbms,clickbench,postgresql-indexed-load,1,ip-172-31-19-62,olap,benchANT
2026-05-16 10:37:00+00:00,system,n_users,0,dbms,clickbench,postgresql-indexed-load,1,ip-172-31-19-62,olap,benchANT
2026-05-16 10:37:10+00:00,system,n_users,0,dbms,clickbench,postgresql-indexed-load,1,ip-172-31-19-62,olap,benchANT
2026-05-16 10:37:20+00:00,system,n_users,0,dbms,clickbench,postgresql-indexed-load,1,ip-172-31-19-62,olap,benchANT
2026-05-16 10:37:30+00:00,system,n_users,0,dbms,clickbench,postgresql-indexed-load,1,ip-172-31-19-62,olap,benchANT
2026-05-16 10:37:40+00:00,system,n_users,0,dbms,clickbench,postgresql-indexed-load,1,ip-172-31-19-62,olap,benchANT
2026-05-16 10:37:50+00:00,system,n_users,0,dbms,clickbench,postgresql-indexed-load,1,ip-172-31-19-62,olap,benchANT
2026-05-16 10:38:00+00:00,system,n_users,0,dbms,clickbench,postgresql-indexed-load,1,ip-172-31-19-62,olap,benchANT
2026-05-16 10:38:10+00:00,system,n_users,0,dbms,clickbench,postgresql-indexed-load,1,ip-172-31-19-62,olap,benchANT
2026-05-16 10:38:20+00:00,system,n_users,0,dbms,clickbench,postgresql-indexed-load,1,ip-172-31-19-62,olap,benchANT
2026-05-16 10:38:30+00:00,system,n_users,0,dbms,clickbench,postgresql-indexed-load,1,ip-172-31-19-62,olap,benchANT
2026-05-16 10:38:40+00:00,system,n_users,0,dbms,clickbench,postgresql-indexed-load,1,ip-172-31-19-62,olap,benchANT
2026-05-16 10:38:50+00:00,system,n_users,0,dbms,clickbench,postgresql-indexed-load,1,ip-172-31-19-62,olap,benchANT
2026-05-16 10:39:00+00:00,system,n_users,0,dbms,clickbench,postgresql-indexed-load,1,ip-172-31-19-62,olap,benchANT
2026-05-16 10:39:10+00:00,system,n_users,0,dbms,clickbench,postgresql-indexed-load,1,ip-172-31-19-62,olap,benchANT
2026-05-16 10:39:20+00:00,system,n_users,0,dbms,clickbench,postgresql-indexed-load,1,ip-172-31-19-62,olap,benchANT
2026-05-16 10:39:30+00:00,system,n_users,0,dbms,clickbench,postgresql-indexed-load,1,ip-172-31-19-62,olap,benchANT
2026-05-16 10:39:40+00:00,system,n_users,0,dbms,clickbench,postgresql-indexed-load,1,ip-172-31-19-62,olap,benchANT
2026-05-16 10:39:50+00:00,system,n_users,0,dbms,clickbench,postgresql-indexed-load,1,ip-172-31-19-62,olap,benchANT
2026-05-16 10:40:00+00:00,system,n_users,0,dbms,clickbench,postgresql-indexed-load,1,ip-172-31-19-62,olap,benchANT
2026-05-16 10:40:10+00:00,system,n_users,0,dbms,clickbench,postgresql-indexed-load,1,ip-172-31-19-62,olap,benchANT
2026-05-16 10:40:20+00:00,system,n_users,0,dbms,clickbench,postgresql-indexed-load,1,ip-172-31-19-62,olap,benchANT
2026-05-16 10:40:30+00:00,system,n_users,0,dbms,clickbench,postgresql-indexed-load,1,ip-172-31-19-62,olap,benchANT
2026-05-16 10:40:40+00:00,system,n_users,0,dbms,clickbench,postgresql-indexed-load,1,ip-172-31-19-62,olap,benchANT
2026-05-16 10:40:50+00:00,system,n_users,0,dbms,clickbench,postgresql-indexed-load,1,ip-172-31-19-62,olap,benchANT
2026-05-16 10:41:00+00:00,system,n_users,0,dbms,clickbench,postgresql-indexed-load,1,ip-172-31-19-62,olap,benchANT
2026-05-16 10:41:10+00:00,system,n_users,0,dbms,clickbench,postgresql-indexed-load,1,ip-172-31-19-62,olap,benchANT
2026-05-16 10:41:20+00:00,system,n_users,0,dbms,clickbench,postgresql-indexed-load,1,ip-172-31-19-62,olap,benchANT
2026-05-16 10:41:30+00:00,system,n_users,0,dbms,clickbench,postgresql-indexed-load,1,ip-172-31-19-62,olap,benchANT
2026-05-16 10:41:40+00:00,system,n_users,0,dbms,clickbench,postgresql-indexed-load,1,ip-172-31-19-62,olap,benchANT
2026-05-16 10:41:50+00:00,system,n_users,0,dbms,clickbench,postgresql-indexed-load,1,ip-172-31-19-62,olap,benchANT
2026-05-16 10:42:00+00:00,system,n_users,0,dbms,clickbench,postgresql-indexed-load,1,ip-172-31-19-62,olap,benchANT
2026-05-16 10:42:10+00:00,system,n_users,0,dbms,clickbench,postgresql-indexed-load,1,ip-172-31-19-62,olap,benchANT
2026-05-16 10:42:20+00:00,system,n_users,0,dbms,clickbench,postgresql-indexed-load,1,ip-172-31-19-62,olap,benchANT
2026-05-16 10:42:30+00:00,system,n_users,0,dbms,clickbench,postgresql-indexed-load,1,ip-172-31-19-62,olap,benchANT
2026-05-16 10:42:40+00:00,system,n_users,0,dbms,clickbench,postgresql-indexed-load,1,ip-172-31-19-62,olap,benchANT
2026-05-16 10:42:50+00:00,system,n_users,0,dbms,clickbench,postgresql-indexed-load,1,ip-172-31-19-62,olap,benchANT
2026-05-16 10:43:00+00:00,system,n_users,0,dbms,clickbench,postgresql-indexed-load,1,ip-172-31-19-62,olap,benchANT
2026-05-16 10:43:10+00:00,system,n_users,0,dbms,clickbench,postgresql-indexed-load,1,ip-172-31-19-62,olap,benchANT
2026-05-16 10:43:20+00:00,system,n_users,0,dbms,clickbench,postgresql-indexed-load,1,ip-172-31-19-62,olap,benchANT
2026-05-16 10:43:30+00:00,system,n_users,0,dbms,clickbench,postgresql-indexed-load,1,ip-172-31-19-62,olap,benchANT
2026-05-16 10:43:40+00:00,system,n_users,0,dbms,clickbench,postgresql-indexed-load,1,ip-172-31-19-62,olap,benchANT
2026-05-16 10:43:50+00:00,system,n_users,0,dbms,clickbench,postgresql-indexed-load,1,ip-172-31-19-62,olap,benchANT
2026-05-16 10:44:00+00:00,system,n_users,0,dbms,clickbench,postgresql-indexed-load,1,ip-172-31-19-62,olap,benchANT
2026-05-16 10:44:10+00:00,system,n_users,0,dbms,clickbench,postgresql-indexed-load,1,ip-172-31-19-62,olap,benchANT
2026-05-16 10:44:20+00:00,system,n_users,0,dbms,clickbench,postgresql-indexed-load,1,ip-172-31-19-62,olap,benchANT
2026-05-16 10:44:30+00:00,system,n_users,0,dbms,clickbench,postgresql-indexed-load,1,ip-172-31-19-62,olap,benchANT
2026-05-16 10:44:40+00:00,system,n_users,0,dbms,clickbench,postgresql-indexed-load,1,ip-172-31-19-62,olap,benchANT
2026-05-16 10:44:50+00:00,system,n_users,0,dbms,clickbench,postgresql-indexed-load,1,ip-172-31-19-62,olap,benchANT
2026-05-16 10:45:00+00:00,system,n_users,0,dbms,clickbench,postgresql-indexed-load,1,ip-172-31-19-62,olap,benchANT
2026-05-16 10:45:10+00:00,system,n_users,0,dbms,clickbench,postgresql-indexed-load,1,ip-172-31-19-62,olap,benchANT
2026-05-16 10:45:20+00:00,system,n_users,0,dbms,clickbench,postgresql-indexed-load,1,ip-172-31-19-62,olap,benchANT
2026-05-16 10:45:30+00:00,system,n_users,0,dbms,clickbench,postgresql-indexed-load,1,ip-172-31-19-62,olap,benchANT
2026-05-16 10:45:40+00:00,system,n_users,0,dbms,clickbench,postgresql-indexed-load,1,ip-172-31-19-62,olap,benchANT
2026-05-16 10:45:50+00:00,system,n_users,0,dbms,clickbench,postgresql-indexed-load,1,ip-172-31-19-62,olap,benchANT
2026-05-16 10:46:00+00:00,system,n_users,0,dbms,clickbench,postgresql-indexed-load,1,ip-172-31-19-62,olap,benchANT
2026-05-16 10:46:10+00:00,system,n_users,0,dbms,clickbench,postgresql-indexed-load,1,ip-172-31-19-62,olap,benchANT
2026-05-16 10:46:20+00:00,system,n_users,0,dbms,clickbench,postgresql-indexed-load,1,ip-172-31-19-62,olap,benchANT
2026-05-16 10:46:30+00:00,system,n_users,0,dbms,clickbench,postgresql-indexed-load,1,ip-172-31-19-62,olap,benchANT
2026-05-16 10:46:40+00:00,system,n_users,0,dbms,clickbench,postgresql-indexed-load,1,ip-172-31-19-62,olap,benchANT
2026-05-16 10:46:50+00:00,system,n_users,0,dbms,clickbench,postgresql-indexed-load,1,ip-172-31-19-62,olap,benchANT
2026-05-16 10:47:00+00:00,system,n_users,0,dbms,clickbench,postgresql-indexed-load,1,ip-172-31-19-62,olap,benchANT
2026-05-16 10:47:10+00:00,system,n_users,0,dbms,clickbench,postgresql-indexed-load,1,ip-172-31-19-62,olap,benchANT
2026-05-16 10:47:20+00:00,system,n_users,0,dbms,clickbench,postgresql-indexed-load,1,ip-172-31-19-62,olap,benchANT
2026-05-16 10:47:30+00:00,system,n_users,0,dbms,clickbench,postgresql-indexed-load,1,ip-172-31-19-62,olap,benchANT
2026-05-16 10:47:40+00:00,system,n_users,0,dbms,clickbench,postgresql-indexed-load,1,ip-172-31-19-62,olap,benchANT
2026-05-16 10:47:50+00:00,system,n_users,0,dbms,clickbench,postgresql-indexed-load,1,ip-172-31-19-62,olap,benchANT
2026-05-16 10:48:00+00:00,system,n_users,0,dbms,clickbench,postgresql-indexed-load,1,ip-172-31-19-62,olap,benchANT
2026-05-16 10:48:10+00:00,system,n_users,0,dbms,clickbench,postgresql-indexed-load,1,ip-172-31-19-62,olap,benchANT
2026-05-16 10:48:20+00:00,system,n_users,0,dbms,clickbench,postgresql-indexed-load,1,ip-172-31-19-62,olap,benchANT
2026-05-16 10:48:30+00:00,system,n_users,0,dbms,clickbench,postgresql-indexed-load,1,ip-172-31-19-62,olap,benchANT
2026-05-16 10:48:40+00:00,system,n_users,0,dbms,clickbench,postgresql-indexed-load,1,ip-172-31-19-62,olap,benchANT
2026-05-16 10:48:50+00:00,system,n_users,0,dbms,clickbench,postgresql-indexed-load,1,ip-172-31-19-62,olap,benchANT
2026-05-16 10:49:00+00:00,system,n_users,0,dbms,clickbench,postgresql-indexed-load,1,ip-172-31-19-62,olap,benchANT
2026-05-16 10:49:10+00:00,system,n_users,0,dbms,clickbench,postgresql-indexed-load,1,ip-172-31-19-62,olap,benchANT
2026-05-16 10:49:20+00:00,system,n_users,0,dbms,clickbench,postgresql-indexed-load,1,ip-172-31-19-62,olap,benchANT
2026-05-16 10:49:30+00:00,system,n_users,0,dbms,clickbench,postgresql-indexed-load,1,ip-172-31-19-62,olap,benchANT
2026-05-16 10:49:40+00:00,system,n_users,0,dbms,clickbench,postgresql-indexed-load,1,ip-172-31-19-62,olap,benchANT
2026-05-16 10:49:50+00:00,system,n_users,0,dbms,clickbench,postgresql-indexed-load,1,ip-172-31-19-62,olap,benchANT
2026-05-16 10:50:00+00:00,system,n_users,0,dbms,clickbench,postgresql-indexed-load,1,ip-172-31-19-62,olap,benchANT
2026-05-16 10:50:10+00:00,system,n_users,0,dbms,clickbench,postgresql-indexed-load,1,ip-172-31-19-62,olap,benchANT
2026-05-16 10:50:20+00:00,system,n_users,0,dbms,clickbench,postgresql-indexed-load,1,ip-172-31-19-62,olap,benchANT
2026-05-16 10:50:30+00:00,system,n_users,0,dbms,clickbench,postgresql-indexed-load,1,ip-172-31-19-62,olap,benchANT
2026-05-16 10:50:40+00:00,system,n_users,0,dbms,clickbench,postgresql-indexed-load,1,ip-172-31-19-62,olap,benchANT
2026-05-16 10:50:50+00:00,system,n_users,0,dbms,clickbench,postgresql-indexed-load,1,ip-172-31-19-62,olap,benchANT
2026-05-16 10:51:00+00:00,system,n_users,0,dbms,clickbench,postgresql-indexed-load,1,ip-172-31-19-62,olap,benchANT
2026-05-16 10:51:10+00:00,system,n_users,0,dbms,clickbench,postgresql-indexed-load,1,ip-172-31-19-62,olap,benchANT
2026-05-16 10:51:20+00:00,system,n_users,0,dbms,clickbench,postgresql-indexed-load,1,ip-172-31-19-62,olap,benchANT
2026-05-16 10:51:30+00:00,system,n_users,0,dbms,clickbench,postgresql-indexed-load,1,ip-172-31-19-62,olap,benchANT
2026-05-16 10:51:40+00:00,system,n_users,0,dbms,clickbench,postgresql-indexed-load,1,ip-172-31-19-62,olap,benchANT
2026-05-16 10:51:50+00:00,system,n_users,0,dbms,clickbench,postgresql-indexed-load,1,ip-172-31-19-62,olap,benchANT
2026-05-16 10:52:00+00:00,system,n_users,0,dbms,clickbench,postgresql-indexed-load,1,ip-172-31-19-62,olap,benchANT
2026-05-16 10:52:10+00:00,system,n_users,0,dbms,clickbench,postgresql-indexed-load,1,ip-172-31-19-62,olap,benchANT
2026-05-16 10:52:20+00:00,system,n_users,0,dbms,clickbench,postgresql-indexed-load,1,ip-172-31-19-62,olap,benchANT
2026-05-16 10:52:30+00:00,system,n_users,0,dbms,clickbench,postgresql-indexed-load,1,ip-172-31-19-62,olap,benchANT
2026-05-16 10:52:40+00:00,system,n_users,0,dbms,clickbench,postgresql-indexed-load,1,ip-172-31-19-62,olap,benchANT
2026-05-16 10:52:50+00:00,system,n_users,0,dbms,clickbench,postgresql-indexed-load,1,ip-172-31-19-62,olap,benchANT
2026-05-16 10:53:00+00:00,system,n_users,0,dbms,clickbench,postgresql-indexed-load,1,ip-172-31-19-62,olap,benchANT
2026-05-16 10:53:10+00:00,system,n_users,0,dbms,clickbench,postgresql-indexed-load,1,ip-172-31-19-62,olap,benchANT
2026-05-16 10:53:20+00:00,system,n_users,0,dbms,clickbench,postgresql-indexed-load,1,ip-172-31-19-62,olap,benchANT
2026-05-16 10:53:30+00:00,system,n_users,0,dbms,clickbench,postgresql-indexed-load,1,ip-172-31-19-62,olap,benchANT
2026-05-16 10:53:40+00:00,system,n_users,0,dbms,clickbench,postgresql-indexed-load,1,ip-172-31-19-62,olap,benchANT
2026-05-16 10:53:50+00:00,system,n_users,0,dbms,clickbench,postgresql-indexed-load,1,ip-172-31-19-62,olap,benchANT
2026-05-16 10:54:00+00:00,system,n_users,0,dbms,clickbench,postgresql-indexed-load,1,ip-172-31-19-62,olap,benchANT
2026-05-16 10:54:10+00:00,system,n_users,0,dbms,clickbench,postgresql-indexed-load,1,ip-172-31-19-62,olap,benchANT
2026-05-16 10:54:20+00:00,system,n_users,0,dbms,clickbench,postgresql-indexed-load,1,ip-172-31-19-62,olap,benchANT
2026-05-16 10:54:30+00:00,system,n_users,0,dbms,clickbench,postgresql-indexed-load,1,ip-172-31-19-62,olap,benchANT
2026-05-16 10:54:40+00:00,system,n_users,0,dbms,clickbench,postgresql-indexed-load,1,ip-172-31-19-62,olap,benchANT
2026-05-16 10:54:50+00:00,system,n_users,0,dbms,clickbench,postgresql-indexed-load,1,ip-172-31-19-62,olap,benchANT
2026-05-16 10:55:00+00:00,system,n_users,0,dbms,clickbench,postgresql-indexed-load,1,ip-172-31-19-62,olap,benchANT
2026-05-16 10:55:10+00:00,system,n_users,0,dbms,clickbench,postgresql-indexed-load,1,ip-172-31-19-62,olap,benchANT
2026-05-16 10:55:20+00:00,system,n_users,0,dbms,clickbench,postgresql-indexed-load,1,ip-172-31-19-62,olap,benchANT
2026-05-16 10:55:30+00:00,system,n_users,0,dbms,clickbench,postgresql-indexed-load,1,ip-172-31-19-62,olap,benchANT
2026-05-16 10:55:40+00:00,system,n_users,0,dbms,clickbench,postgresql-indexed-load,1,ip-172-31-19-62,olap,benchANT
2026-05-16 10:55:50+00:00,system,n_users,0,dbms,clickbench,postgresql-indexed-load,1,ip-172-31-19-62,olap,benchANT
2026-05-16 10:56:00+00:00,system,n_users,0,dbms,clickbench,postgresql-indexed-load,1,ip-172-31-19-62,olap,benchANT
2026-05-16 10:56:10+00:00,system,n_users,0,dbms,clickbench,postgresql-indexed-load,1,ip-172-31-19-62,olap,benchANT
2026-05-16 10:56:20+00:00,system,n_users,0,dbms,clickbench,postgresql-indexed-load,1,ip-172-31-19-62,olap,benchANT
2026-05-16 10:56:30+00:00,system,n_users,0,dbms,clickbench,postgresql-indexed-load,1,ip-172-31-19-62,olap,benchANT
2026-05-16 10:56:40+00:00,system,n_users,0,dbms,clickbench,postgresql-indexed-load,1,ip-172-31-19-62,olap,benchANT
2026-05-16 10:56:50+00:00,system,n_users,0,dbms,clickbench,postgresql-indexed-load,1,ip-172-31-19-62,olap,benchANT
2026-05-16 10:57:00+00:00,system,n_users,0,dbms,clickbench,postgresql-indexed-load,1,ip-172-31-19-62,olap,benchANT
2026-05-16 10:57:10+00:00,system,n_users,0,dbms,clickbench,postgresql-indexed-load,1,ip-172-31-19-62,olap,benchANT
2026-05-16 10:57:20+00:00,system,n_users,0,dbms,clickbench,postgresql-indexed-load,1,ip-172-31-19-62,olap,benchANT
2026-05-16 10:57:30+00:00,system,n_users,0,dbms,clickbench,postgresql-indexed-load,1,ip-172-31-19-62,olap,benchANT
2026-05-16 10:57:40+00:00,system,n_users,0,dbms,clickbench,postgresql-indexed-load,1,ip-172-31-19-62,olap,benchANT
2026-05-16 10:57:50+00:00,system,n_users,0,dbms,clickbench,postgresql-indexed-load,1,ip-172-31-19-62,olap,benchANT
2026-05-16 10:58:00+00:00,system,n_users,0,dbms,clickbench,postgresql-indexed-load,1,ip-172-31-19-62,olap,benchANT
2026-05-16 10:58:10+00:00,system,n_users,0,dbms,clickbench,postgresql-indexed-load,1,ip-172-31-19-62,olap,benchANT
2026-05-16 10:58:20+00:00,system,n_users,0,dbms,clickbench,postgresql-indexed-load,1,ip-172-31-19-62,olap,benchANT
2026-05-16 10:58:30+00:00,system,n_users,0,dbms,clickbench,postgresql-indexed-load,1,ip-172-31-19-62,olap,benchANT
2026-05-16 10:58:40+00:00,system,n_users,0,dbms,clickbench,postgresql-indexed-load,1,ip-172-31-19-62,olap,benchANT
2026-05-16 10:58:50+00:00,system,n_users,0,dbms,clickbench,postgresql-indexed-load,1,ip-172-31-19-62,olap,benchANT
2026-05-16 10:59:00+00:00,system,n_users,0,dbms,clickbench,postgresql-indexed-load,1,ip-172-31-19-62,olap,benchANT
2026-05-16 10:59:10+00:00,system,n_users,0,dbms,clickbench,postgresql-indexed-load,1,ip-172-31-19-62,olap,benchANT
2026-05-16 10:59:20+00:00,system,n_users,0,dbms,clickbench,postgresql-indexed-load,1,ip-172-31-19-62,olap,benchANT
2026-05-16 10:59:30+00:00,system,n_users,0,dbms,clickbench,postgresql-indexed-load,1,ip-172-31-19-62,olap,benchANT
2026-05-16 10:59:40+00:00,system,n_users,0,dbms,clickbench,postgresql-indexed-load,1,ip-172-31-19-62,olap,benchANT
2026-05-16 10:59:50+00:00,system,n_users,0,dbms,clickbench,postgresql-indexed-load,1,ip-172-31-19-62,olap,benchANT
2026-05-16 11:00:00+00:00,system,n_users,0,dbms,clickbench,postgresql-indexed-load,1,ip-172-31-19-62,olap,benchANT
2026-05-16 11:00:10+00:00,system,n_users,0,dbms,clickbench,postgresql-indexed-load,1,ip-172-31-19-62,olap,benchANT
2026-05-16 11:00:20+00:00,system,n_users,0,dbms,clickbench,postgresql-indexed-load,1,ip-172-31-19-62,olap,benchANT
2026-05-16 11:00:30+00:00,system,n_users,0,dbms,clickbench,postgresql-indexed-load,1,ip-172-31-19-62,olap,benchANT
2026-05-16 11:00:40+00:00,system,n_users,0,dbms,clickbench,postgresql-indexed-load,1,ip-172-31-19-62,olap,benchANT
2026-05-16 11:00:50+00:00,system,n_users,0,dbms,clickbench,postgresql-indexed-load,1,ip-172-31-19-62,olap,benchANT
2026-05-16 11:01:00+00:00,system,n_users,0,dbms,clickbench,postgresql-indexed-load,1,ip-172-31-19-62,olap,benchANT
2026-05-16 11:01:10+00:00,system,n_users,0,dbms,clickbench,postgresql-indexed-load,1,ip-172-31-19-62,olap,benchANT
2026-05-16 11:01:20+00:00,system,n_users,0,dbms,clickbench,postgresql-indexed-load,1,ip-172-31-19-62,olap,benchANT
2026-05-16 11:01:30+00:00,system,n_users,0,dbms,clickbench,postgresql-indexed-load,1,ip-172-31-19-62,olap,benchANT
2026-05-16 11:01:40+00:00,system,n_users,0,dbms,clickbench,postgresql-indexed-load,1,ip-172-31-19-62,olap,benchANT
2026-05-16 11:01:50+00:00,system,n_users,0,dbms,clickbench,postgresql-indexed-load,1,ip-172-31-19-62,olap,benchANT
2026-05-16 11:02:00+00:00,system,n_users,0,dbms,clickbench,postgresql-indexed-load,1,ip-172-31-19-62,olap,benchANT
2026-05-16 11:02:10+00:00,system,n_users,0,dbms,clickbench,postgresql-indexed-load,1,ip-172-31-19-62,olap,benchANT
2026-05-16 11:02:20+00:00,system,n_users,0,dbms,clickbench,postgresql-indexed-load,1,ip-172-31-19-62,olap,benchANT
2026-05-16 11:02:30+00:00,system,n_users,0,dbms,clickbench,postgresql-indexed-load,1,ip-172-31-19-62,olap,benchANT
2026-05-16 11:02:40+00:00,system,n_users,0,dbms,clickbench,postgresql-indexed-load,1,ip-172-31-19-62,olap,benchANT
2026-05-16 11:02:50+00:00,system,n_users,0,dbms,clickbench,postgresql-indexed-load,1,ip-172-31-19-62,olap,benchANT
2026-05-16 11:03:00+00:00,system,n_users,0,dbms,clickbench,postgresql-indexed-load,1,ip-172-31-19-62,olap,benchANT
2026-05-16 11:03:10+00:00,system,n_users,0,dbms,clickbench,postgresql-indexed-load,1,ip-172-31-19-62,olap,benchANT
2026-05-16 11:03:20+00:00,system,n_users,0,dbms,clickbench,postgresql-indexed-load,1,ip-172-31-19-62,olap,benchANT
2026-05-16 11:03:30+00:00,system,n_users,0,dbms,clickbench,postgresql-indexed-load,1,ip-172-31-19-62,olap,benchANT
2026-05-16 11:03:40+00:00,system,n_users,0,dbms,clickbench,postgresql-indexed-load,1,ip-172-31-19-62,olap,benchANT
2026-05-16 11:03:50+00:00,system,n_users,0,dbms,clickbench,postgresql-indexed-load,1,ip-172-31-19-62,olap,benchANT
2026-05-16 11:04:00+00:00,system,n_users,0,dbms,clickbench,postgresql-indexed-load,1,ip-172-31-19-62,olap,benchANT
2026-05-16 11:04:10+00:00,system,n_users,0,dbms,clickbench,postgresql-indexed-load,1,ip-172-31-19-62,olap,benchANT
2026-05-16 11:04:20+00:00,system,n_users,0,dbms,clickbench,postgresql-indexed-load,1,ip-172-31-19-62,olap,benchANT
2026-05-16 11:04:30+00:00,system,n_users,0,dbms,clickbench,postgresql-indexed-load,1,ip-172-31-19-62,olap,benchANT
2026-05-16 11:04:40+00:00,system,n_users,0,dbms,clickbench,postgresql-indexed-load,1,ip-172-31-19-62,olap,benchANT
2026-05-16 11:04:50+00:00,system,n_users,0,dbms,clickbench,postgresql-indexed-load,1,ip-172-31-19-62,olap,benchANT
2026-05-16 11:05:00+00:00,system,n_users,0,dbms,clickbench,postgresql-indexed-load,1,ip-172-31-19-62,olap,benchANT
2026-05-16 11:05:10+00:00,system,n_users,0,dbms,clickbench,postgresql-indexed-load,1,ip-172-31-19-62,olap,benchANT
2026-05-16 11:05:20+00:00,system,n_users,0,dbms,clickbench,postgresql-indexed-load,1,ip-172-31-19-62,olap,benchANT
2026-05-16 11:05:30+00:00,system,n_users,0,dbms,clickbench,postgresql-indexed-load,1,ip-172-31-19-62,olap,benchANT
2026-05-16 11:05:40+00:00,system,n_users,0,dbms,clickbench,postgresql-indexed-load,1,ip-172-31-19-62,olap,benchANT
2026-05-16 11:05:50+00:00,system,n_users,0,dbms,clickbench,postgresql-indexed-load,1,ip-172-31-19-62,olap,benchANT
2026-05-16 11:06:00+00:00,system,n_users,0,dbms,clickbench,postgresql-indexed-load,1,ip-172-31-19-62,olap,benchANT
2026-05-16 11:06:10+00:00,system,n_users,0,dbms,clickbench,postgresql-indexed-load,1,ip-172-31-19-62,olap,benchANT
2026-05-16 11:06:20+00:00,system,n_users,0,dbms,clickbench,postgresql-indexed-load,1,ip-172-31-19-62,olap,benchANT
2026-05-16 11:06:30+00:00,system,n_users,0,dbms,clickbench,postgresql-indexed-load,1,ip-172-31-19-62,olap,benchANT
2026-05-16 11:06:40+00:00,system,n_users,0,dbms,clickbench,postgresql-indexed-load,1,ip-172-31-19-62,olap,benchANT
2026-05-16 11:06:50+00:00,system,n_users,0,dbms,clickbench,postgresql-indexed-load,1,ip-172-31-19-62,olap,benchANT
2026-05-16 11:07:00+00:00,system,n_users,0,dbms,clickbench,postgresql-indexed-load,1,ip-172-31-19-62,olap,benchANT
2026-05-16 11:07:10+00:00,system,n_users,0,dbms,clickbench,postgresql-indexed-load,1,ip-172-31-19-62,olap,benchANT
2026-05-16 11:07:20+00:00,system,n_users,0,dbms,clickbench,postgresql-indexed-load,1,ip-172-31-19-62,olap,benchANT
2026-05-16 11:07:30+00:00,system,n_users,0,dbms,clickbench,postgresql-indexed-load,1,ip-172-31-19-62,olap,benchANT
2026-05-16 11:07:40+00:00,system,n_users,0,dbms,clickbench,postgresql-indexed-load,1,ip-172-31-19-62,olap,benchANT
2026-05-16 11:07:50+00:00,system,n_users,0,dbms,clickbench,postgresql-indexed-load,1,ip-172-31-19-62,olap,benchANT
2026-05-16 11:08:00+00:00,system,n_users,0,dbms,clickbench,postgresql-indexed-load,1,ip-172-31-19-62,olap,benchANT
2026-05-16 11:08:10+00:00,system,n_users,0,dbms,clickbench,postgresql-indexed-load,1,ip-172-31-19-62,olap,benchANT
2026-05-16 11:08:20+00:00,system,n_users,0,dbms,clickbench,postgresql-indexed-load,1,ip-172-31-19-62,olap,benchANT
2026-05-16 11:08:30+00:00,system,n_users,0,dbms,clickbench,postgresql-indexed-load,1,ip-172-31-19-62,olap,benchANT
2026-05-16 11:08:40+00:00,system,n_users,0,dbms,clickbench,postgresql-indexed-load,1,ip-172-31-19-62,olap,benchANT
2026-05-16 11:08:50+00:00,system,n_users,0,dbms,clickbench,postgresql-indexed-load,1,ip-172-31-19-62,olap,benchANT
2026-05-16 11:09:00+00:00,system,n_users,0,dbms,clickbench,postgresql-indexed-load,1,ip-172-31-19-62,olap,benchANT
2026-05-16 11:09:10+00:00,system,n_users,0,dbms,clickbench,postgresql-indexed-load,1,ip-172-31-19-62,olap,benchANT
2026-05-16 11:09:20+00:00,system,n_users,0,dbms,clickbench,postgresql-indexed-load,1,ip-172-31-19-62,olap,benchANT
2026-05-16 11:09:30+00:00,system,n_users,0,dbms,clickbench,postgresql-indexed-load,1,ip-172-31-19-62,olap,benchANT
2026-05-16 11:09:40+00:00,system,n_users,0,dbms,clickbench,postgresql-indexed-load,1,ip-172-31-19-62,olap,benchANT
2026-05-16 11:09:50+00:00,system,n_users,0,dbms,clickbench,postgresql-indexed-load,1,ip-172-31-19-62,olap,benchANT
2026-05-16 11:10:00+00:00,system,n_users,0,dbms,clickbench,postgresql-indexed-load,1,ip-172-31-19-62,olap,benchANT
2026-05-16 11:10:10+00:00,system,n_users,0,dbms,clickbench,postgresql-indexed-load,1,ip-172-31-19-62,olap,benchANT
2026-05-16 11:10:20+00:00,system,n_users,0,dbms,clickbench,postgresql-indexed-load,1,ip-172-31-19-62,olap,benchANT
2026-05-16 11:10:30+00:00,system,n_users,0,dbms,clickbench,postgresql-indexed-load,1,ip-172-31-19-62,olap,benchANT
2026-05-16 11:10:40+00:00,system,n_users,0,dbms,clickbench,postgresql-indexed-load,1,ip-172-31-19-62,olap,benchANT
2026-05-16 11:10:50+00:00,system,n_users,0,dbms,clickbench,postgresql-indexed-load,1,ip-172-31-19-62,olap,benchANT
2026-05-16 11:11:00+00:00,system,n_users,0,dbms,clickbench,postgresql-indexed-load,1,ip-172-31-19-62,olap,benchANT
2026-05-16 11:11:10+00:00,system,n_users,0,dbms,clickbench,postgresql-indexed-load,1,ip-172-31-19-62,olap,benchANT
2026-05-16 11:11:20+00:00,system,n_users,0,dbms,clickbench,postgresql-indexed-load,1,ip-172-31-19-62,olap,benchANT
2026-05-16 11:11:30+00:00,system,n_users,0,dbms,clickbench,postgresql-indexed-load,1,ip-172-31-19-62,olap,benchANT
2026-05-16 11:11:40+00:00,system,n_users,0,dbms,clickbench,postgresql-indexed-load,1,ip-172-31-19-62,olap,benchANT
2026-05-16 11:11:50+00:00,system,n_users,0,dbms,clickbench,postgresql-indexed-load,1,ip-172-31-19-62,olap,benchANT
2026-05-16 11:12:00+00:00,system,n_users,0,dbms,clickbench,postgresql-indexed-load,1,ip-172-31-19-62,olap,benchANT
2026-05-16 11:12:10+00:00,system,n_users,0,dbms,clickbench,postgresql-indexed-load,1,ip-172-31-19-62,olap,benchANT
2026-05-16 11:12:20+00:00,system,n_users,0,dbms,clickbench,postgresql-indexed-load,1,ip-172-31-19-62,olap,benchANT
2026-05-16 11:12:30+00:00,system,n_users,0,dbms,clickbench,postgresql-indexed-load,1,ip-172-31-19-62,olap,benchANT
2026-05-16 11:12:40+00:00,system,n_users,0,dbms,clickbench,postgresql-indexed-load,1,ip-172-31-19-62,olap,benchANT
2026-05-16 11:12:50+00:00,system,n_users,0,dbms,clickbench,postgresql-indexed-load,1,ip-172-31-19-62,olap,benchANT
2026-05-16 11:13:00+00:00,system,n_users,0,dbms,clickbench,postgresql-indexed-load,1,ip-172-31-19-62,olap,benchANT
2026-05-16 11:13:10+00:00,system,n_users,0,dbms,clickbench,postgresql-indexed-load,1,ip-172-31-19-62,olap,benchANT
2026-05-16 11:13:20+00:00,system,n_users,0,dbms,clickbench,postgresql-indexed-load,1,ip-172-31-19-62,olap,benchANT
2026-05-16 11:13:30+00:00,system,n_users,0,dbms,clickbench,postgresql-indexed-load,1,ip-172-31-19-62,olap,benchANT
2026-05-16 11:13:40+00:00,system,n_users,0,dbms,clickbench,postgresql-indexed-load,1,ip-172-31-19-62,olap,benchANT
2026-05-16 11:13:50+00:00,system,n_users,0,dbms,clickbench,postgresql-indexed-load,1,ip-172-31-19-62,olap,benchANT
2026-05-16 11:14:00+00:00,system,n_users,0,dbms,clickbench,postgresql-indexed-load,1,ip-172-31-19-62,olap,benchANT
2026-05-16 11:14:10+00:00,system,n_users,0,dbms,clickbench,postgresql-indexed-load,1,ip-172-31-19-62,olap,benchANT
2026-05-16 11:14:20+00:00,system,n_users,0,dbms,clickbench,postgresql-indexed-load,1,ip-172-31-19-62,olap,benchANT
2026-05-16 11:14:30+00:00,system,n_users,0,dbms,clickbench,postgresql-indexed-load,1,ip-172-31-19-62,olap,benchANT
2026-05-16 11:14:40+00:00,system,n_users,0,dbms,clickbench,postgresql-indexed-load,1,ip-172-31-19-62,olap,benchANT
2026-05-16 11:14:50+00:00,system,n_users,0,dbms,clickbench,postgresql-indexed-load,1,ip-172-31-19-62,olap,benchANT
2026-05-16 11:15:00+00:00,system,n_users,0,dbms,clickbench,postgresql-indexed-load,1,ip-172-31-19-62,olap,benchANT
2026-05-16 11:15:10+00:00,system,n_users,0,dbms,clickbench,postgresql-indexed-load,1,ip-172-31-19-62,olap,benchANT
2026-05-16 11:15:20+00:00,system,n_users,0,dbms,clickbench,postgresql-indexed-load,1,ip-172-31-19-62,olap,benchANT
2026-05-16 11:15:30+00:00,system,n_users,0,dbms,clickbench,postgresql-indexed-load,1,ip-172-31-19-62,olap,benchANT
2026-05-16 11:15:40+00:00,system,n_users,0,dbms,clickbench,postgresql-indexed-load,1,ip-172-31-19-62,olap,benchANT
2026-05-16 11:15:50+00:00,system,n_users,0,dbms,clickbench,postgresql-indexed-load,1,ip-172-31-19-62,olap,benchANT
2026-05-16 11:16:00+00:00,system,n_users,0,dbms,clickbench,postgresql-indexed-load,1,ip-172-31-19-62,olap,benchANT
2026-05-16 11:16:10+00:00,system,n_users,0,dbms,clickbench,postgresql-indexed-load,1,ip-172-31-19-62,olap,benchANT
2026-05-16 11:16:20+00:00,system,n_users,0,dbms,clickbench,postgresql-indexed-load,1,ip-172-31-19-62,olap,benchANT
2026-05-16 11:16:30+00:00,system,n_users,0,dbms,clickbench,postgresql-indexed-load,1,ip-172-31-19-62,olap,benchANT
2026-05-16 11:16:40+00:00,system,n_users,0,dbms,clickbench,postgresql-indexed-load,1,ip-172-31-19-62,olap,benchANT
2026-05-16 11:16:50+00:00,system,n_users,0,dbms,clickbench,postgresql-indexed-load,1,ip-172-31-19-62,olap,benchANT
2026-05-16 11:17:00+00:00,system,n_users,0,dbms,clickbench,postgresql-indexed-load,1,ip-172-31-19-62,olap,benchANT
2026-05-16 11:17:10+00:00,system,n_users,0,dbms,clickbench,postgresql-indexed-load,1,ip-172-31-19-62,olap,benchANT
2026-05-16 11:17:20+00:00,system,n_users,0,dbms,clickbench,postgresql-indexed-load,1,ip-172-31-19-62,olap,benchANT
2026-05-16 11:17:30+00:00,system,n_users,0,dbms,clickbench,postgresql-indexed-load,1,ip-172-31-19-62,olap,benchANT
2026-05-16 11:17:40+00:00,system,n_users,0,dbms,clickbench,postgresql-indexed-load,1,ip-172-31-19-62,olap,benchANT
2026-05-16 11:17:50+00:00,system,n_users,0,dbms,clickbench,postgresql-indexed-load,1,ip-172-31-19-62,olap,benchANT
2026-05-16 11:18:00+00:00,system,n_users,0,dbms,clickbench,postgresql-indexed-load,1,ip-172-31-19-62,olap,benchANT
2026-05-16 11:18:10+00:00,system,n_users,0,dbms,clickbench,postgresql-indexed-load,1,ip-172-31-19-62,olap,benchANT
2026-05-16 11:18:20+00:00,system,n_users,0,dbms,clickbench,postgresql-indexed-load,1,ip-172-31-19-62,olap,benchANT
2026-05-16 11:18:30+00:00,system,n_users,0,dbms,clickbench,postgresql-indexed-load,1,ip-172-31-19-62,olap,benchANT
2026-05-16 11:18:40+00:00,system,n_users,0,dbms,clickbench,postgresql-indexed-load,1,ip-172-31-19-62,olap,benchANT
2026-05-16 11:18:50+00:00,system,n_users,0,dbms,clickbench,postgresql-indexed-load,1,ip-172-31-19-62,olap,benchANT
2026-05-16 11:19:00+00:00,system,n_users,0,dbms,clickbench,postgresql-indexed-load,1,ip-172-31-19-62,olap,benchANT
2026-05-16 11:19:10+00:00,system,n_users,0,dbms,clickbench,postgresql-indexed-load,1,ip-172-31-19-62,olap,benchANT
2026-05-16 11:19:20+00:00,system,n_users,0,dbms,clickbench,postgresql-indexed-load,1,ip-172-31-19-62,olap,benchANT
2026-05-16 11:19:30+00:00,system,n_users,0,dbms,clickbench,postgresql-indexed-load,1,ip-172-31-19-62,olap,benchANT
2026-05-16 11:19:40+00:00,system,n_users,0,dbms,clickbench,postgresql-indexed-load,1,ip-172-31-19-62,olap,benchANT
2026-05-16 11:19:50+00:00,system,n_users,0,dbms,clickbench,postgresql-indexed-load,1,ip-172-31-19-62,olap,benchANT
2026-05-16 11:20:00+00:00,system,n_users,0,dbms,clickbench,postgresql-indexed-load,1,ip-172-31-19-62,olap,benchANT
2026-05-16 11:20:10+00:00,system,n_users,0,dbms,clickbench,postgresql-indexed-load,1,ip-172-31-19-62,olap,benchANT
2026-05-16 11:20:20+00:00,system,n_users,0,dbms,clickbench,postgresql-indexed-load,1,ip-172-31-19-62,olap,benchANT
2026-05-16 11:20:30+00:00,system,n_users,0,dbms,clickbench,postgresql-indexed-load,1,ip-172-31-19-62,olap,benchANT
2026-05-16 11:20:40+00:00,system,n_users,0,dbms,clickbench,postgresql-indexed-load,1,ip-172-31-19-62,olap,benchANT
2026-05-16 11:20:50+00:00,system,n_users,0,dbms,clickbench,postgresql-indexed-load,1,ip-172-31-19-62,olap,benchANT
2026-05-16 11:21:00+00:00,system,n_users,0,dbms,clickbench,postgresql-indexed-load,1,ip-172-31-19-62,olap,benchANT
2026-05-16 11:21:10+00:00,system,n_users,0,dbms,clickbench,postgresql-indexed-load,1,ip-172-31-19-62,olap,benchANT
2026-05-16 11:21:20+00:00,system,n_users,0,dbms,clickbench,postgresql-indexed-load,1,ip-172-31-19-62,olap,benchANT
2026-05-16 11:21:30+00:00,system,n_users,0,dbms,clickbench,postgresql-indexed-load,1,ip-172-31-19-62,olap,benchANT
2026-05-16 11:21:40+00:00,system,n_users,0,dbms,clickbench,postgresql-indexed-load,1,ip-172-31-19-62,olap,benchANT
2026-05-16 11:21:50+00:00,system,n_users,0,dbms,clickbench,postgresql-indexed-load,1,ip-172-31-19-62,olap,benchANT
2026-05-16 11:22:00+00:00,system,n_users,0,dbms,clickbench,postgresql-indexed-load,1,ip-172-31-19-62,olap,benchANT
2026-05-16 11:22:10+00:00,system,n_users,0,dbms,clickbench,postgresql-indexed-load,1,ip-172-31-19-62,olap,benchANT
2026-05-16 11:22:20+00:00,system,n_users,0,dbms,clickbench,postgresql-indexed-load,1,ip-172-31-19-62,olap,benchANT
2026-05-16 11:22:30+00:00,system,n_users,0,dbms,clickbench,postgresql-indexed-load,1,ip-172-31-19-62,olap,benchANT
2026-05-16 11:22:40+00:00,system,n_users,0,dbms,clickbench,postgresql-indexed-load,1,ip-172-31-19-62,olap,benchANT
2026-05-16 11:22:50+00:00,system,n_users,0,dbms,clickbench,postgresql-indexed-load,1,ip-172-31-19-62,olap,benchANT
2026-05-16 11:23:00+00:00,system,n_users,0,dbms,clickbench,postgresql-indexed-load,1,ip-172-31-19-62,olap,benchANT
2026-05-16 11:23:10+00:00,system,n_users,0,dbms,clickbench,postgresql-indexed-load,1,ip-172-31-19-62,olap,benchANT
2026-05-16 11:23:20+00:00,system,n_users,0,dbms,clickbench,postgresql-indexed-load,1,ip-172-31-19-62,olap,benchANT
2026-05-16 11:23:30+00:00,system,n_users,0,dbms,clickbench,postgresql-indexed-load,1,ip-172-31-19-62,olap,benchANT
2026-05-16 11:23:40+00:00,system,n_users,0,dbms,clickbench,postgresql-indexed-load,1,ip-172-31-19-62,olap,benchANT
2026-05-16 11:23:50+00:00,system,n_users,0,dbms,clickbench,postgresql-indexed-load,1,ip-172-31-19-62,olap,benchANT
2026-05-16 11:24:00+00:00,system,n_users,0,dbms,clickbench,postgresql-indexed-load,1,ip-172-31-19-62,olap,benchANT
2026-05-16 11:24:10+00:00,system,n_users,0,dbms,clickbench,postgresql-indexed-load,1,ip-172-31-19-62,olap,benchANT
2026-05-16 11:24:20+00:00,system,n_users,0,dbms,clickbench,postgresql-indexed-load,1,ip-172-31-19-62,olap,benchANT
2026-05-16 11:24:30+00:00,system,n_users,0,dbms,clickbench,postgresql-indexed-load,1,ip-172-31-19-62,olap,benchANT
2026-05-16 11:24:40+00:00,system,n_users,0,dbms,clickbench,postgresql-indexed-load,1,ip-172-31-19-62,olap,benchANT
2026-05-16 11:24:50+00:00,system,n_users,0,dbms,clickbench,postgresql-indexed-load,1,ip-172-31-19-62,olap,benchANT
2026-05-16 11:25:00+00:00,system,n_users,0,dbms,clickbench,postgresql-indexed-load,1,ip-172-31-19-62,olap,benchANT
2026-05-16 11:25:10+00:00,system,n_users,0,dbms,clickbench,postgresql-indexed-load,1,ip-172-31-19-62,olap,benchANT
2026-05-16 11:25:20+00:00,system,n_users,0,dbms,clickbench,postgresql-indexed-load,1,ip-172-31-19-62,olap,benchANT
2026-05-16 11:25:30+00:00,system,n_users,0,dbms,clickbench,postgresql-indexed-load,1,ip-172-31-19-62,olap,benchANT
2026-05-16 11:25:40+00:00,system,n_users,0,dbms,clickbench,postgresql-indexed-load,1,ip-172-31-19-62,olap,benchANT
2026-05-16 11:25:50+00:00,system,n_users,0,dbms,clickbench,postgresql-indexed-load,1,ip-172-31-19-62,olap,benchANT
2026-05-16 11:26:00+00:00,system,n_users,0,dbms,clickbench,postgresql-indexed-load,1,ip-172-31-19-62,olap,benchANT
2026-05-16 11:26:10+00:00,system,n_users,0,dbms,clickbench,postgresql-indexed-load,1,ip-172-31-19-62,olap,benchANT
2026-05-16 11:26:20+00:00,system,n_users,0,dbms,clickbench,postgresql-indexed-load,1,ip-172-31-19-62,olap,benchANT
2026-05-16 11:26:30+00:00,system,n_users,0,dbms,clickbench,postgresql-indexed-load,1,ip-172-31-19-62,olap,benchANT
2026-05-16 11:26:40+00:00,system,n_users,0,dbms,clickbench,postgresql-indexed-load,1,ip-172-31-19-62,olap,benchANT
2026-05-16 11:26:50+00:00,system,n_users,0,dbms,clickbench,postgresql-indexed-load,1,ip-172-31-19-62,olap,benchANT
2026-05-16 11:27:00+00:00,system,n_users,0,dbms,clickbench,postgresql-indexed-load,1,ip-172-31-19-62,olap,benchANT
2026-05-16 11:27:10+00:00,system,n_users,0,dbms,clickbench,postgresql-indexed-load,1,ip-172-31-19-62,olap,benchANT
2026-05-16 11:27:20+00:00,system,n_users,0,dbms,clickbench,postgresql-indexed-load,1,ip-172-31-19-62,olap,benchANT
2026-05-16 11:27:30+00:00,system,n_users,0,dbms,clickbench,postgresql-indexed-load,1,ip-172-31-19-62,olap,benchANT
2026-05-16 11:27:40+00:00,system,n_users,0,dbms,clickbench,postgresql-indexed-load,1,ip-172-31-19-62,olap,benchANT
2026-05-16 11:27:50+00:00,system,n_users,0,dbms,clickbench,postgresql-indexed-load,1,ip-172-31-19-62,olap,benchANT
2026-05-16 11:28:00+00:00,system,n_users,0,dbms,clickbench,postgresql-indexed-load,1,ip-172-31-19-62,olap,benchANT
2026-05-16 11:28:10+00:00,system,n_users,0,dbms,clickbench,postgresql-indexed-load,1,ip-172-31-19-62,olap,benchANT
2026-05-16 11:28:20+00:00,system,n_users,0,dbms,clickbench,postgresql-indexed-load,1,ip-172-31-19-62,olap,benchANT
2026-05-16 11:28:30+00:00,system,n_users,0,dbms,clickbench,postgresql-indexed-load,1,ip-172-31-19-62,olap,benchANT
2026-05-16 11:28:40+00:00,system,n_users,0,dbms,clickbench,postgresql-indexed-load,1,ip-172-31-19-62,olap,benchANT
2026-05-16 11:28:50+00:00,system,n_users,0,dbms,clickbench,postgresql-indexed-load,1,ip-172-31-19-62,olap,benchANT
2026-05-16 11:29:00+00:00,system,n_users,0,dbms,clickbench,postgresql-indexed-load,1,ip-172-31-19-62,olap,benchANT
2026-05-16 11:29:10+00:00,system,n_users,0,dbms,clickbench,postgresql-indexed-load,1,ip-172-31-19-62,olap,benchANT
2026-05-16 11:29:20+00:00,system,n_users,0,dbms,clickbench,postgresql-indexed-load,1,ip-172-31-19-62,olap,benchANT
2026-05-16 11:29:30+00:00,system,n_users,0,dbms,clickbench,postgresql-indexed-load,1,ip-172-31-19-62,olap,benchANT
2026-05-16 11:29:40+00:00,system,n_users,0,dbms,clickbench,postgresql-indexed-load,1,ip-172-31-19-62,olap,benchANT
2026-05-16 11:29:50+00:00,system,n_users,0,dbms,clickbench,postgresql-indexed-load,1,ip-172-31-19-62,olap,benchANT
2026-05-16 11:30:00+00:00,system,n_users,0,dbms,clickbench,postgresql-indexed-load,1,ip-172-31-19-62,olap,benchANT
2026-05-16 11:30:10+00:00,system,n_users,0,dbms,clickbench,postgresql-indexed-load,1,ip-172-31-19-62,olap,benchANT
2026-05-16 11:30:20+00:00,system,n_users,0,dbms,clickbench,postgresql-indexed-load,1,ip-172-31-19-62,olap,benchANT
2026-05-16 11:30:30+00:00,system,n_users,0,dbms,clickbench,postgresql-indexed-load,1,ip-172-31-19-62,olap,benchANT
2026-05-16 11:30:40+00:00,system,n_users,0,dbms,clickbench,postgresql-indexed-load,1,ip-172-31-19-62,olap,benchANT
2026-05-16 11:30:50+00:00,system,n_users,0,dbms,clickbench,postgresql-indexed-load,1,ip-172-31-19-62,olap,benchANT
2026-05-16 11:31:00+00:00,system,n_users,0,dbms,clickbench,postgresql-indexed-load,1,ip-172-31-19-62,olap,benchANT
2026-05-16 11:31:10+00:00,system,n_users,0,dbms,clickbench,postgresql-indexed-load,1,ip-172-31-19-62,olap,benchANT
2026-05-16 11:31:20+00:00,system,n_users,0,dbms,clickbench,postgresql-indexed-load,1,ip-172-31-19-62,olap,benchANT
2026-05-16 11:31:30+00:00,system,n_users,0,dbms,clickbench,postgresql-indexed-load,1,ip-172-31-19-62,olap,benchANT
2026-05-16 11:31:40+00:00,system,n_users,0,dbms,clickbench,postgresql-indexed-load,1,ip-172-31-19-62,olap,benchANT
2026-05-16 11:31:50+00:00,system,n_users,0,dbms,clickbench,postgresql-indexed-load,1,ip-172-31-19-62,olap,benchANT
2026-05-16 11:32:00+00:00,system,n_users,0,dbms,clickbench,postgresql-indexed-load,1,ip-172-31-19-62,olap,benchANT
2026-05-16 11:32:10+00:00,system,n_users,0,dbms,clickbench,postgresql-indexed-load,1,ip-172-31-19-62,olap,benchANT
2026-05-16 11:32:20+00:00,system,n_users,0,dbms,clickbench,postgresql-indexed-load,1,ip-172-31-19-62,olap,benchANT
2026-05-16 11:32:30+00:00,system,n_users,0,dbms,clickbench,postgresql-indexed-load,1,ip-172-31-19-62,olap,benchANT
2026-05-16 11:32:40+00:00,system,n_users,0,dbms,clickbench,postgresql-indexed-load,1,ip-172-31-19-62,olap,benchANT
2026-05-16 11:32:50+00:00,system,n_users,0,dbms,clickbench,postgresql-indexed-load,1,ip-172-31-19-62,olap,benchANT
2026-05-16 11:33:00+00:00,system,n_users,0,dbms,clickbench,postgresql-indexed-load,1,ip-172-31-19-62,olap,benchANT
2026-05-16 11:33:10+00:00,system,n_users,0,dbms,clickbench,postgresql-indexed-load,1,ip-172-31-19-62,olap,benchANT
2026-05-16 11:33:20+00:00,system,n_users,0,dbms,clickbench,postgresql-indexed-load,1,ip-172-31-19-62,olap,benchANT
2026-05-16 11:33:30+00:00,system,n_users,0,dbms,clickbench,postgresql-indexed-load,1,ip-172-31-19-62,olap,benchANT
2026-05-16 11:33:40+00:00,system,n_users,0,dbms,clickbench,postgresql-indexed-load,1,ip-172-31-19-62,olap,benchANT
2026-05-16 11:33:50+00:00,system,n_users,0,dbms,clickbench,postgresql-indexed-load,1,ip-172-31-19-62,olap,benchANT
2026-05-16 11:34:00+00:00,system,n_users,0,dbms,clickbench,postgresql-indexed-load,1,ip-172-31-19-62,olap,benchANT
2026-05-16 11:34:10+00:00,system,n_users,0,dbms,clickbench,postgresql-indexed-load,1,ip-172-31-19-62,olap,benchANT
2026-05-16 11:34:20+00:00,system,n_users,0,dbms,clickbench,postgresql-indexed-load,1,ip-172-31-19-62,olap,benchANT
2026-05-16 11:34:30+00:00,system,n_users,0,dbms,clickbench,postgresql-indexed-load,1,ip-172-31-19-62,olap,benchANT
2026-05-16 11:34:40+00:00,system,n_users,0,dbms,clickbench,postgresql-indexed-load,1,ip-172-31-19-62,olap,benchANT
2026-05-16 11:34:50+00:00,system,n_users,0,dbms,clickbench,postgresql-indexed-load,1,ip-172-31-19-62,olap,benchANT
2026-05-16 11:35:00+00:00,system,n_users,0,dbms,clickbench,postgresql-indexed-load,1,ip-172-31-19-62,olap,benchANT
2026-05-16 11:35:10+00:00,system,n_users,0,dbms,clickbench,postgresql-indexed-load,1,ip-172-31-19-62,olap,benchANT
2026-05-16 11:35:20+00:00,system,n_users,0,dbms,clickbench,postgresql-indexed-load,1,ip-172-31-19-62,olap,benchANT
2026-05-16 11:35:30+00:00,system,n_users,0,dbms,clickbench,postgresql-indexed-load,1,ip-172-31-19-62,olap,benchANT
2026-05-16 11:35:40+00:00,system,n_users,0,dbms,clickbench,postgresql-indexed-load,1,ip-172-31-19-62,olap,benchANT
2026-05-16 11:35:50+00:00,system,n_users,0,dbms,clickbench,postgresql-indexed-load,1,ip-172-31-19-62,olap,benchANT
2026-05-16 11:36:00+00:00,system,n_users,0,dbms,clickbench,postgresql-indexed-load,1,ip-172-31-19-62,olap,benchANT
2026-05-16 11:36:10+00:00,system,n_users,0,dbms,clickbench,postgresql-indexed-load,1,ip-172-31-19-62,olap,benchANT
2026-05-16 11:36:20+00:00,system,n_users,0,dbms,clickbench,postgresql-indexed-load,1,ip-172-31-19-62,olap,benchANT
2026-05-16 11:36:30+00:00,system,n_users,0,dbms,clickbench,postgresql-indexed-load,1,ip-172-31-19-62,olap,benchANT
2026-05-16 11:36:40+00:00,system,n_users,0,dbms,clickbench,postgresql-indexed-load,1,ip-172-31-19-62,olap,benchANT
2026-05-16 11:36:50+00:00,system,n_users,0,dbms,clickbench,postgresql-indexed-load,1,ip-172-31-19-62,olap,benchANT
2026-05-16 11:37:00+00:00,system,n_users,0,dbms,clickbench,postgresql-indexed-load,1,ip-172-31-19-62,olap,benchANT
2026-05-16 11:37:10+00:00,system,n_users,0,dbms,clickbench,postgresql-indexed-load,1,ip-172-31-19-62,olap,benchANT
2026-05-16 11:37:20+00:00,system,n_users,0,dbms,clickbench,postgresql-indexed-load,1,ip-172-31-19-62,olap,benchANT
2026-05-16 11:37:30+00:00,system,n_users,0,dbms,clickbench,postgresql-indexed-load,1,ip-172-31-19-62,olap,benchANT
2026-05-16 11:37:40+00:00,system,n_users,0,dbms,clickbench,postgresql-indexed-load,1,ip-172-31-19-62,olap,benchANT
2026-05-16 11:37:50+00:00,system,n_users,0,dbms,clickbench,postgresql-indexed-load,1,ip-172-31-19-62,olap,benchANT
2026-05-16 11:38:00+00:00,system,n_users,0,dbms,clickbench,postgresql-indexed-load,1,ip-172-31-19-62,olap,benchANT
2026-05-16 11:38:10+00:00,system,n_users,0,dbms,clickbench,postgresql-indexed-load,1,ip-172-31-19-62,olap,benchANT
2026-05-16 11:38:20+00:00,system,n_users,0,dbms,clickbench,postgresql-indexed-load,1,ip-172-31-19-62,olap,benchANT
2026-05-16 11:38:30+00:00,system,n_users,0,dbms,clickbench,postgresql-indexed-load,1,ip-172-31-19-62,olap,benchANT
2026-05-16 11:38:40+00:00,system,n_users,0,dbms,clickbench,postgresql-indexed-load,1,ip-172-31-19-62,olap,benchANT
2026-05-16 11:38:50+00:00,system,n_users,0,dbms,clickbench,postgresql-indexed-load,1,ip-172-31-19-62,olap,benchANT
2026-05-16 11:39:00+00:00,system,n_users,0,dbms,clickbench,postgresql-indexed-load,1,ip-172-31-19-62,olap,benchANT
2026-05-16 11:39:10+00:00,system,n_users,0,dbms,clickbench,postgresql-indexed-load,1,ip-172-31-19-62,olap,benchANT
2026-05-16 11:39:20+00:00,system,n_users,0,dbms,clickbench,postgresql-indexed-load,1,ip-172-31-19-62,olap,benchANT
2026-05-16 11:39:30+00:00,system,n_users,0,dbms,clickbench,postgresql-indexed-load,1,ip-172-31-19-62,olap,benchANT
2026-05-16 11:39:40+00:00,system,n_users,0,dbms,clickbench,postgresql-indexed-load,1,ip-172-31-19-62,olap,benchANT
2026-05-16 11:39:50+00:00,system,n_users,0,dbms,clickbench,postgresql-indexed-load,1,ip-172-31-19-62,olap,benchANT
2026-05-16 11:40:00+00:00,system,n_users,0,dbms,clickbench,postgresql-indexed-load,1,ip-172-31-19-62,olap,benchANT
2026-05-16 11:40:10+00:00,system,n_users,0,dbms,clickbench,postgresql-indexed-load,1,ip-172-31-19-62,olap,benchANT
2026-05-16 11:40:20+00:00,system,n_users,0,dbms,clickbench,postgresql-indexed-load,1,ip-172-31-19-62,olap,benchANT
2026-05-16 11:40:30+00:00,system,n_users,0,dbms,clickbench,postgresql-indexed-load,1,ip-172-31-19-62,olap,benchANT
2026-05-16 11:40:40+00:00,system,n_users,0,dbms,clickbench,postgresql-indexed-load,1,ip-172-31-19-62,olap,benchANT
2026-05-16 11:40:50+00:00,system,n_users,0,dbms,clickbench,postgresql-indexed-load,1,ip-172-31-19-62,olap,benchANT
2026-05-16 11:41:00+00:00,system,n_users,0,dbms,clickbench,postgresql-indexed-load,1,ip-172-31-19-62,olap,benchANT
2026-05-16 11:41:10+00:00,system,n_users,0,dbms,clickbench,postgresql-indexed-load,1,ip-172-31-19-62,olap,benchANT
2026-05-16 11:41:20+00:00,system,n_users,0,dbms,clickbench,postgresql-indexed-load,1,ip-172-31-19-62,olap,benchANT
2026-05-16 11:41:30+00:00,system,n_users,0,dbms,clickbench,postgresql-indexed-load,1,ip-172-31-19-62,olap,benchANT
2026-05-16 11:41:40+00:00,system,n_users,0,dbms,clickbench,postgresql-indexed-load,1,ip-172-31-19-62,olap,benchANT
2026-05-16 11:41:50+00:00,system,n_users,0,dbms,clickbench,postgresql-indexed-load,1,ip-172-31-19-62,olap,benchANT
2026-05-16 11:42:00+00:00,system,n_users,0,dbms,clickbench,postgresql-indexed-load,1,ip-172-31-19-62,olap,benchANT
2026-05-16 11:42:10+00:00,system,n_users,0,dbms,clickbench,postgresql-indexed-load,1,ip-172-31-19-62,olap,benchANT
2026-05-16 11:42:20+00:00,system,n_users,0,dbms,clickbench,postgresql-indexed-load,1,ip-172-31-19-62,olap,benchANT
2026-05-16 11:42:30+00:00,system,n_users,0,dbms,clickbench,postgresql-indexed-load,1,ip-172-31-19-62,olap,benchANT
2026-05-16 11:42:40+00:00,system,n_users,0,dbms,clickbench,postgresql-indexed-load,1,ip-172-31-19-62,olap,benchANT
2026-05-16 11:42:50+00:00,system,n_users,0,dbms,clickbench,postgresql-indexed-load,1,ip-172-31-19-62,olap,benchANT
2026-05-16 11:43:00+00:00,system,n_users,0,dbms,clickbench,postgresql-indexed-load,1,ip-172-31-19-62,olap,benchANT
2026-05-16 11:43:10+00:00,system,n_users,0,dbms,clickbench,postgresql-indexed-load,1,ip-172-31-19-62,olap,benchANT
2026-05-16 11:43:20+00:00,system,n_users,0,dbms,clickbench,postgresql-indexed-load,1,ip-172-31-19-62,olap,benchANT
2026-05-16 11:43:30+00:00,system,n_users,0,dbms,clickbench,postgresql-indexed-load,1,ip-172-31-19-62,olap,benchANT
2026-05-16 11:43:40+00:00,system,n_users,0,dbms,clickbench,postgresql-indexed-load,1,ip-172-31-19-62,olap,benchANT
2026-05-16 11:43:50+00:00,system,n_users,0,dbms,clickbench,postgresql-indexed-load,1,ip-172-31-19-62,olap,benchANT
2026-05-16 11:44:00+00:00,system,n_users,0,dbms,clickbench,postgresql-indexed-load,1,ip-172-31-19-62,olap,benchANT
2026-05-16 11:44:10+00:00,system,n_users,0,dbms,clickbench,postgresql-indexed-load,1,ip-172-31-19-62,olap,benchANT
2026-05-16 11:44:20+00:00,system,n_users,0,dbms,clickbench,postgresql-indexed-load,1,ip-172-31-19-62,olap,benchANT
2026-05-16 11:44:30+00:00,system,n_users,0,dbms,clickbench,postgresql-indexed-load,1,ip-172-31-19-62,olap,benchANT
2026-05-16 11:44:40+00:00,system,n_users,0,dbms,clickbench,postgresql-indexed-load,1,ip-172-31-19-62,olap,benchANT
2026-05-16 11:44:50+00:00,system,n_users,0,dbms,clickbench,postgresql-indexed-load,1,ip-172-31-19-62,olap,benchANT
2026-05-16 11:45:00+00:00,system,n_users,0,dbms,clickbench,postgresql-indexed-load,1,ip-172-31-19-62,olap,benchANT
2026-05-16 11:45:10+00:00,system,n_users,0,dbms,clickbench,postgresql-indexed-load,1,ip-172-31-19-62,olap,benchANT
2026-05-16 11:45:20+00:00,system,n_users,0,dbms,clickbench,postgresql-indexed-load,1,ip-172-31-19-62,olap,benchANT
2026-05-16 11:45:30+00:00,system,n_users,0,dbms,clickbench,postgresql-indexed-load,1,ip-172-31-19-62,olap,benchANT
2026-05-16 11:45:40+00:00,system,n_users,0,dbms,clickbench,postgresql-indexed-load,1,ip-172-31-19-62,olap,benchANT
2026-05-16 11:45:50+00:00,system,n_users,0,dbms,clickbench,postgresql-indexed-load,1,ip-172-31-19-62,olap,benchANT
2026-05-16 11:46:00+00:00,system,n_users,0,dbms,clickbench,postgresql-indexed-load,1,ip-172-31-19-62,olap,benchANT
2026-05-16 11:46:10+00:00,system,n_users,0,dbms,clickbench,postgresql-indexed-load,1,ip-172-31-19-62,olap,benchANT
2026-05-16 11:46:20+00:00,system,n_users,0,dbms,clickbench,postgresql-indexed-load,1,ip-172-31-19-62,olap,benchANT
2026-05-16 11:46:30+00:00,system,n_users,0,dbms,clickbench,postgresql-indexed-load,1,ip-172-31-19-62,olap,benchANT
2026-05-16 11:46:40+00:00,system,n_users,0,dbms,clickbench,postgresql-indexed-load,1,ip-172-31-19-62,olap,benchANT
2026-05-16 11:46:50+00:00,system,n_users,0,dbms,clickbench,postgresql-indexed-load,1,ip-172-31-19-62,olap,benchANT
2026-05-16 11:47:00+00:00,system,n_users,0,dbms,clickbench,postgresql-indexed-load,1,ip-172-31-19-62,olap,benchANT
2026-05-16 11:47:10+00:00,system,n_users,0,dbms,clickbench,postgresql-indexed-load,1,ip-172-31-19-62,olap,benchANT
2026-05-16 11:47:20+00:00,system,n_users,0,dbms,clickbench,postgresql-indexed-load,1,ip-172-31-19-62,olap,benchANT
2026-05-16 11:47:30+00:00,system,n_users,0,dbms,clickbench,postgresql-indexed-load,1,ip-172-31-19-62,olap,benchANT
2026-05-16 11:47:40+00:00,system,n_users,0,dbms,clickbench,postgresql-indexed-load,1,ip-172-31-19-62,olap,benchANT
2026-05-16 11:47:50+00:00,system,n_users,0,dbms,clickbench,postgresql-indexed-load,1,ip-172-31-19-62,olap,benchANT
2026-05-16 11:48:00+00:00,system,n_users,0,dbms,clickbench,postgresql-indexed-load,1,ip-172-31-19-62,olap,benchANT
2026-05-16 11:48:10+00:00,system,n_users,0,dbms,clickbench,postgresql-indexed-load,1,ip-172-31-19-62,olap,benchANT
2026-05-16 11:48:20+00:00,system,n_users,0,dbms,clickbench,postgresql-indexed-load,1,ip-172-31-19-62,olap,benchANT
2026-05-16 11:48:30+00:00,system,n_users,0,dbms,clickbench,postgresql-indexed-load,1,ip-172-31-19-62,olap,benchANT
2026-05-16 11:48:40+00:00,system,n_users,0,dbms,clickbench,postgresql-indexed-load,1,ip-172-31-19-62,olap,benchANT
2026-05-16 11:48:50+00:00,system,n_users,0,dbms,clickbench,postgresql-indexed-load,1,ip-172-31-19-62,olap,benchANT
2026-05-16 11:49:00+00:00,system,n_users,0,dbms,clickbench,postgresql-indexed-load,1,ip-172-31-19-62,olap,benchANT
2026-05-16 11:49:10+00:00,system,n_users,0,dbms,clickbench,postgresql-indexed-load,1,ip-172-31-19-62,olap,benchANT
2026-05-16 11:49:20+00:00,system,n_users,0,dbms,clickbench,postgresql-indexed-load,1,ip-172-31-19-62,olap,benchANT
2026-05-16 11:49:30+00:00,system,n_users,0,dbms,clickbench,postgresql-indexed-load,1,ip-172-31-19-62,olap,benchANT
2026-05-16 11:49:40+00:00,system,n_users,0,dbms,clickbench,postgresql-indexed-load,1,ip-172-31-19-62,olap,benchANT
2026-05-16 11:49:50+00:00,system,n_users,0,dbms,clickbench,postgresql-indexed-load,1,ip-172-31-19-62,olap,benchANT
2026-05-16 11:50:00+00:00,system,n_users,0,dbms,clickbench,postgresql-indexed-load,1,ip-172-31-19-62,olap,benchANT
2026-05-16 11:50:10+00:00,system,n_users,0,dbms,clickbench,postgresql-indexed-load,1,ip-172-31-19-62,olap,benchANT
2026-05-16 11:50:20+00:00,system,n_users,0,dbms,clickbench,postgresql-indexed-load,1,ip-172-31-19-62,olap,benchANT
2026-05-16 11:50:30+00:00,system,n_users,0,dbms,clickbench,postgresql-indexed-load,1,ip-172-31-19-62,olap,benchANT
2026-05-16 11:50:40+00:00,system,n_users,0,dbms,clickbench,postgresql-indexed-load,1,ip-172-31-19-62,olap,benchANT
2026-05-16 11:50:50+00:00,system,n_users,0,dbms,clickbench,postgresql-indexed-load,1,ip-172-31-19-62,olap,benchANT
2026-05-16 11:51:00+00:00,system,n_users,0,dbms,clickbench,postgresql-indexed-load,1,ip-172-31-19-62,olap,benchANT
2026-05-16 11:51:10+00:00,system,n_users,0,dbms,clickbench,postgresql-indexed-load,1,ip-172-31-19-62,olap,benchANT
2026-05-16 11:51:20+00:00,system,n_users,0,dbms,clickbench,postgresql-indexed-load,1,ip-172-31-19-62,olap,benchANT
2026-05-16 11:51:30+00:00,system,n_users,0,dbms,clickbench,postgresql-indexed-load,1,ip-172-31-19-62,olap,benchANT
2026-05-16 11:51:40+00:00,system,n_users,0,dbms,clickbench,postgresql-indexed-load,1,ip-172-31-19-62,olap,benchANT
2026-05-16 11:51:50+00:00,system,n_users,0,dbms,clickbench,postgresql-indexed-load,1,ip-172-31-19-62,olap,benchANT
2026-05-16 11:52:00+00:00,system,n_users,0,dbms,clickbench,postgresql-indexed-load,1,ip-172-31-19-62,olap,benchANT
2026-05-16 11:52:10+00:00,system,n_users,0,dbms,clickbench,postgresql-indexed-load,1,ip-172-31-19-62,olap,benchANT
2026-05-16 11:52:20+00:00,system,n_users,0,dbms,clickbench,postgresql-indexed-load,1,ip-172-31-19-62,olap,benchANT
2026-05-16 11:52:30+00:00,system,n_users,0,dbms,clickbench,postgresql-indexed-load,1,ip-172-31-19-62,olap,benchANT
2026-05-16 11:52:40+00:00,system,n_users,0,dbms,clickbench,postgresql-indexed-load,1,ip-172-31-19-62,olap,benchANT
2026-05-16 11:52:50+00:00,system,n_users,0,dbms,clickbench,postgresql-indexed-load,1,ip-172-31-19-62,olap,benchANT
2026-05-16 11:53:00+00:00,system,n_users,0,dbms,clickbench,postgresql-indexed-load,1,ip-172-31-19-62,olap,benchANT
2026-05-16 11:53:10+00:00,system,n_users,0,dbms,clickbench,postgresql-indexed-load,1,ip-172-31-19-62,olap,benchANT
2026-05-16 11:53:20+00:00,system,n_users,0,dbms,clickbench,postgresql-indexed-load,1,ip-172-31-19-62,olap,benchANT
2026-05-16 11:53:30+00:00,system,n_users,0,dbms,clickbench,postgresql-indexed-load,1,ip-172-31-19-62,olap,benchANT
2026-05-16 11:53:40+00:00,system,n_users,0,dbms,clickbench,postgresql-indexed-load,1,ip-172-31-19-62,olap,benchANT
2026-05-16 11:53:50+00:00,system,n_users,0,dbms,clickbench,postgresql-indexed-load,1,ip-172-31-19-62,olap,benchANT
2026-05-16 11:54:00+00:00,system,n_users,0,dbms,clickbench,postgresql-indexed-load,1,ip-172-31-19-62,olap,benchANT
2026-05-16 11:54:10+00:00,system,n_users,0,dbms,clickbench,postgresql-indexed-load,1,ip-172-31-19-62,olap,benchANT
2026-05-16 11:54:20+00:00,system,n_users,0,dbms,clickbench,postgresql-indexed-load,1,ip-172-31-19-62,olap,benchANT
2026-05-16 11:54:30+00:00,system,n_users,0,dbms,clickbench,postgresql-indexed-load,1,ip-172-31-19-62,olap,benchANT
2026-05-16 11:54:40+00:00,system,n_users,0,dbms,clickbench,postgresql-indexed-load,1,ip-172-31-19-62,olap,benchANT
2026-05-16 11:54:50+00:00,system,n_users,0,dbms,clickbench,postgresql-indexed-load,1,ip-172-31-19-62,olap,benchANT
2026-05-16 11:55:00+00:00,system,n_users,0,dbms,clickbench,postgresql-indexed-load,1,ip-172-31-19-62,olap,benchANT
2026-05-16 11:55:10+00:00,system,n_users,0,dbms,clickbench,postgresql-indexed-load,1,ip-172-31-19-62,olap,benchANT
2026-05-16 11:55:20+00:00,system,n_users,0,dbms,clickbench,postgresql-indexed-load,1,ip-172-31-19-62,olap,benchANT
2026-05-16 11:55:30+00:00,system,n_users,0,dbms,clickbench,postgresql-indexed-load,1,ip-172-31-19-62,olap,benchANT
2026-05-16 11:55:40+00:00,system,n_users,0,dbms,clickbench,postgresql-indexed-load,1,ip-172-31-19-62,olap,benchANT
2026-05-16 11:55:50+00:00,system,n_users,0,dbms,clickbench,postgresql-indexed-load,1,ip-172-31-19-62,olap,benchANT
2026-05-16 11:56:00+00:00,system,n_users,0,dbms,clickbench,postgresql-indexed-load,1,ip-172-31-19-62,olap,benchANT
2026-05-16 11:56:10+00:00,system,n_users,0,dbms,clickbench,postgresql-indexed-load,1,ip-172-31-19-62,olap,benchANT
2026-05-16 11:56:20+00:00,system,n_users,0,dbms,clickbench,postgresql-indexed-load,1,ip-172-31-19-62,olap,benchANT
2026-05-16 11:56:30+00:00,system,n_users,0,dbms,clickbench,postgresql-indexed-load,1,ip-172-31-19-62,olap,benchANT
2026-05-16 11:56:40+00:00,system,n_users,0,dbms,clickbench,postgresql-indexed-load,1,ip-172-31-19-62,olap,benchANT
2026-05-16 11:56:50+00:00,system,n_users,0,dbms,clickbench,postgresql-indexed-load,1,ip-172-31-19-62,olap,benchANT
2026-05-16 11:57:00+00:00,system,n_users,0,dbms,clickbench,postgresql-indexed-load,1,ip-172-31-19-62,olap,benchANT
2026-05-16 11:57:10+00:00,system,n_users,0,dbms,clickbench,postgresql-indexed-load,1,ip-172-31-19-62,olap,benchANT
2026-05-16 11:57:20+00:00,system,n_users,0,dbms,clickbench,postgresql-indexed-load,1,ip-172-31-19-62,olap,benchANT
2026-05-16 11:57:30+00:00,system,n_users,0,dbms,clickbench,postgresql-indexed-load,1,ip-172-31-19-62,olap,benchANT
2026-05-16 11:57:40+00:00,system,n_users,0,dbms,clickbench,postgresql-indexed-load,1,ip-172-31-19-62,olap,benchANT
2026-05-16 11:57:50+00:00,system,n_users,0,dbms,clickbench,postgresql-indexed-load,1,ip-172-31-19-62,olap,benchANT
2026-05-16 11:58:00+00:00,system,n_users,0,dbms,clickbench,postgresql-indexed-load,1,ip-172-31-19-62,olap,benchANT
2026-05-16 11:58:10+00:00,system,n_users,0,dbms,clickbench,postgresql-indexed-load,1,ip-172-31-19-62,olap,benchANT
2026-05-16 11:58:20+00:00,system,n_users,0,dbms,clickbench,postgresql-indexed-load,1,ip-172-31-19-62,olap,benchANT
2026-05-16 11:58:30+00:00,system,n_users,0,dbms,clickbench,postgresql-indexed-load,1,ip-172-31-19-62,olap,benchANT
2026-05-16 11:58:40+00:00,system,n_users,0,dbms,clickbench,postgresql-indexed-load,1,ip-172-31-19-62,olap,benchANT
2026-05-16 11:58:50+00:00,system,n_users,0,dbms,clickbench,postgresql-indexed-load,1,ip-172-31-19-62,olap,benchANT
2026-05-16 11:59:00+00:00,system,n_users,0,dbms,clickbench,postgresql-indexed-load,1,ip-172-31-19-62,olap,benchANT
2026-05-16 11:59:10+00:00,system,n_users,0,dbms,clickbench,postgresql-indexed-load,1,ip-172-31-19-62,olap,benchANT
2026-05-16 11:59:20+00:00,system,n_users,0,dbms,clickbench,postgresql-indexed-load,1,ip-172-31-19-62,olap,benchANT
2026-05-16 11:59:30+00:00,system,n_users,0,dbms,clickbench,postgresql-indexed-load,1,ip-172-31-19-62,olap,benchANT
2026-05-16 11:59:40+00:00,system,n_users,0,dbms,clickbench,postgresql-indexed-load,1,ip-172-31-19-62,olap,benchANT
2026-05-16 11:59:50+00:00,system,n_users,0,dbms,clickbench,postgresql-indexed-load,1,ip-172-31-19-62,olap,benchANT
2026-05-16 12:00:00+00:00,system,n_users,0,dbms,clickbench,postgresql-indexed-load,1,ip-172-31-19-62,olap,benchANT
2026-05-16 12:00:10+00:00,system,n_users,0,dbms,clickbench,postgresql-indexed-load,1,ip-172-31-19-62,olap,benchANT
2026-05-16 12:00:20+00:00,system,n_users,0,dbms,clickbench,postgresql-indexed-load,1,ip-172-31-19-62,olap,benchANT
2026-05-16 12:00:30+00:00,system,n_users,0,dbms,clickbench,postgresql-indexed-load,1,ip-172-31-19-62,olap,benchANT
2026-05-16 12:00:40+00:00,system,n_users,0,dbms,clickbench,postgresql-indexed-load,1,ip-172-31-19-62,olap,benchANT
2026-05-16 12:00:50+00:00,system,n_users,0,dbms,clickbench,postgresql-indexed-load,1,ip-172-31-19-62,olap,benchANT
2026-05-16 12:01:00+00:00,system,n_users,0,dbms,clickbench,postgresql-indexed-load,1,ip-172-31-19-62,olap,benchANT
2026-05-16 12:01:10+00:00,system,n_users,0,dbms,clickbench,postgresql-indexed-load,1,ip-172-31-19-62,olap,benchANT
2026-05-16 12:01:20+00:00,system,n_users,0,dbms,clickbench,postgresql-indexed-load,1,ip-172-31-19-62,olap,benchANT
2026-05-16 12:01:30+00:00,system,n_users,0,dbms,clickbench,postgresql-indexed-load,1,ip-172-31-19-62,olap,benchANT
2026-05-16 12:01:40+00:00,system,n_users,0,dbms,clickbench,postgresql-indexed-load,1,ip-172-31-19-62,olap,benchANT
2026-05-16 12:01:50+00:00,system,n_users,0,dbms,clickbench,postgresql-indexed-load,1,ip-172-31-19-62,olap,benchANT
2026-05-16 12:02:00+00:00,system,n_users,0,dbms,clickbench,postgresql-indexed-load,1,ip-172-31-19-62,olap,benchANT
2026-05-16 12:02:10+00:00,system,n_users,0,dbms,clickbench,postgresql-indexed-load,1,ip-172-31-19-62,olap,benchANT
2026-05-16 12:02:20+00:00,system,n_users,0,dbms,clickbench,postgresql-indexed-load,1,ip-172-31-19-62,olap,benchANT
2026-05-16 12:02:30+00:00,system,n_users,0,dbms,clickbench,postgresql-indexed-load,1,ip-172-31-19-62,olap,benchANT
2026-05-16 12:02:40+00:00,system,n_users,0,dbms,clickbench,postgresql-indexed-load,1,ip-172-31-19-62,olap,benchANT
2026-05-16 12:02:50+00:00,system,n_users,0,dbms,clickbench,postgresql-indexed-load,1,ip-172-31-19-62,olap,benchANT
2026-05-16 12:03:00+00:00,system,n_users,0,dbms,clickbench,postgresql-indexed-load,1,ip-172-31-19-62,olap,benchANT
2026-05-16 12:03:10+00:00,system,n_users,0,dbms,clickbench,postgresql-indexed-load,1,ip-172-31-19-62,olap,benchANT
2026-05-16 12:03:20+00:00,system,n_users,0,dbms,clickbench,postgresql-indexed-load,1,ip-172-31-19-62,olap,benchANT
2026-05-16 12:03:30+00:00,system,n_users,0,dbms,clickbench,postgresql-indexed-load,1,ip-172-31-19-62,olap,benchANT
2026-05-16 12:03:40+00:00,system,n_users,0,dbms,clickbench,postgresql-indexed-load,1,ip-172-31-19-62,olap,benchANT
2026-05-16 12:03:50+00:00,system,n_users,0,dbms,clickbench,postgresql-indexed-load,1,ip-172-31-19-62,olap,benchANT
2026-05-16 12:04:00+00:00,system,n_users,0,dbms,clickbench,postgresql-indexed-load,1,ip-172-31-19-62,olap,benchANT
2026-05-16 12:04:10+00:00,system,n_users,0,dbms,clickbench,postgresql-indexed-load,1,ip-172-31-19-62,olap,benchANT
2026-05-16 12:04:20+00:00,system,n_users,0,dbms,clickbench,postgresql-indexed-load,1,ip-172-31-19-62,olap,benchANT
2026-05-16 12:04:30+00:00,system,n_users,0,dbms,clickbench,postgresql-indexed-load,1,ip-172-31-19-62,olap,benchANT
2026-05-16 12:04:40+00:00,system,n_users,0,dbms,clickbench,postgresql-indexed-load,1,ip-172-31-19-62,olap,benchANT
2026-05-16 12:04:50+00:00,system,n_users,0,dbms,clickbench,postgresql-indexed-load,1,ip-172-31-19-62,olap,benchANT
2026-05-16 12:05:00+00:00,system,n_users,0,dbms,clickbench,postgresql-indexed-load,1,ip-172-31-19-62,olap,benchANT
2026-05-16 12:05:10+00:00,system,n_users,0,dbms,clickbench,postgresql-indexed-load,1,ip-172-31-19-62,olap,benchANT
2026-05-16 12:05:20+00:00,system,n_users,0,dbms,clickbench,postgresql-indexed-load,1,ip-172-31-19-62,olap,benchANT
2026-05-16 12:05:30+00:00,system,n_users,0,dbms,clickbench,postgresql-indexed-load,1,ip-172-31-19-62,olap,benchANT
2026-05-16 12:05:40+00:00,system,n_users,0,dbms,clickbench,postgresql-indexed-load,1,ip-172-31-19-62,olap,benchANT
2026-05-16 12:05:50+00:00,system,n_users,0,dbms,clickbench,postgresql-indexed-load,1,ip-172-31-19-62,olap,benchANT
2026-05-16 12:06:00+00:00,system,n_users,0,dbms,clickbench,postgresql-indexed-load,1,ip-172-31-19-62,olap,benchANT
2026-05-16 12:06:10+00:00,system,n_users,0,dbms,clickbench,postgresql-indexed-load,1,ip-172-31-19-62,olap,benchANT
2026-05-16 12:06:20+00:00,system,n_users,0,dbms,clickbench,postgresql-indexed-load,1,ip-172-31-19-62,olap,benchANT
2026-05-16 12:06:30+00:00,system,n_users,0,dbms,clickbench,postgresql-indexed-load,1,ip-172-31-19-62,olap,benchANT
2026-05-16 12:06:40+00:00,system,n_users,0,dbms,clickbench,postgresql-indexed-load,1,ip-172-31-19-62,olap,benchANT
2026-05-16 12:06:50+00:00,system,n_users,0,dbms,clickbench,postgresql-indexed-load,1,ip-172-31-19-62,olap,benchANT
2026-05-16 12:07:00+00:00,system,n_users,0,dbms,clickbench,postgresql-indexed-load,1,ip-172-31-19-62,olap,benchANT
2026-05-16 12:07:10+00:00,system,n_users,0,dbms,clickbench,postgresql-indexed-load,1,ip-172-31-19-62,olap,benchANT
2026-05-16 12:07:20+00:00,system,n_users,0,dbms,clickbench,postgresql-indexed-load,1,ip-172-31-19-62,olap,benchANT
2026-05-16 12:07:30+00:00,system,n_users,0,dbms,clickbench,postgresql-indexed-load,1,ip-172-31-19-62,olap,benchANT
2026-05-16 12:07:40+00:00,system,n_users,0,dbms,clickbench,postgresql-indexed-load,1,ip-172-31-19-62,olap,benchANT
2026-05-16 12:07:50+00:00,system,n_users,0,dbms,clickbench,postgresql-indexed-load,1,ip-172-31-19-62,olap,benchANT
2026-05-16 12:08:00+00:00,system,n_users,0,dbms,clickbench,postgresql-indexed-load,1,ip-172-31-19-62,olap,benchANT
2026-05-16 12:08:10+00:00,system,n_users,0,dbms,clickbench,postgresql-indexed-load,1,ip-172-31-19-62,olap,benchANT
2026-05-16 12:08:20+00:00,system,n_users,0,dbms,clickbench,postgresql-indexed-load,1,ip-172-31-19-62,olap,benchANT
2026-05-16 12:08:30+00:00,system,n_users,0,dbms,clickbench,postgresql-indexed-load,1,ip-172-31-19-62,olap,benchANT
2026-05-16 12:08:40+00:00,system,n_users,0,dbms,clickbench,postgresql-indexed-load,1,ip-172-31-19-62,olap,benchANT
2026-05-16 12:08:50+00:00,system,n_users,0,dbms,clickbench,postgresql-indexed-load,1,ip-172-31-19-62,olap,benchANT
2026-05-16 12:09:00+00:00,system,n_users,0,dbms,clickbench,postgresql-indexed-load,1,ip-172-31-19-62,olap,benchANT
2026-05-16 12:09:10+00:00,system,n_users,0,dbms,clickbench,postgresql-indexed-load,1,ip-172-31-19-62,olap,benchANT
2026-05-16 12:09:20+00:00,system,n_users,0,dbms,clickbench,postgresql-indexed-load,1,ip-172-31-19-62,olap,benchANT
2026-05-16 12:09:30+00:00,system,n_users,0,dbms,clickbench,postgresql-indexed-load,1,ip-172-31-19-62,olap,benchANT
2026-05-16 12:09:40+00:00,system,n_users,0,dbms,clickbench,postgresql-indexed-load,1,ip-172-31-19-62,olap,benchANT
2026-05-16 12:09:50+00:00,system,n_users,0,dbms,clickbench,postgresql-indexed-load,1,ip-172-31-19-62,olap,benchANT
2026-05-16 12:10:00+00:00,system,n_users,0,dbms,clickbench,postgresql-indexed-load,1,ip-172-31-19-62,olap,benchANT
2026-05-16 12:10:10+00:00,system,n_users,0,dbms,clickbench,postgresql-indexed-load,1,ip-172-31-19-62,olap,benchANT
2026-05-16 12:10:20+00:00,system,n_users,0,dbms,clickbench,postgresql-indexed-load,1,ip-172-31-19-62,olap,benchANT
2026-05-16 12:10:30+00:00,system,n_users,0,dbms,clickbench,postgresql-indexed-load,1,ip-172-31-19-62,olap,benchANT
2026-05-16 12:10:40+00:00,system,n_users,0,dbms,clickbench,postgresql-indexed-load,1,ip-172-31-19-62,olap,benchANT
2026-05-16 12:10:50+00:00,system,n_users,0,dbms,clickbench,postgresql-indexed-load,1,ip-172-31-19-62,olap,benchANT
2026-05-16 12:11:00+00:00,system,n_users,0,dbms,clickbench,postgresql-indexed-load,1,ip-172-31-19-62,olap,benchANT
2026-05-16 12:11:10+00:00,system,n_users,0,dbms,clickbench,postgresql-indexed-load,1,ip-172-31-19-62,olap,benchANT
2026-05-16 12:11:20+00:00,system,n_users,0,dbms,clickbench,postgresql-indexed-load,1,ip-172-31-19-62,olap,benchANT
2026-05-16 12:11:30+00:00,system,n_users,0,dbms,clickbench,postgresql-indexed-load,1,ip-172-31-19-62,olap,benchANT
2026-05-16 12:11:40+00:00,system,n_users,0,dbms,clickbench,postgresql-indexed-load,1,ip-172-31-19-62,olap,benchANT
2026-05-16 12:11:50+00:00,system,n_users,0,dbms,clickbench,postgresql-indexed-load,1,ip-172-31-19-62,olap,benchANT
2026-05-16 12:12:00+00:00,system,n_users,0,dbms,clickbench,postgresql-indexed-load,1,ip-172-31-19-62,olap,benchANT
2026-05-16 12:12:10+00:00,system,n_users,0,dbms,clickbench,postgresql-indexed-load,1,ip-172-31-19-62,olap,benchANT
2026-05-16 12:12:20+00:00,system,n_users,0,dbms,clickbench,postgresql-indexed-load,1,ip-172-31-19-62,olap,benchANT
2026-05-16 12:12:30+00:00,system,n_users,0,dbms,clickbench,postgresql-indexed-load,1,ip-172-31-19-62,olap,benchANT
2026-05-16 12:12:40+00:00,system,n_users,0,dbms,clickbench,postgresql-indexed-load,1,ip-172-31-19-62,olap,benchANT
2026-05-16 12:12:50+00:00,system,n_users,0,dbms,clickbench,postgresql-indexed-load,1,ip-172-31-19-62,olap,benchANT
2026-05-16 12:13:00+00:00,system,n_users,0,dbms,clickbench,postgresql-indexed-load,1,ip-172-31-19-62,olap,benchANT
2026-05-16 12:13:10+00:00,system,n_users,0,dbms,clickbench,postgresql-indexed-load,1,ip-172-31-19-62,olap,benchANT
2026-05-16 12:13:20+00:00,system,n_users,0,dbms,clickbench,postgresql-indexed-load,1,ip-172-31-19-62,olap,benchANT
2026-05-16 12:13:30+00:00,system,n_users,0,dbms,clickbench,postgresql-indexed-load,1,ip-172-31-19-62,olap,benchANT
2026-05-16 12:13:40+00:00,system,n_users,0,dbms,clickbench,postgresql-indexed-load,1,ip-172-31-19-62,olap,benchANT
2026-05-16 12:13:50+00:00,system,n_users,0,dbms,clickbench,postgresql-indexed-load,1,ip-172-31-19-62,olap,benchANT
2026-05-16 12:14:00+00:00,system,n_users,0,dbms,clickbench,postgresql-indexed-load,1,ip-172-31-19-62,olap,benchANT
2026-05-16 12:14:10+00:00,system,n_users,0,dbms,clickbench,postgresql-indexed-load,1,ip-172-31-19-62,olap,benchANT
2026-05-16 12:14:20+00:00,system,n_users,0,dbms,clickbench,postgresql-indexed-load,1,ip-172-31-19-62,olap,benchANT
2026-05-16 12:14:30+00:00,system,n_users,0,dbms,clickbench,postgresql-indexed-load,1,ip-172-31-19-62,olap,benchANT
2026-05-16 12:14:40+00:00,system,n_users,0,dbms,clickbench,postgresql-indexed-load,1,ip-172-31-19-62,olap,benchANT
2026-05-16 12:14:50+00:00,system,n_users,0,dbms,clickbench,postgresql-indexed-load,1,ip-172-31-19-62,olap,benchANT
2026-05-16 12:15:00+00:00,system,n_users,0,dbms,clickbench,postgresql-indexed-load,1,ip-172-31-19-62,olap,benchANT
2026-05-16 12:15:10+00:00,system,n_users,0,dbms,clickbench,postgresql-indexed-load,1,ip-172-31-19-62,olap,benchANT
2026-05-16 12:15:20+00:00,system,n_users,0,dbms,clickbench,postgresql-indexed-load,1,ip-172-31-19-62,olap,benchANT
2026-05-16 12:15:30+00:00,system,n_users,0,dbms,clickbench,postgresql-indexed-load,1,ip-172-31-19-62,olap,benchANT
2026-05-16 12:15:40+00:00,system,n_users,0,dbms,clickbench,postgresql-indexed-load,1,ip-172-31-19-62,olap,benchANT
2026-05-16 12:15:50+00:00,system,n_users,0,dbms,clickbench,postgresql-indexed-load,1,ip-172-31-19-62,olap,benchANT
2026-05-16 12:16:00+00:00,system,n_users,0,dbms,clickbench,postgresql-indexed-load,1,ip-172-31-19-62,olap,benchANT
2026-05-16 12:16:10+00:00,system,n_users,0,dbms,clickbench,postgresql-indexed-load,1,ip-172-31-19-62,olap,benchANT
2026-05-16 12:16:20+00:00,system,n_users,0,dbms,clickbench,postgresql-indexed-load,1,ip-172-31-19-62,olap,benchANT
2026-05-16 12:16:30+00:00,system,n_users,0,dbms,clickbench,postgresql-indexed-load,1,ip-172-31-19-62,olap,benchANT
2026-05-16 12:16:40+00:00,system,n_users,0,dbms,clickbench,postgresql-indexed-load,1,ip-172-31-19-62,olap,benchANT
2026-05-16 12:16:50+00:00,system,n_users,0,dbms,clickbench,postgresql-indexed-load,1,ip-172-31-19-62,olap,benchANT
2026-05-16 12:17:00+00:00,system,n_users,0,dbms,clickbench,postgresql-indexed-load,1,ip-172-31-19-62,olap,benchANT
2026-05-16 12:17:10+00:00,system,n_users,0,dbms,clickbench,postgresql-indexed-load,1,ip-172-31-19-62,olap,benchANT
2026-05-16 12:17:20+00:00,system,n_users,0,dbms,clickbench,postgresql-indexed-load,1,ip-172-31-19-62,olap,benchANT
2026-05-16 12:17:30+00:00,system,n_users,0,dbms,clickbench,postgresql-indexed-load,1,ip-172-31-19-62,olap,benchANT
2026-05-16 12:17:40+00:00,system,n_users,0,dbms,clickbench,postgresql-indexed-load,1,ip-172-31-19-62,olap,benchANT
2026-05-16 12:17:50+00:00,system,n_users,0,dbms,clickbench,postgresql-indexed-load,1,ip-172-31-19-62,olap,benchANT
2026-05-16 12:18:00+00:00,system,n_users,0,dbms,clickbench,postgresql-indexed-load,1,ip-172-31-19-62,olap,benchANT
2026-05-16 12:18:10+00:00,system,n_users,0,dbms,clickbench,postgresql-indexed-load,1,ip-172-31-19-62,olap,benchANT
2026-05-16 12:18:20+00:00,system,n_users,0,dbms,clickbench,postgresql-indexed-load,1,ip-172-31-19-62,olap,benchANT
2026-05-16 12:18:30+00:00,system,n_users,0,dbms,clickbench,postgresql-indexed-load,1,ip-172-31-19-62,olap,benchANT
2026-05-16 12:18:40+00:00,system,n_users,0,dbms,clickbench,postgresql-indexed-load,1,ip-172-31-19-62,olap,benchANT
2026-05-16 12:18:50+00:00,system,n_users,0,dbms,clickbench,postgresql-indexed-load,1,ip-172-31-19-62,olap,benchANT
2026-05-16 12:19:00+00:00,system,n_users,0,dbms,clickbench,postgresql-indexed-load,1,ip-172-31-19-62,olap,benchANT
2026-05-16 12:19:10+00:00,system,n_users,0,dbms,clickbench,postgresql-indexed-load,1,ip-172-31-19-62,olap,benchANT
2026-05-16 12:19:20+00:00,system,n_users,0,dbms,clickbench,postgresql-indexed-load,1,ip-172-31-19-62,olap,benchANT
2026-05-16 12:19:30+00:00,system,n_users,0,dbms,clickbench,postgresql-indexed-load,1,ip-172-31-19-62,olap,benchANT
2026-05-16 12:19:40+00:00,system,n_users,0,dbms,clickbench,postgresql-indexed-load,1,ip-172-31-19-62,olap,benchANT
2026-05-16 12:19:50+00:00,system,n_users,0,dbms,clickbench,postgresql-indexed-load,1,ip-172-31-19-62,olap,benchANT
2026-05-16 12:20:00+00:00,system,n_users,0,dbms,clickbench,postgresql-indexed-load,1,ip-172-31-19-62,olap,benchANT
2026-05-16 12:20:10+00:00,system,n_users,0,dbms,clickbench,postgresql-indexed-load,1,ip-172-31-19-62,olap,benchANT
2026-05-16 12:20:20+00:00,system,n_users,0,dbms,clickbench,postgresql-indexed-load,1,ip-172-31-19-62,olap,benchANT
2026-05-16 12:20:30+00:00,system,n_users,0,dbms,clickbench,postgresql-indexed-load,1,ip-172-31-19-62,olap,benchANT
2026-05-16 12:20:40+00:00,system,n_users,0,dbms,clickbench,postgresql-indexed-load,1,ip-172-31-19-62,olap,benchANT
2026-05-16 12:20:50+00:00,system,n_users,0,dbms,clickbench,postgresql-indexed-load,1,ip-172-31-19-62,olap,benchANT
2026-05-16 12:21:00+00:00,system,n_users,0,dbms,clickbench,postgresql-indexed-load,1,ip-172-31-19-62,olap,benchANT
2026-05-16 12:21:10+00:00,system,n_users,0,dbms,clickbench,postgresql-indexed-load,1,ip-172-31-19-62,olap,benchANT
2026-05-16 12:21:20+00:00,system,n_users,0,dbms,clickbench,postgresql-indexed-load,1,ip-172-31-19-62,olap,benchANT
2026-05-16 12:21:30+00:00,system,n_users,0,dbms,clickbench,postgresql-indexed-load,1,ip-172-31-19-62,olap,benchANT
2026-05-16 12:21:40+00:00,system,n_users,0,dbms,clickbench,postgresql-indexed-load,1,ip-172-31-19-62,olap,benchANT
2026-05-16 12:21:50+00:00,system,n_users,0,dbms,clickbench,postgresql-indexed-load,1,ip-172-31-19-62,olap,benchANT
2026-05-16 12:22:00+00:00,system,n_users,0,dbms,clickbench,postgresql-indexed-load,1,ip-172-31-19-62,olap,benchANT
2026-05-16 12:22:10+00:00,system,n_users,0,dbms,clickbench,postgresql-indexed-load,1,ip-172-31-19-62,olap,benchANT
2026-05-16 12:22:20+00:00,system,n_users,0,dbms,clickbench,postgresql-indexed-load,1,ip-172-31-19-62,olap,benchANT
2026-05-16 12:22:30+00:00,system,n_users,0,dbms,clickbench,postgresql-indexed-load,1,ip-172-31-19-62,olap,benchANT
2026-05-16 12:22:40+00:00,system,n_users,0,dbms,clickbench,postgresql-indexed-load,1,ip-172-31-19-62,olap,benchANT
2026-05-16 12:22:50+00:00,system,n_users,0,dbms,clickbench,postgresql-indexed-load,1,ip-172-31-19-62,olap,benchANT
2026-05-16 12:23:00+00:00,system,n_users,0,dbms,clickbench,postgresql-indexed-load,1,ip-172-31-19-62,olap,benchANT
2026-05-16 12:23:10+00:00,system,n_users,0,dbms,clickbench,postgresql-indexed-load,1,ip-172-31-19-62,olap,benchANT
2026-05-16 12:23:20+00:00,system,n_users,0,dbms,clickbench,postgresql-indexed-load,1,ip-172-31-19-62,olap,benchANT
2026-05-16 12:23:30+00:00,system,n_users,0,dbms,clickbench,postgresql-indexed-load,1,ip-172-31-19-62,olap,benchANT
2026-05-16 12:23:40+00:00,system,n_users,0,dbms,clickbench,postgresql-indexed-load,1,ip-172-31-19-62,olap,benchANT
2026-05-16 12:23:50+00:00,system,n_users,0,dbms,clickbench,postgresql-indexed-load,1,ip-172-31-19-62,olap,benchANT
2026-05-16 12:24:00+00:00,system,n_users,0,dbms,clickbench,postgresql-indexed-load,1,ip-172-31-19-62,olap,benchANT
2026-05-16 12:24:10+00:00,system,n_users,0,dbms,clickbench,postgresql-indexed-load,1,ip-172-31-19-62,olap,benchANT
2026-05-16 12:24:20+00:00,system,n_users,0,dbms,clickbench,postgresql-indexed-load,1,ip-172-31-19-62,olap,benchANT
2026-05-16 12:24:30+00:00,system,n_users,0,dbms,clickbench,postgresql-indexed-load,1,ip-172-31-19-62,olap,benchANT
2026-05-16 12:24:40+00:00,system,n_users,0,dbms,clickbench,postgresql-indexed-load,1,ip-172-31-19-62,olap,benchANT
2026-05-16 12:24:50+00:00,system,n_users,0,dbms,clickbench,postgresql-indexed-load,1,ip-172-31-19-62,olap,benchANT
2026-05-16 12:25:00+00:00,system,n_users,0,dbms,clickbench,postgresql-indexed-load,1,ip-172-31-19-62,olap,benchANT
2026-05-16 12:25:10+00:00,system,n_users,0,dbms,clickbench,postgresql-indexed-load,1,ip-172-31-19-62,olap,benchANT
2026-05-16 12:25:20+00:00,system,n_users,0,dbms,clickbench,postgresql-indexed-load,1,ip-172-31-19-62,olap,benchANT
2026-05-16 12:25:30+00:00,system,n_users,0,dbms,clickbench,postgresql-indexed-load,1,ip-172-31-19-62,olap,benchANT
2026-05-16 12:25:40+00:00,system,n_users,0,dbms,clickbench,postgresql-indexed-load,1,ip-172-31-19-62,olap,benchANT
2026-05-16 12:25:50+00:00,system,n_users,0,dbms,clickbench,postgresql-indexed-load,1,ip-172-31-19-62,olap,benchANT
2026-05-16 12:26:00+00:00,system,n_users,0,dbms,clickbench,postgresql-indexed-load,1,ip-172-31-19-62,olap,benchANT
2026-05-16 12:26:10+00:00,system,n_users,0,dbms,clickbench,postgresql-indexed-load,1,ip-172-31-19-62,olap,benchANT
2026-05-16 12:26:20+00:00,system,n_users,0,dbms,clickbench,postgresql-indexed-load,1,ip-172-31-19-62,olap,benchANT
2026-05-16 12:26:30+00:00,system,n_users,0,dbms,clickbench,postgresql-indexed-load,1,ip-172-31-19-62,olap,benchANT
2026-05-16 12:26:40+00:00,system,n_users,0,dbms,clickbench,postgresql-indexed-load,1,ip-172-31-19-62,olap,benchANT
2026-05-16 12:26:50+00:00,system,n_users,0,dbms,clickbench,postgresql-indexed-load,1,ip-172-31-19-62,olap,benchANT
2026-05-16 12:27:00+00:00,system,n_users,0,dbms,clickbench,postgresql-indexed-load,1,ip-172-31-19-62,olap,benchANT
2026-05-16 12:27:10+00:00,system,n_users,0,dbms,clickbench,postgresql-indexed-load,1,ip-172-31-19-62,olap,benchANT
2026-05-16 12:27:20+00:00,system,n_users,0,dbms,clickbench,postgresql-indexed-load,1,ip-172-31-19-62,olap,benchANT
2026-05-16 12:27:30+00:00,system,n_users,0,dbms,clickbench,postgresql-indexed-load,1,ip-172-31-19-62,olap,benchANT
2026-05-16 12:27:40+00:00,system,n_users,0,dbms,clickbench,postgresql-indexed-load,1,ip-172-31-19-62,olap,benchANT
2026-05-16 12:27:50+00:00,system,n_users,0,dbms,clickbench,postgresql-indexed-load,1,ip-172-31-19-62,olap,benchANT
2026-05-16 12:28:00+00:00,system,n_users,0,dbms,clickbench,postgresql-indexed-load,1,ip-172-31-19-62,olap,benchANT
2026-05-16 12:28:10+00:00,system,n_users,0,dbms,clickbench,postgresql-indexed-load,1,ip-172-31-19-62,olap,benchANT
2026-05-16 12:28:20+00:00,system,n_users,0,dbms,clickbench,postgresql-indexed-load,1,ip-172-31-19-62,olap,benchANT
2026-05-16 12:28:30+00:00,system,n_users,0,dbms,clickbench,postgresql-indexed-load,1,ip-172-31-19-62,olap,benchANT
2026-05-16 12:28:40+00:00,system,n_users,0,dbms,clickbench,postgresql-indexed-load,1,ip-172-31-19-62,olap,benchANT
2026-05-16 12:28:50+00:00,system,n_users,0,dbms,clickbench,postgresql-indexed-load,1,ip-172-31-19-62,olap,benchANT
2026-05-16 12:29:00+00:00,system,n_users,0,dbms,clickbench,postgresql-indexed-load,1,ip-172-31-19-62,olap,benchANT
2026-05-16 12:29:10+00:00,system,n_users,0,dbms,clickbench,postgresql-indexed-load,1,ip-172-31-19-62,olap,benchANT
2026-05-16 12:29:20+00:00,system,n_users,0,dbms,clickbench,postgresql-indexed-load,1,ip-172-31-19-62,olap,benchANT
2026-05-16 12:29:30+00:00,system,n_users,0,dbms,clickbench,postgresql-indexed-load,1,ip-172-31-19-62,olap,benchANT
2026-05-16 12:29:40+00:00,system,n_users,0,dbms,clickbench,postgresql-indexed-load,1,ip-172-31-19-62,olap,benchANT
2026-05-16 12:29:50+00:00,system,n_users,0,dbms,clickbench,postgresql-indexed-load,1,ip-172-31-19-62,olap,benchANT
2026-05-16 12:30:00+00:00,system,n_users,0,dbms,clickbench,postgresql-indexed-load,1,ip-172-31-19-62,olap,benchANT
2026-05-16 12:30:10+00:00,system,n_users,0,dbms,clickbench,postgresql-indexed-load,1,ip-172-31-19-62,olap,benchANT
2026-05-16 12:30:20+00:00,system,n_users,0,dbms,clickbench,postgresql-indexed-load,1,ip-172-31-19-62,olap,benchANT
2026-05-16 12:30:30+00:00,system,n_users,0,dbms,clickbench,postgresql-indexed-load,1,ip-172-31-19-62,olap,benchANT
2026-05-16 12:30:40+00:00,system,n_users,0,dbms,clickbench,postgresql-indexed-load,1,ip-172-31-19-62,olap,benchANT
2026-05-16 12:30:50+00:00,system,n_users,0,dbms,clickbench,postgresql-indexed-load,1,ip-172-31-19-62,olap,benchANT
2026-05-16 12:31:00+00:00,system,n_users,0,dbms,clickbench,postgresql-indexed-load,1,ip-172-31-19-62,olap,benchANT
2026-05-16 12:31:10+00:00,system,n_users,0,dbms,clickbench,postgresql-indexed-load,1,ip-172-31-19-62,olap,benchANT
2026-05-16 12:31:20+00:00,system,n_users,0,dbms,clickbench,postgresql-indexed-load,1,ip-172-31-19-62,olap,benchANT
2026-05-16 12:31:30+00:00,system,n_users,0,dbms,clickbench,postgresql-indexed-load,1,ip-172-31-19-62,olap,benchANT
2026-05-16 12:31:40+00:00,system,n_users,0,dbms,clickbench,postgresql-indexed-load,1,ip-172-31-19-62,olap,benchANT
2026-05-16 12:31:50+00:00,system,n_users,0,dbms,clickbench,postgresql-indexed-load,1,ip-172-31-19-62,olap,benchANT
2026-05-16 12:32:00+00:00,system,n_users,0,dbms,clickbench,postgresql-indexed-load,1,ip-172-31-19-62,olap,benchANT
2026-05-16 12:32:10+00:00,system,n_users,0,dbms,clickbench,postgresql-indexed-load,1,ip-172-31-19-62,olap,benchANT
2026-05-16 12:32:20+00:00,system,n_users,0,dbms,clickbench,postgresql-indexed-load,1,ip-172-31-19-62,olap,benchANT
2026-05-16 12:32:30+00:00,system,n_users,0,dbms,clickbench,postgresql-indexed-load,1,ip-172-31-19-62,olap,benchANT
2026-05-16 12:32:40+00:00,system,n_users,0,dbms,clickbench,postgresql-indexed-load,1,ip-172-31-19-62,olap,benchANT
2026-05-16 12:32:50+00:00,system,n_users,0,dbms,clickbench,postgresql-indexed-load,1,ip-172-31-19-62,olap,benchANT
2026-05-16 12:33:00+00:00,system,n_users,0,dbms,clickbench,postgresql-indexed-load,1,ip-172-31-19-62,olap,benchANT
2026-05-16 12:33:10+00:00,system,n_users,0,dbms,clickbench,postgresql-indexed-load,1,ip-172-31-19-62,olap,benchANT
2026-05-16 12:33:20+00:00,system,n_users,0,dbms,clickbench,postgresql-indexed-load,1,ip-172-31-19-62,olap,benchANT
2026-05-16 12:33:30+00:00,system,n_users,0,dbms,clickbench,postgresql-indexed-load,1,ip-172-31-19-62,olap,benchANT
2026-05-16 12:33:40+00:00,system,n_users,0,dbms,clickbench,postgresql-indexed-load,1,ip-172-31-19-62,olap,benchANT
2026-05-16 12:33:50+00:00,system,n_users,0,dbms,clickbench,postgresql-indexed-load,1,ip-172-31-19-62,olap,benchANT
2026-05-16 12:34:00+00:00,system,n_users,0,dbms,clickbench,postgresql-indexed-load,1,ip-172-31-19-62,olap,benchANT
2026-05-16 12:34:10+00:00,system,n_users,0,dbms,clickbench,postgresql-indexed-load,1,ip-172-31-19-62,olap,benchANT
2026-05-16 12:34:20+00:00,system,n_users,0,dbms,clickbench,postgresql-indexed-load,1,ip-172-31-19-62,olap,benchANT
2026-05-16 12:34:30+00:00,system,n_users,0,dbms,clickbench,postgresql-indexed-load,1,ip-172-31-19-62,olap,benchANT
2026-05-16 12:34:40+00:00,system,n_users,0,dbms,clickbench,postgresql-indexed-load,1,ip-172-31-19-62,olap,benchANT
2026-05-16 12:34:50+00:00,system,n_users,0,dbms,clickbench,postgresql-indexed-load,1,ip-172-31-19-62,olap,benchANT
2026-05-16 12:35:00+00:00,system,n_users,0,dbms,clickbench,postgresql-indexed-load,1,ip-172-31-19-62,olap,benchANT
2026-05-16 12:35:10+00:00,system,n_users,0,dbms,clickbench,postgresql-indexed-load,1,ip-172-31-19-62,olap,benchANT
2026-05-16 12:35:20+00:00,system,n_users,0,dbms,clickbench,postgresql-indexed-load,1,ip-172-31-19-62,olap,benchANT
2026-05-16 12:35:30+00:00,system,n_users,0,dbms,clickbench,postgresql-indexed-load,1,ip-172-31-19-62,olap,benchANT
2026-05-16 12:35:40+00:00,system,n_users,0,dbms,clickbench,postgresql-indexed-load,1,ip-172-31-19-62,olap,benchANT
2026-05-16 12:35:50+00:00,system,n_users,0,dbms,clickbench,postgresql-indexed-load,1,ip-172-31-19-62,olap,benchANT
2026-05-16 12:36:00+00:00,system,n_users,0,dbms,clickbench,postgresql-indexed-load,1,ip-172-31-19-62,olap,benchANT
2026-05-16 12:36:10+00:00,system,n_users,0,dbms,clickbench,postgresql-indexed-load,1,ip-172-31-19-62,olap,benchANT
2026-05-16 12:36:20+00:00,system,n_users,0,dbms,clickbench,postgresql-indexed-load,1,ip-172-31-19-62,olap,benchANT
2026-05-16 12:36:30+00:00,system,n_users,0,dbms,clickbench,postgresql-indexed-load,1,ip-172-31-19-62,olap,benchANT
2026-05-16 12:36:40+00:00,system,n_users,0,dbms,clickbench,postgresql-indexed-load,1,ip-172-31-19-62,olap,benchANT
2026-05-16 12:36:50+00:00,system,n_users,0,dbms,clickbench,postgresql-indexed-load,1,ip-172-31-19-62,olap,benchANT
2026-05-16 12:37:00+00:00,system,n_users,0,dbms,clickbench,postgresql-indexed-load,1,ip-172-31-19-62,olap,benchANT
2026-05-16 12:37:10+00:00,system,n_users,0,dbms,clickbench,postgresql-indexed-load,1,ip-172-31-19-62,olap,benchANT
2026-05-16 12:37:20+00:00,system,n_users,0,dbms,clickbench,postgresql-indexed-load,1,ip-172-31-19-62,olap,benchANT
2026-05-16 12:37:30+00:00,system,n_users,0,dbms,clickbench,postgresql-indexed-load,1,ip-172-31-19-62,olap,benchANT
2026-05-16 12:37:40+00:00,system,n_users,0,dbms,clickbench,postgresql-indexed-load,1,ip-172-31-19-62,olap,benchANT
2026-05-16 12:37:50+00:00,system,n_users,0,dbms,clickbench,postgresql-indexed-load,1,ip-172-31-19-62,olap,benchANT
2026-05-16 12:38:00+00:00,system,n_users,0,dbms,clickbench,postgresql-indexed-load,1,ip-172-31-19-62,olap,benchANT
2026-05-16 12:38:10+00:00,system,n_users,0,dbms,clickbench,postgresql-indexed-load,1,ip-172-31-19-62,olap,benchANT
2026-05-16 12:38:20+00:00,system,n_users,0,dbms,clickbench,postgresql-indexed-load,1,ip-172-31-19-62,olap,benchANT
2026-05-16 12:38:30+00:00,system,n_users,0,dbms,clickbench,postgresql-indexed-load,1,ip-172-31-19-62,olap,benchANT
2026-05-16 12:38:40+00:00,system,n_users,0,dbms,clickbench,postgresql-indexed-load,1,ip-172-31-19-62,olap,benchANT
2026-05-16 12:38:50+00:00,system,n_users,0,dbms,clickbench,postgresql-indexed-load,1,ip-172-31-19-62,olap,benchANT
2026-05-16 12:39:00+00:00,system,n_users,0,dbms,clickbench,postgresql-indexed-load,1,ip-172-31-19-62,olap,benchANT
2026-05-16 12:39:10+00:00,system,n_users,0,dbms,clickbench,postgresql-indexed-load,1,ip-172-31-19-62,olap,benchANT
2026-05-16 12:39:20+00:00,system,n_users,0,dbms,clickbench,postgresql-indexed-load,1,ip-172-31-19-62,olap,benchANT
2026-05-16 12:39:30+00:00,system,n_users,0,dbms,clickbench,postgresql-indexed-load,1,ip-172-31-19-62,olap,benchANT
2026-05-16 12:39:40+00:00,system,n_users,0,dbms,clickbench,postgresql-indexed-load,1,ip-172-31-19-62,olap,benchANT
2026-05-16 12:39:50+00:00,system,n_users,0,dbms,clickbench,postgresql-indexed-load,1,ip-172-31-19-62,olap,benchANT
2026-05-16 12:40:00+00:00,system,n_users,0,dbms,clickbench,postgresql-indexed-load,1,ip-172-31-19-62,olap,benchANT
2026-05-16 12:40:10+00:00,system,n_users,0,dbms,clickbench,postgresql-indexed-load,1,ip-172-31-19-62,olap,benchANT
2026-05-16 12:40:20+00:00,system,n_users,0,dbms,clickbench,postgresql-indexed-load,1,ip-172-31-19-62,olap,benchANT
2026-05-16 12:40:30+00:00,system,n_users,0,dbms,clickbench,postgresql-indexed-load,1,ip-172-31-19-62,olap,benchANT
2026-05-16 12:40:40+00:00,system,n_users,0,dbms,clickbench,postgresql-indexed-load,1,ip-172-31-19-62,olap,benchANT
2026-05-16 12:40:50+00:00,system,n_users,0,dbms,clickbench,postgresql-indexed-load,1,ip-172-31-19-62,olap,benchANT
2026-05-16 12:41:00+00:00,system,n_users,0,dbms,clickbench,postgresql-indexed-load,1,ip-172-31-19-62,olap,benchANT
2026-05-16 12:41:10+00:00,system,n_users,0,dbms,clickbench,postgresql-indexed-load,1,ip-172-31-19-62,olap,benchANT
2026-05-16 12:41:20+00:00,system,n_users,0,dbms,clickbench,postgresql-indexed-load,1,ip-172-31-19-62,olap,benchANT
2026-05-16 12:41:30+00:00,system,n_users,0,dbms,clickbench,postgresql-indexed-load,1,ip-172-31-19-62,olap,benchANT
2026-05-16 12:41:40+00:00,system,n_users,0,dbms,clickbench,postgresql-indexed-load,1,ip-172-31-19-62,olap,benchANT
2026-05-16 12:41:50+00:00,system,n_users,0,dbms,clickbench,postgresql-indexed-load,1,ip-172-31-19-62,olap,benchANT
2026-05-16 12:42:00+00:00,system,n_users,0,dbms,clickbench,postgresql-indexed-load,1,ip-172-31-19-62,olap,benchANT
2026-05-16 12:42:10+00:00,system,n_users,0,dbms,clickbench,postgresql-indexed-load,1,ip-172-31-19-62,olap,benchANT
2026-05-16 12:42:20+00:00,system,n_users,0,dbms,clickbench,postgresql-indexed-load,1,ip-172-31-19-62,olap,benchANT
2026-05-16 12:42:30+00:00,system,n_users,0,dbms,clickbench,postgresql-indexed-load,1,ip-172-31-19-62,olap,benchANT
2026-05-16 12:42:40+00:00,system,n_users,0,dbms,clickbench,postgresql-indexed-load,1,ip-172-31-19-62,olap,benchANT
2026-05-16 12:42:50+00:00,system,n_users,0,dbms,clickbench,postgresql-indexed-load,1,ip-172-31-19-62,olap,benchANT
2026-05-16 12:43:00+00:00,system,n_users,0,dbms,clickbench,postgresql-indexed-load,1,ip-172-31-19-62,olap,benchANT
2026-05-16 12:43:10+00:00,system,n_users,0,dbms,clickbench,postgresql-indexed-load,1,ip-172-31-19-62,olap,benchANT
2026-05-16 12:43:20+00:00,system,n_users,0,dbms,clickbench,postgresql-indexed-load,1,ip-172-31-19-62,olap,benchANT
2026-05-16 12:43:30+00:00,system,n_users,0,dbms,clickbench,postgresql-indexed-load,1,ip-172-31-19-62,olap,benchANT
2026-05-16 12:43:40+00:00,system,n_users,0,dbms,clickbench,postgresql-indexed-load,1,ip-172-31-19-62,olap,benchANT
2026-05-16 12:43:50+00:00,system,n_users,0,dbms,clickbench,postgresql-indexed-load,1,ip-172-31-19-62,olap,benchANT
2026-05-16 12:44:00+00:00,system,n_users,0,dbms,clickbench,postgresql-indexed-load,1,ip-172-31-19-62,olap,benchANT
2026-05-16 12:44:10+00:00,system,n_users,0,dbms,clickbench,postgresql-indexed-load,1,ip-172-31-19-62,olap,benchANT
2026-05-16 12:44:20+00:00,system,n_users,0,dbms,clickbench,postgresql-indexed-load,1,ip-172-31-19-62,olap,benchANT
2026-05-16 12:44:30+00:00,system,n_users,0,dbms,clickbench,postgresql-indexed-load,1,ip-172-31-19-62,olap,benchANT
2026-05-16 12:44:40+00:00,system,n_users,0,dbms,clickbench,postgresql-indexed-load,1,ip-172-31-19-62,olap,benchANT
2026-05-16 12:44:50+00:00,system,n_users,0,dbms,clickbench,postgresql-indexed-load,1,ip-172-31-19-62,olap,benchANT
2026-05-16 12:45:00+00:00,system,n_users,0,dbms,clickbench,postgresql-indexed-load,1,ip-172-31-19-62,olap,benchANT
2026-05-16 12:45:10+00:00,system,n_users,0,dbms,clickbench,postgresql-indexed-load,1,ip-172-31-19-62,olap,benchANT
2026-05-16 12:45:20+00:00,system,n_users,0,dbms,clickbench,postgresql-indexed-load,1,ip-172-31-19-62,olap,benchANT
2026-05-16 12:45:30+00:00,system,n_users,0,dbms,clickbench,postgresql-indexed-load,1,ip-172-31-19-62,olap,benchANT
2026-05-16 12:45:40+00:00,system,n_users,0,dbms,clickbench,postgresql-indexed-load,1,ip-172-31-19-62,olap,benchANT
2026-05-16 12:45:50+00:00,system,n_users,0,dbms,clickbench,postgresql-indexed-load,1,ip-172-31-19-62,olap,benchANT
2026-05-16 12:46:00+00:00,system,n_users,0,dbms,clickbench,postgresql-indexed-load,1,ip-172-31-19-62,olap,benchANT
2026-05-16 12:46:10+00:00,system,n_users,0,dbms,clickbench,postgresql-indexed-load,1,ip-172-31-19-62,olap,benchANT
2026-05-16 12:46:20+00:00,system,n_users,0,dbms,clickbench,postgresql-indexed-load,1,ip-172-31-19-62,olap,benchANT
2026-05-16 12:46:30+00:00,system,n_users,0,dbms,clickbench,postgresql-indexed-load,1,ip-172-31-19-62,olap,benchANT
2026-05-16 12:46:40+00:00,system,n_users,0,dbms,clickbench,postgresql-indexed-load,1,ip-172-31-19-62,olap,benchANT
2026-05-16 12:46:50+00:00,system,n_users,0,dbms,clickbench,postgresql-indexed-load,1,ip-172-31-19-62,olap,benchANT
2026-05-16 12:47:00+00:00,system,n_users,0,dbms,clickbench,postgresql-indexed-load,1,ip-172-31-19-62,olap,benchANT
2026-05-16 12:47:10+00:00,system,n_users,0,dbms,clickbench,postgresql-indexed-load,1,ip-172-31-19-62,olap,benchANT
2026-05-16 12:47:20+00:00,system,n_users,0,dbms,clickbench,postgresql-indexed-load,1,ip-172-31-19-62,olap,benchANT
2026-05-16 12:47:30+00:00,system,n_users,0,dbms,clickbench,postgresql-indexed-load,1,ip-172-31-19-62,olap,benchANT
2026-05-16 12:47:40+00:00,system,n_users,0,dbms,clickbench,postgresql-indexed-load,1,ip-172-31-19-62,olap,benchANT
2026-05-16 12:47:50+00:00,system,n_users,0,dbms,clickbench,postgresql-indexed-load,1,ip-172-31-19-62,olap,benchANT
2026-05-16 12:48:00+00:00,system,n_users,0,dbms,clickbench,postgresql-indexed-load,1,ip-172-31-19-62,olap,benchANT
2026-05-16 12:48:10+00:00,system,n_users,0,dbms,clickbench,postgresql-indexed-load,1,ip-172-31-19-62,olap,benchANT
2026-05-16 12:48:20+00:00,system,n_users,0,dbms,clickbench,postgresql-indexed-load,1,ip-172-31-19-62,olap,benchANT
2026-05-16 12:48:30+00:00,system,n_users,0,dbms,clickbench,postgresql-indexed-load,1,ip-172-31-19-62,olap,benchANT
2026-05-16 12:48:40+00:00,system,n_users,0,dbms,clickbench,postgresql-indexed-load,1,ip-172-31-19-62,olap,benchANT
2026-05-16 12:48:50+00:00,system,n_users,0,dbms,clickbench,postgresql-indexed-load,1,ip-172-31-19-62,olap,benchANT
2026-05-16 12:49:00+00:00,system,n_users,0,dbms,clickbench,postgresql-indexed-load,1,ip-172-31-19-62,olap,benchANT
2026-05-16 12:49:10+00:00,system,n_users,0,dbms,clickbench,postgresql-indexed-load,1,ip-172-31-19-62,olap,benchANT
2026-05-16 12:49:20+00:00,system,n_users,0,dbms,clickbench,postgresql-indexed-load,1,ip-172-31-19-62,olap,benchANT
2026-05-16 12:49:30+00:00,system,n_users,0,dbms,clickbench,postgresql-indexed-load,1,ip-172-31-19-62,olap,benchANT
2026-05-16 12:49:40+00:00,system,n_users,0,dbms,clickbench,postgresql-indexed-load,1,ip-172-31-19-62,olap,benchANT
2026-05-16 12:49:50+00:00,system,n_users,0,dbms,clickbench,postgresql-indexed-load,1,ip-172-31-19-62,olap,benchANT
2026-05-16 12:50:00+00:00,system,n_users,0,dbms,clickbench,postgresql-indexed-load,1,ip-172-31-19-62,olap,benchANT
2026-05-16 12:50:10+00:00,system,n_users,0,dbms,clickbench,postgresql-indexed-load,1,ip-172-31-19-62,olap,benchANT
2026-05-16 12:50:20+00:00,system,n_users,0,dbms,clickbench,postgresql-indexed-load,1,ip-172-31-19-62,olap,benchANT
2026-05-16 12:50:30+00:00,system,n_users,0,dbms,clickbench,postgresql-indexed-load,1,ip-172-31-19-62,olap,benchANT
2026-05-16 12:50:40+00:00,system,n_users,0,dbms,clickbench,postgresql-indexed-load,1,ip-172-31-19-62,olap,benchANT
2026-05-16 12:50:50+00:00,system,n_users,0,dbms,clickbench,postgresql-indexed-load,1,ip-172-31-19-62,olap,benchANT
2026-05-16 12:51:00+00:00,system,n_users,0,dbms,clickbench,postgresql-indexed-load,1,ip-172-31-19-62,olap,benchANT
2026-05-16 12:51:10+00:00,system,n_users,0,dbms,clickbench,postgresql-indexed-load,1,ip-172-31-19-62,olap,benchANT
2026-05-16 12:51:20+00:00,system,n_users,0,dbms,clickbench,postgresql-indexed-load,1,ip-172-31-19-62,olap,benchANT
2026-05-16 12:51:30+00:00,system,n_users,0,dbms,clickbench,postgresql-indexed-load,1,ip-172-31-19-62,olap,benchANT
2026-05-16 12:51:40+00:00,system,n_users,0,dbms,clickbench,postgresql-indexed-load,1,ip-172-31-19-62,olap,benchANT
2026-05-16 12:51:50+00:00,system,n_users,0,dbms,clickbench,postgresql-indexed-load,1,ip-172-31-19-62,olap,benchANT
2026-05-16 12:52:00+00:00,system,n_users,0,dbms,clickbench,postgresql-indexed-load,1,ip-172-31-19-62,olap,benchANT
2026-05-16 12:52:10+00:00,system,n_users,0,dbms,clickbench,postgresql-indexed-load,1,ip-172-31-19-62,olap,benchANT
2026-05-16 12:52:20+00:00,system,n_users,0,dbms,clickbench,postgresql-indexed-load,1,ip-172-31-19-62,olap,benchANT
2026-05-16 12:52:30+00:00,system,n_users,0,dbms,clickbench,postgresql-indexed-load,1,ip-172-31-19-62,olap,benchANT
2026-05-16 12:52:40+00:00,system,n_users,0,dbms,clickbench,postgresql-indexed-load,1,ip-172-31-19-62,olap,benchANT
2026-05-16 12:52:50+00:00,system,n_users,0,dbms,clickbench,postgresql-indexed-load,1,ip-172-31-19-62,olap,benchANT
2026-05-16 12:53:00+00:00,system,n_users,0,dbms,clickbench,postgresql-indexed-load,1,ip-172-31-19-62,olap,benchANT
2026-05-16 12:53:10+00:00,system,n_users,0,dbms,clickbench,postgresql-indexed-load,1,ip-172-31-19-62,olap,benchANT
2026-05-16 12:53:20+00:00,system,n_users,0,dbms,clickbench,postgresql-indexed-load,1,ip-172-31-19-62,olap,benchANT
2026-05-16 12:53:30+00:00,system,n_users,0,dbms,clickbench,postgresql-indexed-load,1,ip-172-31-19-62,olap,benchANT
2026-05-16 12:53:40+00:00,system,n_users,0,dbms,clickbench,postgresql-indexed-load,1,ip-172-31-19-62,olap,benchANT
2026-05-16 12:53:50+00:00,system,n_users,0,dbms,clickbench,postgresql-indexed-load,1,ip-172-31-19-62,olap,benchANT
2026-05-16 12:54:00+00:00,system,n_users,0,dbms,clickbench,postgresql-indexed-load,1,ip-172-31-19-62,olap,benchANT
2026-05-16 12:54:10+00:00,system,n_users,0,dbms,clickbench,postgresql-indexed-load,1,ip-172-31-19-62,olap,benchANT
2026-05-16 12:54:20+00:00,system,n_users,0,dbms,clickbench,postgresql-indexed-load,1,ip-172-31-19-62,olap,benchANT
2026-05-16 12:54:30+00:00,system,n_users,0,dbms,clickbench,postgresql-indexed-load,1,ip-172-31-19-62,olap,benchANT
2026-05-16 12:54:40+00:00,system,n_users,0,dbms,clickbench,postgresql-indexed-load,1,ip-172-31-19-62,olap,benchANT
2026-05-16 12:54:50+00:00,system,n_users,0,dbms,clickbench,postgresql-indexed-load,1,ip-172-31-19-62,olap,benchANT
2026-05-16 12:55:00+00:00,system,n_users,0,dbms,clickbench,postgresql-indexed-load,1,ip-172-31-19-62,olap,benchANT
2026-05-16 12:55:10+00:00,system,n_users,0,dbms,clickbench,postgresql-indexed-load,1,ip-172-31-19-62,olap,benchANT
2026-05-16 12:55:20+00:00,system,n_users,0,dbms,clickbench,postgresql-indexed-load,1,ip-172-31-19-62,olap,benchANT
2026-05-16 12:55:30+00:00,system,n_users,0,dbms,clickbench,postgresql-indexed-load,1,ip-172-31-19-62,olap,benchANT
2026-05-16 12:55:40+00:00,system,n_users,0,dbms,clickbench,postgresql-indexed-load,1,ip-172-31-19-62,olap,benchANT
2026-05-16 12:55:50+00:00,system,n_users,0,dbms,clickbench,postgresql-indexed-load,1,ip-172-31-19-62,olap,benchANT
2026-05-16 12:56:00+00:00,system,n_users,0,dbms,clickbench,postgresql-indexed-load,1,ip-172-31-19-62,olap,benchANT
2026-05-16 12:56:10+00:00,system,n_users,0,dbms,clickbench,postgresql-indexed-load,1,ip-172-31-19-62,olap,benchANT
2026-05-16 12:56:20+00:00,system,n_users,0,dbms,clickbench,postgresql-indexed-load,1,ip-172-31-19-62,olap,benchANT
2026-05-16 12:56:30+00:00,system,n_users,0,dbms,clickbench,postgresql-indexed-load,1,ip-172-31-19-62,olap,benchANT
2026-05-16 12:56:40+00:00,system,n_users,0,dbms,clickbench,postgresql-indexed-load,1,ip-172-31-19-62,olap,benchANT
2026-05-16 12:56:50+00:00,system,n_users,0,dbms,clickbench,postgresql-indexed-load,1,ip-172-31-19-62,olap,benchANT
2026-05-16 12:57:00+00:00,system,n_users,0,dbms,clickbench,postgresql-indexed-load,1,ip-172-31-19-62,olap,benchANT
2026-05-16 12:57:10+00:00,system,n_users,0,dbms,clickbench,postgresql-indexed-load,1,ip-172-31-19-62,olap,benchANT
2026-05-16 12:57:20+00:00,system,n_users,0,dbms,clickbench,postgresql-indexed-load,1,ip-172-31-19-62,olap,benchANT
2026-05-16 12:57:30+00:00,system,n_users,0,dbms,clickbench,postgresql-indexed-load,1,ip-172-31-19-62,olap,benchANT
2026-05-16 12:57:40+00:00,system,n_users,0,dbms,clickbench,postgresql-indexed-load,1,ip-172-31-19-62,olap,benchANT
2026-05-16 12:57:50+00:00,system,n_users,0,dbms,clickbench,postgresql-indexed-load,1,ip-172-31-19-62,olap,benchANT
2026-05-16 12:58:00+00:00,system,n_users,0,dbms,clickbench,postgresql-indexed-load,1,ip-172-31-19-62,olap,benchANT
2026-05-16 12:58:10+00:00,system,n_users,0,dbms,clickbench,postgresql-indexed-load,1,ip-172-31-19-62,olap,benchANT
2026-05-16 12:58:20+00:00,system,n_users,0,dbms,clickbench,postgresql-indexed-load,1,ip-172-31-19-62,olap,benchANT
2026-05-16 12:58:30+00:00,system,n_users,0,dbms,clickbench,postgresql-indexed-load,1,ip-172-31-19-62,olap,benchANT
2026-05-16 12:58:40+00:00,system,n_users,0,dbms,clickbench,postgresql-indexed-load,1,ip-172-31-19-62,olap,benchANT
2026-05-16 12:58:50+00:00,system,n_users,0,dbms,clickbench,postgresql-indexed-load,1,ip-172-31-19-62,olap,benchANT
2026-05-16 12:59:00+00:00,system,n_users,0,dbms,clickbench,postgresql-indexed-load,1,ip-172-31-19-62,olap,benchANT
2026-05-16 12:59:10+00:00,system,n_users,0,dbms,clickbench,postgresql-indexed-load,1,ip-172-31-19-62,olap,benchANT
2026-05-16 12:59:20+00:00,system,n_users,0,dbms,clickbench,postgresql-indexed-load,1,ip-172-31-19-62,olap,benchANT
2026-05-16 12:59:30+00:00,system,n_users,0,dbms,clickbench,postgresql-indexed-load,1,ip-172-31-19-62,olap,benchANT
2026-05-16 12:59:40+00:00,system,n_users,0,dbms,clickbench,postgresql-indexed-load,1,ip-172-31-19-62,olap,benchANT
2026-05-16 12:59:50+00:00,system,n_users,0,dbms,clickbench,postgresql-indexed-load,1,ip-172-31-19-62,olap,benchANT
2026-05-16 13:00:00+00:00,system,n_users,0,dbms,clickbench,postgresql-indexed-load,1,ip-172-31-19-62,olap,benchANT
2026-05-16 13:00:10+00:00,system,n_users,0,dbms,clickbench,postgresql-indexed-load,1,ip-172-31-19-62,olap,benchANT
2026-05-16 13:00:20+00:00,system,n_users,0,dbms,clickbench,postgresql-indexed-load,1,ip-172-31-19-62,olap,benchANT
2026-05-16 13:00:30+00:00,system,n_users,0,dbms,clickbench,postgresql-indexed-load,1,ip-172-31-19-62,olap,benchANT
2026-05-16 13:00:40+00:00,system,n_users,0,dbms,clickbench,postgresql-indexed-load,1,ip-172-31-19-62,olap,benchANT
2026-05-16 13:00:50+00:00,system,n_users,0,dbms,clickbench,postgresql-indexed-load,1,ip-172-31-19-62,olap,benchANT
2026-05-16 13:01:00+00:00,system,n_users,0,dbms,clickbench,postgresql-indexed-load,1,ip-172-31-19-62,olap,benchANT
2026-05-16 13:01:10+00:00,system,n_users,0,dbms,clickbench,postgresql-indexed-load,1,ip-172-31-19-62,olap,benchANT
2026-05-16 13:01:20+00:00,system,n_users,0,dbms,clickbench,postgresql-indexed-load,1,ip-172-31-19-62,olap,benchANT
2026-05-16 13:01:30+00:00,system,n_users,0,dbms,clickbench,postgresql-indexed-load,1,ip-172-31-19-62,olap,benchANT
2026-05-16 13:01:40+00:00,system,n_users,0,dbms,clickbench,postgresql-indexed-load,1,ip-172-31-19-62,olap,benchANT
2026-05-16 13:01:50+00:00,system,n_users,0,dbms,clickbench,postgresql-indexed-load,1,ip-172-31-19-62,olap,benchANT
2026-05-16 13:02:00+00:00,system,n_users,0,dbms,clickbench,postgresql-indexed-load,1,ip-172-31-19-62,olap,benchANT
2026-05-16 13:02:10+00:00,system,n_users,0,dbms,clickbench,postgresql-indexed-load,1,ip-172-31-19-62,olap,benchANT
2026-05-16 13:02:20+00:00,system,n_users,0,dbms,clickbench,postgresql-indexed-load,1,ip-172-31-19-62,olap,benchANT
2026-05-16 13:02:30+00:00,system,n_users,0,dbms,clickbench,postgresql-indexed-load,1,ip-172-31-19-62,olap,benchANT
2026-05-16 13:02:40+00:00,system,n_users,0,dbms,clickbench,postgresql-indexed-load,1,ip-172-31-19-62,olap,benchANT
2026-05-16 13:02:50+00:00,system,n_users,0,dbms,clickbench,postgresql-indexed-load,1,ip-172-31-19-62,olap,benchANT
2026-05-16 13:03:00+00:00,system,n_users,0,dbms,clickbench,postgresql-indexed-load,1,ip-172-31-19-62,olap,benchANT
2026-05-16 13:03:10+00:00,system,n_users,0,dbms,clickbench,postgresql-indexed-load,1,ip-172-31-19-62,olap,benchANT
2026-05-16 13:03:20+00:00,system,n_users,0,dbms,clickbench,postgresql-indexed-load,1,ip-172-31-19-62,olap,benchANT
2026-05-16 13:03:30+00:00,system,n_users,0,dbms,clickbench,postgresql-indexed-load,1,ip-172-31-19-62,olap,benchANT
2026-05-16 13:03:40+00:00,system,n_users,0,dbms,clickbench,postgresql-indexed-load,1,ip-172-31-19-62,olap,benchANT
2026-05-16 13:03:50+00:00,system,n_users,0,dbms,clickbench,postgresql-indexed-load,1,ip-172-31-19-62,olap,benchANT
2026-05-16 13:04:00+00:00,system,n_users,0,dbms,clickbench,postgresql-indexed-load,1,ip-172-31-19-62,olap,benchANT
2026-05-16 13:04:10+00:00,system,n_users,0,dbms,clickbench,postgresql-indexed-load,1,ip-172-31-19-62,olap,benchANT
2026-05-16 13:04:20+00:00,system,n_users,0,dbms,clickbench,postgresql-indexed-load,1,ip-172-31-19-62,olap,benchANT
2026-05-16 13:04:30+00:00,system,n_users,0,dbms,clickbench,postgresql-indexed-load,1,ip-172-31-19-62,olap,benchANT
2026-05-16 13:04:40+00:00,system,n_users,0,dbms,clickbench,postgresql-indexed-load,1,ip-172-31-19-62,olap,benchANT
2026-05-16 13:04:50+00:00,system,n_users,0,dbms,clickbench,postgresql-indexed-load,1,ip-172-31-19-62,olap,benchANT
2026-05-16 13:05:00+00:00,system,n_users,0,dbms,clickbench,postgresql-indexed-load,1,ip-172-31-19-62,olap,benchANT
2026-05-16 13:05:10+00:00,system,n_users,0,dbms,clickbench,postgresql-indexed-load,1,ip-172-31-19-62,olap,benchANT
2026-05-16 13:05:20+00:00,system,n_users,0,dbms,clickbench,postgresql-indexed-load,1,ip-172-31-19-62,olap,benchANT
2026-05-16 13:05:30+00:00,system,n_users,0,dbms,clickbench,postgresql-indexed-load,1,ip-172-31-19-62,olap,benchANT
2026-05-16 13:05:40+00:00,system,n_users,0,dbms,clickbench,postgresql-indexed-load,1,ip-172-31-19-62,olap,benchANT
2026-05-16 13:05:50+00:00,system,n_users,0,dbms,clickbench,postgresql-indexed-load,1,ip-172-31-19-62,olap,benchANT
2026-05-16 13:06:00+00:00,system,n_users,0,dbms,clickbench,postgresql-indexed-load,1,ip-172-31-19-62,olap,benchANT
2026-05-16 13:06:10+00:00,system,n_users,0,dbms,clickbench,postgresql-indexed-load,1,ip-172-31-19-62,olap,benchANT
2026-05-16 13:06:20+00:00,system,n_users,0,dbms,clickbench,postgresql-indexed-load,1,ip-172-31-19-62,olap,benchANT
2026-05-16 13:06:30+00:00,system,n_users,0,dbms,clickbench,postgresql-indexed-load,1,ip-172-31-19-62,olap,benchANT
2026-05-16 13:06:40+00:00,system,n_users,0,dbms,clickbench,postgresql-indexed-load,1,ip-172-31-19-62,olap,benchANT
2026-05-16 13:06:50+00:00,system,n_users,0,dbms,clickbench,postgresql-indexed-load,1,ip-172-31-19-62,olap,benchANT
2026-05-16 13:07:00+00:00,system,n_users,0,dbms,clickbench,postgresql-indexed-load,1,ip-172-31-19-62,olap,benchANT
2026-05-16 13:07:10+00:00,system,n_users,0,dbms,clickbench,postgresql-indexed-load,1,ip-172-31-19-62,olap,benchANT
2026-05-16 13:07:20+00:00,system,n_users,0,dbms,clickbench,postgresql-indexed-load,1,ip-172-31-19-62,olap,benchANT
2026-05-16 13:07:30+00:00,system,n_users,0,dbms,clickbench,postgresql-indexed-load,1,ip-172-31-19-62,olap,benchANT
2026-05-16 13:07:40+00:00,system,n_users,0,dbms,clickbench,postgresql-indexed-load,1,ip-172-31-19-62,olap,benchANT
2026-05-16 13:07:50+00:00,system,n_users,0,dbms,clickbench,postgresql-indexed-load,1,ip-172-31-19-62,olap,benchANT
2026-05-16 13:08:00+00:00,system,n_users,0,dbms,clickbench,postgresql-indexed-load,1,ip-172-31-19-62,olap,benchANT
2026-05-16 13:08:10+00:00,system,n_users,0,dbms,clickbench,postgresql-indexed-load,1,ip-172-31-19-62,olap,benchANT
2026-05-16 13:08:20+00:00,system,n_users,0,dbms,clickbench,postgresql-indexed-load,1,ip-172-31-19-62,olap,benchANT
2026-05-16 13:08:30+00:00,system,n_users,0,dbms,clickbench,postgresql-indexed-load,1,ip-172-31-19-62,olap,benchANT
2026-05-16 13:08:40+00:00,system,n_users,0,dbms,clickbench,postgresql-indexed-load,1,ip-172-31-19-62,olap,benchANT
2026-05-16 13:08:50+00:00,system,n_users,0,dbms,clickbench,postgresql-indexed-load,1,ip-172-31-19-62,olap,benchANT
2026-05-16 13:09:00+00:00,system,n_users,0,dbms,clickbench,postgresql-indexed-load,1,ip-172-31-19-62,olap,benchANT
2026-05-16 13:09:10+00:00,system,n_users,0,dbms,clickbench,postgresql-indexed-load,1,ip-172-31-19-62,olap,benchANT
2026-05-16 13:09:20+00:00,system,n_users,0,dbms,clickbench,postgresql-indexed-load,1,ip-172-31-19-62,olap,benchANT
2026-05-16 13:09:30+00:00,system,n_users,0,dbms,clickbench,postgresql-indexed-load,1,ip-172-31-19-62,olap,benchANT
2026-05-16 13:09:40+00:00,system,n_users,0,dbms,clickbench,postgresql-indexed-load,1,ip-172-31-19-62,olap,benchANT
2026-05-16 13:09:50+00:00,system,n_users,0,dbms,clickbench,postgresql-indexed-load,1,ip-172-31-19-62,olap,benchANT
2026-05-16 13:10:00+00:00,system,n_users,0,dbms,clickbench,postgresql-indexed-load,1,ip-172-31-19-62,olap,benchANT
2026-05-16 13:10:10+00:00,system,n_users,0,dbms,clickbench,postgresql-indexed-load,1,ip-172-31-19-62,olap,benchANT
2026-05-16 10:29:10+00:00,system,uptime,17052,dbms,clickbench,postgresql-indexed-load,1,ip-172-31-19-62,olap,benchANT
2026-05-16 10:29:20+00:00,system,uptime,17062,dbms,clickbench,postgresql-indexed-load,1,ip-172-31-19-62,olap,benchANT
2026-05-16 10:29:30+00:00,system,uptime,17072,dbms,clickbench,postgresql-indexed-load,1,ip-172-31-19-62,olap,benchANT
2026-05-16 10:29:40+00:00,system,uptime,17082,dbms,clickbench,postgresql-indexed-load,1,ip-172-31-19-62,olap,benchANT
2026-05-16 10:29:50+00:00,system,uptime,17092,dbms,clickbench,postgresql-indexed-load,1,ip-172-31-19-62,olap,benchANT
2026-05-16 10:30:00+00:00,system,uptime,17102,dbms,clickbench,postgresql-indexed-load,1,ip-172-31-19-62,olap,benchANT
2026-05-16 10:30:10+00:00,system,uptime,17112,dbms,clickbench,postgresql-indexed-load,1,ip-172-31-19-62,olap,benchANT
2026-05-16 10:30:20+00:00,system,uptime,17122,dbms,clickbench,postgresql-indexed-load,1,ip-172-31-19-62,olap,benchANT
2026-05-16 10:30:30+00:00,system,uptime,17132,dbms,clickbench,postgresql-indexed-load,1,ip-172-31-19-62,olap,benchANT
2026-05-16 10:30:40+00:00,system,uptime,17142,dbms,clickbench,postgresql-indexed-load,1,ip-172-31-19-62,olap,benchANT
2026-05-16 10:30:50+00:00,system,uptime,17152,dbms,clickbench,postgresql-indexed-load,1,ip-172-31-19-62,olap,benchANT
2026-05-16 10:31:00+00:00,system,uptime,17162,dbms,clickbench,postgresql-indexed-load,1,ip-172-31-19-62,olap,benchANT
2026-05-16 10:31:10+00:00,system,uptime,17172,dbms,clickbench,postgresql-indexed-load,1,ip-172-31-19-62,olap,benchANT
2026-05-16 10:31:20+00:00,system,uptime,17182,dbms,clickbench,postgresql-indexed-load,1,ip-172-31-19-62,olap,benchANT
2026-05-16 10:31:30+00:00,system,uptime,17192,dbms,clickbench,postgresql-indexed-load,1,ip-172-31-19-62,olap,benchANT
2026-05-16 10:31:40+00:00,system,uptime,17202,dbms,clickbench,postgresql-indexed-load,1,ip-172-31-19-62,olap,benchANT
2026-05-16 10:31:50+00:00,system,uptime,17212,dbms,clickbench,postgresql-indexed-load,1,ip-172-31-19-62,olap,benchANT
2026-05-16 10:32:00+00:00,system,uptime,17222,dbms,clickbench,postgresql-indexed-load,1,ip-172-31-19-62,olap,benchANT
2026-05-16 10:32:10+00:00,system,uptime,17232,dbms,clickbench,postgresql-indexed-load,1,ip-172-31-19-62,olap,benchANT
2026-05-16 10:32:20+00:00,system,uptime,17242,dbms,clickbench,postgresql-indexed-load,1,ip-172-31-19-62,olap,benchANT
2026-05-16 10:32:30+00:00,system,uptime,17252,dbms,clickbench,postgresql-indexed-load,1,ip-172-31-19-62,olap,benchANT
2026-05-16 10:32:40+00:00,system,uptime,17262,dbms,clickbench,postgresql-indexed-load,1,ip-172-31-19-62,olap,benchANT
2026-05-16 10:32:50+00:00,system,uptime,17272,dbms,clickbench,postgresql-indexed-load,1,ip-172-31-19-62,olap,benchANT
2026-05-16 10:33:00+00:00,system,uptime,17282,dbms,clickbench,postgresql-indexed-load,1,ip-172-31-19-62,olap,benchANT
2026-05-16 10:33:10+00:00,system,uptime,17292,dbms,clickbench,postgresql-indexed-load,1,ip-172-31-19-62,olap,benchANT
2026-05-16 10:33:20+00:00,system,uptime,17302,dbms,clickbench,postgresql-indexed-load,1,ip-172-31-19-62,olap,benchANT
2026-05-16 10:33:30+00:00,system,uptime,17312,dbms,clickbench,postgresql-indexed-load,1,ip-172-31-19-62,olap,benchANT
2026-05-16 10:33:40+00:00,system,uptime,17322,dbms,clickbench,postgresql-indexed-load,1,ip-172-31-19-62,olap,benchANT
2026-05-16 10:33:50+00:00,system,uptime,17332,dbms,clickbench,postgresql-indexed-load,1,ip-172-31-19-62,olap,benchANT
2026-05-16 10:34:00+00:00,system,uptime,17342,dbms,clickbench,postgresql-indexed-load,1,ip-172-31-19-62,olap,benchANT
2026-05-16 10:34:10+00:00,system,uptime,17352,dbms,clickbench,postgresql-indexed-load,1,ip-172-31-19-62,olap,benchANT
2026-05-16 10:34:20+00:00,system,uptime,17362,dbms,clickbench,postgresql-indexed-load,1,ip-172-31-19-62,olap,benchANT
2026-05-16 10:34:30+00:00,system,uptime,17372,dbms,clickbench,postgresql-indexed-load,1,ip-172-31-19-62,olap,benchANT
2026-05-16 10:34:40+00:00,system,uptime,17382,dbms,clickbench,postgresql-indexed-load,1,ip-172-31-19-62,olap,benchANT
2026-05-16 10:34:50+00:00,system,uptime,17392,dbms,clickbench,postgresql-indexed-load,1,ip-172-31-19-62,olap,benchANT
2026-05-16 10:35:00+00:00,system,uptime,17402,dbms,clickbench,postgresql-indexed-load,1,ip-172-31-19-62,olap,benchANT
2026-05-16 10:35:10+00:00,system,uptime,17412,dbms,clickbench,postgresql-indexed-load,1,ip-172-31-19-62,olap,benchANT
2026-05-16 10:35:20+00:00,system,uptime,17422,dbms,clickbench,postgresql-indexed-load,1,ip-172-31-19-62,olap,benchANT
2026-05-16 10:35:30+00:00,system,uptime,17432,dbms,clickbench,postgresql-indexed-load,1,ip-172-31-19-62,olap,benchANT
2026-05-16 10:35:40+00:00,system,uptime,17442,dbms,clickbench,postgresql-indexed-load,1,ip-172-31-19-62,olap,benchANT
2026-05-16 10:35:50+00:00,system,uptime,17452,dbms,clickbench,postgresql-indexed-load,1,ip-172-31-19-62,olap,benchANT
2026-05-16 10:36:00+00:00,system,uptime,17462,dbms,clickbench,postgresql-indexed-load,1,ip-172-31-19-62,olap,benchANT
2026-05-16 10:36:10+00:00,system,uptime,17472,dbms,clickbench,postgresql-indexed-load,1,ip-172-31-19-62,olap,benchANT
2026-05-16 10:36:20+00:00,system,uptime,17482,dbms,clickbench,postgresql-indexed-load,1,ip-172-31-19-62,olap,benchANT
2026-05-16 10:36:30+00:00,system,uptime,17492,dbms,clickbench,postgresql-indexed-load,1,ip-172-31-19-62,olap,benchANT
2026-05-16 10:36:40+00:00,system,uptime,17502,dbms,clickbench,postgresql-indexed-load,1,ip-172-31-19-62,olap,benchANT
2026-05-16 10:36:50+00:00,system,uptime,17512,dbms,clickbench,postgresql-indexed-load,1,ip-172-31-19-62,olap,benchANT
2026-05-16 10:37:00+00:00,system,uptime,17522,dbms,clickbench,postgresql-indexed-load,1,ip-172-31-19-62,olap,benchANT
2026-05-16 10:37:10+00:00,system,uptime,17532,dbms,clickbench,postgresql-indexed-load,1,ip-172-31-19-62,olap,benchANT
2026-05-16 10:37:20+00:00,system,uptime,17542,dbms,clickbench,postgresql-indexed-load,1,ip-172-31-19-62,olap,benchANT
2026-05-16 10:37:30+00:00,system,uptime,17552,dbms,clickbench,postgresql-indexed-load,1,ip-172-31-19-62,olap,benchANT
2026-05-16 10:37:40+00:00,system,uptime,17562,dbms,clickbench,postgresql-indexed-load,1,ip-172-31-19-62,olap,benchANT
2026-05-16 10:37:50+00:00,system,uptime,17572,dbms,clickbench,postgresql-indexed-load,1,ip-172-31-19-62,olap,benchANT
2026-05-16 10:38:00+00:00,system,uptime,17582,dbms,clickbench,postgresql-indexed-load,1,ip-172-31-19-62,olap,benchANT
2026-05-16 10:38:10+00:00,system,uptime,17592,dbms,clickbench,postgresql-indexed-load,1,ip-172-31-19-62,olap,benchANT
2026-05-16 10:38:20+00:00,system,uptime,17602,dbms,clickbench,postgresql-indexed-load,1,ip-172-31-19-62,olap,benchANT
2026-05-16 10:38:30+00:00,system,uptime,17612,dbms,clickbench,postgresql-indexed-load,1,ip-172-31-19-62,olap,benchANT
2026-05-16 10:38:40+00:00,system,uptime,17622,dbms,clickbench,postgresql-indexed-load,1,ip-172-31-19-62,olap,benchANT
2026-05-16 10:38:50+00:00,system,uptime,17632,dbms,clickbench,postgresql-indexed-load,1,ip-172-31-19-62,olap,benchANT
2026-05-16 10:39:00+00:00,system,uptime,17642,dbms,clickbench,postgresql-indexed-load,1,ip-172-31-19-62,olap,benchANT
2026-05-16 10:39:10+00:00,system,uptime,17652,dbms,clickbench,postgresql-indexed-load,1,ip-172-31-19-62,olap,benchANT
2026-05-16 10:39:20+00:00,system,uptime,17662,dbms,clickbench,postgresql-indexed-load,1,ip-172-31-19-62,olap,benchANT
2026-05-16 10:39:30+00:00,system,uptime,17672,dbms,clickbench,postgresql-indexed-load,1,ip-172-31-19-62,olap,benchANT
2026-05-16 10:39:40+00:00,system,uptime,17682,dbms,clickbench,postgresql-indexed-load,1,ip-172-31-19-62,olap,benchANT
2026-05-16 10:39:50+00:00,system,uptime,17692,dbms,clickbench,postgresql-indexed-load,1,ip-172-31-19-62,olap,benchANT
2026-05-16 10:40:00+00:00,system,uptime,17702,dbms,clickbench,postgresql-indexed-load,1,ip-172-31-19-62,olap,benchANT
2026-05-16 10:40:10+00:00,system,uptime,17712,dbms,clickbench,postgresql-indexed-load,1,ip-172-31-19-62,olap,benchANT
2026-05-16 10:40:20+00:00,system,uptime,17722,dbms,clickbench,postgresql-indexed-load,1,ip-172-31-19-62,olap,benchANT
2026-05-16 10:40:30+00:00,system,uptime,17732,dbms,clickbench,postgresql-indexed-load,1,ip-172-31-19-62,olap,benchANT
2026-05-16 10:40:40+00:00,system,uptime,17742,dbms,clickbench,postgresql-indexed-load,1,ip-172-31-19-62,olap,benchANT
2026-05-16 10:40:50+00:00,system,uptime,17752,dbms,clickbench,postgresql-indexed-load,1,ip-172-31-19-62,olap,benchANT
2026-05-16 10:41:00+00:00,system,uptime,17762,dbms,clickbench,postgresql-indexed-load,1,ip-172-31-19-62,olap,benchANT
2026-05-16 10:41:10+00:00,system,uptime,17772,dbms,clickbench,postgresql-indexed-load,1,ip-172-31-19-62,olap,benchANT
2026-05-16 10:41:20+00:00,system,uptime,17782,dbms,clickbench,postgresql-indexed-load,1,ip-172-31-19-62,olap,benchANT
2026-05-16 10:41:30+00:00,system,uptime,17792,dbms,clickbench,postgresql-indexed-load,1,ip-172-31-19-62,olap,benchANT
2026-05-16 10:41:40+00:00,system,uptime,17802,dbms,clickbench,postgresql-indexed-load,1,ip-172-31-19-62,olap,benchANT
2026-05-16 10:41:50+00:00,system,uptime,17812,dbms,clickbench,postgresql-indexed-load,1,ip-172-31-19-62,olap,benchANT
2026-05-16 10:42:00+00:00,system,uptime,17822,dbms,clickbench,postgresql-indexed-load,1,ip-172-31-19-62,olap,benchANT
2026-05-16 10:42:10+00:00,system,uptime,17832,dbms,clickbench,postgresql-indexed-load,1,ip-172-31-19-62,olap,benchANT
2026-05-16 10:42:20+00:00,system,uptime,17842,dbms,clickbench,postgresql-indexed-load,1,ip-172-31-19-62,olap,benchANT
2026-05-16 10:42:30+00:00,system,uptime,17852,dbms,clickbench,postgresql-indexed-load,1,ip-172-31-19-62,olap,benchANT
2026-05-16 10:42:40+00:00,system,uptime,17862,dbms,clickbench,postgresql-indexed-load,1,ip-172-31-19-62,olap,benchANT
2026-05-16 10:42:50+00:00,system,uptime,17872,dbms,clickbench,postgresql-indexed-load,1,ip-172-31-19-62,olap,benchANT
2026-05-16 10:43:00+00:00,system,uptime,17882,dbms,clickbench,postgresql-indexed-load,1,ip-172-31-19-62,olap,benchANT
2026-05-16 10:43:10+00:00,system,uptime,17892,dbms,clickbench,postgresql-indexed-load,1,ip-172-31-19-62,olap,benchANT
2026-05-16 10:43:20+00:00,system,uptime,17902,dbms,clickbench,postgresql-indexed-load,1,ip-172-31-19-62,olap,benchANT
2026-05-16 10:43:30+00:00,system,uptime,17912,dbms,clickbench,postgresql-indexed-load,1,ip-172-31-19-62,olap,benchANT
2026-05-16 10:43:40+00:00,system,uptime,17922,dbms,clickbench,postgresql-indexed-load,1,ip-172-31-19-62,olap,benchANT
2026-05-16 10:43:50+00:00,system,uptime,17932,dbms,clickbench,postgresql-indexed-load,1,ip-172-31-19-62,olap,benchANT
2026-05-16 10:44:00+00:00,system,uptime,17942,dbms,clickbench,postgresql-indexed-load,1,ip-172-31-19-62,olap,benchANT
2026-05-16 10:44:10+00:00,system,uptime,17952,dbms,clickbench,postgresql-indexed-load,1,ip-172-31-19-62,olap,benchANT
2026-05-16 10:44:20+00:00,system,uptime,17962,dbms,clickbench,postgresql-indexed-load,1,ip-172-31-19-62,olap,benchANT
2026-05-16 10:44:30+00:00,system,uptime,17972,dbms,clickbench,postgresql-indexed-load,1,ip-172-31-19-62,olap,benchANT
2026-05-16 10:44:40+00:00,system,uptime,17982,dbms,clickbench,postgresql-indexed-load,1,ip-172-31-19-62,olap,benchANT
2026-05-16 10:44:50+00:00,system,uptime,17992,dbms,clickbench,postgresql-indexed-load,1,ip-172-31-19-62,olap,benchANT
2026-05-16 10:45:00+00:00,system,uptime,18002,dbms,clickbench,postgresql-indexed-load,1,ip-172-31-19-62,olap,benchANT
2026-05-16 10:45:10+00:00,system,uptime,18012,dbms,clickbench,postgresql-indexed-load,1,ip-172-31-19-62,olap,benchANT
2026-05-16 10:45:20+00:00,system,uptime,18022,dbms,clickbench,postgresql-indexed-load,1,ip-172-31-19-62,olap,benchANT
2026-05-16 10:45:30+00:00,system,uptime,18032,dbms,clickbench,postgresql-indexed-load,1,ip-172-31-19-62,olap,benchANT
2026-05-16 10:45:40+00:00,system,uptime,18042,dbms,clickbench,postgresql-indexed-load,1,ip-172-31-19-62,olap,benchANT
2026-05-16 10:45:50+00:00,system,uptime,18052,dbms,clickbench,postgresql-indexed-load,1,ip-172-31-19-62,olap,benchANT
2026-05-16 10:46:00+00:00,system,uptime,18062,dbms,clickbench,postgresql-indexed-load,1,ip-172-31-19-62,olap,benchANT
2026-05-16 10:46:10+00:00,system,uptime,18072,dbms,clickbench,postgresql-indexed-load,1,ip-172-31-19-62,olap,benchANT
2026-05-16 10:46:20+00:00,system,uptime,18082,dbms,clickbench,postgresql-indexed-load,1,ip-172-31-19-62,olap,benchANT
2026-05-16 10:46:30+00:00,system,uptime,18092,dbms,clickbench,postgresql-indexed-load,1,ip-172-31-19-62,olap,benchANT
2026-05-16 10:46:40+00:00,system,uptime,18102,dbms,clickbench,postgresql-indexed-load,1,ip-172-31-19-62,olap,benchANT
2026-05-16 10:46:50+00:00,system,uptime,18112,dbms,clickbench,postgresql-indexed-load,1,ip-172-31-19-62,olap,benchANT
2026-05-16 10:47:00+00:00,system,uptime,18122,dbms,clickbench,postgresql-indexed-load,1,ip-172-31-19-62,olap,benchANT
2026-05-16 10:47:10+00:00,system,uptime,18132,dbms,clickbench,postgresql-indexed-load,1,ip-172-31-19-62,olap,benchANT
2026-05-16 10:47:20+00:00,system,uptime,18142,dbms,clickbench,postgresql-indexed-load,1,ip-172-31-19-62,olap,benchANT
2026-05-16 10:47:30+00:00,system,uptime,18152,dbms,clickbench,postgresql-indexed-load,1,ip-172-31-19-62,olap,benchANT
2026-05-16 10:47:40+00:00,system,uptime,18162,dbms,clickbench,postgresql-indexed-load,1,ip-172-31-19-62,olap,benchANT
2026-05-16 10:47:50+00:00,system,uptime,18172,dbms,clickbench,postgresql-indexed-load,1,ip-172-31-19-62,olap,benchANT
2026-05-16 10:48:00+00:00,system,uptime,18182,dbms,clickbench,postgresql-indexed-load,1,ip-172-31-19-62,olap,benchANT
2026-05-16 10:48:10+00:00,system,uptime,18192,dbms,clickbench,postgresql-indexed-load,1,ip-172-31-19-62,olap,benchANT
2026-05-16 10:48:20+00:00,system,uptime,18202,dbms,clickbench,postgresql-indexed-load,1,ip-172-31-19-62,olap,benchANT
2026-05-16 10:48:30+00:00,system,uptime,18212,dbms,clickbench,postgresql-indexed-load,1,ip-172-31-19-62,olap,benchANT
2026-05-16 10:48:40+00:00,system,uptime,18222,dbms,clickbench,postgresql-indexed-load,1,ip-172-31-19-62,olap,benchANT
2026-05-16 10:48:50+00:00,system,uptime,18232,dbms,clickbench,postgresql-indexed-load,1,ip-172-31-19-62,olap,benchANT
2026-05-16 10:49:00+00:00,system,uptime,18242,dbms,clickbench,postgresql-indexed-load,1,ip-172-31-19-62,olap,benchANT
2026-05-16 10:49:10+00:00,system,uptime,18252,dbms,clickbench,postgresql-indexed-load,1,ip-172-31-19-62,olap,benchANT
2026-05-16 10:49:20+00:00,system,uptime,18262,dbms,clickbench,postgresql-indexed-load,1,ip-172-31-19-62,olap,benchANT
2026-05-16 10:49:30+00:00,system,uptime,18272,dbms,clickbench,postgresql-indexed-load,1,ip-172-31-19-62,olap,benchANT
2026-05-16 10:49:40+00:00,system,uptime,18282,dbms,clickbench,postgresql-indexed-load,1,ip-172-31-19-62,olap,benchANT
2026-05-16 10:49:50+00:00,system,uptime,18292,dbms,clickbench,postgresql-indexed-load,1,ip-172-31-19-62,olap,benchANT
2026-05-16 10:50:00+00:00,system,uptime,18302,dbms,clickbench,postgresql-indexed-load,1,ip-172-31-19-62,olap,benchANT
2026-05-16 10:50:10+00:00,system,uptime,18312,dbms,clickbench,postgresql-indexed-load,1,ip-172-31-19-62,olap,benchANT
2026-05-16 10:50:20+00:00,system,uptime,18322,dbms,clickbench,postgresql-indexed-load,1,ip-172-31-19-62,olap,benchANT
2026-05-16 10:50:30+00:00,system,uptime,18332,dbms,clickbench,postgresql-indexed-load,1,ip-172-31-19-62,olap,benchANT
2026-05-16 10:50:40+00:00,system,uptime,18342,dbms,clickbench,postgresql-indexed-load,1,ip-172-31-19-62,olap,benchANT
2026-05-16 10:50:50+00:00,system,uptime,18352,dbms,clickbench,postgresql-indexed-load,1,ip-172-31-19-62,olap,benchANT
2026-05-16 10:51:00+00:00,system,uptime,18362,dbms,clickbench,postgresql-indexed-load,1,ip-172-31-19-62,olap,benchANT
2026-05-16 10:51:10+00:00,system,uptime,18372,dbms,clickbench,postgresql-indexed-load,1,ip-172-31-19-62,olap,benchANT
2026-05-16 10:51:20+00:00,system,uptime,18382,dbms,clickbench,postgresql-indexed-load,1,ip-172-31-19-62,olap,benchANT
2026-05-16 10:51:30+00:00,system,uptime,18392,dbms,clickbench,postgresql-indexed-load,1,ip-172-31-19-62,olap,benchANT
2026-05-16 10:51:40+00:00,system,uptime,18402,dbms,clickbench,postgresql-indexed-load,1,ip-172-31-19-62,olap,benchANT
2026-05-16 10:51:50+00:00,system,uptime,18412,dbms,clickbench,postgresql-indexed-load,1,ip-172-31-19-62,olap,benchANT
2026-05-16 10:52:00+00:00,system,uptime,18422,dbms,clickbench,postgresql-indexed-load,1,ip-172-31-19-62,olap,benchANT
2026-05-16 10:52:10+00:00,system,uptime,18432,dbms,clickbench,postgresql-indexed-load,1,ip-172-31-19-62,olap,benchANT
2026-05-16 10:52:20+00:00,system,uptime,18442,dbms,clickbench,postgresql-indexed-load,1,ip-172-31-19-62,olap,benchANT
2026-05-16 10:52:30+00:00,system,uptime,18452,dbms,clickbench,postgresql-indexed-load,1,ip-172-31-19-62,olap,benchANT
2026-05-16 10:52:40+00:00,system,uptime,18462,dbms,clickbench,postgresql-indexed-load,1,ip-172-31-19-62,olap,benchANT
2026-05-16 10:52:50+00:00,system,uptime,18472,dbms,clickbench,postgresql-indexed-load,1,ip-172-31-19-62,olap,benchANT
2026-05-16 10:53:00+00:00,system,uptime,18482,dbms,clickbench,postgresql-indexed-load,1,ip-172-31-19-62,olap,benchANT
2026-05-16 10:53:10+00:00,system,uptime,18492,dbms,clickbench,postgresql-indexed-load,1,ip-172-31-19-62,olap,benchANT
2026-05-16 10:53:20+00:00,system,uptime,18502,dbms,clickbench,postgresql-indexed-load,1,ip-172-31-19-62,olap,benchANT
2026-05-16 10:53:30+00:00,system,uptime,18512,dbms,clickbench,postgresql-indexed-load,1,ip-172-31-19-62,olap,benchANT
2026-05-16 10:53:40+00:00,system,uptime,18522,dbms,clickbench,postgresql-indexed-load,1,ip-172-31-19-62,olap,benchANT
2026-05-16 10:53:50+00:00,system,uptime,18532,dbms,clickbench,postgresql-indexed-load,1,ip-172-31-19-62,olap,benchANT
2026-05-16 10:54:00+00:00,system,uptime,18542,dbms,clickbench,postgresql-indexed-load,1,ip-172-31-19-62,olap,benchANT
2026-05-16 10:54:10+00:00,system,uptime,18552,dbms,clickbench,postgresql-indexed-load,1,ip-172-31-19-62,olap,benchANT
2026-05-16 10:54:20+00:00,system,uptime,18562,dbms,clickbench,postgresql-indexed-load,1,ip-172-31-19-62,olap,benchANT
2026-05-16 10:54:30+00:00,system,uptime,18572,dbms,clickbench,postgresql-indexed-load,1,ip-172-31-19-62,olap,benchANT
2026-05-16 10:54:40+00:00,system,uptime,18582,dbms,clickbench,postgresql-indexed-load,1,ip-172-31-19-62,olap,benchANT
2026-05-16 10:54:50+00:00,system,uptime,18592,dbms,clickbench,postgresql-indexed-load,1,ip-172-31-19-62,olap,benchANT
2026-05-16 10:55:00+00:00,system,uptime,18602,dbms,clickbench,postgresql-indexed-load,1,ip-172-31-19-62,olap,benchANT
2026-05-16 10:55:10+00:00,system,uptime,18612,dbms,clickbench,postgresql-indexed-load,1,ip-172-31-19-62,olap,benchANT
2026-05-16 10:55:20+00:00,system,uptime,18622,dbms,clickbench,postgresql-indexed-load,1,ip-172-31-19-62,olap,benchANT
2026-05-16 10:55:30+00:00,system,uptime,18632,dbms,clickbench,postgresql-indexed-load,1,ip-172-31-19-62,olap,benchANT
2026-05-16 10:55:40+00:00,system,uptime,18642,dbms,clickbench,postgresql-indexed-load,1,ip-172-31-19-62,olap,benchANT
2026-05-16 10:55:50+00:00,system,uptime,18652,dbms,clickbench,postgresql-indexed-load,1,ip-172-31-19-62,olap,benchANT
2026-05-16 10:56:00+00:00,system,uptime,18662,dbms,clickbench,postgresql-indexed-load,1,ip-172-31-19-62,olap,benchANT
2026-05-16 10:56:10+00:00,system,uptime,18672,dbms,clickbench,postgresql-indexed-load,1,ip-172-31-19-62,olap,benchANT
2026-05-16 10:56:20+00:00,system,uptime,18682,dbms,clickbench,postgresql-indexed-load,1,ip-172-31-19-62,olap,benchANT
2026-05-16 10:56:30+00:00,system,uptime,18692,dbms,clickbench,postgresql-indexed-load,1,ip-172-31-19-62,olap,benchANT
2026-05-16 10:56:40+00:00,system,uptime,18702,dbms,clickbench,postgresql-indexed-load,1,ip-172-31-19-62,olap,benchANT
2026-05-16 10:56:50+00:00,system,uptime,18712,dbms,clickbench,postgresql-indexed-load,1,ip-172-31-19-62,olap,benchANT
2026-05-16 10:57:00+00:00,system,uptime,18722,dbms,clickbench,postgresql-indexed-load,1,ip-172-31-19-62,olap,benchANT
2026-05-16 10:57:10+00:00,system,uptime,18732,dbms,clickbench,postgresql-indexed-load,1,ip-172-31-19-62,olap,benchANT
2026-05-16 10:57:20+00:00,system,uptime,18742,dbms,clickbench,postgresql-indexed-load,1,ip-172-31-19-62,olap,benchANT
2026-05-16 10:57:30+00:00,system,uptime,18752,dbms,clickbench,postgresql-indexed-load,1,ip-172-31-19-62,olap,benchANT
2026-05-16 10:57:40+00:00,system,uptime,18762,dbms,clickbench,postgresql-indexed-load,1,ip-172-31-19-62,olap,benchANT
2026-05-16 10:57:50+00:00,system,uptime,18772,dbms,clickbench,postgresql-indexed-load,1,ip-172-31-19-62,olap,benchANT
2026-05-16 10:58:00+00:00,system,uptime,18782,dbms,clickbench,postgresql-indexed-load,1,ip-172-31-19-62,olap,benchANT
2026-05-16 10:58:10+00:00,system,uptime,18792,dbms,clickbench,postgresql-indexed-load,1,ip-172-31-19-62,olap,benchANT
2026-05-16 10:58:20+00:00,system,uptime,18802,dbms,clickbench,postgresql-indexed-load,1,ip-172-31-19-62,olap,benchANT
2026-05-16 10:58:30+00:00,system,uptime,18812,dbms,clickbench,postgresql-indexed-load,1,ip-172-31-19-62,olap,benchANT
2026-05-16 10:58:40+00:00,system,uptime,18822,dbms,clickbench,postgresql-indexed-load,1,ip-172-31-19-62,olap,benchANT
2026-05-16 10:58:50+00:00,system,uptime,18832,dbms,clickbench,postgresql-indexed-load,1,ip-172-31-19-62,olap,benchANT
2026-05-16 10:59:00+00:00,system,uptime,18842,dbms,clickbench,postgresql-indexed-load,1,ip-172-31-19-62,olap,benchANT
2026-05-16 10:59:10+00:00,system,uptime,18852,dbms,clickbench,postgresql-indexed-load,1,ip-172-31-19-62,olap,benchANT
2026-05-16 10:59:20+00:00,system,uptime,18862,dbms,clickbench,postgresql-indexed-load,1,ip-172-31-19-62,olap,benchANT
2026-05-16 10:59:30+00:00,system,uptime,18872,dbms,clickbench,postgresql-indexed-load,1,ip-172-31-19-62,olap,benchANT
2026-05-16 10:59:40+00:00,system,uptime,18882,dbms,clickbench,postgresql-indexed-load,1,ip-172-31-19-62,olap,benchANT
2026-05-16 10:59:50+00:00,system,uptime,18892,dbms,clickbench,postgresql-indexed-load,1,ip-172-31-19-62,olap,benchANT
2026-05-16 11:00:00+00:00,system,uptime,18902,dbms,clickbench,postgresql-indexed-load,1,ip-172-31-19-62,olap,benchANT
2026-05-16 11:00:10+00:00,system,uptime,18912,dbms,clickbench,postgresql-indexed-load,1,ip-172-31-19-62,olap,benchANT
2026-05-16 11:00:20+00:00,system,uptime,18922,dbms,clickbench,postgresql-indexed-load,1,ip-172-31-19-62,olap,benchANT
2026-05-16 11:00:30+00:00,system,uptime,18932,dbms,clickbench,postgresql-indexed-load,1,ip-172-31-19-62,olap,benchANT
2026-05-16 11:00:40+00:00,system,uptime,18942,dbms,clickbench,postgresql-indexed-load,1,ip-172-31-19-62,olap,benchANT
2026-05-16 11:00:50+00:00,system,uptime,18952,dbms,clickbench,postgresql-indexed-load,1,ip-172-31-19-62,olap,benchANT
2026-05-16 11:01:00+00:00,system,uptime,18962,dbms,clickbench,postgresql-indexed-load,1,ip-172-31-19-62,olap,benchANT
2026-05-16 11:01:10+00:00,system,uptime,18972,dbms,clickbench,postgresql-indexed-load,1,ip-172-31-19-62,olap,benchANT
2026-05-16 11:01:20+00:00,system,uptime,18982,dbms,clickbench,postgresql-indexed-load,1,ip-172-31-19-62,olap,benchANT
2026-05-16 11:01:30+00:00,system,uptime,18992,dbms,clickbench,postgresql-indexed-load,1,ip-172-31-19-62,olap,benchANT
2026-05-16 11:01:40+00:00,system,uptime,19002,dbms,clickbench,postgresql-indexed-load,1,ip-172-31-19-62,olap,benchANT
2026-05-16 11:01:50+00:00,system,uptime,19012,dbms,clickbench,postgresql-indexed-load,1,ip-172-31-19-62,olap,benchANT
2026-05-16 11:02:00+00:00,system,uptime,19022,dbms,clickbench,postgresql-indexed-load,1,ip-172-31-19-62,olap,benchANT
2026-05-16 11:02:10+00:00,system,uptime,19032,dbms,clickbench,postgresql-indexed-load,1,ip-172-31-19-62,olap,benchANT
2026-05-16 11:02:20+00:00,system,uptime,19042,dbms,clickbench,postgresql-indexed-load,1,ip-172-31-19-62,olap,benchANT
2026-05-16 11:02:30+00:00,system,uptime,19052,dbms,clickbench,postgresql-indexed-load,1,ip-172-31-19-62,olap,benchANT
2026-05-16 11:02:40+00:00,system,uptime,19062,dbms,clickbench,postgresql-indexed-load,1,ip-172-31-19-62,olap,benchANT
2026-05-16 11:02:50+00:00,system,uptime,19072,dbms,clickbench,postgresql-indexed-load,1,ip-172-31-19-62,olap,benchANT
2026-05-16 11:03:00+00:00,system,uptime,19082,dbms,clickbench,postgresql-indexed-load,1,ip-172-31-19-62,olap,benchANT
2026-05-16 11:03:10+00:00,system,uptime,19092,dbms,clickbench,postgresql-indexed-load,1,ip-172-31-19-62,olap,benchANT
2026-05-16 11:03:20+00:00,system,uptime,19102,dbms,clickbench,postgresql-indexed-load,1,ip-172-31-19-62,olap,benchANT
2026-05-16 11:03:30+00:00,system,uptime,19112,dbms,clickbench,postgresql-indexed-load,1,ip-172-31-19-62,olap,benchANT
2026-05-16 11:03:40+00:00,system,uptime,19122,dbms,clickbench,postgresql-indexed-load,1,ip-172-31-19-62,olap,benchANT
2026-05-16 11:03:50+00:00,system,uptime,19132,dbms,clickbench,postgresql-indexed-load,1,ip-172-31-19-62,olap,benchANT
2026-05-16 11:04:00+00:00,system,uptime,19142,dbms,clickbench,postgresql-indexed-load,1,ip-172-31-19-62,olap,benchANT
2026-05-16 11:04:10+00:00,system,uptime,19152,dbms,clickbench,postgresql-indexed-load,1,ip-172-31-19-62,olap,benchANT
2026-05-16 11:04:20+00:00,system,uptime,19162,dbms,clickbench,postgresql-indexed-load,1,ip-172-31-19-62,olap,benchANT
2026-05-16 11:04:30+00:00,system,uptime,19172,dbms,clickbench,postgresql-indexed-load,1,ip-172-31-19-62,olap,benchANT
2026-05-16 11:04:40+00:00,system,uptime,19182,dbms,clickbench,postgresql-indexed-load,1,ip-172-31-19-62,olap,benchANT
2026-05-16 11:04:50+00:00,system,uptime,19192,dbms,clickbench,postgresql-indexed-load,1,ip-172-31-19-62,olap,benchANT
2026-05-16 11:05:00+00:00,system,uptime,19202,dbms,clickbench,postgresql-indexed-load,1,ip-172-31-19-62,olap,benchANT
2026-05-16 11:05:10+00:00,system,uptime,19212,dbms,clickbench,postgresql-indexed-load,1,ip-172-31-19-62,olap,benchANT
2026-05-16 11:05:20+00:00,system,uptime,19222,dbms,clickbench,postgresql-indexed-load,1,ip-172-31-19-62,olap,benchANT
2026-05-16 11:05:30+00:00,system,uptime,19232,dbms,clickbench,postgresql-indexed-load,1,ip-172-31-19-62,olap,benchANT
2026-05-16 11:05:40+00:00,system,uptime,19242,dbms,clickbench,postgresql-indexed-load,1,ip-172-31-19-62,olap,benchANT
2026-05-16 11:05:50+00:00,system,uptime,19252,dbms,clickbench,postgresql-indexed-load,1,ip-172-31-19-62,olap,benchANT
2026-05-16 11:06:00+00:00,system,uptime,19262,dbms,clickbench,postgresql-indexed-load,1,ip-172-31-19-62,olap,benchANT
2026-05-16 11:06:10+00:00,system,uptime,19272,dbms,clickbench,postgresql-indexed-load,1,ip-172-31-19-62,olap,benchANT
2026-05-16 11:06:20+00:00,system,uptime,19282,dbms,clickbench,postgresql-indexed-load,1,ip-172-31-19-62,olap,benchANT
2026-05-16 11:06:30+00:00,system,uptime,19292,dbms,clickbench,postgresql-indexed-load,1,ip-172-31-19-62,olap,benchANT
2026-05-16 11:06:40+00:00,system,uptime,19302,dbms,clickbench,postgresql-indexed-load,1,ip-172-31-19-62,olap,benchANT
2026-05-16 11:06:50+00:00,system,uptime,19312,dbms,clickbench,postgresql-indexed-load,1,ip-172-31-19-62,olap,benchANT
2026-05-16 11:07:00+00:00,system,uptime,19322,dbms,clickbench,postgresql-indexed-load,1,ip-172-31-19-62,olap,benchANT
2026-05-16 11:07:10+00:00,system,uptime,19332,dbms,clickbench,postgresql-indexed-load,1,ip-172-31-19-62,olap,benchANT
2026-05-16 11:07:20+00:00,system,uptime,19342,dbms,clickbench,postgresql-indexed-load,1,ip-172-31-19-62,olap,benchANT
2026-05-16 11:07:30+00:00,system,uptime,19352,dbms,clickbench,postgresql-indexed-load,1,ip-172-31-19-62,olap,benchANT
2026-05-16 11:07:40+00:00,system,uptime,19362,dbms,clickbench,postgresql-indexed-load,1,ip-172-31-19-62,olap,benchANT
2026-05-16 11:07:50+00:00,system,uptime,19372,dbms,clickbench,postgresql-indexed-load,1,ip-172-31-19-62,olap,benchANT
2026-05-16 11:08:00+00:00,system,uptime,19382,dbms,clickbench,postgresql-indexed-load,1,ip-172-31-19-62,olap,benchANT
2026-05-16 11:08:10+00:00,system,uptime,19392,dbms,clickbench,postgresql-indexed-load,1,ip-172-31-19-62,olap,benchANT
2026-05-16 11:08:20+00:00,system,uptime,19402,dbms,clickbench,postgresql-indexed-load,1,ip-172-31-19-62,olap,benchANT
2026-05-16 11:08:30+00:00,system,uptime,19412,dbms,clickbench,postgresql-indexed-load,1,ip-172-31-19-62,olap,benchANT
2026-05-16 11:08:40+00:00,system,uptime,19422,dbms,clickbench,postgresql-indexed-load,1,ip-172-31-19-62,olap,benchANT
2026-05-16 11:08:50+00:00,system,uptime,19432,dbms,clickbench,postgresql-indexed-load,1,ip-172-31-19-62,olap,benchANT
2026-05-16 11:09:00+00:00,system,uptime,19442,dbms,clickbench,postgresql-indexed-load,1,ip-172-31-19-62,olap,benchANT
2026-05-16 11:09:10+00:00,system,uptime,19452,dbms,clickbench,postgresql-indexed-load,1,ip-172-31-19-62,olap,benchANT
2026-05-16 11:09:20+00:00,system,uptime,19462,dbms,clickbench,postgresql-indexed-load,1,ip-172-31-19-62,olap,benchANT
2026-05-16 11:09:30+00:00,system,uptime,19472,dbms,clickbench,postgresql-indexed-load,1,ip-172-31-19-62,olap,benchANT
2026-05-16 11:09:40+00:00,system,uptime,19482,dbms,clickbench,postgresql-indexed-load,1,ip-172-31-19-62,olap,benchANT
2026-05-16 11:09:50+00:00,system,uptime,19492,dbms,clickbench,postgresql-indexed-load,1,ip-172-31-19-62,olap,benchANT
2026-05-16 11:10:00+00:00,system,uptime,19502,dbms,clickbench,postgresql-indexed-load,1,ip-172-31-19-62,olap,benchANT
2026-05-16 11:10:10+00:00,system,uptime,19512,dbms,clickbench,postgresql-indexed-load,1,ip-172-31-19-62,olap,benchANT
2026-05-16 11:10:20+00:00,system,uptime,19522,dbms,clickbench,postgresql-indexed-load,1,ip-172-31-19-62,olap,benchANT
2026-05-16 11:10:30+00:00,system,uptime,19532,dbms,clickbench,postgresql-indexed-load,1,ip-172-31-19-62,olap,benchANT
2026-05-16 11:10:40+00:00,system,uptime,19542,dbms,clickbench,postgresql-indexed-load,1,ip-172-31-19-62,olap,benchANT
2026-05-16 11:10:50+00:00,system,uptime,19552,dbms,clickbench,postgresql-indexed-load,1,ip-172-31-19-62,olap,benchANT
2026-05-16 11:11:00+00:00,system,uptime,19562,dbms,clickbench,postgresql-indexed-load,1,ip-172-31-19-62,olap,benchANT
2026-05-16 11:11:10+00:00,system,uptime,19572,dbms,clickbench,postgresql-indexed-load,1,ip-172-31-19-62,olap,benchANT
2026-05-16 11:11:20+00:00,system,uptime,19582,dbms,clickbench,postgresql-indexed-load,1,ip-172-31-19-62,olap,benchANT
2026-05-16 11:11:30+00:00,system,uptime,19592,dbms,clickbench,postgresql-indexed-load,1,ip-172-31-19-62,olap,benchANT
2026-05-16 11:11:40+00:00,system,uptime,19602,dbms,clickbench,postgresql-indexed-load,1,ip-172-31-19-62,olap,benchANT
2026-05-16 11:11:50+00:00,system,uptime,19612,dbms,clickbench,postgresql-indexed-load,1,ip-172-31-19-62,olap,benchANT
2026-05-16 11:12:00+00:00,system,uptime,19622,dbms,clickbench,postgresql-indexed-load,1,ip-172-31-19-62,olap,benchANT
2026-05-16 11:12:10+00:00,system,uptime,19632,dbms,clickbench,postgresql-indexed-load,1,ip-172-31-19-62,olap,benchANT
2026-05-16 11:12:20+00:00,system,uptime,19642,dbms,clickbench,postgresql-indexed-load,1,ip-172-31-19-62,olap,benchANT
2026-05-16 11:12:30+00:00,system,uptime,19652,dbms,clickbench,postgresql-indexed-load,1,ip-172-31-19-62,olap,benchANT
2026-05-16 11:12:40+00:00,system,uptime,19662,dbms,clickbench,postgresql-indexed-load,1,ip-172-31-19-62,olap,benchANT
2026-05-16 11:12:50+00:00,system,uptime,19672,dbms,clickbench,postgresql-indexed-load,1,ip-172-31-19-62,olap,benchANT
2026-05-16 11:13:00+00:00,system,uptime,19682,dbms,clickbench,postgresql-indexed-load,1,ip-172-31-19-62,olap,benchANT
2026-05-16 11:13:10+00:00,system,uptime,19692,dbms,clickbench,postgresql-indexed-load,1,ip-172-31-19-62,olap,benchANT
2026-05-16 11:13:20+00:00,system,uptime,19702,dbms,clickbench,postgresql-indexed-load,1,ip-172-31-19-62,olap,benchANT
2026-05-16 11:13:30+00:00,system,uptime,19712,dbms,clickbench,postgresql-indexed-load,1,ip-172-31-19-62,olap,benchANT
2026-05-16 11:13:40+00:00,system,uptime,19722,dbms,clickbench,postgresql-indexed-load,1,ip-172-31-19-62,olap,benchANT
2026-05-16 11:13:50+00:00,system,uptime,19732,dbms,clickbench,postgresql-indexed-load,1,ip-172-31-19-62,olap,benchANT
2026-05-16 11:14:00+00:00,system,uptime,19742,dbms,clickbench,postgresql-indexed-load,1,ip-172-31-19-62,olap,benchANT
2026-05-16 11:14:10+00:00,system,uptime,19752,dbms,clickbench,postgresql-indexed-load,1,ip-172-31-19-62,olap,benchANT
2026-05-16 11:14:20+00:00,system,uptime,19762,dbms,clickbench,postgresql-indexed-load,1,ip-172-31-19-62,olap,benchANT
2026-05-16 11:14:30+00:00,system,uptime,19772,dbms,clickbench,postgresql-indexed-load,1,ip-172-31-19-62,olap,benchANT
2026-05-16 11:14:40+00:00,system,uptime,19782,dbms,clickbench,postgresql-indexed-load,1,ip-172-31-19-62,olap,benchANT
2026-05-16 11:14:50+00:00,system,uptime,19792,dbms,clickbench,postgresql-indexed-load,1,ip-172-31-19-62,olap,benchANT
2026-05-16 11:15:00+00:00,system,uptime,19802,dbms,clickbench,postgresql-indexed-load,1,ip-172-31-19-62,olap,benchANT
2026-05-16 11:15:10+00:00,system,uptime,19812,dbms,clickbench,postgresql-indexed-load,1,ip-172-31-19-62,olap,benchANT
2026-05-16 11:15:20+00:00,system,uptime,19822,dbms,clickbench,postgresql-indexed-load,1,ip-172-31-19-62,olap,benchANT
2026-05-16 11:15:30+00:00,system,uptime,19832,dbms,clickbench,postgresql-indexed-load,1,ip-172-31-19-62,olap,benchANT
2026-05-16 11:15:40+00:00,system,uptime,19842,dbms,clickbench,postgresql-indexed-load,1,ip-172-31-19-62,olap,benchANT
2026-05-16 11:15:50+00:00,system,uptime,19852,dbms,clickbench,postgresql-indexed-load,1,ip-172-31-19-62,olap,benchANT
2026-05-16 11:16:00+00:00,system,uptime,19862,dbms,clickbench,postgresql-indexed-load,1,ip-172-31-19-62,olap,benchANT
2026-05-16 11:16:10+00:00,system,uptime,19872,dbms,clickbench,postgresql-indexed-load,1,ip-172-31-19-62,olap,benchANT
2026-05-16 11:16:20+00:00,system,uptime,19882,dbms,clickbench,postgresql-indexed-load,1,ip-172-31-19-62,olap,benchANT
2026-05-16 11:16:30+00:00,system,uptime,19892,dbms,clickbench,postgresql-indexed-load,1,ip-172-31-19-62,olap,benchANT
2026-05-16 11:16:40+00:00,system,uptime,19902,dbms,clickbench,postgresql-indexed-load,1,ip-172-31-19-62,olap,benchANT
2026-05-16 11:16:50+00:00,system,uptime,19912,dbms,clickbench,postgresql-indexed-load,1,ip-172-31-19-62,olap,benchANT
2026-05-16 11:17:00+00:00,system,uptime,19922,dbms,clickbench,postgresql-indexed-load,1,ip-172-31-19-62,olap,benchANT
2026-05-16 11:17:10+00:00,system,uptime,19932,dbms,clickbench,postgresql-indexed-load,1,ip-172-31-19-62,olap,benchANT
2026-05-16 11:17:20+00:00,system,uptime,19942,dbms,clickbench,postgresql-indexed-load,1,ip-172-31-19-62,olap,benchANT
2026-05-16 11:17:30+00:00,system,uptime,19952,dbms,clickbench,postgresql-indexed-load,1,ip-172-31-19-62,olap,benchANT
2026-05-16 11:17:40+00:00,system,uptime,19962,dbms,clickbench,postgresql-indexed-load,1,ip-172-31-19-62,olap,benchANT
2026-05-16 11:17:50+00:00,system,uptime,19972,dbms,clickbench,postgresql-indexed-load,1,ip-172-31-19-62,olap,benchANT
2026-05-16 11:18:00+00:00,system,uptime,19982,dbms,clickbench,postgresql-indexed-load,1,ip-172-31-19-62,olap,benchANT
2026-05-16 11:18:10+00:00,system,uptime,19992,dbms,clickbench,postgresql-indexed-load,1,ip-172-31-19-62,olap,benchANT
2026-05-16 11:18:20+00:00,system,uptime,20002,dbms,clickbench,postgresql-indexed-load,1,ip-172-31-19-62,olap,benchANT
2026-05-16 11:18:30+00:00,system,uptime,20012,dbms,clickbench,postgresql-indexed-load,1,ip-172-31-19-62,olap,benchANT
2026-05-16 11:18:40+00:00,system,uptime,20022,dbms,clickbench,postgresql-indexed-load,1,ip-172-31-19-62,olap,benchANT
2026-05-16 11:18:50+00:00,system,uptime,20032,dbms,clickbench,postgresql-indexed-load,1,ip-172-31-19-62,olap,benchANT
2026-05-16 11:19:00+00:00,system,uptime,20042,dbms,clickbench,postgresql-indexed-load,1,ip-172-31-19-62,olap,benchANT
2026-05-16 11:19:10+00:00,system,uptime,20052,dbms,clickbench,postgresql-indexed-load,1,ip-172-31-19-62,olap,benchANT
2026-05-16 11:19:20+00:00,system,uptime,20062,dbms,clickbench,postgresql-indexed-load,1,ip-172-31-19-62,olap,benchANT
2026-05-16 11:19:30+00:00,system,uptime,20072,dbms,clickbench,postgresql-indexed-load,1,ip-172-31-19-62,olap,benchANT
2026-05-16 11:19:40+00:00,system,uptime,20082,dbms,clickbench,postgresql-indexed-load,1,ip-172-31-19-62,olap,benchANT
2026-05-16 11:19:50+00:00,system,uptime,20092,dbms,clickbench,postgresql-indexed-load,1,ip-172-31-19-62,olap,benchANT
2026-05-16 11:20:00+00:00,system,uptime,20102,dbms,clickbench,postgresql-indexed-load,1,ip-172-31-19-62,olap,benchANT
2026-05-16 11:20:10+00:00,system,uptime,20112,dbms,clickbench,postgresql-indexed-load,1,ip-172-31-19-62,olap,benchANT
2026-05-16 11:20:20+00:00,system,uptime,20122,dbms,clickbench,postgresql-indexed-load,1,ip-172-31-19-62,olap,benchANT
2026-05-16 11:20:30+00:00,system,uptime,20132,dbms,clickbench,postgresql-indexed-load,1,ip-172-31-19-62,olap,benchANT
2026-05-16 11:20:40+00:00,system,uptime,20142,dbms,clickbench,postgresql-indexed-load,1,ip-172-31-19-62,olap,benchANT
2026-05-16 11:20:50+00:00,system,uptime,20152,dbms,clickbench,postgresql-indexed-load,1,ip-172-31-19-62,olap,benchANT
2026-05-16 11:21:00+00:00,system,uptime,20162,dbms,clickbench,postgresql-indexed-load,1,ip-172-31-19-62,olap,benchANT
2026-05-16 11:21:10+00:00,system,uptime,20172,dbms,clickbench,postgresql-indexed-load,1,ip-172-31-19-62,olap,benchANT
2026-05-16 11:21:20+00:00,system,uptime,20182,dbms,clickbench,postgresql-indexed-load,1,ip-172-31-19-62,olap,benchANT
2026-05-16 11:21:30+00:00,system,uptime,20192,dbms,clickbench,postgresql-indexed-load,1,ip-172-31-19-62,olap,benchANT
2026-05-16 11:21:40+00:00,system,uptime,20202,dbms,clickbench,postgresql-indexed-load,1,ip-172-31-19-62,olap,benchANT
2026-05-16 11:21:50+00:00,system,uptime,20212,dbms,clickbench,postgresql-indexed-load,1,ip-172-31-19-62,olap,benchANT
2026-05-16 11:22:00+00:00,system,uptime,20222,dbms,clickbench,postgresql-indexed-load,1,ip-172-31-19-62,olap,benchANT
2026-05-16 11:22:10+00:00,system,uptime,20232,dbms,clickbench,postgresql-indexed-load,1,ip-172-31-19-62,olap,benchANT
2026-05-16 11:22:20+00:00,system,uptime,20242,dbms,clickbench,postgresql-indexed-load,1,ip-172-31-19-62,olap,benchANT
2026-05-16 11:22:30+00:00,system,uptime,20252,dbms,clickbench,postgresql-indexed-load,1,ip-172-31-19-62,olap,benchANT
2026-05-16 11:22:40+00:00,system,uptime,20262,dbms,clickbench,postgresql-indexed-load,1,ip-172-31-19-62,olap,benchANT
2026-05-16 11:22:50+00:00,system,uptime,20272,dbms,clickbench,postgresql-indexed-load,1,ip-172-31-19-62,olap,benchANT
2026-05-16 11:23:00+00:00,system,uptime,20282,dbms,clickbench,postgresql-indexed-load,1,ip-172-31-19-62,olap,benchANT
2026-05-16 11:23:10+00:00,system,uptime,20292,dbms,clickbench,postgresql-indexed-load,1,ip-172-31-19-62,olap,benchANT
2026-05-16 11:23:20+00:00,system,uptime,20302,dbms,clickbench,postgresql-indexed-load,1,ip-172-31-19-62,olap,benchANT
2026-05-16 11:23:30+00:00,system,uptime,20312,dbms,clickbench,postgresql-indexed-load,1,ip-172-31-19-62,olap,benchANT
2026-05-16 11:23:40+00:00,system,uptime,20322,dbms,clickbench,postgresql-indexed-load,1,ip-172-31-19-62,olap,benchANT
2026-05-16 11:23:50+00:00,system,uptime,20332,dbms,clickbench,postgresql-indexed-load,1,ip-172-31-19-62,olap,benchANT
2026-05-16 11:24:00+00:00,system,uptime,20342,dbms,clickbench,postgresql-indexed-load,1,ip-172-31-19-62,olap,benchANT
2026-05-16 11:24:10+00:00,system,uptime,20352,dbms,clickbench,postgresql-indexed-load,1,ip-172-31-19-62,olap,benchANT
2026-05-16 11:24:20+00:00,system,uptime,20362,dbms,clickbench,postgresql-indexed-load,1,ip-172-31-19-62,olap,benchANT
2026-05-16 11:24:30+00:00,system,uptime,20372,dbms,clickbench,postgresql-indexed-load,1,ip-172-31-19-62,olap,benchANT
2026-05-16 11:24:40+00:00,system,uptime,20382,dbms,clickbench,postgresql-indexed-load,1,ip-172-31-19-62,olap,benchANT
2026-05-16 11:24:50+00:00,system,uptime,20392,dbms,clickbench,postgresql-indexed-load,1,ip-172-31-19-62,olap,benchANT
2026-05-16 11:25:00+00:00,system,uptime,20402,dbms,clickbench,postgresql-indexed-load,1,ip-172-31-19-62,olap,benchANT
2026-05-16 11:25:10+00:00,system,uptime,20412,dbms,clickbench,postgresql-indexed-load,1,ip-172-31-19-62,olap,benchANT
2026-05-16 11:25:20+00:00,system,uptime,20422,dbms,clickbench,postgresql-indexed-load,1,ip-172-31-19-62,olap,benchANT
2026-05-16 11:25:30+00:00,system,uptime,20432,dbms,clickbench,postgresql-indexed-load,1,ip-172-31-19-62,olap,benchANT
2026-05-16 11:25:40+00:00,system,uptime,20442,dbms,clickbench,postgresql-indexed-load,1,ip-172-31-19-62,olap,benchANT
2026-05-16 11:25:50+00:00,system,uptime,20452,dbms,clickbench,postgresql-indexed-load,1,ip-172-31-19-62,olap,benchANT
2026-05-16 11:26:00+00:00,system,uptime,20462,dbms,clickbench,postgresql-indexed-load,1,ip-172-31-19-62,olap,benchANT
2026-05-16 11:26:10+00:00,system,uptime,20472,dbms,clickbench,postgresql-indexed-load,1,ip-172-31-19-62,olap,benchANT
2026-05-16 11:26:20+00:00,system,uptime,20482,dbms,clickbench,postgresql-indexed-load,1,ip-172-31-19-62,olap,benchANT
2026-05-16 11:26:30+00:00,system,uptime,20492,dbms,clickbench,postgresql-indexed-load,1,ip-172-31-19-62,olap,benchANT
2026-05-16 11:26:40+00:00,system,uptime,20502,dbms,clickbench,postgresql-indexed-load,1,ip-172-31-19-62,olap,benchANT
2026-05-16 11:26:50+00:00,system,uptime,20512,dbms,clickbench,postgresql-indexed-load,1,ip-172-31-19-62,olap,benchANT
2026-05-16 11:27:00+00:00,system,uptime,20522,dbms,clickbench,postgresql-indexed-load,1,ip-172-31-19-62,olap,benchANT
2026-05-16 11:27:10+00:00,system,uptime,20532,dbms,clickbench,postgresql-indexed-load,1,ip-172-31-19-62,olap,benchANT
2026-05-16 11:27:20+00:00,system,uptime,20542,dbms,clickbench,postgresql-indexed-load,1,ip-172-31-19-62,olap,benchANT
2026-05-16 11:27:30+00:00,system,uptime,20552,dbms,clickbench,postgresql-indexed-load,1,ip-172-31-19-62,olap,benchANT
2026-05-16 11:27:40+00:00,system,uptime,20562,dbms,clickbench,postgresql-indexed-load,1,ip-172-31-19-62,olap,benchANT
2026-05-16 11:27:50+00:00,system,uptime,20572,dbms,clickbench,postgresql-indexed-load,1,ip-172-31-19-62,olap,benchANT
2026-05-16 11:28:00+00:00,system,uptime,20582,dbms,clickbench,postgresql-indexed-load,1,ip-172-31-19-62,olap,benchANT
2026-05-16 11:28:10+00:00,system,uptime,20592,dbms,clickbench,postgresql-indexed-load,1,ip-172-31-19-62,olap,benchANT
2026-05-16 11:28:20+00:00,system,uptime,20602,dbms,clickbench,postgresql-indexed-load,1,ip-172-31-19-62,olap,benchANT
2026-05-16 11:28:30+00:00,system,uptime,20612,dbms,clickbench,postgresql-indexed-load,1,ip-172-31-19-62,olap,benchANT
2026-05-16 11:28:40+00:00,system,uptime,20622,dbms,clickbench,postgresql-indexed-load,1,ip-172-31-19-62,olap,benchANT
2026-05-16 11:28:50+00:00,system,uptime,20632,dbms,clickbench,postgresql-indexed-load,1,ip-172-31-19-62,olap,benchANT
2026-05-16 11:29:00+00:00,system,uptime,20642,dbms,clickbench,postgresql-indexed-load,1,ip-172-31-19-62,olap,benchANT
2026-05-16 11:29:10+00:00,system,uptime,20652,dbms,clickbench,postgresql-indexed-load,1,ip-172-31-19-62,olap,benchANT
2026-05-16 11:29:20+00:00,system,uptime,20662,dbms,clickbench,postgresql-indexed-load,1,ip-172-31-19-62,olap,benchANT
2026-05-16 11:29:30+00:00,system,uptime,20672,dbms,clickbench,postgresql-indexed-load,1,ip-172-31-19-62,olap,benchANT
2026-05-16 11:29:40+00:00,system,uptime,20682,dbms,clickbench,postgresql-indexed-load,1,ip-172-31-19-62,olap,benchANT
2026-05-16 11:29:50+00:00,system,uptime,20692,dbms,clickbench,postgresql-indexed-load,1,ip-172-31-19-62,olap,benchANT
2026-05-16 11:30:00+00:00,system,uptime,20702,dbms,clickbench,postgresql-indexed-load,1,ip-172-31-19-62,olap,benchANT
2026-05-16 11:30:10+00:00,system,uptime,20712,dbms,clickbench,postgresql-indexed-load,1,ip-172-31-19-62,olap,benchANT
2026-05-16 11:30:20+00:00,system,uptime,20722,dbms,clickbench,postgresql-indexed-load,1,ip-172-31-19-62,olap,benchANT
2026-05-16 11:30:30+00:00,system,uptime,20732,dbms,clickbench,postgresql-indexed-load,1,ip-172-31-19-62,olap,benchANT
2026-05-16 11:30:40+00:00,system,uptime,20742,dbms,clickbench,postgresql-indexed-load,1,ip-172-31-19-62,olap,benchANT
2026-05-16 11:30:50+00:00,system,uptime,20752,dbms,clickbench,postgresql-indexed-load,1,ip-172-31-19-62,olap,benchANT
2026-05-16 11:31:00+00:00,system,uptime,20762,dbms,clickbench,postgresql-indexed-load,1,ip-172-31-19-62,olap,benchANT
2026-05-16 11:31:10+00:00,system,uptime,20772,dbms,clickbench,postgresql-indexed-load,1,ip-172-31-19-62,olap,benchANT
2026-05-16 11:31:20+00:00,system,uptime,20782,dbms,clickbench,postgresql-indexed-load,1,ip-172-31-19-62,olap,benchANT
2026-05-16 11:31:30+00:00,system,uptime,20792,dbms,clickbench,postgresql-indexed-load,1,ip-172-31-19-62,olap,benchANT
2026-05-16 11:31:40+00:00,system,uptime,20802,dbms,clickbench,postgresql-indexed-load,1,ip-172-31-19-62,olap,benchANT
2026-05-16 11:31:50+00:00,system,uptime,20812,dbms,clickbench,postgresql-indexed-load,1,ip-172-31-19-62,olap,benchANT
2026-05-16 11:32:00+00:00,system,uptime,20822,dbms,clickbench,postgresql-indexed-load,1,ip-172-31-19-62,olap,benchANT
2026-05-16 11:32:10+00:00,system,uptime,20832,dbms,clickbench,postgresql-indexed-load,1,ip-172-31-19-62,olap,benchANT
2026-05-16 11:32:20+00:00,system,uptime,20842,dbms,clickbench,postgresql-indexed-load,1,ip-172-31-19-62,olap,benchANT
2026-05-16 11:32:30+00:00,system,uptime,20852,dbms,clickbench,postgresql-indexed-load,1,ip-172-31-19-62,olap,benchANT
2026-05-16 11:32:40+00:00,system,uptime,20862,dbms,clickbench,postgresql-indexed-load,1,ip-172-31-19-62,olap,benchANT
2026-05-16 11:32:50+00:00,system,uptime,20872,dbms,clickbench,postgresql-indexed-load,1,ip-172-31-19-62,olap,benchANT
2026-05-16 11:33:00+00:00,system,uptime,20882,dbms,clickbench,postgresql-indexed-load,1,ip-172-31-19-62,olap,benchANT
2026-05-16 11:33:10+00:00,system,uptime,20892,dbms,clickbench,postgresql-indexed-load,1,ip-172-31-19-62,olap,benchANT
2026-05-16 11:33:20+00:00,system,uptime,20902,dbms,clickbench,postgresql-indexed-load,1,ip-172-31-19-62,olap,benchANT
2026-05-16 11:33:30+00:00,system,uptime,20912,dbms,clickbench,postgresql-indexed-load,1,ip-172-31-19-62,olap,benchANT
2026-05-16 11:33:40+00:00,system,uptime,20922,dbms,clickbench,postgresql-indexed-load,1,ip-172-31-19-62,olap,benchANT
2026-05-16 11:33:50+00:00,system,uptime,20932,dbms,clickbench,postgresql-indexed-load,1,ip-172-31-19-62,olap,benchANT
2026-05-16 11:34:00+00:00,system,uptime,20942,dbms,clickbench,postgresql-indexed-load,1,ip-172-31-19-62,olap,benchANT
2026-05-16 11:34:10+00:00,system,uptime,20952,dbms,clickbench,postgresql-indexed-load,1,ip-172-31-19-62,olap,benchANT
2026-05-16 11:34:20+00:00,system,uptime,20962,dbms,clickbench,postgresql-indexed-load,1,ip-172-31-19-62,olap,benchANT
2026-05-16 11:34:30+00:00,system,uptime,20972,dbms,clickbench,postgresql-indexed-load,1,ip-172-31-19-62,olap,benchANT
2026-05-16 11:34:40+00:00,system,uptime,20982,dbms,clickbench,postgresql-indexed-load,1,ip-172-31-19-62,olap,benchANT
2026-05-16 11:34:50+00:00,system,uptime,20992,dbms,clickbench,postgresql-indexed-load,1,ip-172-31-19-62,olap,benchANT
2026-05-16 11:35:00+00:00,system,uptime,21002,dbms,clickbench,postgresql-indexed-load,1,ip-172-31-19-62,olap,benchANT
2026-05-16 11:35:10+00:00,system,uptime,21012,dbms,clickbench,postgresql-indexed-load,1,ip-172-31-19-62,olap,benchANT
2026-05-16 11:35:20+00:00,system,uptime,21022,dbms,clickbench,postgresql-indexed-load,1,ip-172-31-19-62,olap,benchANT
2026-05-16 11:35:30+00:00,system,uptime,21032,dbms,clickbench,postgresql-indexed-load,1,ip-172-31-19-62,olap,benchANT
2026-05-16 11:35:40+00:00,system,uptime,21042,dbms,clickbench,postgresql-indexed-load,1,ip-172-31-19-62,olap,benchANT
2026-05-16 11:35:50+00:00,system,uptime,21052,dbms,clickbench,postgresql-indexed-load,1,ip-172-31-19-62,olap,benchANT
2026-05-16 11:36:00+00:00,system,uptime,21062,dbms,clickbench,postgresql-indexed-load,1,ip-172-31-19-62,olap,benchANT
2026-05-16 11:36:10+00:00,system,uptime,21072,dbms,clickbench,postgresql-indexed-load,1,ip-172-31-19-62,olap,benchANT
2026-05-16 11:36:20+00:00,system,uptime,21082,dbms,clickbench,postgresql-indexed-load,1,ip-172-31-19-62,olap,benchANT
2026-05-16 11:36:30+00:00,system,uptime,21092,dbms,clickbench,postgresql-indexed-load,1,ip-172-31-19-62,olap,benchANT
2026-05-16 11:36:40+00:00,system,uptime,21102,dbms,clickbench,postgresql-indexed-load,1,ip-172-31-19-62,olap,benchANT
2026-05-16 11:36:50+00:00,system,uptime,21112,dbms,clickbench,postgresql-indexed-load,1,ip-172-31-19-62,olap,benchANT
2026-05-16 11:37:00+00:00,system,uptime,21122,dbms,clickbench,postgresql-indexed-load,1,ip-172-31-19-62,olap,benchANT
2026-05-16 11:37:10+00:00,system,uptime,21132,dbms,clickbench,postgresql-indexed-load,1,ip-172-31-19-62,olap,benchANT
2026-05-16 11:37:20+00:00,system,uptime,21142,dbms,clickbench,postgresql-indexed-load,1,ip-172-31-19-62,olap,benchANT
2026-05-16 11:37:30+00:00,system,uptime,21152,dbms,clickbench,postgresql-indexed-load,1,ip-172-31-19-62,olap,benchANT
2026-05-16 11:37:40+00:00,system,uptime,21162,dbms,clickbench,postgresql-indexed-load,1,ip-172-31-19-62,olap,benchANT
2026-05-16 11:37:50+00:00,system,uptime,21172,dbms,clickbench,postgresql-indexed-load,1,ip-172-31-19-62,olap,benchANT
2026-05-16 11:38:00+00:00,system,uptime,21182,dbms,clickbench,postgresql-indexed-load,1,ip-172-31-19-62,olap,benchANT
2026-05-16 11:38:10+00:00,system,uptime,21192,dbms,clickbench,postgresql-indexed-load,1,ip-172-31-19-62,olap,benchANT
2026-05-16 11:38:20+00:00,system,uptime,21202,dbms,clickbench,postgresql-indexed-load,1,ip-172-31-19-62,olap,benchANT
2026-05-16 11:38:30+00:00,system,uptime,21212,dbms,clickbench,postgresql-indexed-load,1,ip-172-31-19-62,olap,benchANT
2026-05-16 11:38:40+00:00,system,uptime,21222,dbms,clickbench,postgresql-indexed-load,1,ip-172-31-19-62,olap,benchANT
2026-05-16 11:38:50+00:00,system,uptime,21232,dbms,clickbench,postgresql-indexed-load,1,ip-172-31-19-62,olap,benchANT
2026-05-16 11:39:00+00:00,system,uptime,21242,dbms,clickbench,postgresql-indexed-load,1,ip-172-31-19-62,olap,benchANT
2026-05-16 11:39:10+00:00,system,uptime,21252,dbms,clickbench,postgresql-indexed-load,1,ip-172-31-19-62,olap,benchANT
2026-05-16 11:39:20+00:00,system,uptime,21262,dbms,clickbench,postgresql-indexed-load,1,ip-172-31-19-62,olap,benchANT
2026-05-16 11:39:30+00:00,system,uptime,21272,dbms,clickbench,postgresql-indexed-load,1,ip-172-31-19-62,olap,benchANT
2026-05-16 11:39:40+00:00,system,uptime,21282,dbms,clickbench,postgresql-indexed-load,1,ip-172-31-19-62,olap,benchANT
2026-05-16 11:39:50+00:00,system,uptime,21292,dbms,clickbench,postgresql-indexed-load,1,ip-172-31-19-62,olap,benchANT
2026-05-16 11:40:00+00:00,system,uptime,21302,dbms,clickbench,postgresql-indexed-load,1,ip-172-31-19-62,olap,benchANT
2026-05-16 11:40:10+00:00,system,uptime,21312,dbms,clickbench,postgresql-indexed-load,1,ip-172-31-19-62,olap,benchANT
2026-05-16 11:40:20+00:00,system,uptime,21322,dbms,clickbench,postgresql-indexed-load,1,ip-172-31-19-62,olap,benchANT
2026-05-16 11:40:30+00:00,system,uptime,21332,dbms,clickbench,postgresql-indexed-load,1,ip-172-31-19-62,olap,benchANT
2026-05-16 11:40:40+00:00,system,uptime,21342,dbms,clickbench,postgresql-indexed-load,1,ip-172-31-19-62,olap,benchANT
2026-05-16 11:40:50+00:00,system,uptime,21352,dbms,clickbench,postgresql-indexed-load,1,ip-172-31-19-62,olap,benchANT
2026-05-16 11:41:00+00:00,system,uptime,21362,dbms,clickbench,postgresql-indexed-load,1,ip-172-31-19-62,olap,benchANT
2026-05-16 11:41:10+00:00,system,uptime,21372,dbms,clickbench,postgresql-indexed-load,1,ip-172-31-19-62,olap,benchANT
2026-05-16 11:41:20+00:00,system,uptime,21382,dbms,clickbench,postgresql-indexed-load,1,ip-172-31-19-62,olap,benchANT
2026-05-16 11:41:30+00:00,system,uptime,21392,dbms,clickbench,postgresql-indexed-load,1,ip-172-31-19-62,olap,benchANT
2026-05-16 11:41:40+00:00,system,uptime,21402,dbms,clickbench,postgresql-indexed-load,1,ip-172-31-19-62,olap,benchANT
2026-05-16 11:41:50+00:00,system,uptime,21412,dbms,clickbench,postgresql-indexed-load,1,ip-172-31-19-62,olap,benchANT
2026-05-16 11:42:00+00:00,system,uptime,21422,dbms,clickbench,postgresql-indexed-load,1,ip-172-31-19-62,olap,benchANT
2026-05-16 11:42:10+00:00,system,uptime,21432,dbms,clickbench,postgresql-indexed-load,1,ip-172-31-19-62,olap,benchANT
2026-05-16 11:42:20+00:00,system,uptime,21442,dbms,clickbench,postgresql-indexed-load,1,ip-172-31-19-62,olap,benchANT
2026-05-16 11:42:30+00:00,system,uptime,21452,dbms,clickbench,postgresql-indexed-load,1,ip-172-31-19-62,olap,benchANT
2026-05-16 11:42:40+00:00,system,uptime,21462,dbms,clickbench,postgresql-indexed-load,1,ip-172-31-19-62,olap,benchANT
2026-05-16 11:42:50+00:00,system,uptime,21472,dbms,clickbench,postgresql-indexed-load,1,ip-172-31-19-62,olap,benchANT
2026-05-16 11:43:00+00:00,system,uptime,21482,dbms,clickbench,postgresql-indexed-load,1,ip-172-31-19-62,olap,benchANT
2026-05-16 11:43:10+00:00,system,uptime,21492,dbms,clickbench,postgresql-indexed-load,1,ip-172-31-19-62,olap,benchANT
2026-05-16 11:43:20+00:00,system,uptime,21502,dbms,clickbench,postgresql-indexed-load,1,ip-172-31-19-62,olap,benchANT
2026-05-16 11:43:30+00:00,system,uptime,21512,dbms,clickbench,postgresql-indexed-load,1,ip-172-31-19-62,olap,benchANT
2026-05-16 11:43:40+00:00,system,uptime,21522,dbms,clickbench,postgresql-indexed-load,1,ip-172-31-19-62,olap,benchANT
2026-05-16 11:43:50+00:00,system,uptime,21532,dbms,clickbench,postgresql-indexed-load,1,ip-172-31-19-62,olap,benchANT
2026-05-16 11:44:00+00:00,system,uptime,21542,dbms,clickbench,postgresql-indexed-load,1,ip-172-31-19-62,olap,benchANT
2026-05-16 11:44:10+00:00,system,uptime,21552,dbms,clickbench,postgresql-indexed-load,1,ip-172-31-19-62,olap,benchANT
2026-05-16 11:44:20+00:00,system,uptime,21562,dbms,clickbench,postgresql-indexed-load,1,ip-172-31-19-62,olap,benchANT
2026-05-16 11:44:30+00:00,system,uptime,21572,dbms,clickbench,postgresql-indexed-load,1,ip-172-31-19-62,olap,benchANT
2026-05-16 11:44:40+00:00,system,uptime,21582,dbms,clickbench,postgresql-indexed-load,1,ip-172-31-19-62,olap,benchANT
2026-05-16 11:44:50+00:00,system,uptime,21592,dbms,clickbench,postgresql-indexed-load,1,ip-172-31-19-62,olap,benchANT
2026-05-16 11:45:00+00:00,system,uptime,21602,dbms,clickbench,postgresql-indexed-load,1,ip-172-31-19-62,olap,benchANT
2026-05-16 11:45:10+00:00,system,uptime,21612,dbms,clickbench,postgresql-indexed-load,1,ip-172-31-19-62,olap,benchANT
2026-05-16 11:45:20+00:00,system,uptime,21622,dbms,clickbench,postgresql-indexed-load,1,ip-172-31-19-62,olap,benchANT
2026-05-16 11:45:30+00:00,system,uptime,21632,dbms,clickbench,postgresql-indexed-load,1,ip-172-31-19-62,olap,benchANT
2026-05-16 11:45:40+00:00,system,uptime,21642,dbms,clickbench,postgresql-indexed-load,1,ip-172-31-19-62,olap,benchANT
2026-05-16 11:45:50+00:00,system,uptime,21652,dbms,clickbench,postgresql-indexed-load,1,ip-172-31-19-62,olap,benchANT
2026-05-16 11:46:00+00:00,system,uptime,21662,dbms,clickbench,postgresql-indexed-load,1,ip-172-31-19-62,olap,benchANT
2026-05-16 11:46:10+00:00,system,uptime,21672,dbms,clickbench,postgresql-indexed-load,1,ip-172-31-19-62,olap,benchANT
2026-05-16 11:46:20+00:00,system,uptime,21682,dbms,clickbench,postgresql-indexed-load,1,ip-172-31-19-62,olap,benchANT
2026-05-16 11:46:30+00:00,system,uptime,21692,dbms,clickbench,postgresql-indexed-load,1,ip-172-31-19-62,olap,benchANT
2026-05-16 11:46:40+00:00,system,uptime,21702,dbms,clickbench,postgresql-indexed-load,1,ip-172-31-19-62,olap,benchANT
2026-05-16 11:46:50+00:00,system,uptime,21712,dbms,clickbench,postgresql-indexed-load,1,ip-172-31-19-62,olap,benchANT
2026-05-16 11:47:00+00:00,system,uptime,21722,dbms,clickbench,postgresql-indexed-load,1,ip-172-31-19-62,olap,benchANT
2026-05-16 11:47:10+00:00,system,uptime,21732,dbms,clickbench,postgresql-indexed-load,1,ip-172-31-19-62,olap,benchANT
2026-05-16 11:47:20+00:00,system,uptime,21742,dbms,clickbench,postgresql-indexed-load,1,ip-172-31-19-62,olap,benchANT
2026-05-16 11:47:30+00:00,system,uptime,21752,dbms,clickbench,postgresql-indexed-load,1,ip-172-31-19-62,olap,benchANT
2026-05-16 11:47:40+00:00,system,uptime,21762,dbms,clickbench,postgresql-indexed-load,1,ip-172-31-19-62,olap,benchANT
2026-05-16 11:47:50+00:00,system,uptime,21772,dbms,clickbench,postgresql-indexed-load,1,ip-172-31-19-62,olap,benchANT
2026-05-16 11:48:00+00:00,system,uptime,21782,dbms,clickbench,postgresql-indexed-load,1,ip-172-31-19-62,olap,benchANT
2026-05-16 11:48:10+00:00,system,uptime,21792,dbms,clickbench,postgresql-indexed-load,1,ip-172-31-19-62,olap,benchANT
2026-05-16 11:48:20+00:00,system,uptime,21802,dbms,clickbench,postgresql-indexed-load,1,ip-172-31-19-62,olap,benchANT
2026-05-16 11:48:30+00:00,system,uptime,21812,dbms,clickbench,postgresql-indexed-load,1,ip-172-31-19-62,olap,benchANT
2026-05-16 11:48:40+00:00,system,uptime,21822,dbms,clickbench,postgresql-indexed-load,1,ip-172-31-19-62,olap,benchANT
2026-05-16 11:48:50+00:00,system,uptime,21832,dbms,clickbench,postgresql-indexed-load,1,ip-172-31-19-62,olap,benchANT
2026-05-16 11:49:00+00:00,system,uptime,21842,dbms,clickbench,postgresql-indexed-load,1,ip-172-31-19-62,olap,benchANT
2026-05-16 11:49:10+00:00,system,uptime,21852,dbms,clickbench,postgresql-indexed-load,1,ip-172-31-19-62,olap,benchANT
2026-05-16 11:49:20+00:00,system,uptime,21862,dbms,clickbench,postgresql-indexed-load,1,ip-172-31-19-62,olap,benchANT
2026-05-16 11:49:30+00:00,system,uptime,21872,dbms,clickbench,postgresql-indexed-load,1,ip-172-31-19-62,olap,benchANT
2026-05-16 11:49:40+00:00,system,uptime,21882,dbms,clickbench,postgresql-indexed-load,1,ip-172-31-19-62,olap,benchANT
2026-05-16 11:49:50+00:00,system,uptime,21892,dbms,clickbench,postgresql-indexed-load,1,ip-172-31-19-62,olap,benchANT
2026-05-16 11:50:00+00:00,system,uptime,21902,dbms,clickbench,postgresql-indexed-load,1,ip-172-31-19-62,olap,benchANT
2026-05-16 11:50:10+00:00,system,uptime,21912,dbms,clickbench,postgresql-indexed-load,1,ip-172-31-19-62,olap,benchANT
2026-05-16 11:50:20+00:00,system,uptime,21922,dbms,clickbench,postgresql-indexed-load,1,ip-172-31-19-62,olap,benchANT
2026-05-16 11:50:30+00:00,system,uptime,21932,dbms,clickbench,postgresql-indexed-load,1,ip-172-31-19-62,olap,benchANT
2026-05-16 11:50:40+00:00,system,uptime,21942,dbms,clickbench,postgresql-indexed-load,1,ip-172-31-19-62,olap,benchANT
2026-05-16 11:50:50+00:00,system,uptime,21952,dbms,clickbench,postgresql-indexed-load,1,ip-172-31-19-62,olap,benchANT
2026-05-16 11:51:00+00:00,system,uptime,21962,dbms,clickbench,postgresql-indexed-load,1,ip-172-31-19-62,olap,benchANT
2026-05-16 11:51:10+00:00,system,uptime,21972,dbms,clickbench,postgresql-indexed-load,1,ip-172-31-19-62,olap,benchANT
2026-05-16 11:51:20+00:00,system,uptime,21982,dbms,clickbench,postgresql-indexed-load,1,ip-172-31-19-62,olap,benchANT
2026-05-16 11:51:30+00:00,system,uptime,21992,dbms,clickbench,postgresql-indexed-load,1,ip-172-31-19-62,olap,benchANT
2026-05-16 11:51:40+00:00,system,uptime,22002,dbms,clickbench,postgresql-indexed-load,1,ip-172-31-19-62,olap,benchANT
2026-05-16 11:51:50+00:00,system,uptime,22012,dbms,clickbench,postgresql-indexed-load,1,ip-172-31-19-62,olap,benchANT
2026-05-16 11:52:00+00:00,system,uptime,22022,dbms,clickbench,postgresql-indexed-load,1,ip-172-31-19-62,olap,benchANT
2026-05-16 11:52:10+00:00,system,uptime,22032,dbms,clickbench,postgresql-indexed-load,1,ip-172-31-19-62,olap,benchANT
2026-05-16 11:52:20+00:00,system,uptime,22042,dbms,clickbench,postgresql-indexed-load,1,ip-172-31-19-62,olap,benchANT
2026-05-16 11:52:30+00:00,system,uptime,22052,dbms,clickbench,postgresql-indexed-load,1,ip-172-31-19-62,olap,benchANT
2026-05-16 11:52:40+00:00,system,uptime,22062,dbms,clickbench,postgresql-indexed-load,1,ip-172-31-19-62,olap,benchANT
2026-05-16 11:52:50+00:00,system,uptime,22072,dbms,clickbench,postgresql-indexed-load,1,ip-172-31-19-62,olap,benchANT
2026-05-16 11:53:00+00:00,system,uptime,22082,dbms,clickbench,postgresql-indexed-load,1,ip-172-31-19-62,olap,benchANT
2026-05-16 11:53:10+00:00,system,uptime,22092,dbms,clickbench,postgresql-indexed-load,1,ip-172-31-19-62,olap,benchANT
2026-05-16 11:53:20+00:00,system,uptime,22102,dbms,clickbench,postgresql-indexed-load,1,ip-172-31-19-62,olap,benchANT
2026-05-16 11:53:30+00:00,system,uptime,22112,dbms,clickbench,postgresql-indexed-load,1,ip-172-31-19-62,olap,benchANT
2026-05-16 11:53:40+00:00,system,uptime,22122,dbms,clickbench,postgresql-indexed-load,1,ip-172-31-19-62,olap,benchANT
2026-05-16 11:53:50+00:00,system,uptime,22132,dbms,clickbench,postgresql-indexed-load,1,ip-172-31-19-62,olap,benchANT
2026-05-16 11:54:00+00:00,system,uptime,22142,dbms,clickbench,postgresql-indexed-load,1,ip-172-31-19-62,olap,benchANT
2026-05-16 11:54:10+00:00,system,uptime,22152,dbms,clickbench,postgresql-indexed-load,1,ip-172-31-19-62,olap,benchANT
2026-05-16 11:54:20+00:00,system,uptime,22162,dbms,clickbench,postgresql-indexed-load,1,ip-172-31-19-62,olap,benchANT
2026-05-16 11:54:30+00:00,system,uptime,22172,dbms,clickbench,postgresql-indexed-load,1,ip-172-31-19-62,olap,benchANT
2026-05-16 11:54:40+00:00,system,uptime,22182,dbms,clickbench,postgresql-indexed-load,1,ip-172-31-19-62,olap,benchANT
2026-05-16 11:54:50+00:00,system,uptime,22192,dbms,clickbench,postgresql-indexed-load,1,ip-172-31-19-62,olap,benchANT
2026-05-16 11:55:00+00:00,system,uptime,22202,dbms,clickbench,postgresql-indexed-load,1,ip-172-31-19-62,olap,benchANT
2026-05-16 11:55:10+00:00,system,uptime,22212,dbms,clickbench,postgresql-indexed-load,1,ip-172-31-19-62,olap,benchANT
2026-05-16 11:55:20+00:00,system,uptime,22222,dbms,clickbench,postgresql-indexed-load,1,ip-172-31-19-62,olap,benchANT
2026-05-16 11:55:30+00:00,system,uptime,22232,dbms,clickbench,postgresql-indexed-load,1,ip-172-31-19-62,olap,benchANT
2026-05-16 11:55:40+00:00,system,uptime,22242,dbms,clickbench,postgresql-indexed-load,1,ip-172-31-19-62,olap,benchANT
2026-05-16 11:55:50+00:00,system,uptime,22252,dbms,clickbench,postgresql-indexed-load,1,ip-172-31-19-62,olap,benchANT
2026-05-16 11:56:00+00:00,system,uptime,22262,dbms,clickbench,postgresql-indexed-load,1,ip-172-31-19-62,olap,benchANT
2026-05-16 11:56:10+00:00,system,uptime,22272,dbms,clickbench,postgresql-indexed-load,1,ip-172-31-19-62,olap,benchANT
2026-05-16 11:56:20+00:00,system,uptime,22282,dbms,clickbench,postgresql-indexed-load,1,ip-172-31-19-62,olap,benchANT
2026-05-16 11:56:30+00:00,system,uptime,22292,dbms,clickbench,postgresql-indexed-load,1,ip-172-31-19-62,olap,benchANT
2026-05-16 11:56:40+00:00,system,uptime,22302,dbms,clickbench,postgresql-indexed-load,1,ip-172-31-19-62,olap,benchANT
2026-05-16 11:56:50+00:00,system,uptime,22312,dbms,clickbench,postgresql-indexed-load,1,ip-172-31-19-62,olap,benchANT
2026-05-16 11:57:00+00:00,system,uptime,22322,dbms,clickbench,postgresql-indexed-load,1,ip-172-31-19-62,olap,benchANT
2026-05-16 11:57:10+00:00,system,uptime,22332,dbms,clickbench,postgresql-indexed-load,1,ip-172-31-19-62,olap,benchANT
2026-05-16 11:57:20+00:00,system,uptime,22342,dbms,clickbench,postgresql-indexed-load,1,ip-172-31-19-62,olap,benchANT
2026-05-16 11:57:30+00:00,system,uptime,22352,dbms,clickbench,postgresql-indexed-load,1,ip-172-31-19-62,olap,benchANT
2026-05-16 11:57:40+00:00,system,uptime,22362,dbms,clickbench,postgresql-indexed-load,1,ip-172-31-19-62,olap,benchANT
2026-05-16 11:57:50+00:00,system,uptime,22372,dbms,clickbench,postgresql-indexed-load,1,ip-172-31-19-62,olap,benchANT
2026-05-16 11:58:00+00:00,system,uptime,22382,dbms,clickbench,postgresql-indexed-load,1,ip-172-31-19-62,olap,benchANT
2026-05-16 11:58:10+00:00,system,uptime,22392,dbms,clickbench,postgresql-indexed-load,1,ip-172-31-19-62,olap,benchANT
2026-05-16 11:58:20+00:00,system,uptime,22402,dbms,clickbench,postgresql-indexed-load,1,ip-172-31-19-62,olap,benchANT
2026-05-16 11:58:30+00:00,system,uptime,22412,dbms,clickbench,postgresql-indexed-load,1,ip-172-31-19-62,olap,benchANT
2026-05-16 11:58:40+00:00,system,uptime,22422,dbms,clickbench,postgresql-indexed-load,1,ip-172-31-19-62,olap,benchANT
2026-05-16 11:58:50+00:00,system,uptime,22432,dbms,clickbench,postgresql-indexed-load,1,ip-172-31-19-62,olap,benchANT
2026-05-16 11:59:00+00:00,system,uptime,22442,dbms,clickbench,postgresql-indexed-load,1,ip-172-31-19-62,olap,benchANT
2026-05-16 11:59:10+00:00,system,uptime,22452,dbms,clickbench,postgresql-indexed-load,1,ip-172-31-19-62,olap,benchANT
2026-05-16 11:59:20+00:00,system,uptime,22462,dbms,clickbench,postgresql-indexed-load,1,ip-172-31-19-62,olap,benchANT
2026-05-16 11:59:30+00:00,system,uptime,22472,dbms,clickbench,postgresql-indexed-load,1,ip-172-31-19-62,olap,benchANT
2026-05-16 11:59:40+00:00,system,uptime,22482,dbms,clickbench,postgresql-indexed-load,1,ip-172-31-19-62,olap,benchANT
2026-05-16 11:59:50+00:00,system,uptime,22492,dbms,clickbench,postgresql-indexed-load,1,ip-172-31-19-62,olap,benchANT
2026-05-16 12:00:00+00:00,system,uptime,22502,dbms,clickbench,postgresql-indexed-load,1,ip-172-31-19-62,olap,benchANT
2026-05-16 12:00:10+00:00,system,uptime,22512,dbms,clickbench,postgresql-indexed-load,1,ip-172-31-19-62,olap,benchANT
2026-05-16 12:00:20+00:00,system,uptime,22522,dbms,clickbench,postgresql-indexed-load,1,ip-172-31-19-62,olap,benchANT
2026-05-16 12:00:30+00:00,system,uptime,22532,dbms,clickbench,postgresql-indexed-load,1,ip-172-31-19-62,olap,benchANT
2026-05-16 12:00:40+00:00,system,uptime,22542,dbms,clickbench,postgresql-indexed-load,1,ip-172-31-19-62,olap,benchANT
2026-05-16 12:00:50+00:00,system,uptime,22552,dbms,clickbench,postgresql-indexed-load,1,ip-172-31-19-62,olap,benchANT
2026-05-16 12:01:00+00:00,system,uptime,22562,dbms,clickbench,postgresql-indexed-load,1,ip-172-31-19-62,olap,benchANT
2026-05-16 12:01:10+00:00,system,uptime,22572,dbms,clickbench,postgresql-indexed-load,1,ip-172-31-19-62,olap,benchANT
2026-05-16 12:01:20+00:00,system,uptime,22582,dbms,clickbench,postgresql-indexed-load,1,ip-172-31-19-62,olap,benchANT
2026-05-16 12:01:30+00:00,system,uptime,22592,dbms,clickbench,postgresql-indexed-load,1,ip-172-31-19-62,olap,benchANT
2026-05-16 12:01:40+00:00,system,uptime,22602,dbms,clickbench,postgresql-indexed-load,1,ip-172-31-19-62,olap,benchANT
2026-05-16 12:01:50+00:00,system,uptime,22612,dbms,clickbench,postgresql-indexed-load,1,ip-172-31-19-62,olap,benchANT
2026-05-16 12:02:00+00:00,system,uptime,22622,dbms,clickbench,postgresql-indexed-load,1,ip-172-31-19-62,olap,benchANT
2026-05-16 12:02:10+00:00,system,uptime,22632,dbms,clickbench,postgresql-indexed-load,1,ip-172-31-19-62,olap,benchANT
2026-05-16 12:02:20+00:00,system,uptime,22642,dbms,clickbench,postgresql-indexed-load,1,ip-172-31-19-62,olap,benchANT
2026-05-16 12:02:30+00:00,system,uptime,22652,dbms,clickbench,postgresql-indexed-load,1,ip-172-31-19-62,olap,benchANT
2026-05-16 12:02:40+00:00,system,uptime,22662,dbms,clickbench,postgresql-indexed-load,1,ip-172-31-19-62,olap,benchANT
2026-05-16 12:02:50+00:00,system,uptime,22672,dbms,clickbench,postgresql-indexed-load,1,ip-172-31-19-62,olap,benchANT
2026-05-16 12:03:00+00:00,system,uptime,22682,dbms,clickbench,postgresql-indexed-load,1,ip-172-31-19-62,olap,benchANT
2026-05-16 12:03:10+00:00,system,uptime,22692,dbms,clickbench,postgresql-indexed-load,1,ip-172-31-19-62,olap,benchANT
2026-05-16 12:03:20+00:00,system,uptime,22702,dbms,clickbench,postgresql-indexed-load,1,ip-172-31-19-62,olap,benchANT
2026-05-16 12:03:30+00:00,system,uptime,22712,dbms,clickbench,postgresql-indexed-load,1,ip-172-31-19-62,olap,benchANT
2026-05-16 12:03:40+00:00,system,uptime,22722,dbms,clickbench,postgresql-indexed-load,1,ip-172-31-19-62,olap,benchANT
2026-05-16 12:03:50+00:00,system,uptime,22732,dbms,clickbench,postgresql-indexed-load,1,ip-172-31-19-62,olap,benchANT
2026-05-16 12:04:00+00:00,system,uptime,22742,dbms,clickbench,postgresql-indexed-load,1,ip-172-31-19-62,olap,benchANT
2026-05-16 12:04:10+00:00,system,uptime,22752,dbms,clickbench,postgresql-indexed-load,1,ip-172-31-19-62,olap,benchANT
2026-05-16 12:04:20+00:00,system,uptime,22762,dbms,clickbench,postgresql-indexed-load,1,ip-172-31-19-62,olap,benchANT
2026-05-16 12:04:30+00:00,system,uptime,22772,dbms,clickbench,postgresql-indexed-load,1,ip-172-31-19-62,olap,benchANT
2026-05-16 12:04:40+00:00,system,uptime,22782,dbms,clickbench,postgresql-indexed-load,1,ip-172-31-19-62,olap,benchANT
2026-05-16 12:04:50+00:00,system,uptime,22792,dbms,clickbench,postgresql-indexed-load,1,ip-172-31-19-62,olap,benchANT
2026-05-16 12:05:00+00:00,system,uptime,22802,dbms,clickbench,postgresql-indexed-load,1,ip-172-31-19-62,olap,benchANT
2026-05-16 12:05:10+00:00,system,uptime,22812,dbms,clickbench,postgresql-indexed-load,1,ip-172-31-19-62,olap,benchANT
2026-05-16 12:05:20+00:00,system,uptime,22822,dbms,clickbench,postgresql-indexed-load,1,ip-172-31-19-62,olap,benchANT
2026-05-16 12:05:30+00:00,system,uptime,22832,dbms,clickbench,postgresql-indexed-load,1,ip-172-31-19-62,olap,benchANT
2026-05-16 12:05:40+00:00,system,uptime,22842,dbms,clickbench,postgresql-indexed-load,1,ip-172-31-19-62,olap,benchANT
2026-05-16 12:05:50+00:00,system,uptime,22852,dbms,clickbench,postgresql-indexed-load,1,ip-172-31-19-62,olap,benchANT
2026-05-16 12:06:00+00:00,system,uptime,22862,dbms,clickbench,postgresql-indexed-load,1,ip-172-31-19-62,olap,benchANT
2026-05-16 12:06:10+00:00,system,uptime,22872,dbms,clickbench,postgresql-indexed-load,1,ip-172-31-19-62,olap,benchANT
2026-05-16 12:06:20+00:00,system,uptime,22882,dbms,clickbench,postgresql-indexed-load,1,ip-172-31-19-62,olap,benchANT
2026-05-16 12:06:30+00:00,system,uptime,22892,dbms,clickbench,postgresql-indexed-load,1,ip-172-31-19-62,olap,benchANT
2026-05-16 12:06:40+00:00,system,uptime,22902,dbms,clickbench,postgresql-indexed-load,1,ip-172-31-19-62,olap,benchANT
2026-05-16 12:06:50+00:00,system,uptime,22912,dbms,clickbench,postgresql-indexed-load,1,ip-172-31-19-62,olap,benchANT
2026-05-16 12:07:00+00:00,system,uptime,22922,dbms,clickbench,postgresql-indexed-load,1,ip-172-31-19-62,olap,benchANT
2026-05-16 12:07:10+00:00,system,uptime,22932,dbms,clickbench,postgresql-indexed-load,1,ip-172-31-19-62,olap,benchANT
2026-05-16 12:07:20+00:00,system,uptime,22942,dbms,clickbench,postgresql-indexed-load,1,ip-172-31-19-62,olap,benchANT
2026-05-16 12:07:30+00:00,system,uptime,22952,dbms,clickbench,postgresql-indexed-load,1,ip-172-31-19-62,olap,benchANT
2026-05-16 12:07:40+00:00,system,uptime,22962,dbms,clickbench,postgresql-indexed-load,1,ip-172-31-19-62,olap,benchANT
2026-05-16 12:07:50+00:00,system,uptime,22972,dbms,clickbench,postgresql-indexed-load,1,ip-172-31-19-62,olap,benchANT
2026-05-16 12:08:00+00:00,system,uptime,22982,dbms,clickbench,postgresql-indexed-load,1,ip-172-31-19-62,olap,benchANT
2026-05-16 12:08:10+00:00,system,uptime,22992,dbms,clickbench,postgresql-indexed-load,1,ip-172-31-19-62,olap,benchANT
2026-05-16 12:08:20+00:00,system,uptime,23002,dbms,clickbench,postgresql-indexed-load,1,ip-172-31-19-62,olap,benchANT
2026-05-16 12:08:30+00:00,system,uptime,23012,dbms,clickbench,postgresql-indexed-load,1,ip-172-31-19-62,olap,benchANT
2026-05-16 12:08:40+00:00,system,uptime,23022,dbms,clickbench,postgresql-indexed-load,1,ip-172-31-19-62,olap,benchANT
2026-05-16 12:08:50+00:00,system,uptime,23032,dbms,clickbench,postgresql-indexed-load,1,ip-172-31-19-62,olap,benchANT
2026-05-16 12:09:00+00:00,system,uptime,23042,dbms,clickbench,postgresql-indexed-load,1,ip-172-31-19-62,olap,benchANT
2026-05-16 12:09:10+00:00,system,uptime,23052,dbms,clickbench,postgresql-indexed-load,1,ip-172-31-19-62,olap,benchANT
2026-05-16 12:09:20+00:00,system,uptime,23062,dbms,clickbench,postgresql-indexed-load,1,ip-172-31-19-62,olap,benchANT
2026-05-16 12:09:30+00:00,system,uptime,23072,dbms,clickbench,postgresql-indexed-load,1,ip-172-31-19-62,olap,benchANT
2026-05-16 12:09:40+00:00,system,uptime,23082,dbms,clickbench,postgresql-indexed-load,1,ip-172-31-19-62,olap,benchANT
2026-05-16 12:09:50+00:00,system,uptime,23092,dbms,clickbench,postgresql-indexed-load,1,ip-172-31-19-62,olap,benchANT
2026-05-16 12:10:00+00:00,system,uptime,23102,dbms,clickbench,postgresql-indexed-load,1,ip-172-31-19-62,olap,benchANT
2026-05-16 12:10:10+00:00,system,uptime,23112,dbms,clickbench,postgresql-indexed-load,1,ip-172-31-19-62,olap,benchANT
2026-05-16 12:10:20+00:00,system,uptime,23122,dbms,clickbench,postgresql-indexed-load,1,ip-172-31-19-62,olap,benchANT
2026-05-16 12:10:30+00:00,system,uptime,23132,dbms,clickbench,postgresql-indexed-load,1,ip-172-31-19-62,olap,benchANT
2026-05-16 12:10:40+00:00,system,uptime,23142,dbms,clickbench,postgresql-indexed-load,1,ip-172-31-19-62,olap,benchANT
2026-05-16 12:10:50+00:00,system,uptime,23152,dbms,clickbench,postgresql-indexed-load,1,ip-172-31-19-62,olap,benchANT
2026-05-16 12:11:00+00:00,system,uptime,23162,dbms,clickbench,postgresql-indexed-load,1,ip-172-31-19-62,olap,benchANT
2026-05-16 12:11:10+00:00,system,uptime,23172,dbms,clickbench,postgresql-indexed-load,1,ip-172-31-19-62,olap,benchANT
2026-05-16 12:11:20+00:00,system,uptime,23182,dbms,clickbench,postgresql-indexed-load,1,ip-172-31-19-62,olap,benchANT
2026-05-16 12:11:30+00:00,system,uptime,23192,dbms,clickbench,postgresql-indexed-load,1,ip-172-31-19-62,olap,benchANT
2026-05-16 12:11:40+00:00,system,uptime,23202,dbms,clickbench,postgresql-indexed-load,1,ip-172-31-19-62,olap,benchANT
2026-05-16 12:11:50+00:00,system,uptime,23212,dbms,clickbench,postgresql-indexed-load,1,ip-172-31-19-62,olap,benchANT
2026-05-16 12:12:00+00:00,system,uptime,23222,dbms,clickbench,postgresql-indexed-load,1,ip-172-31-19-62,olap,benchANT
2026-05-16 12:12:10+00:00,system,uptime,23232,dbms,clickbench,postgresql-indexed-load,1,ip-172-31-19-62,olap,benchANT
2026-05-16 12:12:20+00:00,system,uptime,23242,dbms,clickbench,postgresql-indexed-load,1,ip-172-31-19-62,olap,benchANT
2026-05-16 12:12:30+00:00,system,uptime,23252,dbms,clickbench,postgresql-indexed-load,1,ip-172-31-19-62,olap,benchANT
2026-05-16 12:12:40+00:00,system,uptime,23262,dbms,clickbench,postgresql-indexed-load,1,ip-172-31-19-62,olap,benchANT
2026-05-16 12:12:50+00:00,system,uptime,23272,dbms,clickbench,postgresql-indexed-load,1,ip-172-31-19-62,olap,benchANT
2026-05-16 12:13:00+00:00,system,uptime,23282,dbms,clickbench,postgresql-indexed-load,1,ip-172-31-19-62,olap,benchANT
2026-05-16 12:13:10+00:00,system,uptime,23292,dbms,clickbench,postgresql-indexed-load,1,ip-172-31-19-62,olap,benchANT
2026-05-16 12:13:20+00:00,system,uptime,23302,dbms,clickbench,postgresql-indexed-load,1,ip-172-31-19-62,olap,benchANT
2026-05-16 12:13:30+00:00,system,uptime,23312,dbms,clickbench,postgresql-indexed-load,1,ip-172-31-19-62,olap,benchANT
2026-05-16 12:13:40+00:00,system,uptime,23322,dbms,clickbench,postgresql-indexed-load,1,ip-172-31-19-62,olap,benchANT
2026-05-16 12:13:50+00:00,system,uptime,23332,dbms,clickbench,postgresql-indexed-load,1,ip-172-31-19-62,olap,benchANT
2026-05-16 12:14:00+00:00,system,uptime,23342,dbms,clickbench,postgresql-indexed-load,1,ip-172-31-19-62,olap,benchANT
2026-05-16 12:14:10+00:00,system,uptime,23352,dbms,clickbench,postgresql-indexed-load,1,ip-172-31-19-62,olap,benchANT
2026-05-16 12:14:20+00:00,system,uptime,23362,dbms,clickbench,postgresql-indexed-load,1,ip-172-31-19-62,olap,benchANT
2026-05-16 12:14:30+00:00,system,uptime,23372,dbms,clickbench,postgresql-indexed-load,1,ip-172-31-19-62,olap,benchANT
2026-05-16 12:14:40+00:00,system,uptime,23382,dbms,clickbench,postgresql-indexed-load,1,ip-172-31-19-62,olap,benchANT
2026-05-16 12:14:50+00:00,system,uptime,23392,dbms,clickbench,postgresql-indexed-load,1,ip-172-31-19-62,olap,benchANT
2026-05-16 12:15:00+00:00,system,uptime,23402,dbms,clickbench,postgresql-indexed-load,1,ip-172-31-19-62,olap,benchANT
2026-05-16 12:15:10+00:00,system,uptime,23412,dbms,clickbench,postgresql-indexed-load,1,ip-172-31-19-62,olap,benchANT
2026-05-16 12:15:20+00:00,system,uptime,23422,dbms,clickbench,postgresql-indexed-load,1,ip-172-31-19-62,olap,benchANT
2026-05-16 12:15:30+00:00,system,uptime,23432,dbms,clickbench,postgresql-indexed-load,1,ip-172-31-19-62,olap,benchANT
2026-05-16 12:15:40+00:00,system,uptime,23442,dbms,clickbench,postgresql-indexed-load,1,ip-172-31-19-62,olap,benchANT
2026-05-16 12:15:50+00:00,system,uptime,23452,dbms,clickbench,postgresql-indexed-load,1,ip-172-31-19-62,olap,benchANT
2026-05-16 12:16:00+00:00,system,uptime,23462,dbms,clickbench,postgresql-indexed-load,1,ip-172-31-19-62,olap,benchANT
2026-05-16 12:16:10+00:00,system,uptime,23472,dbms,clickbench,postgresql-indexed-load,1,ip-172-31-19-62,olap,benchANT
2026-05-16 12:16:20+00:00,system,uptime,23482,dbms,clickbench,postgresql-indexed-load,1,ip-172-31-19-62,olap,benchANT
2026-05-16 12:16:30+00:00,system,uptime,23492,dbms,clickbench,postgresql-indexed-load,1,ip-172-31-19-62,olap,benchANT
2026-05-16 12:16:40+00:00,system,uptime,23502,dbms,clickbench,postgresql-indexed-load,1,ip-172-31-19-62,olap,benchANT
2026-05-16 12:16:50+00:00,system,uptime,23512,dbms,clickbench,postgresql-indexed-load,1,ip-172-31-19-62,olap,benchANT
2026-05-16 12:17:00+00:00,system,uptime,23522,dbms,clickbench,postgresql-indexed-load,1,ip-172-31-19-62,olap,benchANT
2026-05-16 12:17:10+00:00,system,uptime,23532,dbms,clickbench,postgresql-indexed-load,1,ip-172-31-19-62,olap,benchANT
2026-05-16 12:17:20+00:00,system,uptime,23542,dbms,clickbench,postgresql-indexed-load,1,ip-172-31-19-62,olap,benchANT
2026-05-16 12:17:30+00:00,system,uptime,23552,dbms,clickbench,postgresql-indexed-load,1,ip-172-31-19-62,olap,benchANT
2026-05-16 12:17:40+00:00,system,uptime,23562,dbms,clickbench,postgresql-indexed-load,1,ip-172-31-19-62,olap,benchANT
2026-05-16 12:17:50+00:00,system,uptime,23572,dbms,clickbench,postgresql-indexed-load,1,ip-172-31-19-62,olap,benchANT
2026-05-16 12:18:00+00:00,system,uptime,23582,dbms,clickbench,postgresql-indexed-load,1,ip-172-31-19-62,olap,benchANT
2026-05-16 12:18:10+00:00,system,uptime,23592,dbms,clickbench,postgresql-indexed-load,1,ip-172-31-19-62,olap,benchANT
2026-05-16 12:18:20+00:00,system,uptime,23602,dbms,clickbench,postgresql-indexed-load,1,ip-172-31-19-62,olap,benchANT
2026-05-16 12:18:30+00:00,system,uptime,23612,dbms,clickbench,postgresql-indexed-load,1,ip-172-31-19-62,olap,benchANT
2026-05-16 12:18:40+00:00,system,uptime,23622,dbms,clickbench,postgresql-indexed-load,1,ip-172-31-19-62,olap,benchANT
2026-05-16 12:18:50+00:00,system,uptime,23632,dbms,clickbench,postgresql-indexed-load,1,ip-172-31-19-62,olap,benchANT
2026-05-16 12:19:00+00:00,system,uptime,23642,dbms,clickbench,postgresql-indexed-load,1,ip-172-31-19-62,olap,benchANT
2026-05-16 12:19:10+00:00,system,uptime,23652,dbms,clickbench,postgresql-indexed-load,1,ip-172-31-19-62,olap,benchANT
2026-05-16 12:19:20+00:00,system,uptime,23662,dbms,clickbench,postgresql-indexed-load,1,ip-172-31-19-62,olap,benchANT
2026-05-16 12:19:30+00:00,system,uptime,23672,dbms,clickbench,postgresql-indexed-load,1,ip-172-31-19-62,olap,benchANT
2026-05-16 12:19:40+00:00,system,uptime,23682,dbms,clickbench,postgresql-indexed-load,1,ip-172-31-19-62,olap,benchANT
2026-05-16 12:19:50+00:00,system,uptime,23692,dbms,clickbench,postgresql-indexed-load,1,ip-172-31-19-62,olap,benchANT
2026-05-16 12:20:00+00:00,system,uptime,23702,dbms,clickbench,postgresql-indexed-load,1,ip-172-31-19-62,olap,benchANT
2026-05-16 12:20:10+00:00,system,uptime,23712,dbms,clickbench,postgresql-indexed-load,1,ip-172-31-19-62,olap,benchANT
2026-05-16 12:20:20+00:00,system,uptime,23722,dbms,clickbench,postgresql-indexed-load,1,ip-172-31-19-62,olap,benchANT
2026-05-16 12:20:30+00:00,system,uptime,23732,dbms,clickbench,postgresql-indexed-load,1,ip-172-31-19-62,olap,benchANT
2026-05-16 12:20:40+00:00,system,uptime,23742,dbms,clickbench,postgresql-indexed-load,1,ip-172-31-19-62,olap,benchANT
2026-05-16 12:20:50+00:00,system,uptime,23752,dbms,clickbench,postgresql-indexed-load,1,ip-172-31-19-62,olap,benchANT
2026-05-16 12:21:00+00:00,system,uptime,23762,dbms,clickbench,postgresql-indexed-load,1,ip-172-31-19-62,olap,benchANT
2026-05-16 12:21:10+00:00,system,uptime,23772,dbms,clickbench,postgresql-indexed-load,1,ip-172-31-19-62,olap,benchANT
2026-05-16 12:21:20+00:00,system,uptime,23782,dbms,clickbench,postgresql-indexed-load,1,ip-172-31-19-62,olap,benchANT
2026-05-16 12:21:30+00:00,system,uptime,23792,dbms,clickbench,postgresql-indexed-load,1,ip-172-31-19-62,olap,benchANT
2026-05-16 12:21:40+00:00,system,uptime,23802,dbms,clickbench,postgresql-indexed-load,1,ip-172-31-19-62,olap,benchANT
2026-05-16 12:21:50+00:00,system,uptime,23812,dbms,clickbench,postgresql-indexed-load,1,ip-172-31-19-62,olap,benchANT
2026-05-16 12:22:00+00:00,system,uptime,23822,dbms,clickbench,postgresql-indexed-load,1,ip-172-31-19-62,olap,benchANT
2026-05-16 12:22:10+00:00,system,uptime,23832,dbms,clickbench,postgresql-indexed-load,1,ip-172-31-19-62,olap,benchANT
2026-05-16 12:22:20+00:00,system,uptime,23842,dbms,clickbench,postgresql-indexed-load,1,ip-172-31-19-62,olap,benchANT
2026-05-16 12:22:30+00:00,system,uptime,23852,dbms,clickbench,postgresql-indexed-load,1,ip-172-31-19-62,olap,benchANT
2026-05-16 12:22:40+00:00,system,uptime,23862,dbms,clickbench,postgresql-indexed-load,1,ip-172-31-19-62,olap,benchANT
2026-05-16 12:22:50+00:00,system,uptime,23872,dbms,clickbench,postgresql-indexed-load,1,ip-172-31-19-62,olap,benchANT
2026-05-16 12:23:00+00:00,system,uptime,23882,dbms,clickbench,postgresql-indexed-load,1,ip-172-31-19-62,olap,benchANT
2026-05-16 12:23:10+00:00,system,uptime,23892,dbms,clickbench,postgresql-indexed-load,1,ip-172-31-19-62,olap,benchANT
2026-05-16 12:23:20+00:00,system,uptime,23902,dbms,clickbench,postgresql-indexed-load,1,ip-172-31-19-62,olap,benchANT
2026-05-16 12:23:30+00:00,system,uptime,23912,dbms,clickbench,postgresql-indexed-load,1,ip-172-31-19-62,olap,benchANT
2026-05-16 12:23:40+00:00,system,uptime,23922,dbms,clickbench,postgresql-indexed-load,1,ip-172-31-19-62,olap,benchANT
2026-05-16 12:23:50+00:00,system,uptime,23932,dbms,clickbench,postgresql-indexed-load,1,ip-172-31-19-62,olap,benchANT
2026-05-16 12:24:00+00:00,system,uptime,23942,dbms,clickbench,postgresql-indexed-load,1,ip-172-31-19-62,olap,benchANT
2026-05-16 12:24:10+00:00,system,uptime,23952,dbms,clickbench,postgresql-indexed-load,1,ip-172-31-19-62,olap,benchANT
2026-05-16 12:24:20+00:00,system,uptime,23962,dbms,clickbench,postgresql-indexed-load,1,ip-172-31-19-62,olap,benchANT
2026-05-16 12:24:30+00:00,system,uptime,23972,dbms,clickbench,postgresql-indexed-load,1,ip-172-31-19-62,olap,benchANT
2026-05-16 12:24:40+00:00,system,uptime,23982,dbms,clickbench,postgresql-indexed-load,1,ip-172-31-19-62,olap,benchANT
2026-05-16 12:24:50+00:00,system,uptime,23992,dbms,clickbench,postgresql-indexed-load,1,ip-172-31-19-62,olap,benchANT
2026-05-16 12:25:00+00:00,system,uptime,24002,dbms,clickbench,postgresql-indexed-load,1,ip-172-31-19-62,olap,benchANT
2026-05-16 12:25:10+00:00,system,uptime,24012,dbms,clickbench,postgresql-indexed-load,1,ip-172-31-19-62,olap,benchANT
2026-05-16 12:25:20+00:00,system,uptime,24022,dbms,clickbench,postgresql-indexed-load,1,ip-172-31-19-62,olap,benchANT
2026-05-16 12:25:30+00:00,system,uptime,24032,dbms,clickbench,postgresql-indexed-load,1,ip-172-31-19-62,olap,benchANT
2026-05-16 12:25:40+00:00,system,uptime,24042,dbms,clickbench,postgresql-indexed-load,1,ip-172-31-19-62,olap,benchANT
2026-05-16 12:25:50+00:00,system,uptime,24052,dbms,clickbench,postgresql-indexed-load,1,ip-172-31-19-62,olap,benchANT
2026-05-16 12:26:00+00:00,system,uptime,24062,dbms,clickbench,postgresql-indexed-load,1,ip-172-31-19-62,olap,benchANT
2026-05-16 12:26:10+00:00,system,uptime,24072,dbms,clickbench,postgresql-indexed-load,1,ip-172-31-19-62,olap,benchANT
2026-05-16 12:26:20+00:00,system,uptime,24082,dbms,clickbench,postgresql-indexed-load,1,ip-172-31-19-62,olap,benchANT
2026-05-16 12:26:30+00:00,system,uptime,24092,dbms,clickbench,postgresql-indexed-load,1,ip-172-31-19-62,olap,benchANT
2026-05-16 12:26:40+00:00,system,uptime,24102,dbms,clickbench,postgresql-indexed-load,1,ip-172-31-19-62,olap,benchANT
2026-05-16 12:26:50+00:00,system,uptime,24112,dbms,clickbench,postgresql-indexed-load,1,ip-172-31-19-62,olap,benchANT
2026-05-16 12:27:00+00:00,system,uptime,24122,dbms,clickbench,postgresql-indexed-load,1,ip-172-31-19-62,olap,benchANT
2026-05-16 12:27:10+00:00,system,uptime,24132,dbms,clickbench,postgresql-indexed-load,1,ip-172-31-19-62,olap,benchANT
2026-05-16 12:27:20+00:00,system,uptime,24142,dbms,clickbench,postgresql-indexed-load,1,ip-172-31-19-62,olap,benchANT
2026-05-16 12:27:30+00:00,system,uptime,24152,dbms,clickbench,postgresql-indexed-load,1,ip-172-31-19-62,olap,benchANT
2026-05-16 12:27:40+00:00,system,uptime,24162,dbms,clickbench,postgresql-indexed-load,1,ip-172-31-19-62,olap,benchANT
2026-05-16 12:27:50+00:00,system,uptime,24172,dbms,clickbench,postgresql-indexed-load,1,ip-172-31-19-62,olap,benchANT
2026-05-16 12:28:00+00:00,system,uptime,24182,dbms,clickbench,postgresql-indexed-load,1,ip-172-31-19-62,olap,benchANT
2026-05-16 12:28:10+00:00,system,uptime,24192,dbms,clickbench,postgresql-indexed-load,1,ip-172-31-19-62,olap,benchANT
2026-05-16 12:28:20+00:00,system,uptime,24202,dbms,clickbench,postgresql-indexed-load,1,ip-172-31-19-62,olap,benchANT
2026-05-16 12:28:30+00:00,system,uptime,24212,dbms,clickbench,postgresql-indexed-load,1,ip-172-31-19-62,olap,benchANT
2026-05-16 12:28:40+00:00,system,uptime,24222,dbms,clickbench,postgresql-indexed-load,1,ip-172-31-19-62,olap,benchANT
2026-05-16 12:28:50+00:00,system,uptime,24232,dbms,clickbench,postgresql-indexed-load,1,ip-172-31-19-62,olap,benchANT
2026-05-16 12:29:00+00:00,system,uptime,24242,dbms,clickbench,postgresql-indexed-load,1,ip-172-31-19-62,olap,benchANT
2026-05-16 12:29:10+00:00,system,uptime,24252,dbms,clickbench,postgresql-indexed-load,1,ip-172-31-19-62,olap,benchANT
2026-05-16 12:29:20+00:00,system,uptime,24262,dbms,clickbench,postgresql-indexed-load,1,ip-172-31-19-62,olap,benchANT
2026-05-16 12:29:30+00:00,system,uptime,24272,dbms,clickbench,postgresql-indexed-load,1,ip-172-31-19-62,olap,benchANT
2026-05-16 12:29:40+00:00,system,uptime,24282,dbms,clickbench,postgresql-indexed-load,1,ip-172-31-19-62,olap,benchANT
2026-05-16 12:29:50+00:00,system,uptime,24292,dbms,clickbench,postgresql-indexed-load,1,ip-172-31-19-62,olap,benchANT
2026-05-16 12:30:00+00:00,system,uptime,24302,dbms,clickbench,postgresql-indexed-load,1,ip-172-31-19-62,olap,benchANT
2026-05-16 12:30:10+00:00,system,uptime,24312,dbms,clickbench,postgresql-indexed-load,1,ip-172-31-19-62,olap,benchANT
2026-05-16 12:30:20+00:00,system,uptime,24322,dbms,clickbench,postgresql-indexed-load,1,ip-172-31-19-62,olap,benchANT
2026-05-16 12:30:30+00:00,system,uptime,24332,dbms,clickbench,postgresql-indexed-load,1,ip-172-31-19-62,olap,benchANT
2026-05-16 12:30:40+00:00,system,uptime,24342,dbms,clickbench,postgresql-indexed-load,1,ip-172-31-19-62,olap,benchANT
2026-05-16 12:30:50+00:00,system,uptime,24352,dbms,clickbench,postgresql-indexed-load,1,ip-172-31-19-62,olap,benchANT
2026-05-16 12:31:00+00:00,system,uptime,24362,dbms,clickbench,postgresql-indexed-load,1,ip-172-31-19-62,olap,benchANT
2026-05-16 12:31:10+00:00,system,uptime,24372,dbms,clickbench,postgresql-indexed-load,1,ip-172-31-19-62,olap,benchANT
2026-05-16 12:31:20+00:00,system,uptime,24382,dbms,clickbench,postgresql-indexed-load,1,ip-172-31-19-62,olap,benchANT
2026-05-16 12:31:30+00:00,system,uptime,24392,dbms,clickbench,postgresql-indexed-load,1,ip-172-31-19-62,olap,benchANT
2026-05-16 12:31:40+00:00,system,uptime,24402,dbms,clickbench,postgresql-indexed-load,1,ip-172-31-19-62,olap,benchANT
2026-05-16 12:31:50+00:00,system,uptime,24412,dbms,clickbench,postgresql-indexed-load,1,ip-172-31-19-62,olap,benchANT
2026-05-16 12:32:00+00:00,system,uptime,24422,dbms,clickbench,postgresql-indexed-load,1,ip-172-31-19-62,olap,benchANT
2026-05-16 12:32:10+00:00,system,uptime,24432,dbms,clickbench,postgresql-indexed-load,1,ip-172-31-19-62,olap,benchANT
2026-05-16 12:32:20+00:00,system,uptime,24442,dbms,clickbench,postgresql-indexed-load,1,ip-172-31-19-62,olap,benchANT
2026-05-16 12:32:30+00:00,system,uptime,24452,dbms,clickbench,postgresql-indexed-load,1,ip-172-31-19-62,olap,benchANT
2026-05-16 12:32:40+00:00,system,uptime,24462,dbms,clickbench,postgresql-indexed-load,1,ip-172-31-19-62,olap,benchANT
2026-05-16 12:32:50+00:00,system,uptime,24472,dbms,clickbench,postgresql-indexed-load,1,ip-172-31-19-62,olap,benchANT
2026-05-16 12:33:00+00:00,system,uptime,24482,dbms,clickbench,postgresql-indexed-load,1,ip-172-31-19-62,olap,benchANT
2026-05-16 12:33:10+00:00,system,uptime,24492,dbms,clickbench,postgresql-indexed-load,1,ip-172-31-19-62,olap,benchANT
2026-05-16 12:33:20+00:00,system,uptime,24502,dbms,clickbench,postgresql-indexed-load,1,ip-172-31-19-62,olap,benchANT
2026-05-16 12:33:30+00:00,system,uptime,24512,dbms,clickbench,postgresql-indexed-load,1,ip-172-31-19-62,olap,benchANT
2026-05-16 12:33:40+00:00,system,uptime,24522,dbms,clickbench,postgresql-indexed-load,1,ip-172-31-19-62,olap,benchANT
2026-05-16 12:33:50+00:00,system,uptime,24532,dbms,clickbench,postgresql-indexed-load,1,ip-172-31-19-62,olap,benchANT
2026-05-16 12:34:00+00:00,system,uptime,24542,dbms,clickbench,postgresql-indexed-load,1,ip-172-31-19-62,olap,benchANT
2026-05-16 12:34:10+00:00,system,uptime,24552,dbms,clickbench,postgresql-indexed-load,1,ip-172-31-19-62,olap,benchANT
2026-05-16 12:34:20+00:00,system,uptime,24562,dbms,clickbench,postgresql-indexed-load,1,ip-172-31-19-62,olap,benchANT
2026-05-16 12:34:30+00:00,system,uptime,24572,dbms,clickbench,postgresql-indexed-load,1,ip-172-31-19-62,olap,benchANT
2026-05-16 12:34:40+00:00,system,uptime,24582,dbms,clickbench,postgresql-indexed-load,1,ip-172-31-19-62,olap,benchANT
2026-05-16 12:34:50+00:00,system,uptime,24592,dbms,clickbench,postgresql-indexed-load,1,ip-172-31-19-62,olap,benchANT
2026-05-16 12:35:00+00:00,system,uptime,24602,dbms,clickbench,postgresql-indexed-load,1,ip-172-31-19-62,olap,benchANT
2026-05-16 12:35:10+00:00,system,uptime,24612,dbms,clickbench,postgresql-indexed-load,1,ip-172-31-19-62,olap,benchANT
2026-05-16 12:35:20+00:00,system,uptime,24622,dbms,clickbench,postgresql-indexed-load,1,ip-172-31-19-62,olap,benchANT
2026-05-16 12:35:30+00:00,system,uptime,24632,dbms,clickbench,postgresql-indexed-load,1,ip-172-31-19-62,olap,benchANT
2026-05-16 12:35:40+00:00,system,uptime,24642,dbms,clickbench,postgresql-indexed-load,1,ip-172-31-19-62,olap,benchANT
2026-05-16 12:35:50+00:00,system,uptime,24652,dbms,clickbench,postgresql-indexed-load,1,ip-172-31-19-62,olap,benchANT
2026-05-16 12:36:00+00:00,system,uptime,24662,dbms,clickbench,postgresql-indexed-load,1,ip-172-31-19-62,olap,benchANT
2026-05-16 12:36:10+00:00,system,uptime,24672,dbms,clickbench,postgresql-indexed-load,1,ip-172-31-19-62,olap,benchANT
2026-05-16 12:36:20+00:00,system,uptime,24682,dbms,clickbench,postgresql-indexed-load,1,ip-172-31-19-62,olap,benchANT
2026-05-16 12:36:30+00:00,system,uptime,24692,dbms,clickbench,postgresql-indexed-load,1,ip-172-31-19-62,olap,benchANT
2026-05-16 12:36:40+00:00,system,uptime,24702,dbms,clickbench,postgresql-indexed-load,1,ip-172-31-19-62,olap,benchANT
2026-05-16 12:36:50+00:00,system,uptime,24712,dbms,clickbench,postgresql-indexed-load,1,ip-172-31-19-62,olap,benchANT
2026-05-16 12:37:00+00:00,system,uptime,24722,dbms,clickbench,postgresql-indexed-load,1,ip-172-31-19-62,olap,benchANT
2026-05-16 12:37:10+00:00,system,uptime,24732,dbms,clickbench,postgresql-indexed-load,1,ip-172-31-19-62,olap,benchANT
2026-05-16 12:37:20+00:00,system,uptime,24742,dbms,clickbench,postgresql-indexed-load,1,ip-172-31-19-62,olap,benchANT
2026-05-16 12:37:30+00:00,system,uptime,24752,dbms,clickbench,postgresql-indexed-load,1,ip-172-31-19-62,olap,benchANT
2026-05-16 12:37:40+00:00,system,uptime,24762,dbms,clickbench,postgresql-indexed-load,1,ip-172-31-19-62,olap,benchANT
2026-05-16 12:37:50+00:00,system,uptime,24772,dbms,clickbench,postgresql-indexed-load,1,ip-172-31-19-62,olap,benchANT
2026-05-16 12:38:00+00:00,system,uptime,24782,dbms,clickbench,postgresql-indexed-load,1,ip-172-31-19-62,olap,benchANT
2026-05-16 12:38:10+00:00,system,uptime,24792,dbms,clickbench,postgresql-indexed-load,1,ip-172-31-19-62,olap,benchANT
2026-05-16 12:38:20+00:00,system,uptime,24802,dbms,clickbench,postgresql-indexed-load,1,ip-172-31-19-62,olap,benchANT
2026-05-16 12:38:30+00:00,system,uptime,24812,dbms,clickbench,postgresql-indexed-load,1,ip-172-31-19-62,olap,benchANT
2026-05-16 12:38:40+00:00,system,uptime,24822,dbms,clickbench,postgresql-indexed-load,1,ip-172-31-19-62,olap,benchANT
2026-05-16 12:38:50+00:00,system,uptime,24832,dbms,clickbench,postgresql-indexed-load,1,ip-172-31-19-62,olap,benchANT
2026-05-16 12:39:00+00:00,system,uptime,24842,dbms,clickbench,postgresql-indexed-load,1,ip-172-31-19-62,olap,benchANT
2026-05-16 12:39:10+00:00,system,uptime,24852,dbms,clickbench,postgresql-indexed-load,1,ip-172-31-19-62,olap,benchANT
2026-05-16 12:39:20+00:00,system,uptime,24862,dbms,clickbench,postgresql-indexed-load,1,ip-172-31-19-62,olap,benchANT
2026-05-16 12:39:30+00:00,system,uptime,24872,dbms,clickbench,postgresql-indexed-load,1,ip-172-31-19-62,olap,benchANT
2026-05-16 12:39:40+00:00,system,uptime,24882,dbms,clickbench,postgresql-indexed-load,1,ip-172-31-19-62,olap,benchANT
2026-05-16 12:39:50+00:00,system,uptime,24892,dbms,clickbench,postgresql-indexed-load,1,ip-172-31-19-62,olap,benchANT
2026-05-16 12:40:00+00:00,system,uptime,24902,dbms,clickbench,postgresql-indexed-load,1,ip-172-31-19-62,olap,benchANT
2026-05-16 12:40:10+00:00,system,uptime,24912,dbms,clickbench,postgresql-indexed-load,1,ip-172-31-19-62,olap,benchANT
2026-05-16 12:40:20+00:00,system,uptime,24922,dbms,clickbench,postgresql-indexed-load,1,ip-172-31-19-62,olap,benchANT
2026-05-16 12:40:30+00:00,system,uptime,24932,dbms,clickbench,postgresql-indexed-load,1,ip-172-31-19-62,olap,benchANT
2026-05-16 12:40:40+00:00,system,uptime,24942,dbms,clickbench,postgresql-indexed-load,1,ip-172-31-19-62,olap,benchANT
2026-05-16 12:40:50+00:00,system,uptime,24952,dbms,clickbench,postgresql-indexed-load,1,ip-172-31-19-62,olap,benchANT
2026-05-16 12:41:00+00:00,system,uptime,24962,dbms,clickbench,postgresql-indexed-load,1,ip-172-31-19-62,olap,benchANT
2026-05-16 12:41:10+00:00,system,uptime,24972,dbms,clickbench,postgresql-indexed-load,1,ip-172-31-19-62,olap,benchANT
2026-05-16 12:41:20+00:00,system,uptime,24982,dbms,clickbench,postgresql-indexed-load,1,ip-172-31-19-62,olap,benchANT
2026-05-16 12:41:30+00:00,system,uptime,24992,dbms,clickbench,postgresql-indexed-load,1,ip-172-31-19-62,olap,benchANT
2026-05-16 12:41:40+00:00,system,uptime,25002,dbms,clickbench,postgresql-indexed-load,1,ip-172-31-19-62,olap,benchANT
2026-05-16 12:41:50+00:00,system,uptime,25012,dbms,clickbench,postgresql-indexed-load,1,ip-172-31-19-62,olap,benchANT
2026-05-16 12:42:00+00:00,system,uptime,25022,dbms,clickbench,postgresql-indexed-load,1,ip-172-31-19-62,olap,benchANT
2026-05-16 12:42:10+00:00,system,uptime,25032,dbms,clickbench,postgresql-indexed-load,1,ip-172-31-19-62,olap,benchANT
2026-05-16 12:42:20+00:00,system,uptime,25042,dbms,clickbench,postgresql-indexed-load,1,ip-172-31-19-62,olap,benchANT
2026-05-16 12:42:30+00:00,system,uptime,25052,dbms,clickbench,postgresql-indexed-load,1,ip-172-31-19-62,olap,benchANT
2026-05-16 12:42:40+00:00,system,uptime,25062,dbms,clickbench,postgresql-indexed-load,1,ip-172-31-19-62,olap,benchANT
2026-05-16 12:42:50+00:00,system,uptime,25072,dbms,clickbench,postgresql-indexed-load,1,ip-172-31-19-62,olap,benchANT
2026-05-16 12:43:00+00:00,system,uptime,25082,dbms,clickbench,postgresql-indexed-load,1,ip-172-31-19-62,olap,benchANT
2026-05-16 12:43:10+00:00,system,uptime,25092,dbms,clickbench,postgresql-indexed-load,1,ip-172-31-19-62,olap,benchANT
2026-05-16 12:43:20+00:00,system,uptime,25102,dbms,clickbench,postgresql-indexed-load,1,ip-172-31-19-62,olap,benchANT
2026-05-16 12:43:30+00:00,system,uptime,25112,dbms,clickbench,postgresql-indexed-load,1,ip-172-31-19-62,olap,benchANT
2026-05-16 12:43:40+00:00,system,uptime,25122,dbms,clickbench,postgresql-indexed-load,1,ip-172-31-19-62,olap,benchANT
2026-05-16 12:43:50+00:00,system,uptime,25132,dbms,clickbench,postgresql-indexed-load,1,ip-172-31-19-62,olap,benchANT
2026-05-16 12:44:00+00:00,system,uptime,25142,dbms,clickbench,postgresql-indexed-load,1,ip-172-31-19-62,olap,benchANT
2026-05-16 12:44:10+00:00,system,uptime,25152,dbms,clickbench,postgresql-indexed-load,1,ip-172-31-19-62,olap,benchANT
2026-05-16 12:44:20+00:00,system,uptime,25162,dbms,clickbench,postgresql-indexed-load,1,ip-172-31-19-62,olap,benchANT
2026-05-16 12:44:30+00:00,system,uptime,25172,dbms,clickbench,postgresql-indexed-load,1,ip-172-31-19-62,olap,benchANT
2026-05-16 12:44:40+00:00,system,uptime,25182,dbms,clickbench,postgresql-indexed-load,1,ip-172-31-19-62,olap,benchANT
2026-05-16 12:44:50+00:00,system,uptime,25192,dbms,clickbench,postgresql-indexed-load,1,ip-172-31-19-62,olap,benchANT
2026-05-16 12:45:00+00:00,system,uptime,25202,dbms,clickbench,postgresql-indexed-load,1,ip-172-31-19-62,olap,benchANT
2026-05-16 12:45:10+00:00,system,uptime,25212,dbms,clickbench,postgresql-indexed-load,1,ip-172-31-19-62,olap,benchANT
2026-05-16 12:45:20+00:00,system,uptime,25222,dbms,clickbench,postgresql-indexed-load,1,ip-172-31-19-62,olap,benchANT
2026-05-16 12:45:30+00:00,system,uptime,25232,dbms,clickbench,postgresql-indexed-load,1,ip-172-31-19-62,olap,benchANT
2026-05-16 12:45:40+00:00,system,uptime,25242,dbms,clickbench,postgresql-indexed-load,1,ip-172-31-19-62,olap,benchANT
2026-05-16 12:45:50+00:00,system,uptime,25252,dbms,clickbench,postgresql-indexed-load,1,ip-172-31-19-62,olap,benchANT
2026-05-16 12:46:00+00:00,system,uptime,25262,dbms,clickbench,postgresql-indexed-load,1,ip-172-31-19-62,olap,benchANT
2026-05-16 12:46:10+00:00,system,uptime,25272,dbms,clickbench,postgresql-indexed-load,1,ip-172-31-19-62,olap,benchANT
2026-05-16 12:46:20+00:00,system,uptime,25282,dbms,clickbench,postgresql-indexed-load,1,ip-172-31-19-62,olap,benchANT
2026-05-16 12:46:30+00:00,system,uptime,25292,dbms,clickbench,postgresql-indexed-load,1,ip-172-31-19-62,olap,benchANT
2026-05-16 12:46:40+00:00,system,uptime,25302,dbms,clickbench,postgresql-indexed-load,1,ip-172-31-19-62,olap,benchANT
2026-05-16 12:46:50+00:00,system,uptime,25312,dbms,clickbench,postgresql-indexed-load,1,ip-172-31-19-62,olap,benchANT
2026-05-16 12:47:00+00:00,system,uptime,25322,dbms,clickbench,postgresql-indexed-load,1,ip-172-31-19-62,olap,benchANT
2026-05-16 12:47:10+00:00,system,uptime,25332,dbms,clickbench,postgresql-indexed-load,1,ip-172-31-19-62,olap,benchANT
2026-05-16 12:47:20+00:00,system,uptime,25342,dbms,clickbench,postgresql-indexed-load,1,ip-172-31-19-62,olap,benchANT
2026-05-16 12:47:30+00:00,system,uptime,25352,dbms,clickbench,postgresql-indexed-load,1,ip-172-31-19-62,olap,benchANT
2026-05-16 12:47:40+00:00,system,uptime,25362,dbms,clickbench,postgresql-indexed-load,1,ip-172-31-19-62,olap,benchANT
2026-05-16 12:47:50+00:00,system,uptime,25372,dbms,clickbench,postgresql-indexed-load,1,ip-172-31-19-62,olap,benchANT
2026-05-16 12:48:00+00:00,system,uptime,25382,dbms,clickbench,postgresql-indexed-load,1,ip-172-31-19-62,olap,benchANT
2026-05-16 12:48:10+00:00,system,uptime,25392,dbms,clickbench,postgresql-indexed-load,1,ip-172-31-19-62,olap,benchANT
2026-05-16 12:48:20+00:00,system,uptime,25402,dbms,clickbench,postgresql-indexed-load,1,ip-172-31-19-62,olap,benchANT
2026-05-16 12:48:30+00:00,system,uptime,25412,dbms,clickbench,postgresql-indexed-load,1,ip-172-31-19-62,olap,benchANT
2026-05-16 12:48:40+00:00,system,uptime,25422,dbms,clickbench,postgresql-indexed-load,1,ip-172-31-19-62,olap,benchANT
2026-05-16 12:48:50+00:00,system,uptime,25432,dbms,clickbench,postgresql-indexed-load,1,ip-172-31-19-62,olap,benchANT
2026-05-16 12:49:00+00:00,system,uptime,25442,dbms,clickbench,postgresql-indexed-load,1,ip-172-31-19-62,olap,benchANT
2026-05-16 12:49:10+00:00,system,uptime,25452,dbms,clickbench,postgresql-indexed-load,1,ip-172-31-19-62,olap,benchANT
2026-05-16 12:49:20+00:00,system,uptime,25462,dbms,clickbench,postgresql-indexed-load,1,ip-172-31-19-62,olap,benchANT
2026-05-16 12:49:30+00:00,system,uptime,25472,dbms,clickbench,postgresql-indexed-load,1,ip-172-31-19-62,olap,benchANT
2026-05-16 12:49:40+00:00,system,uptime,25482,dbms,clickbench,postgresql-indexed-load,1,ip-172-31-19-62,olap,benchANT
2026-05-16 12:49:50+00:00,system,uptime,25492,dbms,clickbench,postgresql-indexed-load,1,ip-172-31-19-62,olap,benchANT
2026-05-16 12:50:00+00:00,system,uptime,25502,dbms,clickbench,postgresql-indexed-load,1,ip-172-31-19-62,olap,benchANT
2026-05-16 12:50:10+00:00,system,uptime,25512,dbms,clickbench,postgresql-indexed-load,1,ip-172-31-19-62,olap,benchANT
2026-05-16 12:50:20+00:00,system,uptime,25522,dbms,clickbench,postgresql-indexed-load,1,ip-172-31-19-62,olap,benchANT
2026-05-16 12:50:30+00:00,system,uptime,25532,dbms,clickbench,postgresql-indexed-load,1,ip-172-31-19-62,olap,benchANT
2026-05-16 12:50:40+00:00,system,uptime,25542,dbms,clickbench,postgresql-indexed-load,1,ip-172-31-19-62,olap,benchANT
2026-05-16 12:50:50+00:00,system,uptime,25552,dbms,clickbench,postgresql-indexed-load,1,ip-172-31-19-62,olap,benchANT
2026-05-16 12:51:00+00:00,system,uptime,25562,dbms,clickbench,postgresql-indexed-load,1,ip-172-31-19-62,olap,benchANT
2026-05-16 12:51:10+00:00,system,uptime,25572,dbms,clickbench,postgresql-indexed-load,1,ip-172-31-19-62,olap,benchANT
2026-05-16 12:51:20+00:00,system,uptime,25582,dbms,clickbench,postgresql-indexed-load,1,ip-172-31-19-62,olap,benchANT
2026-05-16 12:51:30+00:00,system,uptime,25592,dbms,clickbench,postgresql-indexed-load,1,ip-172-31-19-62,olap,benchANT
2026-05-16 12:51:40+00:00,system,uptime,25602,dbms,clickbench,postgresql-indexed-load,1,ip-172-31-19-62,olap,benchANT
2026-05-16 12:51:50+00:00,system,uptime,25612,dbms,clickbench,postgresql-indexed-load,1,ip-172-31-19-62,olap,benchANT
2026-05-16 12:52:00+00:00,system,uptime,25622,dbms,clickbench,postgresql-indexed-load,1,ip-172-31-19-62,olap,benchANT
2026-05-16 12:52:10+00:00,system,uptime,25632,dbms,clickbench,postgresql-indexed-load,1,ip-172-31-19-62,olap,benchANT
2026-05-16 12:52:20+00:00,system,uptime,25642,dbms,clickbench,postgresql-indexed-load,1,ip-172-31-19-62,olap,benchANT
2026-05-16 12:52:30+00:00,system,uptime,25652,dbms,clickbench,postgresql-indexed-load,1,ip-172-31-19-62,olap,benchANT
2026-05-16 12:52:40+00:00,system,uptime,25662,dbms,clickbench,postgresql-indexed-load,1,ip-172-31-19-62,olap,benchANT
2026-05-16 12:52:50+00:00,system,uptime,25672,dbms,clickbench,postgresql-indexed-load,1,ip-172-31-19-62,olap,benchANT
2026-05-16 12:53:00+00:00,system,uptime,25682,dbms,clickbench,postgresql-indexed-load,1,ip-172-31-19-62,olap,benchANT
2026-05-16 12:53:10+00:00,system,uptime,25692,dbms,clickbench,postgresql-indexed-load,1,ip-172-31-19-62,olap,benchANT
2026-05-16 12:53:20+00:00,system,uptime,25702,dbms,clickbench,postgresql-indexed-load,1,ip-172-31-19-62,olap,benchANT
2026-05-16 12:53:30+00:00,system,uptime,25712,dbms,clickbench,postgresql-indexed-load,1,ip-172-31-19-62,olap,benchANT
2026-05-16 12:53:40+00:00,system,uptime,25722,dbms,clickbench,postgresql-indexed-load,1,ip-172-31-19-62,olap,benchANT
2026-05-16 12:53:50+00:00,system,uptime,25732,dbms,clickbench,postgresql-indexed-load,1,ip-172-31-19-62,olap,benchANT
2026-05-16 12:54:00+00:00,system,uptime,25742,dbms,clickbench,postgresql-indexed-load,1,ip-172-31-19-62,olap,benchANT
2026-05-16 12:54:10+00:00,system,uptime,25752,dbms,clickbench,postgresql-indexed-load,1,ip-172-31-19-62,olap,benchANT
2026-05-16 12:54:20+00:00,system,uptime,25762,dbms,clickbench,postgresql-indexed-load,1,ip-172-31-19-62,olap,benchANT
2026-05-16 12:54:30+00:00,system,uptime,25772,dbms,clickbench,postgresql-indexed-load,1,ip-172-31-19-62,olap,benchANT
2026-05-16 12:54:40+00:00,system,uptime,25782,dbms,clickbench,postgresql-indexed-load,1,ip-172-31-19-62,olap,benchANT
2026-05-16 12:54:50+00:00,system,uptime,25792,dbms,clickbench,postgresql-indexed-load,1,ip-172-31-19-62,olap,benchANT
2026-05-16 12:55:00+00:00,system,uptime,25802,dbms,clickbench,postgresql-indexed-load,1,ip-172-31-19-62,olap,benchANT
2026-05-16 12:55:10+00:00,system,uptime,25812,dbms,clickbench,postgresql-indexed-load,1,ip-172-31-19-62,olap,benchANT
2026-05-16 12:55:20+00:00,system,uptime,25822,dbms,clickbench,postgresql-indexed-load,1,ip-172-31-19-62,olap,benchANT
2026-05-16 12:55:30+00:00,system,uptime,25832,dbms,clickbench,postgresql-indexed-load,1,ip-172-31-19-62,olap,benchANT
2026-05-16 12:55:40+00:00,system,uptime,25842,dbms,clickbench,postgresql-indexed-load,1,ip-172-31-19-62,olap,benchANT
2026-05-16 12:55:50+00:00,system,uptime,25852,dbms,clickbench,postgresql-indexed-load,1,ip-172-31-19-62,olap,benchANT
2026-05-16 12:56:00+00:00,system,uptime,25862,dbms,clickbench,postgresql-indexed-load,1,ip-172-31-19-62,olap,benchANT
2026-05-16 12:56:10+00:00,system,uptime,25872,dbms,clickbench,postgresql-indexed-load,1,ip-172-31-19-62,olap,benchANT
2026-05-16 12:56:20+00:00,system,uptime,25882,dbms,clickbench,postgresql-indexed-load,1,ip-172-31-19-62,olap,benchANT
2026-05-16 12:56:30+00:00,system,uptime,25892,dbms,clickbench,postgresql-indexed-load,1,ip-172-31-19-62,olap,benchANT
2026-05-16 12:56:40+00:00,system,uptime,25902,dbms,clickbench,postgresql-indexed-load,1,ip-172-31-19-62,olap,benchANT
2026-05-16 12:56:50+00:00,system,uptime,25912,dbms,clickbench,postgresql-indexed-load,1,ip-172-31-19-62,olap,benchANT
2026-05-16 12:57:00+00:00,system,uptime,25922,dbms,clickbench,postgresql-indexed-load,1,ip-172-31-19-62,olap,benchANT
2026-05-16 12:57:10+00:00,system,uptime,25932,dbms,clickbench,postgresql-indexed-load,1,ip-172-31-19-62,olap,benchANT
2026-05-16 12:57:20+00:00,system,uptime,25942,dbms,clickbench,postgresql-indexed-load,1,ip-172-31-19-62,olap,benchANT
2026-05-16 12:57:30+00:00,system,uptime,25952,dbms,clickbench,postgresql-indexed-load,1,ip-172-31-19-62,olap,benchANT
2026-05-16 12:57:40+00:00,system,uptime,25962,dbms,clickbench,postgresql-indexed-load,1,ip-172-31-19-62,olap,benchANT
2026-05-16 12:57:50+00:00,system,uptime,25972,dbms,clickbench,postgresql-indexed-load,1,ip-172-31-19-62,olap,benchANT
2026-05-16 12:58:00+00:00,system,uptime,25982,dbms,clickbench,postgresql-indexed-load,1,ip-172-31-19-62,olap,benchANT
2026-05-16 12:58:10+00:00,system,uptime,25992,dbms,clickbench,postgresql-indexed-load,1,ip-172-31-19-62,olap,benchANT
2026-05-16 12:58:20+00:00,system,uptime,26002,dbms,clickbench,postgresql-indexed-load,1,ip-172-31-19-62,olap,benchANT
2026-05-16 12:58:30+00:00,system,uptime,26012,dbms,clickbench,postgresql-indexed-load,1,ip-172-31-19-62,olap,benchANT
2026-05-16 12:58:40+00:00,system,uptime,26022,dbms,clickbench,postgresql-indexed-load,1,ip-172-31-19-62,olap,benchANT
2026-05-16 12:58:50+00:00,system,uptime,26032,dbms,clickbench,postgresql-indexed-load,1,ip-172-31-19-62,olap,benchANT
2026-05-16 12:59:00+00:00,system,uptime,26042,dbms,clickbench,postgresql-indexed-load,1,ip-172-31-19-62,olap,benchANT
2026-05-16 12:59:10+00:00,system,uptime,26052,dbms,clickbench,postgresql-indexed-load,1,ip-172-31-19-62,olap,benchANT
2026-05-16 12:59:20+00:00,system,uptime,26062,dbms,clickbench,postgresql-indexed-load,1,ip-172-31-19-62,olap,benchANT
2026-05-16 12:59:30+00:00,system,uptime,26072,dbms,clickbench,postgresql-indexed-load,1,ip-172-31-19-62,olap,benchANT
2026-05-16 12:59:40+00:00,system,uptime,26082,dbms,clickbench,postgresql-indexed-load,1,ip-172-31-19-62,olap,benchANT
2026-05-16 12:59:50+00:00,system,uptime,26092,dbms,clickbench,postgresql-indexed-load,1,ip-172-31-19-62,olap,benchANT
2026-05-16 13:00:00+00:00,system,uptime,26102,dbms,clickbench,postgresql-indexed-load,1,ip-172-31-19-62,olap,benchANT
2026-05-16 13:00:10+00:00,system,uptime,26112,dbms,clickbench,postgresql-indexed-load,1,ip-172-31-19-62,olap,benchANT
2026-05-16 13:00:20+00:00,system,uptime,26122,dbms,clickbench,postgresql-indexed-load,1,ip-172-31-19-62,olap,benchANT
2026-05-16 13:00:30+00:00,system,uptime,26132,dbms,clickbench,postgresql-indexed-load,1,ip-172-31-19-62,olap,benchANT
2026-05-16 13:00:40+00:00,system,uptime,26142,dbms,clickbench,postgresql-indexed-load,1,ip-172-31-19-62,olap,benchANT
2026-05-16 13:00:50+00:00,system,uptime,26152,dbms,clickbench,postgresql-indexed-load,1,ip-172-31-19-62,olap,benchANT
2026-05-16 13:01:00+00:00,system,uptime,26162,dbms,clickbench,postgresql-indexed-load,1,ip-172-31-19-62,olap,benchANT
2026-05-16 13:01:10+00:00,system,uptime,26172,dbms,clickbench,postgresql-indexed-load,1,ip-172-31-19-62,olap,benchANT
2026-05-16 13:01:20+00:00,system,uptime,26182,dbms,clickbench,postgresql-indexed-load,1,ip-172-31-19-62,olap,benchANT
2026-05-16 13:01:30+00:00,system,uptime,26192,dbms,clickbench,postgresql-indexed-load,1,ip-172-31-19-62,olap,benchANT
2026-05-16 13:01:40+00:00,system,uptime,26202,dbms,clickbench,postgresql-indexed-load,1,ip-172-31-19-62,olap,benchANT
2026-05-16 13:01:50+00:00,system,uptime,26212,dbms,clickbench,postgresql-indexed-load,1,ip-172-31-19-62,olap,benchANT
2026-05-16 13:02:00+00:00,system,uptime,26222,dbms,clickbench,postgresql-indexed-load,1,ip-172-31-19-62,olap,benchANT
2026-05-16 13:02:10+00:00,system,uptime,26232,dbms,clickbench,postgresql-indexed-load,1,ip-172-31-19-62,olap,benchANT
2026-05-16 13:02:20+00:00,system,uptime,26242,dbms,clickbench,postgresql-indexed-load,1,ip-172-31-19-62,olap,benchANT
2026-05-16 13:02:30+00:00,system,uptime,26252,dbms,clickbench,postgresql-indexed-load,1,ip-172-31-19-62,olap,benchANT
2026-05-16 13:02:40+00:00,system,uptime,26262,dbms,clickbench,postgresql-indexed-load,1,ip-172-31-19-62,olap,benchANT
2026-05-16 13:02:50+00:00,system,uptime,26272,dbms,clickbench,postgresql-indexed-load,1,ip-172-31-19-62,olap,benchANT
2026-05-16 13:03:00+00:00,system,uptime,26282,dbms,clickbench,postgresql-indexed-load,1,ip-172-31-19-62,olap,benchANT
2026-05-16 13:03:10+00:00,system,uptime,26292,dbms,clickbench,postgresql-indexed-load,1,ip-172-31-19-62,olap,benchANT
2026-05-16 13:03:20+00:00,system,uptime,26302,dbms,clickbench,postgresql-indexed-load,1,ip-172-31-19-62,olap,benchANT
2026-05-16 13:03:30+00:00,system,uptime,26312,dbms,clickbench,postgresql-indexed-load,1,ip-172-31-19-62,olap,benchANT
2026-05-16 13:03:40+00:00,system,uptime,26322,dbms,clickbench,postgresql-indexed-load,1,ip-172-31-19-62,olap,benchANT
2026-05-16 13:03:50+00:00,system,uptime,26332,dbms,clickbench,postgresql-indexed-load,1,ip-172-31-19-62,olap,benchANT
2026-05-16 13:04:00+00:00,system,uptime,26342,dbms,clickbench,postgresql-indexed-load,1,ip-172-31-19-62,olap,benchANT
2026-05-16 13:04:10+00:00,system,uptime,26352,dbms,clickbench,postgresql-indexed-load,1,ip-172-31-19-62,olap,benchANT
2026-05-16 13:04:20+00:00,system,uptime,26362,dbms,clickbench,postgresql-indexed-load,1,ip-172-31-19-62,olap,benchANT
2026-05-16 13:04:30+00:00,system,uptime,26372,dbms,clickbench,postgresql-indexed-load,1,ip-172-31-19-62,olap,benchANT
2026-05-16 13:04:40+00:00,system,uptime,26382,dbms,clickbench,postgresql-indexed-load,1,ip-172-31-19-62,olap,benchANT
2026-05-16 13:04:50+00:00,system,uptime,26392,dbms,clickbench,postgresql-indexed-load,1,ip-172-31-19-62,olap,benchANT
2026-05-16 13:05:00+00:00,system,uptime,26402,dbms,clickbench,postgresql-indexed-load,1,ip-172-31-19-62,olap,benchANT
2026-05-16 13:05:10+00:00,system,uptime,26412,dbms,clickbench,postgresql-indexed-load,1,ip-172-31-19-62,olap,benchANT
2026-05-16 13:05:20+00:00,system,uptime,26422,dbms,clickbench,postgresql-indexed-load,1,ip-172-31-19-62,olap,benchANT
2026-05-16 13:05:30+00:00,system,uptime,26432,dbms,clickbench,postgresql-indexed-load,1,ip-172-31-19-62,olap,benchANT
2026-05-16 13:05:40+00:00,system,uptime,26442,dbms,clickbench,postgresql-indexed-load,1,ip-172-31-19-62,olap,benchANT
2026-05-16 13:05:50+00:00,system,uptime,26452,dbms,clickbench,postgresql-indexed-load,1,ip-172-31-19-62,olap,benchANT
2026-05-16 13:06:00+00:00,system,uptime,26462,dbms,clickbench,postgresql-indexed-load,1,ip-172-31-19-62,olap,benchANT
2026-05-16 13:06:10+00:00,system,uptime,26472,dbms,clickbench,postgresql-indexed-load,1,ip-172-31-19-62,olap,benchANT
2026-05-16 13:06:20+00:00,system,uptime,26482,dbms,clickbench,postgresql-indexed-load,1,ip-172-31-19-62,olap,benchANT
2026-05-16 13:06:30+00:00,system,uptime,26492,dbms,clickbench,postgresql-indexed-load,1,ip-172-31-19-62,olap,benchANT
2026-05-16 13:06:40+00:00,system,uptime,26502,dbms,clickbench,postgresql-indexed-load,1,ip-172-31-19-62,olap,benchANT
2026-05-16 13:06:50+00:00,system,uptime,26512,dbms,clickbench,postgresql-indexed-load,1,ip-172-31-19-62,olap,benchANT
2026-05-16 13:07:00+00:00,system,uptime,26522,dbms,clickbench,postgresql-indexed-load,1,ip-172-31-19-62,olap,benchANT
2026-05-16 13:07:10+00:00,system,uptime,26532,dbms,clickbench,postgresql-indexed-load,1,ip-172-31-19-62,olap,benchANT
2026-05-16 13:07:20+00:00,system,uptime,26542,dbms,clickbench,postgresql-indexed-load,1,ip-172-31-19-62,olap,benchANT
2026-05-16 13:07:30+00:00,system,uptime,26552,dbms,clickbench,postgresql-indexed-load,1,ip-172-31-19-62,olap,benchANT
2026-05-16 13:07:40+00:00,system,uptime,26562,dbms,clickbench,postgresql-indexed-load,1,ip-172-31-19-62,olap,benchANT
2026-05-16 13:07:50+00:00,system,uptime,26572,dbms,clickbench,postgresql-indexed-load,1,ip-172-31-19-62,olap,benchANT
2026-05-16 13:08:00+00:00,system,uptime,26582,dbms,clickbench,postgresql-indexed-load,1,ip-172-31-19-62,olap,benchANT
2026-05-16 13:08:10+00:00,system,uptime,26592,dbms,clickbench,postgresql-indexed-load,1,ip-172-31-19-62,olap,benchANT
2026-05-16 13:08:20+00:00,system,uptime,26602,dbms,clickbench,postgresql-indexed-load,1,ip-172-31-19-62,olap,benchANT
2026-05-16 13:08:30+00:00,system,uptime,26612,dbms,clickbench,postgresql-indexed-load,1,ip-172-31-19-62,olap,benchANT
2026-05-16 13:08:40+00:00,system,uptime,26622,dbms,clickbench,postgresql-indexed-load,1,ip-172-31-19-62,olap,benchANT
2026-05-16 13:08:50+00:00,system,uptime,26632,dbms,clickbench,postgresql-indexed-load,1,ip-172-31-19-62,olap,benchANT
2026-05-16 13:09:00+00:00,system,uptime,26642,dbms,clickbench,postgresql-indexed-load,1,ip-172-31-19-62,olap,benchANT
2026-05-16 13:09:10+00:00,system,uptime,26652,dbms,clickbench,postgresql-indexed-load,1,ip-172-31-19-62,olap,benchANT
2026-05-16 13:09:20+00:00,system,uptime,26662,dbms,clickbench,postgresql-indexed-load,1,ip-172-31-19-62,olap,benchANT
2026-05-16 13:09:30+00:00,system,uptime,26672,dbms,clickbench,postgresql-indexed-load,1,ip-172-31-19-62,olap,benchANT
2026-05-16 13:09:40+00:00,system,uptime,26682,dbms,clickbench,postgresql-indexed-load,1,ip-172-31-19-62,olap,benchANT
2026-05-16 13:09:50+00:00,system,uptime,26692,dbms,clickbench,postgresql-indexed-load,1,ip-172-31-19-62,olap,benchANT
2026-05-16 13:10:00+00:00,system,uptime,26702,dbms,clickbench,postgresql-indexed-load,1,ip-172-31-19-62,olap,benchANT
2026-05-16 13:10:10+00:00,system,uptime,26712,dbms,clickbench,postgresql-indexed-load,1,ip-172-31-19-62,olap,benchANT
2026-05-16 10:29:10+00:00,system,uptime_format, 4:44,dbms,clickbench,postgresql-indexed-load,1,ip-172-31-19-62,olap,benchANT
2026-05-16 10:29:20+00:00,system,uptime_format, 4:44,dbms,clickbench,postgresql-indexed-load,1,ip-172-31-19-62,olap,benchANT
2026-05-16 10:29:30+00:00,system,uptime_format, 4:44,dbms,clickbench,postgresql-indexed-load,1,ip-172-31-19-62,olap,benchANT
2026-05-16 10:29:40+00:00,system,uptime_format, 4:44,dbms,clickbench,postgresql-indexed-load,1,ip-172-31-19-62,olap,benchANT
2026-05-16 10:29:50+00:00,system,uptime_format, 4:44,dbms,clickbench,postgresql-indexed-load,1,ip-172-31-19-62,olap,benchANT
2026-05-16 10:30:00+00:00,system,uptime_format, 4:45,dbms,clickbench,postgresql-indexed-load,1,ip-172-31-19-62,olap,benchANT
2026-05-16 10:30:10+00:00,system,uptime_format, 4:45,dbms,clickbench,postgresql-indexed-load,1,ip-172-31-19-62,olap,benchANT
2026-05-16 10:30:20+00:00,system,uptime_format, 4:45,dbms,clickbench,postgresql-indexed-load,1,ip-172-31-19-62,olap,benchANT
2026-05-16 10:30:30+00:00,system,uptime_format, 4:45,dbms,clickbench,postgresql-indexed-load,1,ip-172-31-19-62,olap,benchANT
2026-05-16 10:30:40+00:00,system,uptime_format, 4:45,dbms,clickbench,postgresql-indexed-load,1,ip-172-31-19-62,olap,benchANT
2026-05-16 10:30:50+00:00,system,uptime_format, 4:45,dbms,clickbench,postgresql-indexed-load,1,ip-172-31-19-62,olap,benchANT
2026-05-16 10:31:00+00:00,system,uptime_format, 4:46,dbms,clickbench,postgresql-indexed-load,1,ip-172-31-19-62,olap,benchANT
2026-05-16 10:31:10+00:00,system,uptime_format, 4:46,dbms,clickbench,postgresql-indexed-load,1,ip-172-31-19-62,olap,benchANT
2026-05-16 10:31:20+00:00,system,uptime_format, 4:46,dbms,clickbench,postgresql-indexed-load,1,ip-172-31-19-62,olap,benchANT
2026-05-16 10:31:30+00:00,system,uptime_format, 4:46,dbms,clickbench,postgresql-indexed-load,1,ip-172-31-19-62,olap,benchANT
2026-05-16 10:31:40+00:00,system,uptime_format, 4:46,dbms,clickbench,postgresql-indexed-load,1,ip-172-31-19-62,olap,benchANT
2026-05-16 10:31:50+00:00,system,uptime_format, 4:46,dbms,clickbench,postgresql-indexed-load,1,ip-172-31-19-62,olap,benchANT
2026-05-16 10:32:00+00:00,system,uptime_format, 4:47,dbms,clickbench,postgresql-indexed-load,1,ip-172-31-19-62,olap,benchANT
2026-05-16 10:32:10+00:00,system,uptime_format, 4:47,dbms,clickbench,postgresql-indexed-load,1,ip-172-31-19-62,olap,benchANT
2026-05-16 10:32:20+00:00,system,uptime_format, 4:47,dbms,clickbench,postgresql-indexed-load,1,ip-172-31-19-62,olap,benchANT
2026-05-16 10:32:30+00:00,system,uptime_format, 4:47,dbms,clickbench,postgresql-indexed-load,1,ip-172-31-19-62,olap,benchANT
2026-05-16 10:32:40+00:00,system,uptime_format, 4:47,dbms,clickbench,postgresql-indexed-load,1,ip-172-31-19-62,olap,benchANT
2026-05-16 10:32:50+00:00,system,uptime_format, 4:47,dbms,clickbench,postgresql-indexed-load,1,ip-172-31-19-62,olap,benchANT
2026-05-16 10:33:00+00:00,system,uptime_format, 4:48,dbms,clickbench,postgresql-indexed-load,1,ip-172-31-19-62,olap,benchANT
2026-05-16 10:33:10+00:00,system,uptime_format, 4:48,dbms,clickbench,postgresql-indexed-load,1,ip-172-31-19-62,olap,benchANT
2026-05-16 10:33:20+00:00,system,uptime_format, 4:48,dbms,clickbench,postgresql-indexed-load,1,ip-172-31-19-62,olap,benchANT
2026-05-16 10:33:30+00:00,system,uptime_format, 4:48,dbms,clickbench,postgresql-indexed-load,1,ip-172-31-19-62,olap,benchANT
2026-05-16 10:33:40+00:00,system,uptime_format, 4:48,dbms,clickbench,postgresql-indexed-load,1,ip-172-31-19-62,olap,benchANT
2026-05-16 10:33:50+00:00,system,uptime_format, 4:48,dbms,clickbench,postgresql-indexed-load,1,ip-172-31-19-62,olap,benchANT
2026-05-16 10:34:00+00:00,system,uptime_format, 4:49,dbms,clickbench,postgresql-indexed-load,1,ip-172-31-19-62,olap,benchANT
2026-05-16 10:34:10+00:00,system,uptime_format, 4:49,dbms,clickbench,postgresql-indexed-load,1,ip-172-31-19-62,olap,benchANT
2026-05-16 10:34:20+00:00,system,uptime_format, 4:49,dbms,clickbench,postgresql-indexed-load,1,ip-172-31-19-62,olap,benchANT
2026-05-16 10:34:30+00:00,system,uptime_format, 4:49,dbms,clickbench,postgresql-indexed-load,1,ip-172-31-19-62,olap,benchANT
2026-05-16 10:34:40+00:00,system,uptime_format, 4:49,dbms,clickbench,postgresql-indexed-load,1,ip-172-31-19-62,olap,benchANT
2026-05-16 10:34:50+00:00,system,uptime_format, 4:49,dbms,clickbench,postgresql-indexed-load,1,ip-172-31-19-62,olap,benchANT
2026-05-16 10:35:00+00:00,system,uptime_format, 4:50,dbms,clickbench,postgresql-indexed-load,1,ip-172-31-19-62,olap,benchANT
2026-05-16 10:35:10+00:00,system,uptime_format, 4:50,dbms,clickbench,postgresql-indexed-load,1,ip-172-31-19-62,olap,benchANT
2026-05-16 10:35:20+00:00,system,uptime_format, 4:50,dbms,clickbench,postgresql-indexed-load,1,ip-172-31-19-62,olap,benchANT
2026-05-16 10:35:30+00:00,system,uptime_format, 4:50,dbms,clickbench,postgresql-indexed-load,1,ip-172-31-19-62,olap,benchANT
2026-05-16 10:35:40+00:00,system,uptime_format, 4:50,dbms,clickbench,postgresql-indexed-load,1,ip-172-31-19-62,olap,benchANT
2026-05-16 10:35:50+00:00,system,uptime_format, 4:50,dbms,clickbench,postgresql-indexed-load,1,ip-172-31-19-62,olap,benchANT
2026-05-16 10:36:00+00:00,system,uptime_format, 4:51,dbms,clickbench,postgresql-indexed-load,1,ip-172-31-19-62,olap,benchANT
2026-05-16 10:36:10+00:00,system,uptime_format, 4:51,dbms,clickbench,postgresql-indexed-load,1,ip-172-31-19-62,olap,benchANT
2026-05-16 10:36:20+00:00,system,uptime_format, 4:51,dbms,clickbench,postgresql-indexed-load,1,ip-172-31-19-62,olap,benchANT
2026-05-16 10:36:30+00:00,system,uptime_format, 4:51,dbms,clickbench,postgresql-indexed-load,1,ip-172-31-19-62,olap,benchANT
2026-05-16 10:36:40+00:00,system,uptime_format, 4:51,dbms,clickbench,postgresql-indexed-load,1,ip-172-31-19-62,olap,benchANT
2026-05-16 10:36:50+00:00,system,uptime_format, 4:51,dbms,clickbench,postgresql-indexed-load,1,ip-172-31-19-62,olap,benchANT
2026-05-16 10:37:00+00:00,system,uptime_format, 4:52,dbms,clickbench,postgresql-indexed-load,1,ip-172-31-19-62,olap,benchANT
2026-05-16 10:37:10+00:00,system,uptime_format, 4:52,dbms,clickbench,postgresql-indexed-load,1,ip-172-31-19-62,olap,benchANT
2026-05-16 10:37:20+00:00,system,uptime_format, 4:52,dbms,clickbench,postgresql-indexed-load,1,ip-172-31-19-62,olap,benchANT
2026-05-16 10:37:30+00:00,system,uptime_format, 4:52,dbms,clickbench,postgresql-indexed-load,1,ip-172-31-19-62,olap,benchANT
2026-05-16 10:37:40+00:00,system,uptime_format, 4:52,dbms,clickbench,postgresql-indexed-load,1,ip-172-31-19-62,olap,benchANT
2026-05-16 10:37:50+00:00,system,uptime_format, 4:52,dbms,clickbench,postgresql-indexed-load,1,ip-172-31-19-62,olap,benchANT
2026-05-16 10:38:00+00:00,system,uptime_format, 4:53,dbms,clickbench,postgresql-indexed-load,1,ip-172-31-19-62,olap,benchANT
2026-05-16 10:38:10+00:00,system,uptime_format, 4:53,dbms,clickbench,postgresql-indexed-load,1,ip-172-31-19-62,olap,benchANT
2026-05-16 10:38:20+00:00,system,uptime_format, 4:53,dbms,clickbench,postgresql-indexed-load,1,ip-172-31-19-62,olap,benchANT
2026-05-16 10:38:30+00:00,system,uptime_format, 4:53,dbms,clickbench,postgresql-indexed-load,1,ip-172-31-19-62,olap,benchANT
2026-05-16 10:38:40+00:00,system,uptime_format, 4:53,dbms,clickbench,postgresql-indexed-load,1,ip-172-31-19-62,olap,benchANT
2026-05-16 10:38:50+00:00,system,uptime_format, 4:53,dbms,clickbench,postgresql-indexed-load,1,ip-172-31-19-62,olap,benchANT
2026-05-16 10:39:00+00:00,system,uptime_format, 4:54,dbms,clickbench,postgresql-indexed-load,1,ip-172-31-19-62,olap,benchANT
2026-05-16 10:39:10+00:00,system,uptime_format, 4:54,dbms,clickbench,postgresql-indexed-load,1,ip-172-31-19-62,olap,benchANT
2026-05-16 10:39:20+00:00,system,uptime_format, 4:54,dbms,clickbench,postgresql-indexed-load,1,ip-172-31-19-62,olap,benchANT
2026-05-16 10:39:30+00:00,system,uptime_format, 4:54,dbms,clickbench,postgresql-indexed-load,1,ip-172-31-19-62,olap,benchANT
2026-05-16 10:39:40+00:00,system,uptime_format, 4:54,dbms,clickbench,postgresql-indexed-load,1,ip-172-31-19-62,olap,benchANT
2026-05-16 10:39:50+00:00,system,uptime_format, 4:54,dbms,clickbench,postgresql-indexed-load,1,ip-172-31-19-62,olap,benchANT
2026-05-16 10:40:00+00:00,system,uptime_format, 4:55,dbms,clickbench,postgresql-indexed-load,1,ip-172-31-19-62,olap,benchANT
2026-05-16 10:40:10+00:00,system,uptime_format, 4:55,dbms,clickbench,postgresql-indexed-load,1,ip-172-31-19-62,olap,benchANT
2026-05-16 10:40:20+00:00,system,uptime_format, 4:55,dbms,clickbench,postgresql-indexed-load,1,ip-172-31-19-62,olap,benchANT
2026-05-16 10:40:30+00:00,system,uptime_format, 4:55,dbms,clickbench,postgresql-indexed-load,1,ip-172-31-19-62,olap,benchANT
2026-05-16 10:40:40+00:00,system,uptime_format, 4:55,dbms,clickbench,postgresql-indexed-load,1,ip-172-31-19-62,olap,benchANT
2026-05-16 10:40:50+00:00,system,uptime_format, 4:55,dbms,clickbench,postgresql-indexed-load,1,ip-172-31-19-62,olap,benchANT
2026-05-16 10:41:00+00:00,system,uptime_format, 4:56,dbms,clickbench,postgresql-indexed-load,1,ip-172-31-19-62,olap,benchANT
2026-05-16 10:41:10+00:00,system,uptime_format, 4:56,dbms,clickbench,postgresql-indexed-load,1,ip-172-31-19-62,olap,benchANT
2026-05-16 10:41:20+00:00,system,uptime_format, 4:56,dbms,clickbench,postgresql-indexed-load,1,ip-172-31-19-62,olap,benchANT
2026-05-16 10:41:30+00:00,system,uptime_format, 4:56,dbms,clickbench,postgresql-indexed-load,1,ip-172-31-19-62,olap,benchANT
2026-05-16 10:41:40+00:00,system,uptime_format, 4:56,dbms,clickbench,postgresql-indexed-load,1,ip-172-31-19-62,olap,benchANT
2026-05-16 10:41:50+00:00,system,uptime_format, 4:56,dbms,clickbench,postgresql-indexed-load,1,ip-172-31-19-62,olap,benchANT
2026-05-16 10:42:00+00:00,system,uptime_format, 4:57,dbms,clickbench,postgresql-indexed-load,1,ip-172-31-19-62,olap,benchANT
2026-05-16 10:42:10+00:00,system,uptime_format, 4:57,dbms,clickbench,postgresql-indexed-load,1,ip-172-31-19-62,olap,benchANT
2026-05-16 10:42:20+00:00,system,uptime_format, 4:57,dbms,clickbench,postgresql-indexed-load,1,ip-172-31-19-62,olap,benchANT
2026-05-16 10:42:30+00:00,system,uptime_format, 4:57,dbms,clickbench,postgresql-indexed-load,1,ip-172-31-19-62,olap,benchANT
2026-05-16 10:42:40+00:00,system,uptime_format, 4:57,dbms,clickbench,postgresql-indexed-load,1,ip-172-31-19-62,olap,benchANT
2026-05-16 10:42:50+00:00,system,uptime_format, 4:57,dbms,clickbench,postgresql-indexed-load,1,ip-172-31-19-62,olap,benchANT
2026-05-16 10:43:00+00:00,system,uptime_format, 4:58,dbms,clickbench,postgresql-indexed-load,1,ip-172-31-19-62,olap,benchANT
2026-05-16 10:43:10+00:00,system,uptime_format, 4:58,dbms,clickbench,postgresql-indexed-load,1,ip-172-31-19-62,olap,benchANT
2026-05-16 10:43:20+00:00,system,uptime_format, 4:58,dbms,clickbench,postgresql-indexed-load,1,ip-172-31-19-62,olap,benchANT
2026-05-16 10:43:30+00:00,system,uptime_format, 4:58,dbms,clickbench,postgresql-indexed-load,1,ip-172-31-19-62,olap,benchANT
2026-05-16 10:43:40+00:00,system,uptime_format, 4:58,dbms,clickbench,postgresql-indexed-load,1,ip-172-31-19-62,olap,benchANT
2026-05-16 10:43:50+00:00,system,uptime_format, 4:58,dbms,clickbench,postgresql-indexed-load,1,ip-172-31-19-62,olap,benchANT
2026-05-16 10:44:00+00:00,system,uptime_format, 4:59,dbms,clickbench,postgresql-indexed-load,1,ip-172-31-19-62,olap,benchANT
2026-05-16 10:44:10+00:00,system,uptime_format, 4:59,dbms,clickbench,postgresql-indexed-load,1,ip-172-31-19-62,olap,benchANT
2026-05-16 10:44:20+00:00,system,uptime_format, 4:59,dbms,clickbench,postgresql-indexed-load,1,ip-172-31-19-62,olap,benchANT
2026-05-16 10:44:30+00:00,system,uptime_format, 4:59,dbms,clickbench,postgresql-indexed-load,1,ip-172-31-19-62,olap,benchANT
2026-05-16 10:44:40+00:00,system,uptime_format, 4:59,dbms,clickbench,postgresql-indexed-load,1,ip-172-31-19-62,olap,benchANT
2026-05-16 10:44:50+00:00,system,uptime_format, 4:59,dbms,clickbench,postgresql-indexed-load,1,ip-172-31-19-62,olap,benchANT
2026-05-16 10:45:00+00:00,system,uptime_format, 5:00,dbms,clickbench,postgresql-indexed-load,1,ip-172-31-19-62,olap,benchANT
2026-05-16 10:45:10+00:00,system,uptime_format, 5:00,dbms,clickbench,postgresql-indexed-load,1,ip-172-31-19-62,olap,benchANT
2026-05-16 10:45:20+00:00,system,uptime_format, 5:00,dbms,clickbench,postgresql-indexed-load,1,ip-172-31-19-62,olap,benchANT
2026-05-16 10:45:30+00:00,system,uptime_format, 5:00,dbms,clickbench,postgresql-indexed-load,1,ip-172-31-19-62,olap,benchANT
2026-05-16 10:45:40+00:00,system,uptime_format, 5:00,dbms,clickbench,postgresql-indexed-load,1,ip-172-31-19-62,olap,benchANT
2026-05-16 10:45:50+00:00,system,uptime_format, 5:00,dbms,clickbench,postgresql-indexed-load,1,ip-172-31-19-62,olap,benchANT
2026-05-16 10:46:00+00:00,system,uptime_format, 5:01,dbms,clickbench,postgresql-indexed-load,1,ip-172-31-19-62,olap,benchANT
2026-05-16 10:46:10+00:00,system,uptime_format, 5:01,dbms,clickbench,postgresql-indexed-load,1,ip-172-31-19-62,olap,benchANT
2026-05-16 10:46:20+00:00,system,uptime_format, 5:01,dbms,clickbench,postgresql-indexed-load,1,ip-172-31-19-62,olap,benchANT
2026-05-16 10:46:30+00:00,system,uptime_format, 5:01,dbms,clickbench,postgresql-indexed-load,1,ip-172-31-19-62,olap,benchANT
2026-05-16 10:46:40+00:00,system,uptime_format, 5:01,dbms,clickbench,postgresql-indexed-load,1,ip-172-31-19-62,olap,benchANT
2026-05-16 10:46:50+00:00,system,uptime_format, 5:01,dbms,clickbench,postgresql-indexed-load,1,ip-172-31-19-62,olap,benchANT
2026-05-16 10:47:00+00:00,system,uptime_format, 5:02,dbms,clickbench,postgresql-indexed-load,1,ip-172-31-19-62,olap,benchANT
2026-05-16 10:47:10+00:00,system,uptime_format, 5:02,dbms,clickbench,postgresql-indexed-load,1,ip-172-31-19-62,olap,benchANT
2026-05-16 10:47:20+00:00,system,uptime_format, 5:02,dbms,clickbench,postgresql-indexed-load,1,ip-172-31-19-62,olap,benchANT
2026-05-16 10:47:30+00:00,system,uptime_format, 5:02,dbms,clickbench,postgresql-indexed-load,1,ip-172-31-19-62,olap,benchANT
2026-05-16 10:47:40+00:00,system,uptime_format, 5:02,dbms,clickbench,postgresql-indexed-load,1,ip-172-31-19-62,olap,benchANT
2026-05-16 10:47:50+00:00,system,uptime_format, 5:02,dbms,clickbench,postgresql-indexed-load,1,ip-172-31-19-62,olap,benchANT
2026-05-16 10:48:00+00:00,system,uptime_format, 5:03,dbms,clickbench,postgresql-indexed-load,1,ip-172-31-19-62,olap,benchANT
2026-05-16 10:48:10+00:00,system,uptime_format, 5:03,dbms,clickbench,postgresql-indexed-load,1,ip-172-31-19-62,olap,benchANT
2026-05-16 10:48:20+00:00,system,uptime_format, 5:03,dbms,clickbench,postgresql-indexed-load,1,ip-172-31-19-62,olap,benchANT
2026-05-16 10:48:30+00:00,system,uptime_format, 5:03,dbms,clickbench,postgresql-indexed-load,1,ip-172-31-19-62,olap,benchANT
2026-05-16 10:48:40+00:00,system,uptime_format, 5:03,dbms,clickbench,postgresql-indexed-load,1,ip-172-31-19-62,olap,benchANT
2026-05-16 10:48:50+00:00,system,uptime_format, 5:03,dbms,clickbench,postgresql-indexed-load,1,ip-172-31-19-62,olap,benchANT
2026-05-16 10:49:00+00:00,system,uptime_format, 5:04,dbms,clickbench,postgresql-indexed-load,1,ip-172-31-19-62,olap,benchANT
2026-05-16 10:49:10+00:00,system,uptime_format, 5:04,dbms,clickbench,postgresql-indexed-load,1,ip-172-31-19-62,olap,benchANT
2026-05-16 10:49:20+00:00,system,uptime_format, 5:04,dbms,clickbench,postgresql-indexed-load,1,ip-172-31-19-62,olap,benchANT
2026-05-16 10:49:30+00:00,system,uptime_format, 5:04,dbms,clickbench,postgresql-indexed-load,1,ip-172-31-19-62,olap,benchANT
2026-05-16 10:49:40+00:00,system,uptime_format, 5:04,dbms,clickbench,postgresql-indexed-load,1,ip-172-31-19-62,olap,benchANT
2026-05-16 10:49:50+00:00,system,uptime_format, 5:04,dbms,clickbench,postgresql-indexed-load,1,ip-172-31-19-62,olap,benchANT
2026-05-16 10:50:00+00:00,system,uptime_format, 5:05,dbms,clickbench,postgresql-indexed-load,1,ip-172-31-19-62,olap,benchANT
2026-05-16 10:50:10+00:00,system,uptime_format, 5:05,dbms,clickbench,postgresql-indexed-load,1,ip-172-31-19-62,olap,benchANT
2026-05-16 10:50:20+00:00,system,uptime_format, 5:05,dbms,clickbench,postgresql-indexed-load,1,ip-172-31-19-62,olap,benchANT
2026-05-16 10:50:30+00:00,system,uptime_format, 5:05,dbms,clickbench,postgresql-indexed-load,1,ip-172-31-19-62,olap,benchANT
2026-05-16 10:50:40+00:00,system,uptime_format, 5:05,dbms,clickbench,postgresql-indexed-load,1,ip-172-31-19-62,olap,benchANT
2026-05-16 10:50:50+00:00,system,uptime_format, 5:05,dbms,clickbench,postgresql-indexed-load,1,ip-172-31-19-62,olap,benchANT
2026-05-16 10:51:00+00:00,system,uptime_format, 5:06,dbms,clickbench,postgresql-indexed-load,1,ip-172-31-19-62,olap,benchANT
2026-05-16 10:51:10+00:00,system,uptime_format, 5:06,dbms,clickbench,postgresql-indexed-load,1,ip-172-31-19-62,olap,benchANT
2026-05-16 10:51:20+00:00,system,uptime_format, 5:06,dbms,clickbench,postgresql-indexed-load,1,ip-172-31-19-62,olap,benchANT
2026-05-16 10:51:30+00:00,system,uptime_format, 5:06,dbms,clickbench,postgresql-indexed-load,1,ip-172-31-19-62,olap,benchANT
2026-05-16 10:51:40+00:00,system,uptime_format, 5:06,dbms,clickbench,postgresql-indexed-load,1,ip-172-31-19-62,olap,benchANT
2026-05-16 10:51:50+00:00,system,uptime_format, 5:06,dbms,clickbench,postgresql-indexed-load,1,ip-172-31-19-62,olap,benchANT
2026-05-16 10:52:00+00:00,system,uptime_format, 5:07,dbms,clickbench,postgresql-indexed-load,1,ip-172-31-19-62,olap,benchANT
2026-05-16 10:52:10+00:00,system,uptime_format, 5:07,dbms,clickbench,postgresql-indexed-load,1,ip-172-31-19-62,olap,benchANT
2026-05-16 10:52:20+00:00,system,uptime_format, 5:07,dbms,clickbench,postgresql-indexed-load,1,ip-172-31-19-62,olap,benchANT
2026-05-16 10:52:30+00:00,system,uptime_format, 5:07,dbms,clickbench,postgresql-indexed-load,1,ip-172-31-19-62,olap,benchANT
2026-05-16 10:52:40+00:00,system,uptime_format, 5:07,dbms,clickbench,postgresql-indexed-load,1,ip-172-31-19-62,olap,benchANT
2026-05-16 10:52:50+00:00,system,uptime_format, 5:07,dbms,clickbench,postgresql-indexed-load,1,ip-172-31-19-62,olap,benchANT
2026-05-16 10:53:00+00:00,system,uptime_format, 5:08,dbms,clickbench,postgresql-indexed-load,1,ip-172-31-19-62,olap,benchANT
2026-05-16 10:53:10+00:00,system,uptime_format, 5:08,dbms,clickbench,postgresql-indexed-load,1,ip-172-31-19-62,olap,benchANT
2026-05-16 10:53:20+00:00,system,uptime_format, 5:08,dbms,clickbench,postgresql-indexed-load,1,ip-172-31-19-62,olap,benchANT
2026-05-16 10:53:30+00:00,system,uptime_format, 5:08,dbms,clickbench,postgresql-indexed-load,1,ip-172-31-19-62,olap,benchANT
2026-05-16 10:53:40+00:00,system,uptime_format, 5:08,dbms,clickbench,postgresql-indexed-load,1,ip-172-31-19-62,olap,benchANT
2026-05-16 10:53:50+00:00,system,uptime_format, 5:08,dbms,clickbench,postgresql-indexed-load,1,ip-172-31-19-62,olap,benchANT
2026-05-16 10:54:00+00:00,system,uptime_format, 5:09,dbms,clickbench,postgresql-indexed-load,1,ip-172-31-19-62,olap,benchANT
2026-05-16 10:54:10+00:00,system,uptime_format, 5:09,dbms,clickbench,postgresql-indexed-load,1,ip-172-31-19-62,olap,benchANT
2026-05-16 10:54:20+00:00,system,uptime_format, 5:09,dbms,clickbench,postgresql-indexed-load,1,ip-172-31-19-62,olap,benchANT
2026-05-16 10:54:30+00:00,system,uptime_format, 5:09,dbms,clickbench,postgresql-indexed-load,1,ip-172-31-19-62,olap,benchANT
2026-05-16 10:54:40+00:00,system,uptime_format, 5:09,dbms,clickbench,postgresql-indexed-load,1,ip-172-31-19-62,olap,benchANT
2026-05-16 10:54:50+00:00,system,uptime_format, 5:09,dbms,clickbench,postgresql-indexed-load,1,ip-172-31-19-62,olap,benchANT
2026-05-16 10:55:00+00:00,system,uptime_format, 5:10,dbms,clickbench,postgresql-indexed-load,1,ip-172-31-19-62,olap,benchANT
2026-05-16 10:55:10+00:00,system,uptime_format, 5:10,dbms,clickbench,postgresql-indexed-load,1,ip-172-31-19-62,olap,benchANT
2026-05-16 10:55:20+00:00,system,uptime_format, 5:10,dbms,clickbench,postgresql-indexed-load,1,ip-172-31-19-62,olap,benchANT
2026-05-16 10:55:30+00:00,system,uptime_format, 5:10,dbms,clickbench,postgresql-indexed-load,1,ip-172-31-19-62,olap,benchANT
2026-05-16 10:55:40+00:00,system,uptime_format, 5:10,dbms,clickbench,postgresql-indexed-load,1,ip-172-31-19-62,olap,benchANT
2026-05-16 10:55:50+00:00,system,uptime_format, 5:10,dbms,clickbench,postgresql-indexed-load,1,ip-172-31-19-62,olap,benchANT
2026-05-16 10:56:00+00:00,system,uptime_format, 5:11,dbms,clickbench,postgresql-indexed-load,1,ip-172-31-19-62,olap,benchANT
2026-05-16 10:56:10+00:00,system,uptime_format, 5:11,dbms,clickbench,postgresql-indexed-load,1,ip-172-31-19-62,olap,benchANT
2026-05-16 10:56:20+00:00,system,uptime_format, 5:11,dbms,clickbench,postgresql-indexed-load,1,ip-172-31-19-62,olap,benchANT
2026-05-16 10:56:30+00:00,system,uptime_format, 5:11,dbms,clickbench,postgresql-indexed-load,1,ip-172-31-19-62,olap,benchANT
2026-05-16 10:56:40+00:00,system,uptime_format, 5:11,dbms,clickbench,postgresql-indexed-load,1,ip-172-31-19-62,olap,benchANT
2026-05-16 10:56:50+00:00,system,uptime_format, 5:11,dbms,clickbench,postgresql-indexed-load,1,ip-172-31-19-62,olap,benchANT
2026-05-16 10:57:00+00:00,system,uptime_format, 5:12,dbms,clickbench,postgresql-indexed-load,1,ip-172-31-19-62,olap,benchANT
2026-05-16 10:57:10+00:00,system,uptime_format, 5:12,dbms,clickbench,postgresql-indexed-load,1,ip-172-31-19-62,olap,benchANT
2026-05-16 10:57:20+00:00,system,uptime_format, 5:12,dbms,clickbench,postgresql-indexed-load,1,ip-172-31-19-62,olap,benchANT
2026-05-16 10:57:30+00:00,system,uptime_format, 5:12,dbms,clickbench,postgresql-indexed-load,1,ip-172-31-19-62,olap,benchANT
2026-05-16 10:57:40+00:00,system,uptime_format, 5:12,dbms,clickbench,postgresql-indexed-load,1,ip-172-31-19-62,olap,benchANT
2026-05-16 10:57:50+00:00,system,uptime_format, 5:12,dbms,clickbench,postgresql-indexed-load,1,ip-172-31-19-62,olap,benchANT
2026-05-16 10:58:00+00:00,system,uptime_format, 5:13,dbms,clickbench,postgresql-indexed-load,1,ip-172-31-19-62,olap,benchANT
2026-05-16 10:58:10+00:00,system,uptime_format, 5:13,dbms,clickbench,postgresql-indexed-load,1,ip-172-31-19-62,olap,benchANT
2026-05-16 10:58:20+00:00,system,uptime_format, 5:13,dbms,clickbench,postgresql-indexed-load,1,ip-172-31-19-62,olap,benchANT
2026-05-16 10:58:30+00:00,system,uptime_format, 5:13,dbms,clickbench,postgresql-indexed-load,1,ip-172-31-19-62,olap,benchANT
2026-05-16 10:58:40+00:00,system,uptime_format, 5:13,dbms,clickbench,postgresql-indexed-load,1,ip-172-31-19-62,olap,benchANT
2026-05-16 10:58:50+00:00,system,uptime_format, 5:13,dbms,clickbench,postgresql-indexed-load,1,ip-172-31-19-62,olap,benchANT
2026-05-16 10:59:00+00:00,system,uptime_format, 5:14,dbms,clickbench,postgresql-indexed-load,1,ip-172-31-19-62,olap,benchANT
2026-05-16 10:59:10+00:00,system,uptime_format, 5:14,dbms,clickbench,postgresql-indexed-load,1,ip-172-31-19-62,olap,benchANT
2026-05-16 10:59:20+00:00,system,uptime_format, 5:14,dbms,clickbench,postgresql-indexed-load,1,ip-172-31-19-62,olap,benchANT
2026-05-16 10:59:30+00:00,system,uptime_format, 5:14,dbms,clickbench,postgresql-indexed-load,1,ip-172-31-19-62,olap,benchANT
2026-05-16 10:59:40+00:00,system,uptime_format, 5:14,dbms,clickbench,postgresql-indexed-load,1,ip-172-31-19-62,olap,benchANT
2026-05-16 10:59:50+00:00,system,uptime_format, 5:14,dbms,clickbench,postgresql-indexed-load,1,ip-172-31-19-62,olap,benchANT
2026-05-16 11:00:00+00:00,system,uptime_format, 5:15,dbms,clickbench,postgresql-indexed-load,1,ip-172-31-19-62,olap,benchANT
2026-05-16 11:00:10+00:00,system,uptime_format, 5:15,dbms,clickbench,postgresql-indexed-load,1,ip-172-31-19-62,olap,benchANT
2026-05-16 11:00:20+00:00,system,uptime_format, 5:15,dbms,clickbench,postgresql-indexed-load,1,ip-172-31-19-62,olap,benchANT
2026-05-16 11:00:30+00:00,system,uptime_format, 5:15,dbms,clickbench,postgresql-indexed-load,1,ip-172-31-19-62,olap,benchANT
2026-05-16 11:00:40+00:00,system,uptime_format, 5:15,dbms,clickbench,postgresql-indexed-load,1,ip-172-31-19-62,olap,benchANT
2026-05-16 11:00:50+00:00,system,uptime_format, 5:15,dbms,clickbench,postgresql-indexed-load,1,ip-172-31-19-62,olap,benchANT
2026-05-16 11:01:00+00:00,system,uptime_format, 5:16,dbms,clickbench,postgresql-indexed-load,1,ip-172-31-19-62,olap,benchANT
2026-05-16 11:01:10+00:00,system,uptime_format, 5:16,dbms,clickbench,postgresql-indexed-load,1,ip-172-31-19-62,olap,benchANT
2026-05-16 11:01:20+00:00,system,uptime_format, 5:16,dbms,clickbench,postgresql-indexed-load,1,ip-172-31-19-62,olap,benchANT
2026-05-16 11:01:30+00:00,system,uptime_format, 5:16,dbms,clickbench,postgresql-indexed-load,1,ip-172-31-19-62,olap,benchANT
2026-05-16 11:01:40+00:00,system,uptime_format, 5:16,dbms,clickbench,postgresql-indexed-load,1,ip-172-31-19-62,olap,benchANT
2026-05-16 11:01:50+00:00,system,uptime_format, 5:16,dbms,clickbench,postgresql-indexed-load,1,ip-172-31-19-62,olap,benchANT
2026-05-16 11:02:00+00:00,system,uptime_format, 5:17,dbms,clickbench,postgresql-indexed-load,1,ip-172-31-19-62,olap,benchANT
2026-05-16 11:02:10+00:00,system,uptime_format, 5:17,dbms,clickbench,postgresql-indexed-load,1,ip-172-31-19-62,olap,benchANT
2026-05-16 11:02:20+00:00,system,uptime_format, 5:17,dbms,clickbench,postgresql-indexed-load,1,ip-172-31-19-62,olap,benchANT
2026-05-16 11:02:30+00:00,system,uptime_format, 5:17,dbms,clickbench,postgresql-indexed-load,1,ip-172-31-19-62,olap,benchANT
2026-05-16 11:02:40+00:00,system,uptime_format, 5:17,dbms,clickbench,postgresql-indexed-load,1,ip-172-31-19-62,olap,benchANT
2026-05-16 11:02:50+00:00,system,uptime_format, 5:17,dbms,clickbench,postgresql-indexed-load,1,ip-172-31-19-62,olap,benchANT
2026-05-16 11:03:00+00:00,system,uptime_format, 5:18,dbms,clickbench,postgresql-indexed-load,1,ip-172-31-19-62,olap,benchANT
2026-05-16 11:03:10+00:00,system,uptime_format, 5:18,dbms,clickbench,postgresql-indexed-load,1,ip-172-31-19-62,olap,benchANT
2026-05-16 11:03:20+00:00,system,uptime_format, 5:18,dbms,clickbench,postgresql-indexed-load,1,ip-172-31-19-62,olap,benchANT
2026-05-16 11:03:30+00:00,system,uptime_format, 5:18,dbms,clickbench,postgresql-indexed-load,1,ip-172-31-19-62,olap,benchANT
2026-05-16 11:03:40+00:00,system,uptime_format, 5:18,dbms,clickbench,postgresql-indexed-load,1,ip-172-31-19-62,olap,benchANT
2026-05-16 11:03:50+00:00,system,uptime_format, 5:18,dbms,clickbench,postgresql-indexed-load,1,ip-172-31-19-62,olap,benchANT
2026-05-16 11:04:00+00:00,system,uptime_format, 5:19,dbms,clickbench,postgresql-indexed-load,1,ip-172-31-19-62,olap,benchANT
2026-05-16 11:04:10+00:00,system,uptime_format, 5:19,dbms,clickbench,postgresql-indexed-load,1,ip-172-31-19-62,olap,benchANT
2026-05-16 11:04:20+00:00,system,uptime_format, 5:19,dbms,clickbench,postgresql-indexed-load,1,ip-172-31-19-62,olap,benchANT
2026-05-16 11:04:30+00:00,system,uptime_format, 5:19,dbms,clickbench,postgresql-indexed-load,1,ip-172-31-19-62,olap,benchANT
2026-05-16 11:04:40+00:00,system,uptime_format, 5:19,dbms,clickbench,postgresql-indexed-load,1,ip-172-31-19-62,olap,benchANT
2026-05-16 11:04:50+00:00,system,uptime_format, 5:19,dbms,clickbench,postgresql-indexed-load,1,ip-172-31-19-62,olap,benchANT
2026-05-16 11:05:00+00:00,system,uptime_format, 5:20,dbms,clickbench,postgresql-indexed-load,1,ip-172-31-19-62,olap,benchANT
2026-05-16 11:05:10+00:00,system,uptime_format, 5:20,dbms,clickbench,postgresql-indexed-load,1,ip-172-31-19-62,olap,benchANT
2026-05-16 11:05:20+00:00,system,uptime_format, 5:20,dbms,clickbench,postgresql-indexed-load,1,ip-172-31-19-62,olap,benchANT
2026-05-16 11:05:30+00:00,system,uptime_format, 5:20,dbms,clickbench,postgresql-indexed-load,1,ip-172-31-19-62,olap,benchANT
2026-05-16 11:05:40+00:00,system,uptime_format, 5:20,dbms,clickbench,postgresql-indexed-load,1,ip-172-31-19-62,olap,benchANT
2026-05-16 11:05:50+00:00,system,uptime_format, 5:20,dbms,clickbench,postgresql-indexed-load,1,ip-172-31-19-62,olap,benchANT
2026-05-16 11:06:00+00:00,system,uptime_format, 5:21,dbms,clickbench,postgresql-indexed-load,1,ip-172-31-19-62,olap,benchANT
2026-05-16 11:06:10+00:00,system,uptime_format, 5:21,dbms,clickbench,postgresql-indexed-load,1,ip-172-31-19-62,olap,benchANT
2026-05-16 11:06:20+00:00,system,uptime_format, 5:21,dbms,clickbench,postgresql-indexed-load,1,ip-172-31-19-62,olap,benchANT
2026-05-16 11:06:30+00:00,system,uptime_format, 5:21,dbms,clickbench,postgresql-indexed-load,1,ip-172-31-19-62,olap,benchANT
2026-05-16 11:06:40+00:00,system,uptime_format, 5:21,dbms,clickbench,postgresql-indexed-load,1,ip-172-31-19-62,olap,benchANT
2026-05-16 11:06:50+00:00,system,uptime_format, 5:21,dbms,clickbench,postgresql-indexed-load,1,ip-172-31-19-62,olap,benchANT
2026-05-16 11:07:00+00:00,system,uptime_format, 5:22,dbms,clickbench,postgresql-indexed-load,1,ip-172-31-19-62,olap,benchANT
2026-05-16 11:07:10+00:00,system,uptime_format, 5:22,dbms,clickbench,postgresql-indexed-load,1,ip-172-31-19-62,olap,benchANT
2026-05-16 11:07:20+00:00,system,uptime_format, 5:22,dbms,clickbench,postgresql-indexed-load,1,ip-172-31-19-62,olap,benchANT
2026-05-16 11:07:30+00:00,system,uptime_format, 5:22,dbms,clickbench,postgresql-indexed-load,1,ip-172-31-19-62,olap,benchANT
2026-05-16 11:07:40+00:00,system,uptime_format, 5:22,dbms,clickbench,postgresql-indexed-load,1,ip-172-31-19-62,olap,benchANT
2026-05-16 11:07:50+00:00,system,uptime_format, 5:22,dbms,clickbench,postgresql-indexed-load,1,ip-172-31-19-62,olap,benchANT
2026-05-16 11:08:00+00:00,system,uptime_format, 5:23,dbms,clickbench,postgresql-indexed-load,1,ip-172-31-19-62,olap,benchANT
2026-05-16 11:08:10+00:00,system,uptime_format, 5:23,dbms,clickbench,postgresql-indexed-load,1,ip-172-31-19-62,olap,benchANT
2026-05-16 11:08:20+00:00,system,uptime_format, 5:23,dbms,clickbench,postgresql-indexed-load,1,ip-172-31-19-62,olap,benchANT
2026-05-16 11:08:30+00:00,system,uptime_format, 5:23,dbms,clickbench,postgresql-indexed-load,1,ip-172-31-19-62,olap,benchANT
2026-05-16 11:08:40+00:00,system,uptime_format, 5:23,dbms,clickbench,postgresql-indexed-load,1,ip-172-31-19-62,olap,benchANT
2026-05-16 11:08:50+00:00,system,uptime_format, 5:23,dbms,clickbench,postgresql-indexed-load,1,ip-172-31-19-62,olap,benchANT
2026-05-16 11:09:00+00:00,system,uptime_format, 5:24,dbms,clickbench,postgresql-indexed-load,1,ip-172-31-19-62,olap,benchANT
2026-05-16 11:09:10+00:00,system,uptime_format, 5:24,dbms,clickbench,postgresql-indexed-load,1,ip-172-31-19-62,olap,benchANT
2026-05-16 11:09:20+00:00,system,uptime_format, 5:24,dbms,clickbench,postgresql-indexed-load,1,ip-172-31-19-62,olap,benchANT
2026-05-16 11:09:30+00:00,system,uptime_format, 5:24,dbms,clickbench,postgresql-indexed-load,1,ip-172-31-19-62,olap,benchANT
2026-05-16 11:09:40+00:00,system,uptime_format, 5:24,dbms,clickbench,postgresql-indexed-load,1,ip-172-31-19-62,olap,benchANT
2026-05-16 11:09:50+00:00,system,uptime_format, 5:24,dbms,clickbench,postgresql-indexed-load,1,ip-172-31-19-62,olap,benchANT
2026-05-16 11:10:00+00:00,system,uptime_format, 5:25,dbms,clickbench,postgresql-indexed-load,1,ip-172-31-19-62,olap,benchANT
2026-05-16 11:10:10+00:00,system,uptime_format, 5:25,dbms,clickbench,postgresql-indexed-load,1,ip-172-31-19-62,olap,benchANT
2026-05-16 11:10:20+00:00,system,uptime_format, 5:25,dbms,clickbench,postgresql-indexed-load,1,ip-172-31-19-62,olap,benchANT
2026-05-16 11:10:30+00:00,system,uptime_format, 5:25,dbms,clickbench,postgresql-indexed-load,1,ip-172-31-19-62,olap,benchANT
2026-05-16 11:10:40+00:00,system,uptime_format, 5:25,dbms,clickbench,postgresql-indexed-load,1,ip-172-31-19-62,olap,benchANT
2026-05-16 11:10:50+00:00,system,uptime_format, 5:25,dbms,clickbench,postgresql-indexed-load,1,ip-172-31-19-62,olap,benchANT
2026-05-16 11:11:00+00:00,system,uptime_format, 5:26,dbms,clickbench,postgresql-indexed-load,1,ip-172-31-19-62,olap,benchANT
2026-05-16 11:11:10+00:00,system,uptime_format, 5:26,dbms,clickbench,postgresql-indexed-load,1,ip-172-31-19-62,olap,benchANT
2026-05-16 11:11:20+00:00,system,uptime_format, 5:26,dbms,clickbench,postgresql-indexed-load,1,ip-172-31-19-62,olap,benchANT
2026-05-16 11:11:30+00:00,system,uptime_format, 5:26,dbms,clickbench,postgresql-indexed-load,1,ip-172-31-19-62,olap,benchANT
2026-05-16 11:11:40+00:00,system,uptime_format, 5:26,dbms,clickbench,postgresql-indexed-load,1,ip-172-31-19-62,olap,benchANT
2026-05-16 11:11:50+00:00,system,uptime_format, 5:26,dbms,clickbench,postgresql-indexed-load,1,ip-172-31-19-62,olap,benchANT
2026-05-16 11:12:00+00:00,system,uptime_format, 5:27,dbms,clickbench,postgresql-indexed-load,1,ip-172-31-19-62,olap,benchANT
2026-05-16 11:12:10+00:00,system,uptime_format, 5:27,dbms,clickbench,postgresql-indexed-load,1,ip-172-31-19-62,olap,benchANT
2026-05-16 11:12:20+00:00,system,uptime_format, 5:27,dbms,clickbench,postgresql-indexed-load,1,ip-172-31-19-62,olap,benchANT
2026-05-16 11:12:30+00:00,system,uptime_format, 5:27,dbms,clickbench,postgresql-indexed-load,1,ip-172-31-19-62,olap,benchANT
2026-05-16 11:12:40+00:00,system,uptime_format, 5:27,dbms,clickbench,postgresql-indexed-load,1,ip-172-31-19-62,olap,benchANT
2026-05-16 11:12:50+00:00,system,uptime_format, 5:27,dbms,clickbench,postgresql-indexed-load,1,ip-172-31-19-62,olap,benchANT
2026-05-16 11:13:00+00:00,system,uptime_format, 5:28,dbms,clickbench,postgresql-indexed-load,1,ip-172-31-19-62,olap,benchANT
2026-05-16 11:13:10+00:00,system,uptime_format, 5:28,dbms,clickbench,postgresql-indexed-load,1,ip-172-31-19-62,olap,benchANT
2026-05-16 11:13:20+00:00,system,uptime_format, 5:28,dbms,clickbench,postgresql-indexed-load,1,ip-172-31-19-62,olap,benchANT
2026-05-16 11:13:30+00:00,system,uptime_format, 5:28,dbms,clickbench,postgresql-indexed-load,1,ip-172-31-19-62,olap,benchANT
2026-05-16 11:13:40+00:00,system,uptime_format, 5:28,dbms,clickbench,postgresql-indexed-load,1,ip-172-31-19-62,olap,benchANT
2026-05-16 11:13:50+00:00,system,uptime_format, 5:28,dbms,clickbench,postgresql-indexed-load,1,ip-172-31-19-62,olap,benchANT
2026-05-16 11:14:00+00:00,system,uptime_format, 5:29,dbms,clickbench,postgresql-indexed-load,1,ip-172-31-19-62,olap,benchANT
2026-05-16 11:14:10+00:00,system,uptime_format, 5:29,dbms,clickbench,postgresql-indexed-load,1,ip-172-31-19-62,olap,benchANT
2026-05-16 11:14:20+00:00,system,uptime_format, 5:29,dbms,clickbench,postgresql-indexed-load,1,ip-172-31-19-62,olap,benchANT
2026-05-16 11:14:30+00:00,system,uptime_format, 5:29,dbms,clickbench,postgresql-indexed-load,1,ip-172-31-19-62,olap,benchANT
2026-05-16 11:14:40+00:00,system,uptime_format, 5:29,dbms,clickbench,postgresql-indexed-load,1,ip-172-31-19-62,olap,benchANT
2026-05-16 11:14:50+00:00,system,uptime_format, 5:29,dbms,clickbench,postgresql-indexed-load,1,ip-172-31-19-62,olap,benchANT
2026-05-16 11:15:00+00:00,system,uptime_format, 5:30,dbms,clickbench,postgresql-indexed-load,1,ip-172-31-19-62,olap,benchANT
2026-05-16 11:15:10+00:00,system,uptime_format, 5:30,dbms,clickbench,postgresql-indexed-load,1,ip-172-31-19-62,olap,benchANT
2026-05-16 11:15:20+00:00,system,uptime_format, 5:30,dbms,clickbench,postgresql-indexed-load,1,ip-172-31-19-62,olap,benchANT
2026-05-16 11:15:30+00:00,system,uptime_format, 5:30,dbms,clickbench,postgresql-indexed-load,1,ip-172-31-19-62,olap,benchANT
2026-05-16 11:15:40+00:00,system,uptime_format, 5:30,dbms,clickbench,postgresql-indexed-load,1,ip-172-31-19-62,olap,benchANT
2026-05-16 11:15:50+00:00,system,uptime_format, 5:30,dbms,clickbench,postgresql-indexed-load,1,ip-172-31-19-62,olap,benchANT
2026-05-16 11:16:00+00:00,system,uptime_format, 5:31,dbms,clickbench,postgresql-indexed-load,1,ip-172-31-19-62,olap,benchANT
2026-05-16 11:16:10+00:00,system,uptime_format, 5:31,dbms,clickbench,postgresql-indexed-load,1,ip-172-31-19-62,olap,benchANT
2026-05-16 11:16:20+00:00,system,uptime_format, 5:31,dbms,clickbench,postgresql-indexed-load,1,ip-172-31-19-62,olap,benchANT
2026-05-16 11:16:30+00:00,system,uptime_format, 5:31,dbms,clickbench,postgresql-indexed-load,1,ip-172-31-19-62,olap,benchANT
2026-05-16 11:16:40+00:00,system,uptime_format, 5:31,dbms,clickbench,postgresql-indexed-load,1,ip-172-31-19-62,olap,benchANT
2026-05-16 11:16:50+00:00,system,uptime_format, 5:31,dbms,clickbench,postgresql-indexed-load,1,ip-172-31-19-62,olap,benchANT
2026-05-16 11:17:00+00:00,system,uptime_format, 5:32,dbms,clickbench,postgresql-indexed-load,1,ip-172-31-19-62,olap,benchANT
2026-05-16 11:17:10+00:00,system,uptime_format, 5:32,dbms,clickbench,postgresql-indexed-load,1,ip-172-31-19-62,olap,benchANT
2026-05-16 11:17:20+00:00,system,uptime_format, 5:32,dbms,clickbench,postgresql-indexed-load,1,ip-172-31-19-62,olap,benchANT
2026-05-16 11:17:30+00:00,system,uptime_format, 5:32,dbms,clickbench,postgresql-indexed-load,1,ip-172-31-19-62,olap,benchANT
2026-05-16 11:17:40+00:00,system,uptime_format, 5:32,dbms,clickbench,postgresql-indexed-load,1,ip-172-31-19-62,olap,benchANT
2026-05-16 11:17:50+00:00,system,uptime_format, 5:32,dbms,clickbench,postgresql-indexed-load,1,ip-172-31-19-62,olap,benchANT
2026-05-16 11:18:00+00:00,system,uptime_format, 5:33,dbms,clickbench,postgresql-indexed-load,1,ip-172-31-19-62,olap,benchANT
2026-05-16 11:18:10+00:00,system,uptime_format, 5:33,dbms,clickbench,postgresql-indexed-load,1,ip-172-31-19-62,olap,benchANT
2026-05-16 11:18:20+00:00,system,uptime_format, 5:33,dbms,clickbench,postgresql-indexed-load,1,ip-172-31-19-62,olap,benchANT
2026-05-16 11:18:30+00:00,system,uptime_format, 5:33,dbms,clickbench,postgresql-indexed-load,1,ip-172-31-19-62,olap,benchANT
2026-05-16 11:18:40+00:00,system,uptime_format, 5:33,dbms,clickbench,postgresql-indexed-load,1,ip-172-31-19-62,olap,benchANT
2026-05-16 11:18:50+00:00,system,uptime_format, 5:33,dbms,clickbench,postgresql-indexed-load,1,ip-172-31-19-62,olap,benchANT
2026-05-16 11:19:00+00:00,system,uptime_format, 5:34,dbms,clickbench,postgresql-indexed-load,1,ip-172-31-19-62,olap,benchANT
2026-05-16 11:19:10+00:00,system,uptime_format, 5:34,dbms,clickbench,postgresql-indexed-load,1,ip-172-31-19-62,olap,benchANT
2026-05-16 11:19:20+00:00,system,uptime_format, 5:34,dbms,clickbench,postgresql-indexed-load,1,ip-172-31-19-62,olap,benchANT
2026-05-16 11:19:30+00:00,system,uptime_format, 5:34,dbms,clickbench,postgresql-indexed-load,1,ip-172-31-19-62,olap,benchANT
2026-05-16 11:19:40+00:00,system,uptime_format, 5:34,dbms,clickbench,postgresql-indexed-load,1,ip-172-31-19-62,olap,benchANT
2026-05-16 11:19:50+00:00,system,uptime_format, 5:34,dbms,clickbench,postgresql-indexed-load,1,ip-172-31-19-62,olap,benchANT
2026-05-16 11:20:00+00:00,system,uptime_format, 5:35,dbms,clickbench,postgresql-indexed-load,1,ip-172-31-19-62,olap,benchANT
2026-05-16 11:20:10+00:00,system,uptime_format, 5:35,dbms,clickbench,postgresql-indexed-load,1,ip-172-31-19-62,olap,benchANT
2026-05-16 11:20:20+00:00,system,uptime_format, 5:35,dbms,clickbench,postgresql-indexed-load,1,ip-172-31-19-62,olap,benchANT
2026-05-16 11:20:30+00:00,system,uptime_format, 5:35,dbms,clickbench,postgresql-indexed-load,1,ip-172-31-19-62,olap,benchANT
2026-05-16 11:20:40+00:00,system,uptime_format, 5:35,dbms,clickbench,postgresql-indexed-load,1,ip-172-31-19-62,olap,benchANT
2026-05-16 11:20:50+00:00,system,uptime_format, 5:35,dbms,clickbench,postgresql-indexed-load,1,ip-172-31-19-62,olap,benchANT
2026-05-16 11:21:00+00:00,system,uptime_format, 5:36,dbms,clickbench,postgresql-indexed-load,1,ip-172-31-19-62,olap,benchANT
2026-05-16 11:21:10+00:00,system,uptime_format, 5:36,dbms,clickbench,postgresql-indexed-load,1,ip-172-31-19-62,olap,benchANT
2026-05-16 11:21:20+00:00,system,uptime_format, 5:36,dbms,clickbench,postgresql-indexed-load,1,ip-172-31-19-62,olap,benchANT
2026-05-16 11:21:30+00:00,system,uptime_format, 5:36,dbms,clickbench,postgresql-indexed-load,1,ip-172-31-19-62,olap,benchANT
2026-05-16 11:21:40+00:00,system,uptime_format, 5:36,dbms,clickbench,postgresql-indexed-load,1,ip-172-31-19-62,olap,benchANT
2026-05-16 11:21:50+00:00,system,uptime_format, 5:36,dbms,clickbench,postgresql-indexed-load,1,ip-172-31-19-62,olap,benchANT
2026-05-16 11:22:00+00:00,system,uptime_format, 5:37,dbms,clickbench,postgresql-indexed-load,1,ip-172-31-19-62,olap,benchANT
2026-05-16 11:22:10+00:00,system,uptime_format, 5:37,dbms,clickbench,postgresql-indexed-load,1,ip-172-31-19-62,olap,benchANT
2026-05-16 11:22:20+00:00,system,uptime_format, 5:37,dbms,clickbench,postgresql-indexed-load,1,ip-172-31-19-62,olap,benchANT
2026-05-16 11:22:30+00:00,system,uptime_format, 5:37,dbms,clickbench,postgresql-indexed-load,1,ip-172-31-19-62,olap,benchANT
2026-05-16 11:22:40+00:00,system,uptime_format, 5:37,dbms,clickbench,postgresql-indexed-load,1,ip-172-31-19-62,olap,benchANT
2026-05-16 11:22:50+00:00,system,uptime_format, 5:37,dbms,clickbench,postgresql-indexed-load,1,ip-172-31-19-62,olap,benchANT
2026-05-16 11:23:00+00:00,system,uptime_format, 5:38,dbms,clickbench,postgresql-indexed-load,1,ip-172-31-19-62,olap,benchANT
2026-05-16 11:23:10+00:00,system,uptime_format, 5:38,dbms,clickbench,postgresql-indexed-load,1,ip-172-31-19-62,olap,benchANT
2026-05-16 11:23:20+00:00,system,uptime_format, 5:38,dbms,clickbench,postgresql-indexed-load,1,ip-172-31-19-62,olap,benchANT
2026-05-16 11:23:30+00:00,system,uptime_format, 5:38,dbms,clickbench,postgresql-indexed-load,1,ip-172-31-19-62,olap,benchANT
2026-05-16 11:23:40+00:00,system,uptime_format, 5:38,dbms,clickbench,postgresql-indexed-load,1,ip-172-31-19-62,olap,benchANT
2026-05-16 11:23:50+00:00,system,uptime_format, 5:38,dbms,clickbench,postgresql-indexed-load,1,ip-172-31-19-62,olap,benchANT
2026-05-16 11:24:00+00:00,system,uptime_format, 5:39,dbms,clickbench,postgresql-indexed-load,1,ip-172-31-19-62,olap,benchANT
2026-05-16 11:24:10+00:00,system,uptime_format, 5:39,dbms,clickbench,postgresql-indexed-load,1,ip-172-31-19-62,olap,benchANT
2026-05-16 11:24:20+00:00,system,uptime_format, 5:39,dbms,clickbench,postgresql-indexed-load,1,ip-172-31-19-62,olap,benchANT
2026-05-16 11:24:30+00:00,system,uptime_format, 5:39,dbms,clickbench,postgresql-indexed-load,1,ip-172-31-19-62,olap,benchANT
2026-05-16 11:24:40+00:00,system,uptime_format, 5:39,dbms,clickbench,postgresql-indexed-load,1,ip-172-31-19-62,olap,benchANT
2026-05-16 11:24:50+00:00,system,uptime_format, 5:39,dbms,clickbench,postgresql-indexed-load,1,ip-172-31-19-62,olap,benchANT
2026-05-16 11:25:00+00:00,system,uptime_format, 5:40,dbms,clickbench,postgresql-indexed-load,1,ip-172-31-19-62,olap,benchANT
2026-05-16 11:25:10+00:00,system,uptime_format, 5:40,dbms,clickbench,postgresql-indexed-load,1,ip-172-31-19-62,olap,benchANT
2026-05-16 11:25:20+00:00,system,uptime_format, 5:40,dbms,clickbench,postgresql-indexed-load,1,ip-172-31-19-62,olap,benchANT
2026-05-16 11:25:30+00:00,system,uptime_format, 5:40,dbms,clickbench,postgresql-indexed-load,1,ip-172-31-19-62,olap,benchANT
2026-05-16 11:25:40+00:00,system,uptime_format, 5:40,dbms,clickbench,postgresql-indexed-load,1,ip-172-31-19-62,olap,benchANT
2026-05-16 11:25:50+00:00,system,uptime_format, 5:40,dbms,clickbench,postgresql-indexed-load,1,ip-172-31-19-62,olap,benchANT
2026-05-16 11:26:00+00:00,system,uptime_format, 5:41,dbms,clickbench,postgresql-indexed-load,1,ip-172-31-19-62,olap,benchANT
2026-05-16 11:26:10+00:00,system,uptime_format, 5:41,dbms,clickbench,postgresql-indexed-load,1,ip-172-31-19-62,olap,benchANT
2026-05-16 11:26:20+00:00,system,uptime_format, 5:41,dbms,clickbench,postgresql-indexed-load,1,ip-172-31-19-62,olap,benchANT
2026-05-16 11:26:30+00:00,system,uptime_format, 5:41,dbms,clickbench,postgresql-indexed-load,1,ip-172-31-19-62,olap,benchANT
2026-05-16 11:26:40+00:00,system,uptime_format, 5:41,dbms,clickbench,postgresql-indexed-load,1,ip-172-31-19-62,olap,benchANT
2026-05-16 11:26:50+00:00,system,uptime_format, 5:41,dbms,clickbench,postgresql-indexed-load,1,ip-172-31-19-62,olap,benchANT
2026-05-16 11:27:00+00:00,system,uptime_format, 5:42,dbms,clickbench,postgresql-indexed-load,1,ip-172-31-19-62,olap,benchANT
2026-05-16 11:27:10+00:00,system,uptime_format, 5:42,dbms,clickbench,postgresql-indexed-load,1,ip-172-31-19-62,olap,benchANT
2026-05-16 11:27:20+00:00,system,uptime_format, 5:42,dbms,clickbench,postgresql-indexed-load,1,ip-172-31-19-62,olap,benchANT
2026-05-16 11:27:30+00:00,system,uptime_format, 5:42,dbms,clickbench,postgresql-indexed-load,1,ip-172-31-19-62,olap,benchANT
2026-05-16 11:27:40+00:00,system,uptime_format, 5:42,dbms,clickbench,postgresql-indexed-load,1,ip-172-31-19-62,olap,benchANT
2026-05-16 11:27:50+00:00,system,uptime_format, 5:42,dbms,clickbench,postgresql-indexed-load,1,ip-172-31-19-62,olap,benchANT
2026-05-16 11:28:00+00:00,system,uptime_format, 5:43,dbms,clickbench,postgresql-indexed-load,1,ip-172-31-19-62,olap,benchANT
2026-05-16 11:28:10+00:00,system,uptime_format, 5:43,dbms,clickbench,postgresql-indexed-load,1,ip-172-31-19-62,olap,benchANT
2026-05-16 11:28:20+00:00,system,uptime_format, 5:43,dbms,clickbench,postgresql-indexed-load,1,ip-172-31-19-62,olap,benchANT
2026-05-16 11:28:30+00:00,system,uptime_format, 5:43,dbms,clickbench,postgresql-indexed-load,1,ip-172-31-19-62,olap,benchANT
2026-05-16 11:28:40+00:00,system,uptime_format, 5:43,dbms,clickbench,postgresql-indexed-load,1,ip-172-31-19-62,olap,benchANT
2026-05-16 11:28:50+00:00,system,uptime_format, 5:43,dbms,clickbench,postgresql-indexed-load,1,ip-172-31-19-62,olap,benchANT
2026-05-16 11:29:00+00:00,system,uptime_format, 5:44,dbms,clickbench,postgresql-indexed-load,1,ip-172-31-19-62,olap,benchANT
2026-05-16 11:29:10+00:00,system,uptime_format, 5:44,dbms,clickbench,postgresql-indexed-load,1,ip-172-31-19-62,olap,benchANT
2026-05-16 11:29:20+00:00,system,uptime_format, 5:44,dbms,clickbench,postgresql-indexed-load,1,ip-172-31-19-62,olap,benchANT
2026-05-16 11:29:30+00:00,system,uptime_format, 5:44,dbms,clickbench,postgresql-indexed-load,1,ip-172-31-19-62,olap,benchANT
2026-05-16 11:29:40+00:00,system,uptime_format, 5:44,dbms,clickbench,postgresql-indexed-load,1,ip-172-31-19-62,olap,benchANT
2026-05-16 11:29:50+00:00,system,uptime_format, 5:44,dbms,clickbench,postgresql-indexed-load,1,ip-172-31-19-62,olap,benchANT
2026-05-16 11:30:00+00:00,system,uptime_format, 5:45,dbms,clickbench,postgresql-indexed-load,1,ip-172-31-19-62,olap,benchANT
2026-05-16 11:30:10+00:00,system,uptime_format, 5:45,dbms,clickbench,postgresql-indexed-load,1,ip-172-31-19-62,olap,benchANT
2026-05-16 11:30:20+00:00,system,uptime_format, 5:45,dbms,clickbench,postgresql-indexed-load,1,ip-172-31-19-62,olap,benchANT
2026-05-16 11:30:30+00:00,system,uptime_format, 5:45,dbms,clickbench,postgresql-indexed-load,1,ip-172-31-19-62,olap,benchANT
2026-05-16 11:30:40+00:00,system,uptime_format, 5:45,dbms,clickbench,postgresql-indexed-load,1,ip-172-31-19-62,olap,benchANT
2026-05-16 11:30:50+00:00,system,uptime_format, 5:45,dbms,clickbench,postgresql-indexed-load,1,ip-172-31-19-62,olap,benchANT
2026-05-16 11:31:00+00:00,system,uptime_format, 5:46,dbms,clickbench,postgresql-indexed-load,1,ip-172-31-19-62,olap,benchANT
2026-05-16 11:31:10+00:00,system,uptime_format, 5:46,dbms,clickbench,postgresql-indexed-load,1,ip-172-31-19-62,olap,benchANT
2026-05-16 11:31:20+00:00,system,uptime_format, 5:46,dbms,clickbench,postgresql-indexed-load,1,ip-172-31-19-62,olap,benchANT
2026-05-16 11:31:30+00:00,system,uptime_format, 5:46,dbms,clickbench,postgresql-indexed-load,1,ip-172-31-19-62,olap,benchANT
2026-05-16 11:31:40+00:00,system,uptime_format, 5:46,dbms,clickbench,postgresql-indexed-load,1,ip-172-31-19-62,olap,benchANT
2026-05-16 11:31:50+00:00,system,uptime_format, 5:46,dbms,clickbench,postgresql-indexed-load,1,ip-172-31-19-62,olap,benchANT
2026-05-16 11:32:00+00:00,system,uptime_format, 5:47,dbms,clickbench,postgresql-indexed-load,1,ip-172-31-19-62,olap,benchANT
2026-05-16 11:32:10+00:00,system,uptime_format, 5:47,dbms,clickbench,postgresql-indexed-load,1,ip-172-31-19-62,olap,benchANT
2026-05-16 11:32:20+00:00,system,uptime_format, 5:47,dbms,clickbench,postgresql-indexed-load,1,ip-172-31-19-62,olap,benchANT
2026-05-16 11:32:30+00:00,system,uptime_format, 5:47,dbms,clickbench,postgresql-indexed-load,1,ip-172-31-19-62,olap,benchANT
2026-05-16 11:32:40+00:00,system,uptime_format, 5:47,dbms,clickbench,postgresql-indexed-load,1,ip-172-31-19-62,olap,benchANT
2026-05-16 11:32:50+00:00,system,uptime_format, 5:47,dbms,clickbench,postgresql-indexed-load,1,ip-172-31-19-62,olap,benchANT
2026-05-16 11:33:00+00:00,system,uptime_format, 5:48,dbms,clickbench,postgresql-indexed-load,1,ip-172-31-19-62,olap,benchANT
2026-05-16 11:33:10+00:00,system,uptime_format, 5:48,dbms,clickbench,postgresql-indexed-load,1,ip-172-31-19-62,olap,benchANT
2026-05-16 11:33:20+00:00,system,uptime_format, 5:48,dbms,clickbench,postgresql-indexed-load,1,ip-172-31-19-62,olap,benchANT
2026-05-16 11:33:30+00:00,system,uptime_format, 5:48,dbms,clickbench,postgresql-indexed-load,1,ip-172-31-19-62,olap,benchANT
2026-05-16 11:33:40+00:00,system,uptime_format, 5:48,dbms,clickbench,postgresql-indexed-load,1,ip-172-31-19-62,olap,benchANT
2026-05-16 11:33:50+00:00,system,uptime_format, 5:48,dbms,clickbench,postgresql-indexed-load,1,ip-172-31-19-62,olap,benchANT
2026-05-16 11:34:00+00:00,system,uptime_format, 5:49,dbms,clickbench,postgresql-indexed-load,1,ip-172-31-19-62,olap,benchANT
2026-05-16 11:34:10+00:00,system,uptime_format, 5:49,dbms,clickbench,postgresql-indexed-load,1,ip-172-31-19-62,olap,benchANT
2026-05-16 11:34:20+00:00,system,uptime_format, 5:49,dbms,clickbench,postgresql-indexed-load,1,ip-172-31-19-62,olap,benchANT
2026-05-16 11:34:30+00:00,system,uptime_format, 5:49,dbms,clickbench,postgresql-indexed-load,1,ip-172-31-19-62,olap,benchANT
2026-05-16 11:34:40+00:00,system,uptime_format, 5:49,dbms,clickbench,postgresql-indexed-load,1,ip-172-31-19-62,olap,benchANT
2026-05-16 11:34:50+00:00,system,uptime_format, 5:49,dbms,clickbench,postgresql-indexed-load,1,ip-172-31-19-62,olap,benchANT
2026-05-16 11:35:00+00:00,system,uptime_format, 5:50,dbms,clickbench,postgresql-indexed-load,1,ip-172-31-19-62,olap,benchANT
2026-05-16 11:35:10+00:00,system,uptime_format, 5:50,dbms,clickbench,postgresql-indexed-load,1,ip-172-31-19-62,olap,benchANT
2026-05-16 11:35:20+00:00,system,uptime_format, 5:50,dbms,clickbench,postgresql-indexed-load,1,ip-172-31-19-62,olap,benchANT
2026-05-16 11:35:30+00:00,system,uptime_format, 5:50,dbms,clickbench,postgresql-indexed-load,1,ip-172-31-19-62,olap,benchANT
2026-05-16 11:35:40+00:00,system,uptime_format, 5:50,dbms,clickbench,postgresql-indexed-load,1,ip-172-31-19-62,olap,benchANT
2026-05-16 11:35:50+00:00,system,uptime_format, 5:50,dbms,clickbench,postgresql-indexed-load,1,ip-172-31-19-62,olap,benchANT
2026-05-16 11:36:00+00:00,system,uptime_format, 5:51,dbms,clickbench,postgresql-indexed-load,1,ip-172-31-19-62,olap,benchANT
2026-05-16 11:36:10+00:00,system,uptime_format, 5:51,dbms,clickbench,postgresql-indexed-load,1,ip-172-31-19-62,olap,benchANT
2026-05-16 11:36:20+00:00,system,uptime_format, 5:51,dbms,clickbench,postgresql-indexed-load,1,ip-172-31-19-62,olap,benchANT
2026-05-16 11:36:30+00:00,system,uptime_format, 5:51,dbms,clickbench,postgresql-indexed-load,1,ip-172-31-19-62,olap,benchANT
2026-05-16 11:36:40+00:00,system,uptime_format, 5:51,dbms,clickbench,postgresql-indexed-load,1,ip-172-31-19-62,olap,benchANT
2026-05-16 11:36:50+00:00,system,uptime_format, 5:51,dbms,clickbench,postgresql-indexed-load,1,ip-172-31-19-62,olap,benchANT
2026-05-16 11:37:00+00:00,system,uptime_format, 5:52,dbms,clickbench,postgresql-indexed-load,1,ip-172-31-19-62,olap,benchANT
2026-05-16 11:37:10+00:00,system,uptime_format, 5:52,dbms,clickbench,postgresql-indexed-load,1,ip-172-31-19-62,olap,benchANT
2026-05-16 11:37:20+00:00,system,uptime_format, 5:52,dbms,clickbench,postgresql-indexed-load,1,ip-172-31-19-62,olap,benchANT
2026-05-16 11:37:30+00:00,system,uptime_format, 5:52,dbms,clickbench,postgresql-indexed-load,1,ip-172-31-19-62,olap,benchANT
2026-05-16 11:37:40+00:00,system,uptime_format, 5:52,dbms,clickbench,postgresql-indexed-load,1,ip-172-31-19-62,olap,benchANT
2026-05-16 11:37:50+00:00,system,uptime_format, 5:52,dbms,clickbench,postgresql-indexed-load,1,ip-172-31-19-62,olap,benchANT
2026-05-16 11:38:00+00:00,system,uptime_format, 5:53,dbms,clickbench,postgresql-indexed-load,1,ip-172-31-19-62,olap,benchANT
2026-05-16 11:38:10+00:00,system,uptime_format, 5:53,dbms,clickbench,postgresql-indexed-load,1,ip-172-31-19-62,olap,benchANT
2026-05-16 11:38:20+00:00,system,uptime_format, 5:53,dbms,clickbench,postgresql-indexed-load,1,ip-172-31-19-62,olap,benchANT
2026-05-16 11:38:30+00:00,system,uptime_format, 5:53,dbms,clickbench,postgresql-indexed-load,1,ip-172-31-19-62,olap,benchANT
2026-05-16 11:38:40+00:00,system,uptime_format, 5:53,dbms,clickbench,postgresql-indexed-load,1,ip-172-31-19-62,olap,benchANT
2026-05-16 11:38:50+00:00,system,uptime_format, 5:53,dbms,clickbench,postgresql-indexed-load,1,ip-172-31-19-62,olap,benchANT
2026-05-16 11:39:00+00:00,system,uptime_format, 5:54,dbms,clickbench,postgresql-indexed-load,1,ip-172-31-19-62,olap,benchANT
2026-05-16 11:39:10+00:00,system,uptime_format, 5:54,dbms,clickbench,postgresql-indexed-load,1,ip-172-31-19-62,olap,benchANT
2026-05-16 11:39:20+00:00,system,uptime_format, 5:54,dbms,clickbench,postgresql-indexed-load,1,ip-172-31-19-62,olap,benchANT
2026-05-16 11:39:30+00:00,system,uptime_format, 5:54,dbms,clickbench,postgresql-indexed-load,1,ip-172-31-19-62,olap,benchANT
2026-05-16 11:39:40+00:00,system,uptime_format, 5:54,dbms,clickbench,postgresql-indexed-load,1,ip-172-31-19-62,olap,benchANT
2026-05-16 11:39:50+00:00,system,uptime_format, 5:54,dbms,clickbench,postgresql-indexed-load,1,ip-172-31-19-62,olap,benchANT
2026-05-16 11:40:00+00:00,system,uptime_format, 5:55,dbms,clickbench,postgresql-indexed-load,1,ip-172-31-19-62,olap,benchANT
2026-05-16 11:40:10+00:00,system,uptime_format, 5:55,dbms,clickbench,postgresql-indexed-load,1,ip-172-31-19-62,olap,benchANT
2026-05-16 11:40:20+00:00,system,uptime_format, 5:55,dbms,clickbench,postgresql-indexed-load,1,ip-172-31-19-62,olap,benchANT
2026-05-16 11:40:30+00:00,system,uptime_format, 5:55,dbms,clickbench,postgresql-indexed-load,1,ip-172-31-19-62,olap,benchANT
2026-05-16 11:40:40+00:00,system,uptime_format, 5:55,dbms,clickbench,postgresql-indexed-load,1,ip-172-31-19-62,olap,benchANT
2026-05-16 11:40:50+00:00,system,uptime_format, 5:55,dbms,clickbench,postgresql-indexed-load,1,ip-172-31-19-62,olap,benchANT
2026-05-16 11:41:00+00:00,system,uptime_format, 5:56,dbms,clickbench,postgresql-indexed-load,1,ip-172-31-19-62,olap,benchANT
2026-05-16 11:41:10+00:00,system,uptime_format, 5:56,dbms,clickbench,postgresql-indexed-load,1,ip-172-31-19-62,olap,benchANT
2026-05-16 11:41:20+00:00,system,uptime_format, 5:56,dbms,clickbench,postgresql-indexed-load,1,ip-172-31-19-62,olap,benchANT
2026-05-16 11:41:30+00:00,system,uptime_format, 5:56,dbms,clickbench,postgresql-indexed-load,1,ip-172-31-19-62,olap,benchANT
2026-05-16 11:41:40+00:00,system,uptime_format, 5:56,dbms,clickbench,postgresql-indexed-load,1,ip-172-31-19-62,olap,benchANT
2026-05-16 11:41:50+00:00,system,uptime_format, 5:56,dbms,clickbench,postgresql-indexed-load,1,ip-172-31-19-62,olap,benchANT
2026-05-16 11:42:00+00:00,system,uptime_format, 5:57,dbms,clickbench,postgresql-indexed-load,1,ip-172-31-19-62,olap,benchANT
2026-05-16 11:42:10+00:00,system,uptime_format, 5:57,dbms,clickbench,postgresql-indexed-load,1,ip-172-31-19-62,olap,benchANT
2026-05-16 11:42:20+00:00,system,uptime_format, 5:57,dbms,clickbench,postgresql-indexed-load,1,ip-172-31-19-62,olap,benchANT
2026-05-16 11:42:30+00:00,system,uptime_format, 5:57,dbms,clickbench,postgresql-indexed-load,1,ip-172-31-19-62,olap,benchANT
2026-05-16 11:42:40+00:00,system,uptime_format, 5:57,dbms,clickbench,postgresql-indexed-load,1,ip-172-31-19-62,olap,benchANT
2026-05-16 11:42:50+00:00,system,uptime_format, 5:57,dbms,clickbench,postgresql-indexed-load,1,ip-172-31-19-62,olap,benchANT
2026-05-16 11:43:00+00:00,system,uptime_format, 5:58,dbms,clickbench,postgresql-indexed-load,1,ip-172-31-19-62,olap,benchANT
2026-05-16 11:43:10+00:00,system,uptime_format, 5:58,dbms,clickbench,postgresql-indexed-load,1,ip-172-31-19-62,olap,benchANT
2026-05-16 11:43:20+00:00,system,uptime_format, 5:58,dbms,clickbench,postgresql-indexed-load,1,ip-172-31-19-62,olap,benchANT
2026-05-16 11:43:30+00:00,system,uptime_format, 5:58,dbms,clickbench,postgresql-indexed-load,1,ip-172-31-19-62,olap,benchANT
2026-05-16 11:43:40+00:00,system,uptime_format, 5:58,dbms,clickbench,postgresql-indexed-load,1,ip-172-31-19-62,olap,benchANT
2026-05-16 11:43:50+00:00,system,uptime_format, 5:58,dbms,clickbench,postgresql-indexed-load,1,ip-172-31-19-62,olap,benchANT
2026-05-16 11:44:00+00:00,system,uptime_format, 5:59,dbms,clickbench,postgresql-indexed-load,1,ip-172-31-19-62,olap,benchANT
2026-05-16 11:44:10+00:00,system,uptime_format, 5:59,dbms,clickbench,postgresql-indexed-load,1,ip-172-31-19-62,olap,benchANT
2026-05-16 11:44:20+00:00,system,uptime_format, 5:59,dbms,clickbench,postgresql-indexed-load,1,ip-172-31-19-62,olap,benchANT
2026-05-16 11:44:30+00:00,system,uptime_format, 5:59,dbms,clickbench,postgresql-indexed-load,1,ip-172-31-19-62,olap,benchANT
2026-05-16 11:44:40+00:00,system,uptime_format, 5:59,dbms,clickbench,postgresql-indexed-load,1,ip-172-31-19-62,olap,benchANT
2026-05-16 11:44:50+00:00,system,uptime_format, 5:59,dbms,clickbench,postgresql-indexed-load,1,ip-172-31-19-62,olap,benchANT
2026-05-16 11:45:00+00:00,system,uptime_format, 6:00,dbms,clickbench,postgresql-indexed-load,1,ip-172-31-19-62,olap,benchANT
2026-05-16 11:45:10+00:00,system,uptime_format, 6:00,dbms,clickbench,postgresql-indexed-load,1,ip-172-31-19-62,olap,benchANT
2026-05-16 11:45:20+00:00,system,uptime_format, 6:00,dbms,clickbench,postgresql-indexed-load,1,ip-172-31-19-62,olap,benchANT
2026-05-16 11:45:30+00:00,system,uptime_format, 6:00,dbms,clickbench,postgresql-indexed-load,1,ip-172-31-19-62,olap,benchANT
2026-05-16 11:45:40+00:00,system,uptime_format, 6:00,dbms,clickbench,postgresql-indexed-load,1,ip-172-31-19-62,olap,benchANT
2026-05-16 11:45:50+00:00,system,uptime_format, 6:00,dbms,clickbench,postgresql-indexed-load,1,ip-172-31-19-62,olap,benchANT
2026-05-16 11:46:00+00:00,system,uptime_format, 6:01,dbms,clickbench,postgresql-indexed-load,1,ip-172-31-19-62,olap,benchANT
2026-05-16 11:46:10+00:00,system,uptime_format, 6:01,dbms,clickbench,postgresql-indexed-load,1,ip-172-31-19-62,olap,benchANT
2026-05-16 11:46:20+00:00,system,uptime_format, 6:01,dbms,clickbench,postgresql-indexed-load,1,ip-172-31-19-62,olap,benchANT
2026-05-16 11:46:30+00:00,system,uptime_format, 6:01,dbms,clickbench,postgresql-indexed-load,1,ip-172-31-19-62,olap,benchANT
2026-05-16 11:46:40+00:00,system,uptime_format, 6:01,dbms,clickbench,postgresql-indexed-load,1,ip-172-31-19-62,olap,benchANT
2026-05-16 11:46:50+00:00,system,uptime_format, 6:01,dbms,clickbench,postgresql-indexed-load,1,ip-172-31-19-62,olap,benchANT
2026-05-16 11:47:00+00:00,system,uptime_format, 6:02,dbms,clickbench,postgresql-indexed-load,1,ip-172-31-19-62,olap,benchANT
2026-05-16 11:47:10+00:00,system,uptime_format, 6:02,dbms,clickbench,postgresql-indexed-load,1,ip-172-31-19-62,olap,benchANT
2026-05-16 11:47:20+00:00,system,uptime_format, 6:02,dbms,clickbench,postgresql-indexed-load,1,ip-172-31-19-62,olap,benchANT
2026-05-16 11:47:30+00:00,system,uptime_format, 6:02,dbms,clickbench,postgresql-indexed-load,1,ip-172-31-19-62,olap,benchANT
2026-05-16 11:47:40+00:00,system,uptime_format, 6:02,dbms,clickbench,postgresql-indexed-load,1,ip-172-31-19-62,olap,benchANT
2026-05-16 11:47:50+00:00,system,uptime_format, 6:02,dbms,clickbench,postgresql-indexed-load,1,ip-172-31-19-62,olap,benchANT
2026-05-16 11:48:00+00:00,system,uptime_format, 6:03,dbms,clickbench,postgresql-indexed-load,1,ip-172-31-19-62,olap,benchANT
2026-05-16 11:48:10+00:00,system,uptime_format, 6:03,dbms,clickbench,postgresql-indexed-load,1,ip-172-31-19-62,olap,benchANT
2026-05-16 11:48:20+00:00,system,uptime_format, 6:03,dbms,clickbench,postgresql-indexed-load,1,ip-172-31-19-62,olap,benchANT
2026-05-16 11:48:30+00:00,system,uptime_format, 6:03,dbms,clickbench,postgresql-indexed-load,1,ip-172-31-19-62,olap,benchANT
2026-05-16 11:48:40+00:00,system,uptime_format, 6:03,dbms,clickbench,postgresql-indexed-load,1,ip-172-31-19-62,olap,benchANT
2026-05-16 11:48:50+00:00,system,uptime_format, 6:03,dbms,clickbench,postgresql-indexed-load,1,ip-172-31-19-62,olap,benchANT
2026-05-16 11:49:00+00:00,system,uptime_format, 6:04,dbms,clickbench,postgresql-indexed-load,1,ip-172-31-19-62,olap,benchANT
2026-05-16 11:49:10+00:00,system,uptime_format, 6:04,dbms,clickbench,postgresql-indexed-load,1,ip-172-31-19-62,olap,benchANT
2026-05-16 11:49:20+00:00,system,uptime_format, 6:04,dbms,clickbench,postgresql-indexed-load,1,ip-172-31-19-62,olap,benchANT
2026-05-16 11:49:30+00:00,system,uptime_format, 6:04,dbms,clickbench,postgresql-indexed-load,1,ip-172-31-19-62,olap,benchANT
2026-05-16 11:49:40+00:00,system,uptime_format, 6:04,dbms,clickbench,postgresql-indexed-load,1,ip-172-31-19-62,olap,benchANT
2026-05-16 11:49:50+00:00,system,uptime_format, 6:04,dbms,clickbench,postgresql-indexed-load,1,ip-172-31-19-62,olap,benchANT
2026-05-16 11:50:00+00:00,system,uptime_format, 6:05,dbms,clickbench,postgresql-indexed-load,1,ip-172-31-19-62,olap,benchANT
2026-05-16 11:50:10+00:00,system,uptime_format, 6:05,dbms,clickbench,postgresql-indexed-load,1,ip-172-31-19-62,olap,benchANT
2026-05-16 11:50:20+00:00,system,uptime_format, 6:05,dbms,clickbench,postgresql-indexed-load,1,ip-172-31-19-62,olap,benchANT
2026-05-16 11:50:30+00:00,system,uptime_format, 6:05,dbms,clickbench,postgresql-indexed-load,1,ip-172-31-19-62,olap,benchANT
2026-05-16 11:50:40+00:00,system,uptime_format, 6:05,dbms,clickbench,postgresql-indexed-load,1,ip-172-31-19-62,olap,benchANT
2026-05-16 11:50:50+00:00,system,uptime_format, 6:05,dbms,clickbench,postgresql-indexed-load,1,ip-172-31-19-62,olap,benchANT
2026-05-16 11:51:00+00:00,system,uptime_format, 6:06,dbms,clickbench,postgresql-indexed-load,1,ip-172-31-19-62,olap,benchANT
2026-05-16 11:51:10+00:00,system,uptime_format, 6:06,dbms,clickbench,postgresql-indexed-load,1,ip-172-31-19-62,olap,benchANT
2026-05-16 11:51:20+00:00,system,uptime_format, 6:06,dbms,clickbench,postgresql-indexed-load,1,ip-172-31-19-62,olap,benchANT
2026-05-16 11:51:30+00:00,system,uptime_format, 6:06,dbms,clickbench,postgresql-indexed-load,1,ip-172-31-19-62,olap,benchANT
2026-05-16 11:51:40+00:00,system,uptime_format, 6:06,dbms,clickbench,postgresql-indexed-load,1,ip-172-31-19-62,olap,benchANT
2026-05-16 11:51:50+00:00,system,uptime_format, 6:06,dbms,clickbench,postgresql-indexed-load,1,ip-172-31-19-62,olap,benchANT
2026-05-16 11:52:00+00:00,system,uptime_format, 6:07,dbms,clickbench,postgresql-indexed-load,1,ip-172-31-19-62,olap,benchANT
2026-05-16 11:52:10+00:00,system,uptime_format, 6:07,dbms,clickbench,postgresql-indexed-load,1,ip-172-31-19-62,olap,benchANT
2026-05-16 11:52:20+00:00,system,uptime_format, 6:07,dbms,clickbench,postgresql-indexed-load,1,ip-172-31-19-62,olap,benchANT
2026-05-16 11:52:30+00:00,system,uptime_format, 6:07,dbms,clickbench,postgresql-indexed-load,1,ip-172-31-19-62,olap,benchANT
2026-05-16 11:52:40+00:00,system,uptime_format, 6:07,dbms,clickbench,postgresql-indexed-load,1,ip-172-31-19-62,olap,benchANT
2026-05-16 11:52:50+00:00,system,uptime_format, 6:07,dbms,clickbench,postgresql-indexed-load,1,ip-172-31-19-62,olap,benchANT
2026-05-16 11:53:00+00:00,system,uptime_format, 6:08,dbms,clickbench,postgresql-indexed-load,1,ip-172-31-19-62,olap,benchANT
2026-05-16 11:53:10+00:00,system,uptime_format, 6:08,dbms,clickbench,postgresql-indexed-load,1,ip-172-31-19-62,olap,benchANT
2026-05-16 11:53:20+00:00,system,uptime_format, 6:08,dbms,clickbench,postgresql-indexed-load,1,ip-172-31-19-62,olap,benchANT
2026-05-16 11:53:30+00:00,system,uptime_format, 6:08,dbms,clickbench,postgresql-indexed-load,1,ip-172-31-19-62,olap,benchANT
2026-05-16 11:53:40+00:00,system,uptime_format, 6:08,dbms,clickbench,postgresql-indexed-load,1,ip-172-31-19-62,olap,benchANT
2026-05-16 11:53:50+00:00,system,uptime_format, 6:08,dbms,clickbench,postgresql-indexed-load,1,ip-172-31-19-62,olap,benchANT
2026-05-16 11:54:00+00:00,system,uptime_format, 6:09,dbms,clickbench,postgresql-indexed-load,1,ip-172-31-19-62,olap,benchANT
2026-05-16 11:54:10+00:00,system,uptime_format, 6:09,dbms,clickbench,postgresql-indexed-load,1,ip-172-31-19-62,olap,benchANT
2026-05-16 11:54:20+00:00,system,uptime_format, 6:09,dbms,clickbench,postgresql-indexed-load,1,ip-172-31-19-62,olap,benchANT
2026-05-16 11:54:30+00:00,system,uptime_format, 6:09,dbms,clickbench,postgresql-indexed-load,1,ip-172-31-19-62,olap,benchANT
2026-05-16 11:54:40+00:00,system,uptime_format, 6:09,dbms,clickbench,postgresql-indexed-load,1,ip-172-31-19-62,olap,benchANT
2026-05-16 11:54:50+00:00,system,uptime_format, 6:09,dbms,clickbench,postgresql-indexed-load,1,ip-172-31-19-62,olap,benchANT
2026-05-16 11:55:00+00:00,system,uptime_format, 6:10,dbms,clickbench,postgresql-indexed-load,1,ip-172-31-19-62,olap,benchANT
2026-05-16 11:55:10+00:00,system,uptime_format, 6:10,dbms,clickbench,postgresql-indexed-load,1,ip-172-31-19-62,olap,benchANT
2026-05-16 11:55:20+00:00,system,uptime_format, 6:10,dbms,clickbench,postgresql-indexed-load,1,ip-172-31-19-62,olap,benchANT
2026-05-16 11:55:30+00:00,system,uptime_format, 6:10,dbms,clickbench,postgresql-indexed-load,1,ip-172-31-19-62,olap,benchANT
2026-05-16 11:55:40+00:00,system,uptime_format, 6:10,dbms,clickbench,postgresql-indexed-load,1,ip-172-31-19-62,olap,benchANT
2026-05-16 11:55:50+00:00,system,uptime_format, 6:10,dbms,clickbench,postgresql-indexed-load,1,ip-172-31-19-62,olap,benchANT
2026-05-16 11:56:00+00:00,system,uptime_format, 6:11,dbms,clickbench,postgresql-indexed-load,1,ip-172-31-19-62,olap,benchANT
2026-05-16 11:56:10+00:00,system,uptime_format, 6:11,dbms,clickbench,postgresql-indexed-load,1,ip-172-31-19-62,olap,benchANT
2026-05-16 11:56:20+00:00,system,uptime_format, 6:11,dbms,clickbench,postgresql-indexed-load,1,ip-172-31-19-62,olap,benchANT
2026-05-16 11:56:30+00:00,system,uptime_format, 6:11,dbms,clickbench,postgresql-indexed-load,1,ip-172-31-19-62,olap,benchANT
2026-05-16 11:56:40+00:00,system,uptime_format, 6:11,dbms,clickbench,postgresql-indexed-load,1,ip-172-31-19-62,olap,benchANT
2026-05-16 11:56:50+00:00,system,uptime_format, 6:11,dbms,clickbench,postgresql-indexed-load,1,ip-172-31-19-62,olap,benchANT
2026-05-16 11:57:00+00:00,system,uptime_format, 6:12,dbms,clickbench,postgresql-indexed-load,1,ip-172-31-19-62,olap,benchANT
2026-05-16 11:57:10+00:00,system,uptime_format, 6:12,dbms,clickbench,postgresql-indexed-load,1,ip-172-31-19-62,olap,benchANT
2026-05-16 11:57:20+00:00,system,uptime_format, 6:12,dbms,clickbench,postgresql-indexed-load,1,ip-172-31-19-62,olap,benchANT
2026-05-16 11:57:30+00:00,system,uptime_format, 6:12,dbms,clickbench,postgresql-indexed-load,1,ip-172-31-19-62,olap,benchANT
2026-05-16 11:57:40+00:00,system,uptime_format, 6:12,dbms,clickbench,postgresql-indexed-load,1,ip-172-31-19-62,olap,benchANT
2026-05-16 11:57:50+00:00,system,uptime_format, 6:12,dbms,clickbench,postgresql-indexed-load,1,ip-172-31-19-62,olap,benchANT
2026-05-16 11:58:00+00:00,system,uptime_format, 6:13,dbms,clickbench,postgresql-indexed-load,1,ip-172-31-19-62,olap,benchANT
2026-05-16 11:58:10+00:00,system,uptime_format, 6:13,dbms,clickbench,postgresql-indexed-load,1,ip-172-31-19-62,olap,benchANT
2026-05-16 11:58:20+00:00,system,uptime_format, 6:13,dbms,clickbench,postgresql-indexed-load,1,ip-172-31-19-62,olap,benchANT
2026-05-16 11:58:30+00:00,system,uptime_format, 6:13,dbms,clickbench,postgresql-indexed-load,1,ip-172-31-19-62,olap,benchANT
2026-05-16 11:58:40+00:00,system,uptime_format, 6:13,dbms,clickbench,postgresql-indexed-load,1,ip-172-31-19-62,olap,benchANT
2026-05-16 11:58:50+00:00,system,uptime_format, 6:13,dbms,clickbench,postgresql-indexed-load,1,ip-172-31-19-62,olap,benchANT
2026-05-16 11:59:00+00:00,system,uptime_format, 6:14,dbms,clickbench,postgresql-indexed-load,1,ip-172-31-19-62,olap,benchANT
2026-05-16 11:59:10+00:00,system,uptime_format, 6:14,dbms,clickbench,postgresql-indexed-load,1,ip-172-31-19-62,olap,benchANT
2026-05-16 11:59:20+00:00,system,uptime_format, 6:14,dbms,clickbench,postgresql-indexed-load,1,ip-172-31-19-62,olap,benchANT
2026-05-16 11:59:30+00:00,system,uptime_format, 6:14,dbms,clickbench,postgresql-indexed-load,1,ip-172-31-19-62,olap,benchANT
2026-05-16 11:59:40+00:00,system,uptime_format, 6:14,dbms,clickbench,postgresql-indexed-load,1,ip-172-31-19-62,olap,benchANT
2026-05-16 11:59:50+00:00,system,uptime_format, 6:14,dbms,clickbench,postgresql-indexed-load,1,ip-172-31-19-62,olap,benchANT
2026-05-16 12:00:00+00:00,system,uptime_format, 6:15,dbms,clickbench,postgresql-indexed-load,1,ip-172-31-19-62,olap,benchANT
2026-05-16 12:00:10+00:00,system,uptime_format, 6:15,dbms,clickbench,postgresql-indexed-load,1,ip-172-31-19-62,olap,benchANT
2026-05-16 12:00:20+00:00,system,uptime_format, 6:15,dbms,clickbench,postgresql-indexed-load,1,ip-172-31-19-62,olap,benchANT
2026-05-16 12:00:30+00:00,system,uptime_format, 6:15,dbms,clickbench,postgresql-indexed-load,1,ip-172-31-19-62,olap,benchANT
2026-05-16 12:00:40+00:00,system,uptime_format, 6:15,dbms,clickbench,postgresql-indexed-load,1,ip-172-31-19-62,olap,benchANT
2026-05-16 12:00:50+00:00,system,uptime_format, 6:15,dbms,clickbench,postgresql-indexed-load,1,ip-172-31-19-62,olap,benchANT
2026-05-16 12:01:00+00:00,system,uptime_format, 6:16,dbms,clickbench,postgresql-indexed-load,1,ip-172-31-19-62,olap,benchANT
2026-05-16 12:01:10+00:00,system,uptime_format, 6:16,dbms,clickbench,postgresql-indexed-load,1,ip-172-31-19-62,olap,benchANT
2026-05-16 12:01:20+00:00,system,uptime_format, 6:16,dbms,clickbench,postgresql-indexed-load,1,ip-172-31-19-62,olap,benchANT
2026-05-16 12:01:30+00:00,system,uptime_format, 6:16,dbms,clickbench,postgresql-indexed-load,1,ip-172-31-19-62,olap,benchANT
2026-05-16 12:01:40+00:00,system,uptime_format, 6:16,dbms,clickbench,postgresql-indexed-load,1,ip-172-31-19-62,olap,benchANT
2026-05-16 12:01:50+00:00,system,uptime_format, 6:16,dbms,clickbench,postgresql-indexed-load,1,ip-172-31-19-62,olap,benchANT
2026-05-16 12:02:00+00:00,system,uptime_format, 6:17,dbms,clickbench,postgresql-indexed-load,1,ip-172-31-19-62,olap,benchANT
2026-05-16 12:02:10+00:00,system,uptime_format, 6:17,dbms,clickbench,postgresql-indexed-load,1,ip-172-31-19-62,olap,benchANT
2026-05-16 12:02:20+00:00,system,uptime_format, 6:17,dbms,clickbench,postgresql-indexed-load,1,ip-172-31-19-62,olap,benchANT
2026-05-16 12:02:30+00:00,system,uptime_format, 6:17,dbms,clickbench,postgresql-indexed-load,1,ip-172-31-19-62,olap,benchANT
2026-05-16 12:02:40+00:00,system,uptime_format, 6:17,dbms,clickbench,postgresql-indexed-load,1,ip-172-31-19-62,olap,benchANT
2026-05-16 12:02:50+00:00,system,uptime_format, 6:17,dbms,clickbench,postgresql-indexed-load,1,ip-172-31-19-62,olap,benchANT
2026-05-16 12:03:00+00:00,system,uptime_format, 6:18,dbms,clickbench,postgresql-indexed-load,1,ip-172-31-19-62,olap,benchANT
2026-05-16 12:03:10+00:00,system,uptime_format, 6:18,dbms,clickbench,postgresql-indexed-load,1,ip-172-31-19-62,olap,benchANT
2026-05-16 12:03:20+00:00,system,uptime_format, 6:18,dbms,clickbench,postgresql-indexed-load,1,ip-172-31-19-62,olap,benchANT
2026-05-16 12:03:30+00:00,system,uptime_format, 6:18,dbms,clickbench,postgresql-indexed-load,1,ip-172-31-19-62,olap,benchANT
2026-05-16 12:03:40+00:00,system,uptime_format, 6:18,dbms,clickbench,postgresql-indexed-load,1,ip-172-31-19-62,olap,benchANT
2026-05-16 12:03:50+00:00,system,uptime_format, 6:18,dbms,clickbench,postgresql-indexed-load,1,ip-172-31-19-62,olap,benchANT
2026-05-16 12:04:00+00:00,system,uptime_format, 6:19,dbms,clickbench,postgresql-indexed-load,1,ip-172-31-19-62,olap,benchANT
2026-05-16 12:04:10+00:00,system,uptime_format, 6:19,dbms,clickbench,postgresql-indexed-load,1,ip-172-31-19-62,olap,benchANT
2026-05-16 12:04:20+00:00,system,uptime_format, 6:19,dbms,clickbench,postgresql-indexed-load,1,ip-172-31-19-62,olap,benchANT
2026-05-16 12:04:30+00:00,system,uptime_format, 6:19,dbms,clickbench,postgresql-indexed-load,1,ip-172-31-19-62,olap,benchANT
2026-05-16 12:04:40+00:00,system,uptime_format, 6:19,dbms,clickbench,postgresql-indexed-load,1,ip-172-31-19-62,olap,benchANT
2026-05-16 12:04:50+00:00,system,uptime_format, 6:19,dbms,clickbench,postgresql-indexed-load,1,ip-172-31-19-62,olap,benchANT
2026-05-16 12:05:00+00:00,system,uptime_format, 6:20,dbms,clickbench,postgresql-indexed-load,1,ip-172-31-19-62,olap,benchANT
2026-05-16 12:05:10+00:00,system,uptime_format, 6:20,dbms,clickbench,postgresql-indexed-load,1,ip-172-31-19-62,olap,benchANT
2026-05-16 12:05:20+00:00,system,uptime_format, 6:20,dbms,clickbench,postgresql-indexed-load,1,ip-172-31-19-62,olap,benchANT
2026-05-16 12:05:30+00:00,system,uptime_format, 6:20,dbms,clickbench,postgresql-indexed-load,1,ip-172-31-19-62,olap,benchANT
2026-05-16 12:05:40+00:00,system,uptime_format, 6:20,dbms,clickbench,postgresql-indexed-load,1,ip-172-31-19-62,olap,benchANT
2026-05-16 12:05:50+00:00,system,uptime_format, 6:20,dbms,clickbench,postgresql-indexed-load,1,ip-172-31-19-62,olap,benchANT
2026-05-16 12:06:00+00:00,system,uptime_format, 6:21,dbms,clickbench,postgresql-indexed-load,1,ip-172-31-19-62,olap,benchANT
2026-05-16 12:06:10+00:00,system,uptime_format, 6:21,dbms,clickbench,postgresql-indexed-load,1,ip-172-31-19-62,olap,benchANT
2026-05-16 12:06:20+00:00,system,uptime_format, 6:21,dbms,clickbench,postgresql-indexed-load,1,ip-172-31-19-62,olap,benchANT
2026-05-16 12:06:30+00:00,system,uptime_format, 6:21,dbms,clickbench,postgresql-indexed-load,1,ip-172-31-19-62,olap,benchANT
2026-05-16 12:06:40+00:00,system,uptime_format, 6:21,dbms,clickbench,postgresql-indexed-load,1,ip-172-31-19-62,olap,benchANT
2026-05-16 12:06:50+00:00,system,uptime_format, 6:21,dbms,clickbench,postgresql-indexed-load,1,ip-172-31-19-62,olap,benchANT
2026-05-16 12:07:00+00:00,system,uptime_format, 6:22,dbms,clickbench,postgresql-indexed-load,1,ip-172-31-19-62,olap,benchANT
2026-05-16 12:07:10+00:00,system,uptime_format, 6:22,dbms,clickbench,postgresql-indexed-load,1,ip-172-31-19-62,olap,benchANT
2026-05-16 12:07:20+00:00,system,uptime_format, 6:22,dbms,clickbench,postgresql-indexed-load,1,ip-172-31-19-62,olap,benchANT
2026-05-16 12:07:30+00:00,system,uptime_format, 6:22,dbms,clickbench,postgresql-indexed-load,1,ip-172-31-19-62,olap,benchANT
2026-05-16 12:07:40+00:00,system,uptime_format, 6:22,dbms,clickbench,postgresql-indexed-load,1,ip-172-31-19-62,olap,benchANT
2026-05-16 12:07:50+00:00,system,uptime_format, 6:22,dbms,clickbench,postgresql-indexed-load,1,ip-172-31-19-62,olap,benchANT
2026-05-16 12:08:00+00:00,system,uptime_format, 6:23,dbms,clickbench,postgresql-indexed-load,1,ip-172-31-19-62,olap,benchANT
2026-05-16 12:08:10+00:00,system,uptime_format, 6:23,dbms,clickbench,postgresql-indexed-load,1,ip-172-31-19-62,olap,benchANT
2026-05-16 12:08:20+00:00,system,uptime_format, 6:23,dbms,clickbench,postgresql-indexed-load,1,ip-172-31-19-62,olap,benchANT
2026-05-16 12:08:30+00:00,system,uptime_format, 6:23,dbms,clickbench,postgresql-indexed-load,1,ip-172-31-19-62,olap,benchANT
2026-05-16 12:08:40+00:00,system,uptime_format, 6:23,dbms,clickbench,postgresql-indexed-load,1,ip-172-31-19-62,olap,benchANT
2026-05-16 12:08:50+00:00,system,uptime_format, 6:23,dbms,clickbench,postgresql-indexed-load,1,ip-172-31-19-62,olap,benchANT
2026-05-16 12:09:00+00:00,system,uptime_format, 6:24,dbms,clickbench,postgresql-indexed-load,1,ip-172-31-19-62,olap,benchANT
2026-05-16 12:09:10+00:00,system,uptime_format, 6:24,dbms,clickbench,postgresql-indexed-load,1,ip-172-31-19-62,olap,benchANT
2026-05-16 12:09:20+00:00,system,uptime_format, 6:24,dbms,clickbench,postgresql-indexed-load,1,ip-172-31-19-62,olap,benchANT
2026-05-16 12:09:30+00:00,system,uptime_format, 6:24,dbms,clickbench,postgresql-indexed-load,1,ip-172-31-19-62,olap,benchANT
2026-05-16 12:09:40+00:00,system,uptime_format, 6:24,dbms,clickbench,postgresql-indexed-load,1,ip-172-31-19-62,olap,benchANT
2026-05-16 12:09:50+00:00,system,uptime_format, 6:24,dbms,clickbench,postgresql-indexed-load,1,ip-172-31-19-62,olap,benchANT
2026-05-16 12:10:00+00:00,system,uptime_format, 6:25,dbms,clickbench,postgresql-indexed-load,1,ip-172-31-19-62,olap,benchANT
2026-05-16 12:10:10+00:00,system,uptime_format, 6:25,dbms,clickbench,postgresql-indexed-load,1,ip-172-31-19-62,olap,benchANT
2026-05-16 12:10:20+00:00,system,uptime_format, 6:25,dbms,clickbench,postgresql-indexed-load,1,ip-172-31-19-62,olap,benchANT
2026-05-16 12:10:30+00:00,system,uptime_format, 6:25,dbms,clickbench,postgresql-indexed-load,1,ip-172-31-19-62,olap,benchANT
2026-05-16 12:10:40+00:00,system,uptime_format, 6:25,dbms,clickbench,postgresql-indexed-load,1,ip-172-31-19-62,olap,benchANT
2026-05-16 12:10:50+00:00,system,uptime_format, 6:25,dbms,clickbench,postgresql-indexed-load,1,ip-172-31-19-62,olap,benchANT
2026-05-16 12:11:00+00:00,system,uptime_format, 6:26,dbms,clickbench,postgresql-indexed-load,1,ip-172-31-19-62,olap,benchANT
2026-05-16 12:11:10+00:00,system,uptime_format, 6:26,dbms,clickbench,postgresql-indexed-load,1,ip-172-31-19-62,olap,benchANT
2026-05-16 12:11:20+00:00,system,uptime_format, 6:26,dbms,clickbench,postgresql-indexed-load,1,ip-172-31-19-62,olap,benchANT
2026-05-16 12:11:30+00:00,system,uptime_format, 6:26,dbms,clickbench,postgresql-indexed-load,1,ip-172-31-19-62,olap,benchANT
2026-05-16 12:11:40+00:00,system,uptime_format, 6:26,dbms,clickbench,postgresql-indexed-load,1,ip-172-31-19-62,olap,benchANT
2026-05-16 12:11:50+00:00,system,uptime_format, 6:26,dbms,clickbench,postgresql-indexed-load,1,ip-172-31-19-62,olap,benchANT
2026-05-16 12:12:00+00:00,system,uptime_format, 6:27,dbms,clickbench,postgresql-indexed-load,1,ip-172-31-19-62,olap,benchANT
2026-05-16 12:12:10+00:00,system,uptime_format, 6:27,dbms,clickbench,postgresql-indexed-load,1,ip-172-31-19-62,olap,benchANT
2026-05-16 12:12:20+00:00,system,uptime_format, 6:27,dbms,clickbench,postgresql-indexed-load,1,ip-172-31-19-62,olap,benchANT
2026-05-16 12:12:30+00:00,system,uptime_format, 6:27,dbms,clickbench,postgresql-indexed-load,1,ip-172-31-19-62,olap,benchANT
2026-05-16 12:12:40+00:00,system,uptime_format, 6:27,dbms,clickbench,postgresql-indexed-load,1,ip-172-31-19-62,olap,benchANT
2026-05-16 12:12:50+00:00,system,uptime_format, 6:27,dbms,clickbench,postgresql-indexed-load,1,ip-172-31-19-62,olap,benchANT
2026-05-16 12:13:00+00:00,system,uptime_format, 6:28,dbms,clickbench,postgresql-indexed-load,1,ip-172-31-19-62,olap,benchANT
2026-05-16 12:13:10+00:00,system,uptime_format, 6:28,dbms,clickbench,postgresql-indexed-load,1,ip-172-31-19-62,olap,benchANT
2026-05-16 12:13:20+00:00,system,uptime_format, 6:28,dbms,clickbench,postgresql-indexed-load,1,ip-172-31-19-62,olap,benchANT
2026-05-16 12:13:30+00:00,system,uptime_format, 6:28,dbms,clickbench,postgresql-indexed-load,1,ip-172-31-19-62,olap,benchANT
2026-05-16 12:13:40+00:00,system,uptime_format, 6:28,dbms,clickbench,postgresql-indexed-load,1,ip-172-31-19-62,olap,benchANT
2026-05-16 12:13:50+00:00,system,uptime_format, 6:28,dbms,clickbench,postgresql-indexed-load,1,ip-172-31-19-62,olap,benchANT
2026-05-16 12:14:00+00:00,system,uptime_format, 6:29,dbms,clickbench,postgresql-indexed-load,1,ip-172-31-19-62,olap,benchANT
2026-05-16 12:14:10+00:00,system,uptime_format, 6:29,dbms,clickbench,postgresql-indexed-load,1,ip-172-31-19-62,olap,benchANT
2026-05-16 12:14:20+00:00,system,uptime_format, 6:29,dbms,clickbench,postgresql-indexed-load,1,ip-172-31-19-62,olap,benchANT
2026-05-16 12:14:30+00:00,system,uptime_format, 6:29,dbms,clickbench,postgresql-indexed-load,1,ip-172-31-19-62,olap,benchANT
2026-05-16 12:14:40+00:00,system,uptime_format, 6:29,dbms,clickbench,postgresql-indexed-load,1,ip-172-31-19-62,olap,benchANT
2026-05-16 12:14:50+00:00,system,uptime_format, 6:29,dbms,clickbench,postgresql-indexed-load,1,ip-172-31-19-62,olap,benchANT
2026-05-16 12:15:00+00:00,system,uptime_format, 6:30,dbms,clickbench,postgresql-indexed-load,1,ip-172-31-19-62,olap,benchANT
2026-05-16 12:15:10+00:00,system,uptime_format, 6:30,dbms,clickbench,postgresql-indexed-load,1,ip-172-31-19-62,olap,benchANT
2026-05-16 12:15:20+00:00,system,uptime_format, 6:30,dbms,clickbench,postgresql-indexed-load,1,ip-172-31-19-62,olap,benchANT
2026-05-16 12:15:30+00:00,system,uptime_format, 6:30,dbms,clickbench,postgresql-indexed-load,1,ip-172-31-19-62,olap,benchANT
2026-05-16 12:15:40+00:00,system,uptime_format, 6:30,dbms,clickbench,postgresql-indexed-load,1,ip-172-31-19-62,olap,benchANT
2026-05-16 12:15:50+00:00,system,uptime_format, 6:30,dbms,clickbench,postgresql-indexed-load,1,ip-172-31-19-62,olap,benchANT
2026-05-16 12:16:00+00:00,system,uptime_format, 6:31,dbms,clickbench,postgresql-indexed-load,1,ip-172-31-19-62,olap,benchANT
2026-05-16 12:16:10+00:00,system,uptime_format, 6:31,dbms,clickbench,postgresql-indexed-load,1,ip-172-31-19-62,olap,benchANT
2026-05-16 12:16:20+00:00,system,uptime_format, 6:31,dbms,clickbench,postgresql-indexed-load,1,ip-172-31-19-62,olap,benchANT
2026-05-16 12:16:30+00:00,system,uptime_format, 6:31,dbms,clickbench,postgresql-indexed-load,1,ip-172-31-19-62,olap,benchANT
2026-05-16 12:16:40+00:00,system,uptime_format, 6:31,dbms,clickbench,postgresql-indexed-load,1,ip-172-31-19-62,olap,benchANT
2026-05-16 12:16:50+00:00,system,uptime_format, 6:31,dbms,clickbench,postgresql-indexed-load,1,ip-172-31-19-62,olap,benchANT
2026-05-16 12:17:00+00:00,system,uptime_format, 6:32,dbms,clickbench,postgresql-indexed-load,1,ip-172-31-19-62,olap,benchANT
2026-05-16 12:17:10+00:00,system,uptime_format, 6:32,dbms,clickbench,postgresql-indexed-load,1,ip-172-31-19-62,olap,benchANT
2026-05-16 12:17:20+00:00,system,uptime_format, 6:32,dbms,clickbench,postgresql-indexed-load,1,ip-172-31-19-62,olap,benchANT
2026-05-16 12:17:30+00:00,system,uptime_format, 6:32,dbms,clickbench,postgresql-indexed-load,1,ip-172-31-19-62,olap,benchANT
2026-05-16 12:17:40+00:00,system,uptime_format, 6:32,dbms,clickbench,postgresql-indexed-load,1,ip-172-31-19-62,olap,benchANT
2026-05-16 12:17:50+00:00,system,uptime_format, 6:32,dbms,clickbench,postgresql-indexed-load,1,ip-172-31-19-62,olap,benchANT
2026-05-16 12:18:00+00:00,system,uptime_format, 6:33,dbms,clickbench,postgresql-indexed-load,1,ip-172-31-19-62,olap,benchANT
2026-05-16 12:18:10+00:00,system,uptime_format, 6:33,dbms,clickbench,postgresql-indexed-load,1,ip-172-31-19-62,olap,benchANT
2026-05-16 12:18:20+00:00,system,uptime_format, 6:33,dbms,clickbench,postgresql-indexed-load,1,ip-172-31-19-62,olap,benchANT
2026-05-16 12:18:30+00:00,system,uptime_format, 6:33,dbms,clickbench,postgresql-indexed-load,1,ip-172-31-19-62,olap,benchANT
2026-05-16 12:18:40+00:00,system,uptime_format, 6:33,dbms,clickbench,postgresql-indexed-load,1,ip-172-31-19-62,olap,benchANT
2026-05-16 12:18:50+00:00,system,uptime_format, 6:33,dbms,clickbench,postgresql-indexed-load,1,ip-172-31-19-62,olap,benchANT
2026-05-16 12:19:00+00:00,system,uptime_format, 6:34,dbms,clickbench,postgresql-indexed-load,1,ip-172-31-19-62,olap,benchANT
2026-05-16 12:19:10+00:00,system,uptime_format, 6:34,dbms,clickbench,postgresql-indexed-load,1,ip-172-31-19-62,olap,benchANT
2026-05-16 12:19:20+00:00,system,uptime_format, 6:34,dbms,clickbench,postgresql-indexed-load,1,ip-172-31-19-62,olap,benchANT
2026-05-16 12:19:30+00:00,system,uptime_format, 6:34,dbms,clickbench,postgresql-indexed-load,1,ip-172-31-19-62,olap,benchANT
2026-05-16 12:19:40+00:00,system,uptime_format, 6:34,dbms,clickbench,postgresql-indexed-load,1,ip-172-31-19-62,olap,benchANT
2026-05-16 12:19:50+00:00,system,uptime_format, 6:34,dbms,clickbench,postgresql-indexed-load,1,ip-172-31-19-62,olap,benchANT
2026-05-16 12:20:00+00:00,system,uptime_format, 6:35,dbms,clickbench,postgresql-indexed-load,1,ip-172-31-19-62,olap,benchANT
2026-05-16 12:20:10+00:00,system,uptime_format, 6:35,dbms,clickbench,postgresql-indexed-load,1,ip-172-31-19-62,olap,benchANT
2026-05-16 12:20:20+00:00,system,uptime_format, 6:35,dbms,clickbench,postgresql-indexed-load,1,ip-172-31-19-62,olap,benchANT
2026-05-16 12:20:30+00:00,system,uptime_format, 6:35,dbms,clickbench,postgresql-indexed-load,1,ip-172-31-19-62,olap,benchANT
2026-05-16 12:20:40+00:00,system,uptime_format, 6:35,dbms,clickbench,postgresql-indexed-load,1,ip-172-31-19-62,olap,benchANT
2026-05-16 12:20:50+00:00,system,uptime_format, 6:35,dbms,clickbench,postgresql-indexed-load,1,ip-172-31-19-62,olap,benchANT
2026-05-16 12:21:00+00:00,system,uptime_format, 6:36,dbms,clickbench,postgresql-indexed-load,1,ip-172-31-19-62,olap,benchANT
2026-05-16 12:21:10+00:00,system,uptime_format, 6:36,dbms,clickbench,postgresql-indexed-load,1,ip-172-31-19-62,olap,benchANT
2026-05-16 12:21:20+00:00,system,uptime_format, 6:36,dbms,clickbench,postgresql-indexed-load,1,ip-172-31-19-62,olap,benchANT
2026-05-16 12:21:30+00:00,system,uptime_format, 6:36,dbms,clickbench,postgresql-indexed-load,1,ip-172-31-19-62,olap,benchANT
2026-05-16 12:21:40+00:00,system,uptime_format, 6:36,dbms,clickbench,postgresql-indexed-load,1,ip-172-31-19-62,olap,benchANT
2026-05-16 12:21:50+00:00,system,uptime_format, 6:36,dbms,clickbench,postgresql-indexed-load,1,ip-172-31-19-62,olap,benchANT
2026-05-16 12:22:00+00:00,system,uptime_format, 6:37,dbms,clickbench,postgresql-indexed-load,1,ip-172-31-19-62,olap,benchANT
2026-05-16 12:22:10+00:00,system,uptime_format, 6:37,dbms,clickbench,postgresql-indexed-load,1,ip-172-31-19-62,olap,benchANT
2026-05-16 12:22:20+00:00,system,uptime_format, 6:37,dbms,clickbench,postgresql-indexed-load,1,ip-172-31-19-62,olap,benchANT
2026-05-16 12:22:30+00:00,system,uptime_format, 6:37,dbms,clickbench,postgresql-indexed-load,1,ip-172-31-19-62,olap,benchANT
2026-05-16 12:22:40+00:00,system,uptime_format, 6:37,dbms,clickbench,postgresql-indexed-load,1,ip-172-31-19-62,olap,benchANT
2026-05-16 12:22:50+00:00,system,uptime_format, 6:37,dbms,clickbench,postgresql-indexed-load,1,ip-172-31-19-62,olap,benchANT
2026-05-16 12:23:00+00:00,system,uptime_format, 6:38,dbms,clickbench,postgresql-indexed-load,1,ip-172-31-19-62,olap,benchANT
2026-05-16 12:23:10+00:00,system,uptime_format, 6:38,dbms,clickbench,postgresql-indexed-load,1,ip-172-31-19-62,olap,benchANT
2026-05-16 12:23:20+00:00,system,uptime_format, 6:38,dbms,clickbench,postgresql-indexed-load,1,ip-172-31-19-62,olap,benchANT
2026-05-16 12:23:30+00:00,system,uptime_format, 6:38,dbms,clickbench,postgresql-indexed-load,1,ip-172-31-19-62,olap,benchANT
2026-05-16 12:23:40+00:00,system,uptime_format, 6:38,dbms,clickbench,postgresql-indexed-load,1,ip-172-31-19-62,olap,benchANT
2026-05-16 12:23:50+00:00,system,uptime_format, 6:38,dbms,clickbench,postgresql-indexed-load,1,ip-172-31-19-62,olap,benchANT
2026-05-16 12:24:00+00:00,system,uptime_format, 6:39,dbms,clickbench,postgresql-indexed-load,1,ip-172-31-19-62,olap,benchANT
2026-05-16 12:24:10+00:00,system,uptime_format, 6:39,dbms,clickbench,postgresql-indexed-load,1,ip-172-31-19-62,olap,benchANT
2026-05-16 12:24:20+00:00,system,uptime_format, 6:39,dbms,clickbench,postgresql-indexed-load,1,ip-172-31-19-62,olap,benchANT
2026-05-16 12:24:30+00:00,system,uptime_format, 6:39,dbms,clickbench,postgresql-indexed-load,1,ip-172-31-19-62,olap,benchANT
2026-05-16 12:24:40+00:00,system,uptime_format, 6:39,dbms,clickbench,postgresql-indexed-load,1,ip-172-31-19-62,olap,benchANT
2026-05-16 12:24:50+00:00,system,uptime_format, 6:39,dbms,clickbench,postgresql-indexed-load,1,ip-172-31-19-62,olap,benchANT
2026-05-16 12:25:00+00:00,system,uptime_format, 6:40,dbms,clickbench,postgresql-indexed-load,1,ip-172-31-19-62,olap,benchANT
2026-05-16 12:25:10+00:00,system,uptime_format, 6:40,dbms,clickbench,postgresql-indexed-load,1,ip-172-31-19-62,olap,benchANT
2026-05-16 12:25:20+00:00,system,uptime_format, 6:40,dbms,clickbench,postgresql-indexed-load,1,ip-172-31-19-62,olap,benchANT
2026-05-16 12:25:30+00:00,system,uptime_format, 6:40,dbms,clickbench,postgresql-indexed-load,1,ip-172-31-19-62,olap,benchANT
2026-05-16 12:25:40+00:00,system,uptime_format, 6:40,dbms,clickbench,postgresql-indexed-load,1,ip-172-31-19-62,olap,benchANT
2026-05-16 12:25:50+00:00,system,uptime_format, 6:40,dbms,clickbench,postgresql-indexed-load,1,ip-172-31-19-62,olap,benchANT
2026-05-16 12:26:00+00:00,system,uptime_format, 6:41,dbms,clickbench,postgresql-indexed-load,1,ip-172-31-19-62,olap,benchANT
2026-05-16 12:26:10+00:00,system,uptime_format, 6:41,dbms,clickbench,postgresql-indexed-load,1,ip-172-31-19-62,olap,benchANT
2026-05-16 12:26:20+00:00,system,uptime_format, 6:41,dbms,clickbench,postgresql-indexed-load,1,ip-172-31-19-62,olap,benchANT
2026-05-16 12:26:30+00:00,system,uptime_format, 6:41,dbms,clickbench,postgresql-indexed-load,1,ip-172-31-19-62,olap,benchANT
2026-05-16 12:26:40+00:00,system,uptime_format, 6:41,dbms,clickbench,postgresql-indexed-load,1,ip-172-31-19-62,olap,benchANT
2026-05-16 12:26:50+00:00,system,uptime_format, 6:41,dbms,clickbench,postgresql-indexed-load,1,ip-172-31-19-62,olap,benchANT
2026-05-16 12:27:00+00:00,system,uptime_format, 6:42,dbms,clickbench,postgresql-indexed-load,1,ip-172-31-19-62,olap,benchANT
2026-05-16 12:27:10+00:00,system,uptime_format, 6:42,dbms,clickbench,postgresql-indexed-load,1,ip-172-31-19-62,olap,benchANT
2026-05-16 12:27:20+00:00,system,uptime_format, 6:42,dbms,clickbench,postgresql-indexed-load,1,ip-172-31-19-62,olap,benchANT
2026-05-16 12:27:30+00:00,system,uptime_format, 6:42,dbms,clickbench,postgresql-indexed-load,1,ip-172-31-19-62,olap,benchANT
2026-05-16 12:27:40+00:00,system,uptime_format, 6:42,dbms,clickbench,postgresql-indexed-load,1,ip-172-31-19-62,olap,benchANT
2026-05-16 12:27:50+00:00,system,uptime_format, 6:42,dbms,clickbench,postgresql-indexed-load,1,ip-172-31-19-62,olap,benchANT
2026-05-16 12:28:00+00:00,system,uptime_format, 6:43,dbms,clickbench,postgresql-indexed-load,1,ip-172-31-19-62,olap,benchANT
2026-05-16 12:28:10+00:00,system,uptime_format, 6:43,dbms,clickbench,postgresql-indexed-load,1,ip-172-31-19-62,olap,benchANT
2026-05-16 12:28:20+00:00,system,uptime_format, 6:43,dbms,clickbench,postgresql-indexed-load,1,ip-172-31-19-62,olap,benchANT
2026-05-16 12:28:30+00:00,system,uptime_format, 6:43,dbms,clickbench,postgresql-indexed-load,1,ip-172-31-19-62,olap,benchANT
2026-05-16 12:28:40+00:00,system,uptime_format, 6:43,dbms,clickbench,postgresql-indexed-load,1,ip-172-31-19-62,olap,benchANT
2026-05-16 12:28:50+00:00,system,uptime_format, 6:43,dbms,clickbench,postgresql-indexed-load,1,ip-172-31-19-62,olap,benchANT
2026-05-16 12:29:00+00:00,system,uptime_format, 6:44,dbms,clickbench,postgresql-indexed-load,1,ip-172-31-19-62,olap,benchANT
2026-05-16 12:29:10+00:00,system,uptime_format, 6:44,dbms,clickbench,postgresql-indexed-load,1,ip-172-31-19-62,olap,benchANT
2026-05-16 12:29:20+00:00,system,uptime_format, 6:44,dbms,clickbench,postgresql-indexed-load,1,ip-172-31-19-62,olap,benchANT
2026-05-16 12:29:30+00:00,system,uptime_format, 6:44,dbms,clickbench,postgresql-indexed-load,1,ip-172-31-19-62,olap,benchANT
2026-05-16 12:29:40+00:00,system,uptime_format, 6:44,dbms,clickbench,postgresql-indexed-load,1,ip-172-31-19-62,olap,benchANT
2026-05-16 12:29:50+00:00,system,uptime_format, 6:44,dbms,clickbench,postgresql-indexed-load,1,ip-172-31-19-62,olap,benchANT
2026-05-16 12:30:00+00:00,system,uptime_format, 6:45,dbms,clickbench,postgresql-indexed-load,1,ip-172-31-19-62,olap,benchANT
2026-05-16 12:30:10+00:00,system,uptime_format, 6:45,dbms,clickbench,postgresql-indexed-load,1,ip-172-31-19-62,olap,benchANT
2026-05-16 12:30:20+00:00,system,uptime_format, 6:45,dbms,clickbench,postgresql-indexed-load,1,ip-172-31-19-62,olap,benchANT
2026-05-16 12:30:30+00:00,system,uptime_format, 6:45,dbms,clickbench,postgresql-indexed-load,1,ip-172-31-19-62,olap,benchANT
2026-05-16 12:30:40+00:00,system,uptime_format, 6:45,dbms,clickbench,postgresql-indexed-load,1,ip-172-31-19-62,olap,benchANT
2026-05-16 12:30:50+00:00,system,uptime_format, 6:45,dbms,clickbench,postgresql-indexed-load,1,ip-172-31-19-62,olap,benchANT
2026-05-16 12:31:00+00:00,system,uptime_format, 6:46,dbms,clickbench,postgresql-indexed-load,1,ip-172-31-19-62,olap,benchANT
2026-05-16 12:31:10+00:00,system,uptime_format, 6:46,dbms,clickbench,postgresql-indexed-load,1,ip-172-31-19-62,olap,benchANT
2026-05-16 12:31:20+00:00,system,uptime_format, 6:46,dbms,clickbench,postgresql-indexed-load,1,ip-172-31-19-62,olap,benchANT
2026-05-16 12:31:30+00:00,system,uptime_format, 6:46,dbms,clickbench,postgresql-indexed-load,1,ip-172-31-19-62,olap,benchANT
2026-05-16 12:31:40+00:00,system,uptime_format, 6:46,dbms,clickbench,postgresql-indexed-load,1,ip-172-31-19-62,olap,benchANT
2026-05-16 12:31:50+00:00,system,uptime_format, 6:46,dbms,clickbench,postgresql-indexed-load,1,ip-172-31-19-62,olap,benchANT
2026-05-16 12:32:00+00:00,system,uptime_format, 6:47,dbms,clickbench,postgresql-indexed-load,1,ip-172-31-19-62,olap,benchANT
2026-05-16 12:32:10+00:00,system,uptime_format, 6:47,dbms,clickbench,postgresql-indexed-load,1,ip-172-31-19-62,olap,benchANT
2026-05-16 12:32:20+00:00,system,uptime_format, 6:47,dbms,clickbench,postgresql-indexed-load,1,ip-172-31-19-62,olap,benchANT
2026-05-16 12:32:30+00:00,system,uptime_format, 6:47,dbms,clickbench,postgresql-indexed-load,1,ip-172-31-19-62,olap,benchANT
2026-05-16 12:32:40+00:00,system,uptime_format, 6:47,dbms,clickbench,postgresql-indexed-load,1,ip-172-31-19-62,olap,benchANT
2026-05-16 12:32:50+00:00,system,uptime_format, 6:47,dbms,clickbench,postgresql-indexed-load,1,ip-172-31-19-62,olap,benchANT
2026-05-16 12:33:00+00:00,system,uptime_format, 6:48,dbms,clickbench,postgresql-indexed-load,1,ip-172-31-19-62,olap,benchANT
2026-05-16 12:33:10+00:00,system,uptime_format, 6:48,dbms,clickbench,postgresql-indexed-load,1,ip-172-31-19-62,olap,benchANT
2026-05-16 12:33:20+00:00,system,uptime_format, 6:48,dbms,clickbench,postgresql-indexed-load,1,ip-172-31-19-62,olap,benchANT
2026-05-16 12:33:30+00:00,system,uptime_format, 6:48,dbms,clickbench,postgresql-indexed-load,1,ip-172-31-19-62,olap,benchANT
2026-05-16 12:33:40+00:00,system,uptime_format, 6:48,dbms,clickbench,postgresql-indexed-load,1,ip-172-31-19-62,olap,benchANT
2026-05-16 12:33:50+00:00,system,uptime_format, 6:48,dbms,clickbench,postgresql-indexed-load,1,ip-172-31-19-62,olap,benchANT
2026-05-16 12:34:00+00:00,system,uptime_format, 6:49,dbms,clickbench,postgresql-indexed-load,1,ip-172-31-19-62,olap,benchANT
2026-05-16 12:34:10+00:00,system,uptime_format, 6:49,dbms,clickbench,postgresql-indexed-load,1,ip-172-31-19-62,olap,benchANT
2026-05-16 12:34:20+00:00,system,uptime_format, 6:49,dbms,clickbench,postgresql-indexed-load,1,ip-172-31-19-62,olap,benchANT
2026-05-16 12:34:30+00:00,system,uptime_format, 6:49,dbms,clickbench,postgresql-indexed-load,1,ip-172-31-19-62,olap,benchANT
2026-05-16 12:34:40+00:00,system,uptime_format, 6:49,dbms,clickbench,postgresql-indexed-load,1,ip-172-31-19-62,olap,benchANT
2026-05-16 12:34:50+00:00,system,uptime_format, 6:49,dbms,clickbench,postgresql-indexed-load,1,ip-172-31-19-62,olap,benchANT
2026-05-16 12:35:00+00:00,system,uptime_format, 6:50,dbms,clickbench,postgresql-indexed-load,1,ip-172-31-19-62,olap,benchANT
2026-05-16 12:35:10+00:00,system,uptime_format, 6:50,dbms,clickbench,postgresql-indexed-load,1,ip-172-31-19-62,olap,benchANT
2026-05-16 12:35:20+00:00,system,uptime_format, 6:50,dbms,clickbench,postgresql-indexed-load,1,ip-172-31-19-62,olap,benchANT
2026-05-16 12:35:30+00:00,system,uptime_format, 6:50,dbms,clickbench,postgresql-indexed-load,1,ip-172-31-19-62,olap,benchANT
2026-05-16 12:35:40+00:00,system,uptime_format, 6:50,dbms,clickbench,postgresql-indexed-load,1,ip-172-31-19-62,olap,benchANT
2026-05-16 12:35:50+00:00,system,uptime_format, 6:50,dbms,clickbench,postgresql-indexed-load,1,ip-172-31-19-62,olap,benchANT
2026-05-16 12:36:00+00:00,system,uptime_format, 6:51,dbms,clickbench,postgresql-indexed-load,1,ip-172-31-19-62,olap,benchANT
2026-05-16 12:36:10+00:00,system,uptime_format, 6:51,dbms,clickbench,postgresql-indexed-load,1,ip-172-31-19-62,olap,benchANT
2026-05-16 12:36:20+00:00,system,uptime_format, 6:51,dbms,clickbench,postgresql-indexed-load,1,ip-172-31-19-62,olap,benchANT
2026-05-16 12:36:30+00:00,system,uptime_format, 6:51,dbms,clickbench,postgresql-indexed-load,1,ip-172-31-19-62,olap,benchANT
2026-05-16 12:36:40+00:00,system,uptime_format, 6:51,dbms,clickbench,postgresql-indexed-load,1,ip-172-31-19-62,olap,benchANT
2026-05-16 12:36:50+00:00,system,uptime_format, 6:51,dbms,clickbench,postgresql-indexed-load,1,ip-172-31-19-62,olap,benchANT
2026-05-16 12:37:00+00:00,system,uptime_format, 6:52,dbms,clickbench,postgresql-indexed-load,1,ip-172-31-19-62,olap,benchANT
2026-05-16 12:37:10+00:00,system,uptime_format, 6:52,dbms,clickbench,postgresql-indexed-load,1,ip-172-31-19-62,olap,benchANT
2026-05-16 12:37:20+00:00,system,uptime_format, 6:52,dbms,clickbench,postgresql-indexed-load,1,ip-172-31-19-62,olap,benchANT
2026-05-16 12:37:30+00:00,system,uptime_format, 6:52,dbms,clickbench,postgresql-indexed-load,1,ip-172-31-19-62,olap,benchANT
2026-05-16 12:37:40+00:00,system,uptime_format, 6:52,dbms,clickbench,postgresql-indexed-load,1,ip-172-31-19-62,olap,benchANT
2026-05-16 12:37:50+00:00,system,uptime_format, 6:52,dbms,clickbench,postgresql-indexed-load,1,ip-172-31-19-62,olap,benchANT
2026-05-16 12:38:00+00:00,system,uptime_format, 6:53,dbms,clickbench,postgresql-indexed-load,1,ip-172-31-19-62,olap,benchANT
2026-05-16 12:38:10+00:00,system,uptime_format, 6:53,dbms,clickbench,postgresql-indexed-load,1,ip-172-31-19-62,olap,benchANT
2026-05-16 12:38:20+00:00,system,uptime_format, 6:53,dbms,clickbench,postgresql-indexed-load,1,ip-172-31-19-62,olap,benchANT
2026-05-16 12:38:30+00:00,system,uptime_format, 6:53,dbms,clickbench,postgresql-indexed-load,1,ip-172-31-19-62,olap,benchANT
2026-05-16 12:38:40+00:00,system,uptime_format, 6:53,dbms,clickbench,postgresql-indexed-load,1,ip-172-31-19-62,olap,benchANT
2026-05-16 12:38:50+00:00,system,uptime_format, 6:53,dbms,clickbench,postgresql-indexed-load,1,ip-172-31-19-62,olap,benchANT
2026-05-16 12:39:00+00:00,system,uptime_format, 6:54,dbms,clickbench,postgresql-indexed-load,1,ip-172-31-19-62,olap,benchANT
2026-05-16 12:39:10+00:00,system,uptime_format, 6:54,dbms,clickbench,postgresql-indexed-load,1,ip-172-31-19-62,olap,benchANT
2026-05-16 12:39:20+00:00,system,uptime_format, 6:54,dbms,clickbench,postgresql-indexed-load,1,ip-172-31-19-62,olap,benchANT
2026-05-16 12:39:30+00:00,system,uptime_format, 6:54,dbms,clickbench,postgresql-indexed-load,1,ip-172-31-19-62,olap,benchANT
2026-05-16 12:39:40+00:00,system,uptime_format, 6:54,dbms,clickbench,postgresql-indexed-load,1,ip-172-31-19-62,olap,benchANT
2026-05-16 12:39:50+00:00,system,uptime_format, 6:54,dbms,clickbench,postgresql-indexed-load,1,ip-172-31-19-62,olap,benchANT
2026-05-16 12:40:00+00:00,system,uptime_format, 6:55,dbms,clickbench,postgresql-indexed-load,1,ip-172-31-19-62,olap,benchANT
2026-05-16 12:40:10+00:00,system,uptime_format, 6:55,dbms,clickbench,postgresql-indexed-load,1,ip-172-31-19-62,olap,benchANT
2026-05-16 12:40:20+00:00,system,uptime_format, 6:55,dbms,clickbench,postgresql-indexed-load,1,ip-172-31-19-62,olap,benchANT
2026-05-16 12:40:30+00:00,system,uptime_format, 6:55,dbms,clickbench,postgresql-indexed-load,1,ip-172-31-19-62,olap,benchANT
2026-05-16 12:40:40+00:00,system,uptime_format, 6:55,dbms,clickbench,postgresql-indexed-load,1,ip-172-31-19-62,olap,benchANT
2026-05-16 12:40:50+00:00,system,uptime_format, 6:55,dbms,clickbench,postgresql-indexed-load,1,ip-172-31-19-62,olap,benchANT
2026-05-16 12:41:00+00:00,system,uptime_format, 6:56,dbms,clickbench,postgresql-indexed-load,1,ip-172-31-19-62,olap,benchANT
2026-05-16 12:41:10+00:00,system,uptime_format, 6:56,dbms,clickbench,postgresql-indexed-load,1,ip-172-31-19-62,olap,benchANT
2026-05-16 12:41:20+00:00,system,uptime_format, 6:56,dbms,clickbench,postgresql-indexed-load,1,ip-172-31-19-62,olap,benchANT
2026-05-16 12:41:30+00:00,system,uptime_format, 6:56,dbms,clickbench,postgresql-indexed-load,1,ip-172-31-19-62,olap,benchANT
2026-05-16 12:41:40+00:00,system,uptime_format, 6:56,dbms,clickbench,postgresql-indexed-load,1,ip-172-31-19-62,olap,benchANT
2026-05-16 12:41:50+00:00,system,uptime_format, 6:56,dbms,clickbench,postgresql-indexed-load,1,ip-172-31-19-62,olap,benchANT
2026-05-16 12:42:00+00:00,system,uptime_format, 6:57,dbms,clickbench,postgresql-indexed-load,1,ip-172-31-19-62,olap,benchANT
2026-05-16 12:42:10+00:00,system,uptime_format, 6:57,dbms,clickbench,postgresql-indexed-load,1,ip-172-31-19-62,olap,benchANT
2026-05-16 12:42:20+00:00,system,uptime_format, 6:57,dbms,clickbench,postgresql-indexed-load,1,ip-172-31-19-62,olap,benchANT
2026-05-16 12:42:30+00:00,system,uptime_format, 6:57,dbms,clickbench,postgresql-indexed-load,1,ip-172-31-19-62,olap,benchANT
2026-05-16 12:42:40+00:00,system,uptime_format, 6:57,dbms,clickbench,postgresql-indexed-load,1,ip-172-31-19-62,olap,benchANT
2026-05-16 12:42:50+00:00,system,uptime_format, 6:57,dbms,clickbench,postgresql-indexed-load,1,ip-172-31-19-62,olap,benchANT
2026-05-16 12:43:00+00:00,system,uptime_format, 6:58,dbms,clickbench,postgresql-indexed-load,1,ip-172-31-19-62,olap,benchANT
2026-05-16 12:43:10+00:00,system,uptime_format, 6:58,dbms,clickbench,postgresql-indexed-load,1,ip-172-31-19-62,olap,benchANT
2026-05-16 12:43:20+00:00,system,uptime_format, 6:58,dbms,clickbench,postgresql-indexed-load,1,ip-172-31-19-62,olap,benchANT
2026-05-16 12:43:30+00:00,system,uptime_format, 6:58,dbms,clickbench,postgresql-indexed-load,1,ip-172-31-19-62,olap,benchANT
2026-05-16 12:43:40+00:00,system,uptime_format, 6:58,dbms,clickbench,postgresql-indexed-load,1,ip-172-31-19-62,olap,benchANT
2026-05-16 12:43:50+00:00,system,uptime_format, 6:58,dbms,clickbench,postgresql-indexed-load,1,ip-172-31-19-62,olap,benchANT
2026-05-16 12:44:00+00:00,system,uptime_format, 6:59,dbms,clickbench,postgresql-indexed-load,1,ip-172-31-19-62,olap,benchANT
2026-05-16 12:44:10+00:00,system,uptime_format, 6:59,dbms,clickbench,postgresql-indexed-load,1,ip-172-31-19-62,olap,benchANT
2026-05-16 12:44:20+00:00,system,uptime_format, 6:59,dbms,clickbench,postgresql-indexed-load,1,ip-172-31-19-62,olap,benchANT
2026-05-16 12:44:30+00:00,system,uptime_format, 6:59,dbms,clickbench,postgresql-indexed-load,1,ip-172-31-19-62,olap,benchANT
2026-05-16 12:44:40+00:00,system,uptime_format, 6:59,dbms,clickbench,postgresql-indexed-load,1,ip-172-31-19-62,olap,benchANT
2026-05-16 12:44:50+00:00,system,uptime_format, 6:59,dbms,clickbench,postgresql-indexed-load,1,ip-172-31-19-62,olap,benchANT
2026-05-16 12:45:00+00:00,system,uptime_format, 7:00,dbms,clickbench,postgresql-indexed-load,1,ip-172-31-19-62,olap,benchANT
2026-05-16 12:45:10+00:00,system,uptime_format, 7:00,dbms,clickbench,postgresql-indexed-load,1,ip-172-31-19-62,olap,benchANT
2026-05-16 12:45:20+00:00,system,uptime_format, 7:00,dbms,clickbench,postgresql-indexed-load,1,ip-172-31-19-62,olap,benchANT
2026-05-16 12:45:30+00:00,system,uptime_format, 7:00,dbms,clickbench,postgresql-indexed-load,1,ip-172-31-19-62,olap,benchANT
2026-05-16 12:45:40+00:00,system,uptime_format, 7:00,dbms,clickbench,postgresql-indexed-load,1,ip-172-31-19-62,olap,benchANT
2026-05-16 12:45:50+00:00,system,uptime_format, 7:00,dbms,clickbench,postgresql-indexed-load,1,ip-172-31-19-62,olap,benchANT
2026-05-16 12:46:00+00:00,system,uptime_format, 7:01,dbms,clickbench,postgresql-indexed-load,1,ip-172-31-19-62,olap,benchANT
2026-05-16 12:46:10+00:00,system,uptime_format, 7:01,dbms,clickbench,postgresql-indexed-load,1,ip-172-31-19-62,olap,benchANT
2026-05-16 12:46:20+00:00,system,uptime_format, 7:01,dbms,clickbench,postgresql-indexed-load,1,ip-172-31-19-62,olap,benchANT
2026-05-16 12:46:30+00:00,system,uptime_format, 7:01,dbms,clickbench,postgresql-indexed-load,1,ip-172-31-19-62,olap,benchANT
2026-05-16 12:46:40+00:00,system,uptime_format, 7:01,dbms,clickbench,postgresql-indexed-load,1,ip-172-31-19-62,olap,benchANT
2026-05-16 12:46:50+00:00,system,uptime_format, 7:01,dbms,clickbench,postgresql-indexed-load,1,ip-172-31-19-62,olap,benchANT
2026-05-16 12:47:00+00:00,system,uptime_format, 7:02,dbms,clickbench,postgresql-indexed-load,1,ip-172-31-19-62,olap,benchANT
2026-05-16 12:47:10+00:00,system,uptime_format, 7:02,dbms,clickbench,postgresql-indexed-load,1,ip-172-31-19-62,olap,benchANT
2026-05-16 12:47:20+00:00,system,uptime_format, 7:02,dbms,clickbench,postgresql-indexed-load,1,ip-172-31-19-62,olap,benchANT
2026-05-16 12:47:30+00:00,system,uptime_format, 7:02,dbms,clickbench,postgresql-indexed-load,1,ip-172-31-19-62,olap,benchANT
2026-05-16 12:47:40+00:00,system,uptime_format, 7:02,dbms,clickbench,postgresql-indexed-load,1,ip-172-31-19-62,olap,benchANT
2026-05-16 12:47:50+00:00,system,uptime_format, 7:02,dbms,clickbench,postgresql-indexed-load,1,ip-172-31-19-62,olap,benchANT
2026-05-16 12:48:00+00:00,system,uptime_format, 7:03,dbms,clickbench,postgresql-indexed-load,1,ip-172-31-19-62,olap,benchANT
2026-05-16 12:48:10+00:00,system,uptime_format, 7:03,dbms,clickbench,postgresql-indexed-load,1,ip-172-31-19-62,olap,benchANT
2026-05-16 12:48:20+00:00,system,uptime_format, 7:03,dbms,clickbench,postgresql-indexed-load,1,ip-172-31-19-62,olap,benchANT
2026-05-16 12:48:30+00:00,system,uptime_format, 7:03,dbms,clickbench,postgresql-indexed-load,1,ip-172-31-19-62,olap,benchANT
2026-05-16 12:48:40+00:00,system,uptime_format, 7:03,dbms,clickbench,postgresql-indexed-load,1,ip-172-31-19-62,olap,benchANT
2026-05-16 12:48:50+00:00,system,uptime_format, 7:03,dbms,clickbench,postgresql-indexed-load,1,ip-172-31-19-62,olap,benchANT
2026-05-16 12:49:00+00:00,system,uptime_format, 7:04,dbms,clickbench,postgresql-indexed-load,1,ip-172-31-19-62,olap,benchANT
2026-05-16 12:49:10+00:00,system,uptime_format, 7:04,dbms,clickbench,postgresql-indexed-load,1,ip-172-31-19-62,olap,benchANT
2026-05-16 12:49:20+00:00,system,uptime_format, 7:04,dbms,clickbench,postgresql-indexed-load,1,ip-172-31-19-62,olap,benchANT
2026-05-16 12:49:30+00:00,system,uptime_format, 7:04,dbms,clickbench,postgresql-indexed-load,1,ip-172-31-19-62,olap,benchANT
2026-05-16 12:49:40+00:00,system,uptime_format, 7:04,dbms,clickbench,postgresql-indexed-load,1,ip-172-31-19-62,olap,benchANT
2026-05-16 12:49:50+00:00,system,uptime_format, 7:04,dbms,clickbench,postgresql-indexed-load,1,ip-172-31-19-62,olap,benchANT
2026-05-16 12:50:00+00:00,system,uptime_format, 7:05,dbms,clickbench,postgresql-indexed-load,1,ip-172-31-19-62,olap,benchANT
2026-05-16 12:50:10+00:00,system,uptime_format, 7:05,dbms,clickbench,postgresql-indexed-load,1,ip-172-31-19-62,olap,benchANT
2026-05-16 12:50:20+00:00,system,uptime_format, 7:05,dbms,clickbench,postgresql-indexed-load,1,ip-172-31-19-62,olap,benchANT
2026-05-16 12:50:30+00:00,system,uptime_format, 7:05,dbms,clickbench,postgresql-indexed-load,1,ip-172-31-19-62,olap,benchANT
2026-05-16 12:50:40+00:00,system,uptime_format, 7:05,dbms,clickbench,postgresql-indexed-load,1,ip-172-31-19-62,olap,benchANT
2026-05-16 12:50:50+00:00,system,uptime_format, 7:05,dbms,clickbench,postgresql-indexed-load,1,ip-172-31-19-62,olap,benchANT
2026-05-16 12:51:00+00:00,system,uptime_format, 7:06,dbms,clickbench,postgresql-indexed-load,1,ip-172-31-19-62,olap,benchANT
2026-05-16 12:51:10+00:00,system,uptime_format, 7:06,dbms,clickbench,postgresql-indexed-load,1,ip-172-31-19-62,olap,benchANT
2026-05-16 12:51:20+00:00,system,uptime_format, 7:06,dbms,clickbench,postgresql-indexed-load,1,ip-172-31-19-62,olap,benchANT
2026-05-16 12:51:30+00:00,system,uptime_format, 7:06,dbms,clickbench,postgresql-indexed-load,1,ip-172-31-19-62,olap,benchANT
2026-05-16 12:51:40+00:00,system,uptime_format, 7:06,dbms,clickbench,postgresql-indexed-load,1,ip-172-31-19-62,olap,benchANT
2026-05-16 12:51:50+00:00,system,uptime_format, 7:06,dbms,clickbench,postgresql-indexed-load,1,ip-172-31-19-62,olap,benchANT
2026-05-16 12:52:00+00:00,system,uptime_format, 7:07,dbms,clickbench,postgresql-indexed-load,1,ip-172-31-19-62,olap,benchANT
2026-05-16 12:52:10+00:00,system,uptime_format, 7:07,dbms,clickbench,postgresql-indexed-load,1,ip-172-31-19-62,olap,benchANT
2026-05-16 12:52:20+00:00,system,uptime_format, 7:07,dbms,clickbench,postgresql-indexed-load,1,ip-172-31-19-62,olap,benchANT
2026-05-16 12:52:30+00:00,system,uptime_format, 7:07,dbms,clickbench,postgresql-indexed-load,1,ip-172-31-19-62,olap,benchANT
2026-05-16 12:52:40+00:00,system,uptime_format, 7:07,dbms,clickbench,postgresql-indexed-load,1,ip-172-31-19-62,olap,benchANT
2026-05-16 12:52:50+00:00,system,uptime_format, 7:07,dbms,clickbench,postgresql-indexed-load,1,ip-172-31-19-62,olap,benchANT
2026-05-16 12:53:00+00:00,system,uptime_format, 7:08,dbms,clickbench,postgresql-indexed-load,1,ip-172-31-19-62,olap,benchANT
2026-05-16 12:53:10+00:00,system,uptime_format, 7:08,dbms,clickbench,postgresql-indexed-load,1,ip-172-31-19-62,olap,benchANT
2026-05-16 12:53:20+00:00,system,uptime_format, 7:08,dbms,clickbench,postgresql-indexed-load,1,ip-172-31-19-62,olap,benchANT
2026-05-16 12:53:30+00:00,system,uptime_format, 7:08,dbms,clickbench,postgresql-indexed-load,1,ip-172-31-19-62,olap,benchANT
2026-05-16 12:53:40+00:00,system,uptime_format, 7:08,dbms,clickbench,postgresql-indexed-load,1,ip-172-31-19-62,olap,benchANT
2026-05-16 12:53:50+00:00,system,uptime_format, 7:08,dbms,clickbench,postgresql-indexed-load,1,ip-172-31-19-62,olap,benchANT
2026-05-16 12:54:00+00:00,system,uptime_format, 7:09,dbms,clickbench,postgresql-indexed-load,1,ip-172-31-19-62,olap,benchANT
2026-05-16 12:54:10+00:00,system,uptime_format, 7:09,dbms,clickbench,postgresql-indexed-load,1,ip-172-31-19-62,olap,benchANT
2026-05-16 12:54:20+00:00,system,uptime_format, 7:09,dbms,clickbench,postgresql-indexed-load,1,ip-172-31-19-62,olap,benchANT
2026-05-16 12:54:30+00:00,system,uptime_format, 7:09,dbms,clickbench,postgresql-indexed-load,1,ip-172-31-19-62,olap,benchANT
2026-05-16 12:54:40+00:00,system,uptime_format, 7:09,dbms,clickbench,postgresql-indexed-load,1,ip-172-31-19-62,olap,benchANT
2026-05-16 12:54:50+00:00,system,uptime_format, 7:09,dbms,clickbench,postgresql-indexed-load,1,ip-172-31-19-62,olap,benchANT
2026-05-16 12:55:00+00:00,system,uptime_format, 7:10,dbms,clickbench,postgresql-indexed-load,1,ip-172-31-19-62,olap,benchANT
2026-05-16 12:55:10+00:00,system,uptime_format, 7:10,dbms,clickbench,postgresql-indexed-load,1,ip-172-31-19-62,olap,benchANT
2026-05-16 12:55:20+00:00,system,uptime_format, 7:10,dbms,clickbench,postgresql-indexed-load,1,ip-172-31-19-62,olap,benchANT
2026-05-16 12:55:30+00:00,system,uptime_format, 7:10,dbms,clickbench,postgresql-indexed-load,1,ip-172-31-19-62,olap,benchANT
2026-05-16 12:55:40+00:00,system,uptime_format, 7:10,dbms,clickbench,postgresql-indexed-load,1,ip-172-31-19-62,olap,benchANT
2026-05-16 12:55:50+00:00,system,uptime_format, 7:10,dbms,clickbench,postgresql-indexed-load,1,ip-172-31-19-62,olap,benchANT
2026-05-16 12:56:00+00:00,system,uptime_format, 7:11,dbms,clickbench,postgresql-indexed-load,1,ip-172-31-19-62,olap,benchANT
2026-05-16 12:56:10+00:00,system,uptime_format, 7:11,dbms,clickbench,postgresql-indexed-load,1,ip-172-31-19-62,olap,benchANT
2026-05-16 12:56:20+00:00,system,uptime_format, 7:11,dbms,clickbench,postgresql-indexed-load,1,ip-172-31-19-62,olap,benchANT
2026-05-16 12:56:30+00:00,system,uptime_format, 7:11,dbms,clickbench,postgresql-indexed-load,1,ip-172-31-19-62,olap,benchANT
2026-05-16 12:56:40+00:00,system,uptime_format, 7:11,dbms,clickbench,postgresql-indexed-load,1,ip-172-31-19-62,olap,benchANT
2026-05-16 12:56:50+00:00,system,uptime_format, 7:11,dbms,clickbench,postgresql-indexed-load,1,ip-172-31-19-62,olap,benchANT
2026-05-16 12:57:00+00:00,system,uptime_format, 7:12,dbms,clickbench,postgresql-indexed-load,1,ip-172-31-19-62,olap,benchANT
2026-05-16 12:57:10+00:00,system,uptime_format, 7:12,dbms,clickbench,postgresql-indexed-load,1,ip-172-31-19-62,olap,benchANT
2026-05-16 12:57:20+00:00,system,uptime_format, 7:12,dbms,clickbench,postgresql-indexed-load,1,ip-172-31-19-62,olap,benchANT
2026-05-16 12:57:30+00:00,system,uptime_format, 7:12,dbms,clickbench,postgresql-indexed-load,1,ip-172-31-19-62,olap,benchANT
2026-05-16 12:57:40+00:00,system,uptime_format, 7:12,dbms,clickbench,postgresql-indexed-load,1,ip-172-31-19-62,olap,benchANT
2026-05-16 12:57:50+00:00,system,uptime_format, 7:12,dbms,clickbench,postgresql-indexed-load,1,ip-172-31-19-62,olap,benchANT
2026-05-16 12:58:00+00:00,system,uptime_format, 7:13,dbms,clickbench,postgresql-indexed-load,1,ip-172-31-19-62,olap,benchANT
2026-05-16 12:58:10+00:00,system,uptime_format, 7:13,dbms,clickbench,postgresql-indexed-load,1,ip-172-31-19-62,olap,benchANT
2026-05-16 12:58:20+00:00,system,uptime_format, 7:13,dbms,clickbench,postgresql-indexed-load,1,ip-172-31-19-62,olap,benchANT
2026-05-16 12:58:30+00:00,system,uptime_format, 7:13,dbms,clickbench,postgresql-indexed-load,1,ip-172-31-19-62,olap,benchANT
2026-05-16 12:58:40+00:00,system,uptime_format, 7:13,dbms,clickbench,postgresql-indexed-load,1,ip-172-31-19-62,olap,benchANT
2026-05-16 12:58:50+00:00,system,uptime_format, 7:13,dbms,clickbench,postgresql-indexed-load,1,ip-172-31-19-62,olap,benchANT
2026-05-16 12:59:00+00:00,system,uptime_format, 7:14,dbms,clickbench,postgresql-indexed-load,1,ip-172-31-19-62,olap,benchANT
2026-05-16 12:59:10+00:00,system,uptime_format, 7:14,dbms,clickbench,postgresql-indexed-load,1,ip-172-31-19-62,olap,benchANT
2026-05-16 12:59:20+00:00,system,uptime_format, 7:14,dbms,clickbench,postgresql-indexed-load,1,ip-172-31-19-62,olap,benchANT
2026-05-16 12:59:30+00:00,system,uptime_format, 7:14,dbms,clickbench,postgresql-indexed-load,1,ip-172-31-19-62,olap,benchANT
2026-05-16 12:59:40+00:00,system,uptime_format, 7:14,dbms,clickbench,postgresql-indexed-load,1,ip-172-31-19-62,olap,benchANT
2026-05-16 12:59:50+00:00,system,uptime_format, 7:14,dbms,clickbench,postgresql-indexed-load,1,ip-172-31-19-62,olap,benchANT
2026-05-16 13:00:00+00:00,system,uptime_format, 7:15,dbms,clickbench,postgresql-indexed-load,1,ip-172-31-19-62,olap,benchANT
2026-05-16 13:00:10+00:00,system,uptime_format, 7:15,dbms,clickbench,postgresql-indexed-load,1,ip-172-31-19-62,olap,benchANT
2026-05-16 13:00:20+00:00,system,uptime_format, 7:15,dbms,clickbench,postgresql-indexed-load,1,ip-172-31-19-62,olap,benchANT
2026-05-16 13:00:30+00:00,system,uptime_format, 7:15,dbms,clickbench,postgresql-indexed-load,1,ip-172-31-19-62,olap,benchANT
2026-05-16 13:00:40+00:00,system,uptime_format, 7:15,dbms,clickbench,postgresql-indexed-load,1,ip-172-31-19-62,olap,benchANT
2026-05-16 13:00:50+00:00,system,uptime_format, 7:15,dbms,clickbench,postgresql-indexed-load,1,ip-172-31-19-62,olap,benchANT
2026-05-16 13:01:00+00:00,system,uptime_format, 7:16,dbms,clickbench,postgresql-indexed-load,1,ip-172-31-19-62,olap,benchANT
2026-05-16 13:01:10+00:00,system,uptime_format, 7:16,dbms,clickbench,postgresql-indexed-load,1,ip-172-31-19-62,olap,benchANT
2026-05-16 13:01:20+00:00,system,uptime_format, 7:16,dbms,clickbench,postgresql-indexed-load,1,ip-172-31-19-62,olap,benchANT
2026-05-16 13:01:30+00:00,system,uptime_format, 7:16,dbms,clickbench,postgresql-indexed-load,1,ip-172-31-19-62,olap,benchANT
2026-05-16 13:01:40+00:00,system,uptime_format, 7:16,dbms,clickbench,postgresql-indexed-load,1,ip-172-31-19-62,olap,benchANT
2026-05-16 13:01:50+00:00,system,uptime_format, 7:16,dbms,clickbench,postgresql-indexed-load,1,ip-172-31-19-62,olap,benchANT
2026-05-16 13:02:00+00:00,system,uptime_format, 7:17,dbms,clickbench,postgresql-indexed-load,1,ip-172-31-19-62,olap,benchANT
2026-05-16 13:02:10+00:00,system,uptime_format, 7:17,dbms,clickbench,postgresql-indexed-load,1,ip-172-31-19-62,olap,benchANT
2026-05-16 13:02:20+00:00,system,uptime_format, 7:17,dbms,clickbench,postgresql-indexed-load,1,ip-172-31-19-62,olap,benchANT
2026-05-16 13:02:30+00:00,system,uptime_format, 7:17,dbms,clickbench,postgresql-indexed-load,1,ip-172-31-19-62,olap,benchANT
2026-05-16 13:02:40+00:00,system,uptime_format, 7:17,dbms,clickbench,postgresql-indexed-load,1,ip-172-31-19-62,olap,benchANT
2026-05-16 13:02:50+00:00,system,uptime_format, 7:17,dbms,clickbench,postgresql-indexed-load,1,ip-172-31-19-62,olap,benchANT
2026-05-16 13:03:00+00:00,system,uptime_format, 7:18,dbms,clickbench,postgresql-indexed-load,1,ip-172-31-19-62,olap,benchANT
2026-05-16 13:03:10+00:00,system,uptime_format, 7:18,dbms,clickbench,postgresql-indexed-load,1,ip-172-31-19-62,olap,benchANT
2026-05-16 13:03:20+00:00,system,uptime_format, 7:18,dbms,clickbench,postgresql-indexed-load,1,ip-172-31-19-62,olap,benchANT
2026-05-16 13:03:30+00:00,system,uptime_format, 7:18,dbms,clickbench,postgresql-indexed-load,1,ip-172-31-19-62,olap,benchANT
2026-05-16 13:03:40+00:00,system,uptime_format, 7:18,dbms,clickbench,postgresql-indexed-load,1,ip-172-31-19-62,olap,benchANT
2026-05-16 13:03:50+00:00,system,uptime_format, 7:18,dbms,clickbench,postgresql-indexed-load,1,ip-172-31-19-62,olap,benchANT
2026-05-16 13:04:00+00:00,system,uptime_format, 7:19,dbms,clickbench,postgresql-indexed-load,1,ip-172-31-19-62,olap,benchANT
2026-05-16 13:04:10+00:00,system,uptime_format, 7:19,dbms,clickbench,postgresql-indexed-load,1,ip-172-31-19-62,olap,benchANT
2026-05-16 13:04:20+00:00,system,uptime_format, 7:19,dbms,clickbench,postgresql-indexed-load,1,ip-172-31-19-62,olap,benchANT
2026-05-16 13:04:30+00:00,system,uptime_format, 7:19,dbms,clickbench,postgresql-indexed-load,1,ip-172-31-19-62,olap,benchANT
2026-05-16 13:04:40+00:00,system,uptime_format, 7:19,dbms,clickbench,postgresql-indexed-load,1,ip-172-31-19-62,olap,benchANT
2026-05-16 13:04:50+00:00,system,uptime_format, 7:19,dbms,clickbench,postgresql-indexed-load,1,ip-172-31-19-62,olap,benchANT
2026-05-16 13:05:00+00:00,system,uptime_format, 7:20,dbms,clickbench,postgresql-indexed-load,1,ip-172-31-19-62,olap,benchANT
2026-05-16 13:05:10+00:00,system,uptime_format, 7:20,dbms,clickbench,postgresql-indexed-load,1,ip-172-31-19-62,olap,benchANT
2026-05-16 13:05:20+00:00,system,uptime_format, 7:20,dbms,clickbench,postgresql-indexed-load,1,ip-172-31-19-62,olap,benchANT
2026-05-16 13:05:30+00:00,system,uptime_format, 7:20,dbms,clickbench,postgresql-indexed-load,1,ip-172-31-19-62,olap,benchANT
2026-05-16 13:05:40+00:00,system,uptime_format, 7:20,dbms,clickbench,postgresql-indexed-load,1,ip-172-31-19-62,olap,benchANT
2026-05-16 13:05:50+00:00,system,uptime_format, 7:20,dbms,clickbench,postgresql-indexed-load,1,ip-172-31-19-62,olap,benchANT
2026-05-16 13:06:00+00:00,system,uptime_format, 7:21,dbms,clickbench,postgresql-indexed-load,1,ip-172-31-19-62,olap,benchANT
2026-05-16 13:06:10+00:00,system,uptime_format, 7:21,dbms,clickbench,postgresql-indexed-load,1,ip-172-31-19-62,olap,benchANT
2026-05-16 13:06:20+00:00,system,uptime_format, 7:21,dbms,clickbench,postgresql-indexed-load,1,ip-172-31-19-62,olap,benchANT
2026-05-16 13:06:30+00:00,system,uptime_format, 7:21,dbms,clickbench,postgresql-indexed-load,1,ip-172-31-19-62,olap,benchANT
2026-05-16 13:06:40+00:00,system,uptime_format, 7:21,dbms,clickbench,postgresql-indexed-load,1,ip-172-31-19-62,olap,benchANT
2026-05-16 13:06:50+00:00,system,uptime_format, 7:21,dbms,clickbench,postgresql-indexed-load,1,ip-172-31-19-62,olap,benchANT
2026-05-16 13:07:00+00:00,system,uptime_format, 7:22,dbms,clickbench,postgresql-indexed-load,1,ip-172-31-19-62,olap,benchANT
2026-05-16 13:07:10+00:00,system,uptime_format, 7:22,dbms,clickbench,postgresql-indexed-load,1,ip-172-31-19-62,olap,benchANT
2026-05-16 13:07:20+00:00,system,uptime_format, 7:22,dbms,clickbench,postgresql-indexed-load,1,ip-172-31-19-62,olap,benchANT
2026-05-16 13:07:30+00:00,system,uptime_format, 7:22,dbms,clickbench,postgresql-indexed-load,1,ip-172-31-19-62,olap,benchANT
2026-05-16 13:07:40+00:00,system,uptime_format, 7:22,dbms,clickbench,postgresql-indexed-load,1,ip-172-31-19-62,olap,benchANT
2026-05-16 13:07:50+00:00,system,uptime_format, 7:22,dbms,clickbench,postgresql-indexed-load,1,ip-172-31-19-62,olap,benchANT
2026-05-16 13:08:00+00:00,system,uptime_format, 7:23,dbms,clickbench,postgresql-indexed-load,1,ip-172-31-19-62,olap,benchANT
2026-05-16 13:08:10+00:00,system,uptime_format, 7:23,dbms,clickbench,postgresql-indexed-load,1,ip-172-31-19-62,olap,benchANT
2026-05-16 13:08:20+00:00,system,uptime_format, 7:23,dbms,clickbench,postgresql-indexed-load,1,ip-172-31-19-62,olap,benchANT
2026-05-16 13:08:30+00:00,system,uptime_format, 7:23,dbms,clickbench,postgresql-indexed-load,1,ip-172-31-19-62,olap,benchANT
2026-05-16 13:08:40+00:00,system,uptime_format, 7:23,dbms,clickbench,postgresql-indexed-load,1,ip-172-31-19-62,olap,benchANT
2026-05-16 13:08:50+00:00,system,uptime_format, 7:23,dbms,clickbench,postgresql-indexed-load,1,ip-172-31-19-62,olap,benchANT
2026-05-16 13:09:00+00:00,system,uptime_format, 7:24,dbms,clickbench,postgresql-indexed-load,1,ip-172-31-19-62,olap,benchANT
2026-05-16 13:09:10+00:00,system,uptime_format, 7:24,dbms,clickbench,postgresql-indexed-load,1,ip-172-31-19-62,olap,benchANT
2026-05-16 13:09:20+00:00,system,uptime_format, 7:24,dbms,clickbench,postgresql-indexed-load,1,ip-172-31-19-62,olap,benchANT
2026-05-16 13:09:30+00:00,system,uptime_format, 7:24,dbms,clickbench,postgresql-indexed-load,1,ip-172-31-19-62,olap,benchANT
2026-05-16 13:09:40+00:00,system,uptime_format, 7:24,dbms,clickbench,postgresql-indexed-load,1,ip-172-31-19-62,olap,benchANT
2026-05-16 13:09:50+00:00,system,uptime_format, 7:24,dbms,clickbench,postgresql-indexed-load,1,ip-172-31-19-62,olap,benchANT
2026-05-16 13:10:00+00:00,system,uptime_format, 7:25,dbms,clickbench,postgresql-indexed-load,1,ip-172-31-19-62,olap,benchANT
2026-05-16 13:10:10+00:00,system,uptime_format, 7:25,dbms,clickbench,postgresql-indexed-load,1,ip-172-31-19-62,olap,benchANT
