time,measurement,field,value,application,batchId,configurationId,executionCounter,host,projectId,userId
2026-05-17 07:24:00+00:00,system,load1,5.24,dbms,clickbench,postgresql-plain-indexed-load,1,ip-172-31-24-15,olap,benchANT
2026-05-17 07:24:10+00:00,system,load1,5.2,dbms,clickbench,postgresql-plain-indexed-load,1,ip-172-31-24-15,olap,benchANT
2026-05-17 07:24:20+00:00,system,load1,5.32,dbms,clickbench,postgresql-plain-indexed-load,1,ip-172-31-24-15,olap,benchANT
2026-05-17 07:24:30+00:00,system,load1,5.58,dbms,clickbench,postgresql-plain-indexed-load,1,ip-172-31-24-15,olap,benchANT
2026-05-17 07:24:40+00:00,system,load1,5.72,dbms,clickbench,postgresql-plain-indexed-load,1,ip-172-31-24-15,olap,benchANT
2026-05-17 07:24:50+00:00,system,load1,5.68,dbms,clickbench,postgresql-plain-indexed-load,1,ip-172-31-24-15,olap,benchANT
2026-05-17 07:25:00+00:00,system,load1,5.66,dbms,clickbench,postgresql-plain-indexed-load,1,ip-172-31-24-15,olap,benchANT
2026-05-17 07:25:10+00:00,system,load1,5.71,dbms,clickbench,postgresql-plain-indexed-load,1,ip-172-31-24-15,olap,benchANT
2026-05-17 07:25:20+00:00,system,load1,5.68,dbms,clickbench,postgresql-plain-indexed-load,1,ip-172-31-24-15,olap,benchANT
2026-05-17 07:25:30+00:00,system,load1,5.81,dbms,clickbench,postgresql-plain-indexed-load,1,ip-172-31-24-15,olap,benchANT
2026-05-17 07:25:40+00:00,system,load1,5.99,dbms,clickbench,postgresql-plain-indexed-load,1,ip-172-31-24-15,olap,benchANT
2026-05-17 07:25:50+00:00,system,load1,6.14,dbms,clickbench,postgresql-plain-indexed-load,1,ip-172-31-24-15,olap,benchANT
2026-05-17 07:26:00+00:00,system,load1,6.2,dbms,clickbench,postgresql-plain-indexed-load,1,ip-172-31-24-15,olap,benchANT
2026-05-17 07:26:10+00:00,system,load1,6.32,dbms,clickbench,postgresql-plain-indexed-load,1,ip-172-31-24-15,olap,benchANT
2026-05-17 07:26:20+00:00,system,load1,6.5,dbms,clickbench,postgresql-plain-indexed-load,1,ip-172-31-24-15,olap,benchANT
2026-05-17 07:26:30+00:00,system,load1,6.58,dbms,clickbench,postgresql-plain-indexed-load,1,ip-172-31-24-15,olap,benchANT
2026-05-17 07:26:40+00:00,system,load1,6.8,dbms,clickbench,postgresql-plain-indexed-load,1,ip-172-31-24-15,olap,benchANT
2026-05-17 07:26:50+00:00,system,load1,6.75,dbms,clickbench,postgresql-plain-indexed-load,1,ip-172-31-24-15,olap,benchANT
2026-05-17 07:27:00+00:00,system,load1,6.79,dbms,clickbench,postgresql-plain-indexed-load,1,ip-172-31-24-15,olap,benchANT
2026-05-17 07:27:10+00:00,system,load1,6.74,dbms,clickbench,postgresql-plain-indexed-load,1,ip-172-31-24-15,olap,benchANT
2026-05-17 07:27:20+00:00,system,load1,6.63,dbms,clickbench,postgresql-plain-indexed-load,1,ip-172-31-24-15,olap,benchANT
2026-05-17 07:27:30+00:00,system,load1,6.46,dbms,clickbench,postgresql-plain-indexed-load,1,ip-172-31-24-15,olap,benchANT
2026-05-17 07:27:40+00:00,system,load1,6.39,dbms,clickbench,postgresql-plain-indexed-load,1,ip-172-31-24-15,olap,benchANT
2026-05-17 07:27:50+00:00,system,load1,6.48,dbms,clickbench,postgresql-plain-indexed-load,1,ip-172-31-24-15,olap,benchANT
2026-05-17 07:28:00+00:00,system,load1,6.49,dbms,clickbench,postgresql-plain-indexed-load,1,ip-172-31-24-15,olap,benchANT
2026-05-17 07:28:10+00:00,system,load1,6.49,dbms,clickbench,postgresql-plain-indexed-load,1,ip-172-31-24-15,olap,benchANT
2026-05-17 07:28:20+00:00,system,load1,6.57,dbms,clickbench,postgresql-plain-indexed-load,1,ip-172-31-24-15,olap,benchANT
2026-05-17 07:28:30+00:00,system,load1,6.64,dbms,clickbench,postgresql-plain-indexed-load,1,ip-172-31-24-15,olap,benchANT
2026-05-17 07:28:40+00:00,system,load1,6.77,dbms,clickbench,postgresql-plain-indexed-load,1,ip-172-31-24-15,olap,benchANT
2026-05-17 07:28:50+00:00,system,load1,6.35,dbms,clickbench,postgresql-plain-indexed-load,1,ip-172-31-24-15,olap,benchANT
2026-05-17 07:29:00+00:00,system,load1,5.99,dbms,clickbench,postgresql-plain-indexed-load,1,ip-172-31-24-15,olap,benchANT
2026-05-17 07:29:10+00:00,system,load1,5.68,dbms,clickbench,postgresql-plain-indexed-load,1,ip-172-31-24-15,olap,benchANT
2026-05-17 07:29:20+00:00,system,load1,5.42,dbms,clickbench,postgresql-plain-indexed-load,1,ip-172-31-24-15,olap,benchANT
2026-05-17 07:29:30+00:00,system,load1,5.2,dbms,clickbench,postgresql-plain-indexed-load,1,ip-172-31-24-15,olap,benchANT
2026-05-17 07:29:40+00:00,system,load1,5.02,dbms,clickbench,postgresql-plain-indexed-load,1,ip-172-31-24-15,olap,benchANT
2026-05-17 07:29:50+00:00,system,load1,4.86,dbms,clickbench,postgresql-plain-indexed-load,1,ip-172-31-24-15,olap,benchANT
2026-05-17 07:30:00+00:00,system,load1,4.73,dbms,clickbench,postgresql-plain-indexed-load,1,ip-172-31-24-15,olap,benchANT
2026-05-17 07:30:10+00:00,system,load1,4.61,dbms,clickbench,postgresql-plain-indexed-load,1,ip-172-31-24-15,olap,benchANT
2026-05-17 07:30:20+00:00,system,load1,4.52,dbms,clickbench,postgresql-plain-indexed-load,1,ip-172-31-24-15,olap,benchANT
2026-05-17 07:30:30+00:00,system,load1,4.44,dbms,clickbench,postgresql-plain-indexed-load,1,ip-172-31-24-15,olap,benchANT
2026-05-17 07:30:40+00:00,system,load1,4.37,dbms,clickbench,postgresql-plain-indexed-load,1,ip-172-31-24-15,olap,benchANT
2026-05-17 07:30:50+00:00,system,load1,4.31,dbms,clickbench,postgresql-plain-indexed-load,1,ip-172-31-24-15,olap,benchANT
2026-05-17 07:31:00+00:00,system,load1,4.27,dbms,clickbench,postgresql-plain-indexed-load,1,ip-172-31-24-15,olap,benchANT
2026-05-17 07:31:10+00:00,system,load1,4.22,dbms,clickbench,postgresql-plain-indexed-load,1,ip-172-31-24-15,olap,benchANT
2026-05-17 07:31:20+00:00,system,load1,4.19,dbms,clickbench,postgresql-plain-indexed-load,1,ip-172-31-24-15,olap,benchANT
2026-05-17 07:31:30+00:00,system,load1,4.16,dbms,clickbench,postgresql-plain-indexed-load,1,ip-172-31-24-15,olap,benchANT
2026-05-17 07:31:40+00:00,system,load1,4.13,dbms,clickbench,postgresql-plain-indexed-load,1,ip-172-31-24-15,olap,benchANT
2026-05-17 07:31:50+00:00,system,load1,4.11,dbms,clickbench,postgresql-plain-indexed-load,1,ip-172-31-24-15,olap,benchANT
2026-05-17 07:32:00+00:00,system,load1,4.1,dbms,clickbench,postgresql-plain-indexed-load,1,ip-172-31-24-15,olap,benchANT
2026-05-17 07:32:10+00:00,system,load1,4.08,dbms,clickbench,postgresql-plain-indexed-load,1,ip-172-31-24-15,olap,benchANT
2026-05-17 07:32:20+00:00,system,load1,4.07,dbms,clickbench,postgresql-plain-indexed-load,1,ip-172-31-24-15,olap,benchANT
2026-05-17 07:32:30+00:00,system,load1,4.06,dbms,clickbench,postgresql-plain-indexed-load,1,ip-172-31-24-15,olap,benchANT
2026-05-17 07:32:40+00:00,system,load1,4.05,dbms,clickbench,postgresql-plain-indexed-load,1,ip-172-31-24-15,olap,benchANT
2026-05-17 07:32:50+00:00,system,load1,3.8,dbms,clickbench,postgresql-plain-indexed-load,1,ip-172-31-24-15,olap,benchANT
2026-05-17 07:33:00+00:00,system,load1,3.53,dbms,clickbench,postgresql-plain-indexed-load,1,ip-172-31-24-15,olap,benchANT
2026-05-17 07:33:10+00:00,system,load1,3.14,dbms,clickbench,postgresql-plain-indexed-load,1,ip-172-31-24-15,olap,benchANT
2026-05-17 07:33:20+00:00,system,load1,2.81,dbms,clickbench,postgresql-plain-indexed-load,1,ip-172-31-24-15,olap,benchANT
2026-05-17 07:33:30+00:00,system,load1,2.53,dbms,clickbench,postgresql-plain-indexed-load,1,ip-172-31-24-15,olap,benchANT
2026-05-17 07:33:40+00:00,system,load1,2.3,dbms,clickbench,postgresql-plain-indexed-load,1,ip-172-31-24-15,olap,benchANT
2026-05-17 07:33:50+00:00,system,load1,2.1,dbms,clickbench,postgresql-plain-indexed-load,1,ip-172-31-24-15,olap,benchANT
2026-05-17 07:34:00+00:00,system,load1,1.93,dbms,clickbench,postgresql-plain-indexed-load,1,ip-172-31-24-15,olap,benchANT
2026-05-17 07:34:10+00:00,system,load1,1.78,dbms,clickbench,postgresql-plain-indexed-load,1,ip-172-31-24-15,olap,benchANT
2026-05-17 07:34:20+00:00,system,load1,1.66,dbms,clickbench,postgresql-plain-indexed-load,1,ip-172-31-24-15,olap,benchANT
2026-05-17 07:34:30+00:00,system,load1,1.56,dbms,clickbench,postgresql-plain-indexed-load,1,ip-172-31-24-15,olap,benchANT
2026-05-17 07:34:40+00:00,system,load1,1.47,dbms,clickbench,postgresql-plain-indexed-load,1,ip-172-31-24-15,olap,benchANT
2026-05-17 07:34:50+00:00,system,load1,1.4,dbms,clickbench,postgresql-plain-indexed-load,1,ip-172-31-24-15,olap,benchANT
2026-05-17 07:35:00+00:00,system,load1,1.66,dbms,clickbench,postgresql-plain-indexed-load,1,ip-172-31-24-15,olap,benchANT
2026-05-17 07:35:10+00:00,system,load1,2.17,dbms,clickbench,postgresql-plain-indexed-load,1,ip-172-31-24-15,olap,benchANT
2026-05-17 07:35:20+00:00,system,load1,2.61,dbms,clickbench,postgresql-plain-indexed-load,1,ip-172-31-24-15,olap,benchANT
2026-05-17 07:35:30+00:00,system,load1,2.98,dbms,clickbench,postgresql-plain-indexed-load,1,ip-172-31-24-15,olap,benchANT
2026-05-17 07:35:40+00:00,system,load1,3.29,dbms,clickbench,postgresql-plain-indexed-load,1,ip-172-31-24-15,olap,benchANT
2026-05-17 07:35:50+00:00,system,load1,3.63,dbms,clickbench,postgresql-plain-indexed-load,1,ip-172-31-24-15,olap,benchANT
2026-05-17 07:36:00+00:00,system,load1,3.84,dbms,clickbench,postgresql-plain-indexed-load,1,ip-172-31-24-15,olap,benchANT
2026-05-17 07:36:10+00:00,system,load1,4.02,dbms,clickbench,postgresql-plain-indexed-load,1,ip-172-31-24-15,olap,benchANT
2026-05-17 07:36:20+00:00,system,load1,4.25,dbms,clickbench,postgresql-plain-indexed-load,1,ip-172-31-24-15,olap,benchANT
2026-05-17 07:36:30+00:00,system,load1,4.36,dbms,clickbench,postgresql-plain-indexed-load,1,ip-172-31-24-15,olap,benchANT
2026-05-17 07:36:40+00:00,system,load1,4.46,dbms,clickbench,postgresql-plain-indexed-load,1,ip-172-31-24-15,olap,benchANT
2026-05-17 07:36:50+00:00,system,load1,4.62,dbms,clickbench,postgresql-plain-indexed-load,1,ip-172-31-24-15,olap,benchANT
2026-05-17 07:37:00+00:00,system,load1,4.68,dbms,clickbench,postgresql-plain-indexed-load,1,ip-172-31-24-15,olap,benchANT
2026-05-17 07:37:10+00:00,system,load1,4.81,dbms,clickbench,postgresql-plain-indexed-load,1,ip-172-31-24-15,olap,benchANT
2026-05-17 07:37:20+00:00,system,load1,4.84,dbms,clickbench,postgresql-plain-indexed-load,1,ip-172-31-24-15,olap,benchANT
2026-05-17 07:37:30+00:00,system,load1,4.94,dbms,clickbench,postgresql-plain-indexed-load,1,ip-172-31-24-15,olap,benchANT
2026-05-17 07:37:40+00:00,system,load1,4.95,dbms,clickbench,postgresql-plain-indexed-load,1,ip-172-31-24-15,olap,benchANT
2026-05-17 07:37:50+00:00,system,load1,4.96,dbms,clickbench,postgresql-plain-indexed-load,1,ip-172-31-24-15,olap,benchANT
2026-05-17 07:38:00+00:00,system,load1,4.97,dbms,clickbench,postgresql-plain-indexed-load,1,ip-172-31-24-15,olap,benchANT
2026-05-17 07:38:10+00:00,system,load1,5.04,dbms,clickbench,postgresql-plain-indexed-load,1,ip-172-31-24-15,olap,benchANT
2026-05-17 07:38:20+00:00,system,load1,5.04,dbms,clickbench,postgresql-plain-indexed-load,1,ip-172-31-24-15,olap,benchANT
2026-05-17 07:38:30+00:00,system,load1,5.03,dbms,clickbench,postgresql-plain-indexed-load,1,ip-172-31-24-15,olap,benchANT
2026-05-17 07:38:40+00:00,system,load1,5.03,dbms,clickbench,postgresql-plain-indexed-load,1,ip-172-31-24-15,olap,benchANT
2026-05-17 07:38:50+00:00,system,load1,5.1,dbms,clickbench,postgresql-plain-indexed-load,1,ip-172-31-24-15,olap,benchANT
2026-05-17 07:39:00+00:00,system,load1,5.08,dbms,clickbench,postgresql-plain-indexed-load,1,ip-172-31-24-15,olap,benchANT
2026-05-17 07:39:10+00:00,system,load1,5.07,dbms,clickbench,postgresql-plain-indexed-load,1,ip-172-31-24-15,olap,benchANT
2026-05-17 07:39:20+00:00,system,load1,5.14,dbms,clickbench,postgresql-plain-indexed-load,1,ip-172-31-24-15,olap,benchANT
2026-05-17 07:39:30+00:00,system,load1,5.12,dbms,clickbench,postgresql-plain-indexed-load,1,ip-172-31-24-15,olap,benchANT
2026-05-17 07:39:40+00:00,system,load1,5.17,dbms,clickbench,postgresql-plain-indexed-load,1,ip-172-31-24-15,olap,benchANT
2026-05-17 07:39:50+00:00,system,load1,5.14,dbms,clickbench,postgresql-plain-indexed-load,1,ip-172-31-24-15,olap,benchANT
2026-05-17 07:40:00+00:00,system,load1,5.2,dbms,clickbench,postgresql-plain-indexed-load,1,ip-172-31-24-15,olap,benchANT
2026-05-17 07:40:10+00:00,system,load1,5.17,dbms,clickbench,postgresql-plain-indexed-load,1,ip-172-31-24-15,olap,benchANT
2026-05-17 07:40:20+00:00,system,load1,5.22,dbms,clickbench,postgresql-plain-indexed-load,1,ip-172-31-24-15,olap,benchANT
2026-05-17 07:40:30+00:00,system,load1,5.19,dbms,clickbench,postgresql-plain-indexed-load,1,ip-172-31-24-15,olap,benchANT
2026-05-17 07:40:40+00:00,system,load1,5.24,dbms,clickbench,postgresql-plain-indexed-load,1,ip-172-31-24-15,olap,benchANT
2026-05-17 07:40:50+00:00,system,load1,5.2,dbms,clickbench,postgresql-plain-indexed-load,1,ip-172-31-24-15,olap,benchANT
2026-05-17 07:41:00+00:00,system,load1,5.25,dbms,clickbench,postgresql-plain-indexed-load,1,ip-172-31-24-15,olap,benchANT
2026-05-17 07:41:10+00:00,system,load1,5.21,dbms,clickbench,postgresql-plain-indexed-load,1,ip-172-31-24-15,olap,benchANT
2026-05-17 07:41:20+00:00,system,load1,5.26,dbms,clickbench,postgresql-plain-indexed-load,1,ip-172-31-24-15,olap,benchANT
2026-05-17 07:41:30+00:00,system,load1,5.22,dbms,clickbench,postgresql-plain-indexed-load,1,ip-172-31-24-15,olap,benchANT
2026-05-17 07:41:40+00:00,system,load1,5.18,dbms,clickbench,postgresql-plain-indexed-load,1,ip-172-31-24-15,olap,benchANT
2026-05-17 07:41:50+00:00,system,load1,5.24,dbms,clickbench,postgresql-plain-indexed-load,1,ip-172-31-24-15,olap,benchANT
2026-05-17 07:42:00+00:00,system,load1,5.27,dbms,clickbench,postgresql-plain-indexed-load,1,ip-172-31-24-15,olap,benchANT
2026-05-17 07:42:10+00:00,system,load1,5.31,dbms,clickbench,postgresql-plain-indexed-load,1,ip-172-31-24-15,olap,benchANT
2026-05-17 07:42:20+00:00,system,load1,5.26,dbms,clickbench,postgresql-plain-indexed-load,1,ip-172-31-24-15,olap,benchANT
2026-05-17 07:42:30+00:00,system,load1,5.22,dbms,clickbench,postgresql-plain-indexed-load,1,ip-172-31-24-15,olap,benchANT
2026-05-17 07:42:40+00:00,system,load1,5.27,dbms,clickbench,postgresql-plain-indexed-load,1,ip-172-31-24-15,olap,benchANT
2026-05-17 07:42:50+00:00,system,load1,5.23,dbms,clickbench,postgresql-plain-indexed-load,1,ip-172-31-24-15,olap,benchANT
2026-05-17 07:43:00+00:00,system,load1,5.27,dbms,clickbench,postgresql-plain-indexed-load,1,ip-172-31-24-15,olap,benchANT
2026-05-17 07:43:10+00:00,system,load1,5.23,dbms,clickbench,postgresql-plain-indexed-load,1,ip-172-31-24-15,olap,benchANT
2026-05-17 07:43:20+00:00,system,load1,5.27,dbms,clickbench,postgresql-plain-indexed-load,1,ip-172-31-24-15,olap,benchANT
2026-05-17 07:43:30+00:00,system,load1,5.31,dbms,clickbench,postgresql-plain-indexed-load,1,ip-172-31-24-15,olap,benchANT
2026-05-17 07:43:40+00:00,system,load1,5.26,dbms,clickbench,postgresql-plain-indexed-load,1,ip-172-31-24-15,olap,benchANT
2026-05-17 07:43:50+00:00,system,load1,5.22,dbms,clickbench,postgresql-plain-indexed-load,1,ip-172-31-24-15,olap,benchANT
2026-05-17 07:44:00+00:00,system,load1,5.26,dbms,clickbench,postgresql-plain-indexed-load,1,ip-172-31-24-15,olap,benchANT
2026-05-17 07:44:10+00:00,system,load1,5.22,dbms,clickbench,postgresql-plain-indexed-load,1,ip-172-31-24-15,olap,benchANT
2026-05-17 07:44:20+00:00,system,load1,4.94,dbms,clickbench,postgresql-plain-indexed-load,1,ip-172-31-24-15,olap,benchANT
2026-05-17 07:44:30+00:00,system,load1,4.49,dbms,clickbench,postgresql-plain-indexed-load,1,ip-172-31-24-15,olap,benchANT
2026-05-17 07:44:40+00:00,system,load1,3.95,dbms,clickbench,postgresql-plain-indexed-load,1,ip-172-31-24-15,olap,benchANT
2026-05-17 07:44:50+00:00,system,load1,3.5,dbms,clickbench,postgresql-plain-indexed-load,1,ip-172-31-24-15,olap,benchANT
2026-05-17 07:45:00+00:00,system,load1,3.11,dbms,clickbench,postgresql-plain-indexed-load,1,ip-172-31-24-15,olap,benchANT
2026-05-17 07:45:10+00:00,system,load1,2.79,dbms,clickbench,postgresql-plain-indexed-load,1,ip-172-31-24-15,olap,benchANT
2026-05-17 07:45:20+00:00,system,load1,2.51,dbms,clickbench,postgresql-plain-indexed-load,1,ip-172-31-24-15,olap,benchANT
2026-05-17 07:45:30+00:00,system,load1,2.28,dbms,clickbench,postgresql-plain-indexed-load,1,ip-172-31-24-15,olap,benchANT
2026-05-17 07:45:40+00:00,system,load1,2.08,dbms,clickbench,postgresql-plain-indexed-load,1,ip-172-31-24-15,olap,benchANT
2026-05-17 07:45:50+00:00,system,load1,1.92,dbms,clickbench,postgresql-plain-indexed-load,1,ip-172-31-24-15,olap,benchANT
2026-05-17 07:46:00+00:00,system,load1,1.77,dbms,clickbench,postgresql-plain-indexed-load,1,ip-172-31-24-15,olap,benchANT
2026-05-17 07:46:10+00:00,system,load1,1.65,dbms,clickbench,postgresql-plain-indexed-load,1,ip-172-31-24-15,olap,benchANT
2026-05-17 07:46:20+00:00,system,load1,1.55,dbms,clickbench,postgresql-plain-indexed-load,1,ip-172-31-24-15,olap,benchANT
2026-05-17 07:46:30+00:00,system,load1,1.47,dbms,clickbench,postgresql-plain-indexed-load,1,ip-172-31-24-15,olap,benchANT
2026-05-17 07:46:40+00:00,system,load1,1.4,dbms,clickbench,postgresql-plain-indexed-load,1,ip-172-31-24-15,olap,benchANT
2026-05-17 07:46:50+00:00,system,load1,1.33,dbms,clickbench,postgresql-plain-indexed-load,1,ip-172-31-24-15,olap,benchANT
2026-05-17 07:47:00+00:00,system,load1,1.28,dbms,clickbench,postgresql-plain-indexed-load,1,ip-172-31-24-15,olap,benchANT
2026-05-17 07:47:10+00:00,system,load1,1.24,dbms,clickbench,postgresql-plain-indexed-load,1,ip-172-31-24-15,olap,benchANT
2026-05-17 07:47:20+00:00,system,load1,1.2,dbms,clickbench,postgresql-plain-indexed-load,1,ip-172-31-24-15,olap,benchANT
2026-05-17 07:47:30+00:00,system,load1,1.17,dbms,clickbench,postgresql-plain-indexed-load,1,ip-172-31-24-15,olap,benchANT
2026-05-17 07:47:40+00:00,system,load1,1.14,dbms,clickbench,postgresql-plain-indexed-load,1,ip-172-31-24-15,olap,benchANT
2026-05-17 07:47:50+00:00,system,load1,1.12,dbms,clickbench,postgresql-plain-indexed-load,1,ip-172-31-24-15,olap,benchANT
2026-05-17 07:48:00+00:00,system,load1,1.1,dbms,clickbench,postgresql-plain-indexed-load,1,ip-172-31-24-15,olap,benchANT
2026-05-17 07:48:10+00:00,system,load1,1.09,dbms,clickbench,postgresql-plain-indexed-load,1,ip-172-31-24-15,olap,benchANT
2026-05-17 07:48:20+00:00,system,load1,1.07,dbms,clickbench,postgresql-plain-indexed-load,1,ip-172-31-24-15,olap,benchANT
2026-05-17 07:48:30+00:00,system,load1,1.06,dbms,clickbench,postgresql-plain-indexed-load,1,ip-172-31-24-15,olap,benchANT
2026-05-17 07:48:40+00:00,system,load1,1.05,dbms,clickbench,postgresql-plain-indexed-load,1,ip-172-31-24-15,olap,benchANT
2026-05-17 07:48:50+00:00,system,load1,1.04,dbms,clickbench,postgresql-plain-indexed-load,1,ip-172-31-24-15,olap,benchANT
2026-05-17 07:49:00+00:00,system,load1,1.04,dbms,clickbench,postgresql-plain-indexed-load,1,ip-172-31-24-15,olap,benchANT
2026-05-17 07:49:10+00:00,system,load1,1.03,dbms,clickbench,postgresql-plain-indexed-load,1,ip-172-31-24-15,olap,benchANT
2026-05-17 07:49:20+00:00,system,load1,1.02,dbms,clickbench,postgresql-plain-indexed-load,1,ip-172-31-24-15,olap,benchANT
2026-05-17 07:49:30+00:00,system,load1,1.02,dbms,clickbench,postgresql-plain-indexed-load,1,ip-172-31-24-15,olap,benchANT
2026-05-17 07:49:40+00:00,system,load1,1.02,dbms,clickbench,postgresql-plain-indexed-load,1,ip-172-31-24-15,olap,benchANT
2026-05-17 07:49:50+00:00,system,load1,1.01,dbms,clickbench,postgresql-plain-indexed-load,1,ip-172-31-24-15,olap,benchANT
2026-05-17 07:50:00+00:00,system,load1,1.01,dbms,clickbench,postgresql-plain-indexed-load,1,ip-172-31-24-15,olap,benchANT
2026-05-17 07:50:10+00:00,system,load1,1.01,dbms,clickbench,postgresql-plain-indexed-load,1,ip-172-31-24-15,olap,benchANT
2026-05-17 07:50:20+00:00,system,load1,1.01,dbms,clickbench,postgresql-plain-indexed-load,1,ip-172-31-24-15,olap,benchANT
2026-05-17 07:50:30+00:00,system,load1,1.01,dbms,clickbench,postgresql-plain-indexed-load,1,ip-172-31-24-15,olap,benchANT
2026-05-17 07:50:40+00:00,system,load1,1.0,dbms,clickbench,postgresql-plain-indexed-load,1,ip-172-31-24-15,olap,benchANT
2026-05-17 07:50:50+00:00,system,load1,1.0,dbms,clickbench,postgresql-plain-indexed-load,1,ip-172-31-24-15,olap,benchANT
2026-05-17 07:51:00+00:00,system,load1,1.0,dbms,clickbench,postgresql-plain-indexed-load,1,ip-172-31-24-15,olap,benchANT
2026-05-17 07:51:10+00:00,system,load1,1.0,dbms,clickbench,postgresql-plain-indexed-load,1,ip-172-31-24-15,olap,benchANT
2026-05-17 07:51:20+00:00,system,load1,1.0,dbms,clickbench,postgresql-plain-indexed-load,1,ip-172-31-24-15,olap,benchANT
2026-05-17 07:51:30+00:00,system,load1,1.0,dbms,clickbench,postgresql-plain-indexed-load,1,ip-172-31-24-15,olap,benchANT
2026-05-17 07:51:40+00:00,system,load1,1.0,dbms,clickbench,postgresql-plain-indexed-load,1,ip-172-31-24-15,olap,benchANT
2026-05-17 07:51:50+00:00,system,load1,1.0,dbms,clickbench,postgresql-plain-indexed-load,1,ip-172-31-24-15,olap,benchANT
2026-05-17 07:52:00+00:00,system,load1,1.0,dbms,clickbench,postgresql-plain-indexed-load,1,ip-172-31-24-15,olap,benchANT
2026-05-17 07:52:10+00:00,system,load1,1.0,dbms,clickbench,postgresql-plain-indexed-load,1,ip-172-31-24-15,olap,benchANT
2026-05-17 07:52:20+00:00,system,load1,1.0,dbms,clickbench,postgresql-plain-indexed-load,1,ip-172-31-24-15,olap,benchANT
2026-05-17 07:52:30+00:00,system,load1,1.0,dbms,clickbench,postgresql-plain-indexed-load,1,ip-172-31-24-15,olap,benchANT
2026-05-17 07:52:40+00:00,system,load1,1.0,dbms,clickbench,postgresql-plain-indexed-load,1,ip-172-31-24-15,olap,benchANT
2026-05-17 07:52:50+00:00,system,load1,1.0,dbms,clickbench,postgresql-plain-indexed-load,1,ip-172-31-24-15,olap,benchANT
2026-05-17 07:53:00+00:00,system,load1,1.0,dbms,clickbench,postgresql-plain-indexed-load,1,ip-172-31-24-15,olap,benchANT
2026-05-17 07:53:10+00:00,system,load1,1.0,dbms,clickbench,postgresql-plain-indexed-load,1,ip-172-31-24-15,olap,benchANT
2026-05-17 07:53:20+00:00,system,load1,1.0,dbms,clickbench,postgresql-plain-indexed-load,1,ip-172-31-24-15,olap,benchANT
2026-05-17 07:53:30+00:00,system,load1,1.0,dbms,clickbench,postgresql-plain-indexed-load,1,ip-172-31-24-15,olap,benchANT
2026-05-17 07:53:40+00:00,system,load1,1.0,dbms,clickbench,postgresql-plain-indexed-load,1,ip-172-31-24-15,olap,benchANT
2026-05-17 07:53:50+00:00,system,load1,1.0,dbms,clickbench,postgresql-plain-indexed-load,1,ip-172-31-24-15,olap,benchANT
2026-05-17 07:54:00+00:00,system,load1,1.0,dbms,clickbench,postgresql-plain-indexed-load,1,ip-172-31-24-15,olap,benchANT
2026-05-17 07:54:10+00:00,system,load1,1.0,dbms,clickbench,postgresql-plain-indexed-load,1,ip-172-31-24-15,olap,benchANT
2026-05-17 07:54:20+00:00,system,load1,1.0,dbms,clickbench,postgresql-plain-indexed-load,1,ip-172-31-24-15,olap,benchANT
2026-05-17 07:54:30+00:00,system,load1,1.08,dbms,clickbench,postgresql-plain-indexed-load,1,ip-172-31-24-15,olap,benchANT
2026-05-17 07:54:40+00:00,system,load1,1.07,dbms,clickbench,postgresql-plain-indexed-load,1,ip-172-31-24-15,olap,benchANT
2026-05-17 07:54:50+00:00,system,load1,1.06,dbms,clickbench,postgresql-plain-indexed-load,1,ip-172-31-24-15,olap,benchANT
2026-05-17 07:55:00+00:00,system,load1,1.05,dbms,clickbench,postgresql-plain-indexed-load,1,ip-172-31-24-15,olap,benchANT
2026-05-17 07:55:10+00:00,system,load1,1.04,dbms,clickbench,postgresql-plain-indexed-load,1,ip-172-31-24-15,olap,benchANT
2026-05-17 07:55:20+00:00,system,load1,1.11,dbms,clickbench,postgresql-plain-indexed-load,1,ip-172-31-24-15,olap,benchANT
2026-05-17 07:55:30+00:00,system,load1,1.39,dbms,clickbench,postgresql-plain-indexed-load,1,ip-172-31-24-15,olap,benchANT
2026-05-17 07:55:40+00:00,system,load1,1.41,dbms,clickbench,postgresql-plain-indexed-load,1,ip-172-31-24-15,olap,benchANT
2026-05-17 07:55:50+00:00,system,load1,1.42,dbms,clickbench,postgresql-plain-indexed-load,1,ip-172-31-24-15,olap,benchANT
2026-05-17 07:56:00+00:00,system,load1,1.73,dbms,clickbench,postgresql-plain-indexed-load,1,ip-172-31-24-15,olap,benchANT
2026-05-17 07:56:10+00:00,system,load1,1.91,dbms,clickbench,postgresql-plain-indexed-load,1,ip-172-31-24-15,olap,benchANT
2026-05-17 07:56:20+00:00,system,load1,1.85,dbms,clickbench,postgresql-plain-indexed-load,1,ip-172-31-24-15,olap,benchANT
2026-05-17 07:56:30+00:00,system,load1,2.33,dbms,clickbench,postgresql-plain-indexed-load,1,ip-172-31-24-15,olap,benchANT
2026-05-17 07:56:40+00:00,system,load1,2.74,dbms,clickbench,postgresql-plain-indexed-load,1,ip-172-31-24-15,olap,benchANT
2026-05-17 07:56:50+00:00,system,load1,3.09,dbms,clickbench,postgresql-plain-indexed-load,1,ip-172-31-24-15,olap,benchANT
2026-05-17 07:57:00+00:00,system,load1,3.38,dbms,clickbench,postgresql-plain-indexed-load,1,ip-172-31-24-15,olap,benchANT
2026-05-17 07:57:10+00:00,system,load1,3.63,dbms,clickbench,postgresql-plain-indexed-load,1,ip-172-31-24-15,olap,benchANT
2026-05-17 07:57:20+00:00,system,load1,3.84,dbms,clickbench,postgresql-plain-indexed-load,1,ip-172-31-24-15,olap,benchANT
2026-05-17 07:57:30+00:00,system,load1,4.02,dbms,clickbench,postgresql-plain-indexed-load,1,ip-172-31-24-15,olap,benchANT
2026-05-17 07:57:40+00:00,system,load1,4.17,dbms,clickbench,postgresql-plain-indexed-load,1,ip-172-31-24-15,olap,benchANT
2026-05-17 07:57:50+00:00,system,load1,4.3,dbms,clickbench,postgresql-plain-indexed-load,1,ip-172-31-24-15,olap,benchANT
2026-05-17 07:58:00+00:00,system,load1,4.41,dbms,clickbench,postgresql-plain-indexed-load,1,ip-172-31-24-15,olap,benchANT
2026-05-17 07:58:10+00:00,system,load1,4.5,dbms,clickbench,postgresql-plain-indexed-load,1,ip-172-31-24-15,olap,benchANT
2026-05-17 07:58:20+00:00,system,load1,4.58,dbms,clickbench,postgresql-plain-indexed-load,1,ip-172-31-24-15,olap,benchANT
2026-05-17 07:58:30+00:00,system,load1,4.64,dbms,clickbench,postgresql-plain-indexed-load,1,ip-172-31-24-15,olap,benchANT
2026-05-17 07:58:40+00:00,system,load1,4.7,dbms,clickbench,postgresql-plain-indexed-load,1,ip-172-31-24-15,olap,benchANT
2026-05-17 07:58:50+00:00,system,load1,4.74,dbms,clickbench,postgresql-plain-indexed-load,1,ip-172-31-24-15,olap,benchANT
2026-05-17 07:59:00+00:00,system,load1,4.86,dbms,clickbench,postgresql-plain-indexed-load,1,ip-172-31-24-15,olap,benchANT
2026-05-17 07:59:10+00:00,system,load1,4.89,dbms,clickbench,postgresql-plain-indexed-load,1,ip-172-31-24-15,olap,benchANT
2026-05-17 07:59:20+00:00,system,load1,4.9,dbms,clickbench,postgresql-plain-indexed-load,1,ip-172-31-24-15,olap,benchANT
2026-05-17 07:59:30+00:00,system,load1,4.92,dbms,clickbench,postgresql-plain-indexed-load,1,ip-172-31-24-15,olap,benchANT
2026-05-17 07:59:40+00:00,system,load1,4.93,dbms,clickbench,postgresql-plain-indexed-load,1,ip-172-31-24-15,olap,benchANT
2026-05-17 07:59:50+00:00,system,load1,5.02,dbms,clickbench,postgresql-plain-indexed-load,1,ip-172-31-24-15,olap,benchANT
2026-05-17 08:00:00+00:00,system,load1,5.09,dbms,clickbench,postgresql-plain-indexed-load,1,ip-172-31-24-15,olap,benchANT
2026-05-17 08:00:10+00:00,system,load1,5.08,dbms,clickbench,postgresql-plain-indexed-load,1,ip-172-31-24-15,olap,benchANT
2026-05-17 08:00:20+00:00,system,load1,5.07,dbms,clickbench,postgresql-plain-indexed-load,1,ip-172-31-24-15,olap,benchANT
2026-05-17 08:00:30+00:00,system,load1,5.06,dbms,clickbench,postgresql-plain-indexed-load,1,ip-172-31-24-15,olap,benchANT
2026-05-17 08:00:40+00:00,system,load1,5.13,dbms,clickbench,postgresql-plain-indexed-load,1,ip-172-31-24-15,olap,benchANT
2026-05-17 08:00:50+00:00,system,load1,5.11,dbms,clickbench,postgresql-plain-indexed-load,1,ip-172-31-24-15,olap,benchANT
2026-05-17 08:01:00+00:00,system,load1,5.09,dbms,clickbench,postgresql-plain-indexed-load,1,ip-172-31-24-15,olap,benchANT
2026-05-17 08:01:10+00:00,system,load1,5.08,dbms,clickbench,postgresql-plain-indexed-load,1,ip-172-31-24-15,olap,benchANT
2026-05-17 08:01:20+00:00,system,load1,5.14,dbms,clickbench,postgresql-plain-indexed-load,1,ip-172-31-24-15,olap,benchANT
2026-05-17 08:01:30+00:00,system,load1,5.12,dbms,clickbench,postgresql-plain-indexed-load,1,ip-172-31-24-15,olap,benchANT
2026-05-17 08:01:40+00:00,system,load1,5.1,dbms,clickbench,postgresql-plain-indexed-load,1,ip-172-31-24-15,olap,benchANT
2026-05-17 08:01:50+00:00,system,load1,5.08,dbms,clickbench,postgresql-plain-indexed-load,1,ip-172-31-24-15,olap,benchANT
2026-05-17 08:02:00+00:00,system,load1,5.07,dbms,clickbench,postgresql-plain-indexed-load,1,ip-172-31-24-15,olap,benchANT
2026-05-17 08:02:10+00:00,system,load1,5.06,dbms,clickbench,postgresql-plain-indexed-load,1,ip-172-31-24-15,olap,benchANT
2026-05-17 08:02:20+00:00,system,load1,5.05,dbms,clickbench,postgresql-plain-indexed-load,1,ip-172-31-24-15,olap,benchANT
2026-05-17 08:02:30+00:00,system,load1,5.04,dbms,clickbench,postgresql-plain-indexed-load,1,ip-172-31-24-15,olap,benchANT
2026-05-17 08:02:40+00:00,system,load1,5.03,dbms,clickbench,postgresql-plain-indexed-load,1,ip-172-31-24-15,olap,benchANT
2026-05-17 08:02:50+00:00,system,load1,5.03,dbms,clickbench,postgresql-plain-indexed-load,1,ip-172-31-24-15,olap,benchANT
2026-05-17 08:03:00+00:00,system,load1,5.1,dbms,clickbench,postgresql-plain-indexed-load,1,ip-172-31-24-15,olap,benchANT
2026-05-17 08:03:10+00:00,system,load1,5.08,dbms,clickbench,postgresql-plain-indexed-load,1,ip-172-31-24-15,olap,benchANT
2026-05-17 08:03:20+00:00,system,load1,5.07,dbms,clickbench,postgresql-plain-indexed-load,1,ip-172-31-24-15,olap,benchANT
2026-05-17 08:03:30+00:00,system,load1,5.06,dbms,clickbench,postgresql-plain-indexed-load,1,ip-172-31-24-15,olap,benchANT
2026-05-17 08:03:40+00:00,system,load1,5.05,dbms,clickbench,postgresql-plain-indexed-load,1,ip-172-31-24-15,olap,benchANT
2026-05-17 08:03:50+00:00,system,load1,5.04,dbms,clickbench,postgresql-plain-indexed-load,1,ip-172-31-24-15,olap,benchANT
2026-05-17 08:04:00+00:00,system,load1,5.11,dbms,clickbench,postgresql-plain-indexed-load,1,ip-172-31-24-15,olap,benchANT
2026-05-17 08:04:10+00:00,system,load1,5.1,dbms,clickbench,postgresql-plain-indexed-load,1,ip-172-31-24-15,olap,benchANT
2026-05-17 08:04:20+00:00,system,load1,5.08,dbms,clickbench,postgresql-plain-indexed-load,1,ip-172-31-24-15,olap,benchANT
2026-05-17 08:04:30+00:00,system,load1,5.07,dbms,clickbench,postgresql-plain-indexed-load,1,ip-172-31-24-15,olap,benchANT
2026-05-17 08:04:40+00:00,system,load1,5.21,dbms,clickbench,postgresql-plain-indexed-load,1,ip-172-31-24-15,olap,benchANT
2026-05-17 08:04:50+00:00,system,load1,5.18,dbms,clickbench,postgresql-plain-indexed-load,1,ip-172-31-24-15,olap,benchANT
2026-05-17 08:05:00+00:00,system,load1,4.54,dbms,clickbench,postgresql-plain-indexed-load,1,ip-172-31-24-15,olap,benchANT
2026-05-17 08:05:10+00:00,system,load1,3.99,dbms,clickbench,postgresql-plain-indexed-load,1,ip-172-31-24-15,olap,benchANT
2026-05-17 08:05:20+00:00,system,load1,3.53,dbms,clickbench,postgresql-plain-indexed-load,1,ip-172-31-24-15,olap,benchANT
2026-05-17 08:05:30+00:00,system,load1,3.14,dbms,clickbench,postgresql-plain-indexed-load,1,ip-172-31-24-15,olap,benchANT
2026-05-17 08:05:40+00:00,system,load1,2.81,dbms,clickbench,postgresql-plain-indexed-load,1,ip-172-31-24-15,olap,benchANT
2026-05-17 08:05:50+00:00,system,load1,3.15,dbms,clickbench,postgresql-plain-indexed-load,1,ip-172-31-24-15,olap,benchANT
2026-05-17 08:06:00+00:00,system,load1,3.43,dbms,clickbench,postgresql-plain-indexed-load,1,ip-172-31-24-15,olap,benchANT
2026-05-17 08:06:10+00:00,system,load1,3.67,dbms,clickbench,postgresql-plain-indexed-load,1,ip-172-31-24-15,olap,benchANT
2026-05-17 08:06:20+00:00,system,load1,3.88,dbms,clickbench,postgresql-plain-indexed-load,1,ip-172-31-24-15,olap,benchANT
2026-05-17 08:06:30+00:00,system,load1,4.2,dbms,clickbench,postgresql-plain-indexed-load,1,ip-172-31-24-15,olap,benchANT
2026-05-17 08:06:40+00:00,system,load1,4.33,dbms,clickbench,postgresql-plain-indexed-load,1,ip-172-31-24-15,olap,benchANT
2026-05-17 08:06:50+00:00,system,load1,4.43,dbms,clickbench,postgresql-plain-indexed-load,1,ip-172-31-24-15,olap,benchANT
2026-05-17 08:07:00+00:00,system,load1,4.52,dbms,clickbench,postgresql-plain-indexed-load,1,ip-172-31-24-15,olap,benchANT
2026-05-17 08:07:10+00:00,system,load1,4.67,dbms,clickbench,postgresql-plain-indexed-load,1,ip-172-31-24-15,olap,benchANT
2026-05-17 08:07:20+00:00,system,load1,4.88,dbms,clickbench,postgresql-plain-indexed-load,1,ip-172-31-24-15,olap,benchANT
2026-05-17 08:07:30+00:00,system,load1,4.9,dbms,clickbench,postgresql-plain-indexed-load,1,ip-172-31-24-15,olap,benchANT
2026-05-17 08:07:40+00:00,system,load1,4.91,dbms,clickbench,postgresql-plain-indexed-load,1,ip-172-31-24-15,olap,benchANT
2026-05-17 08:07:50+00:00,system,load1,4.93,dbms,clickbench,postgresql-plain-indexed-load,1,ip-172-31-24-15,olap,benchANT
2026-05-17 08:08:00+00:00,system,load1,5.09,dbms,clickbench,postgresql-plain-indexed-load,1,ip-172-31-24-15,olap,benchANT
2026-05-17 08:08:10+00:00,system,load1,5.08,dbms,clickbench,postgresql-plain-indexed-load,1,ip-172-31-24-15,olap,benchANT
2026-05-17 08:08:20+00:00,system,load1,5.07,dbms,clickbench,postgresql-plain-indexed-load,1,ip-172-31-24-15,olap,benchANT
2026-05-17 08:08:30+00:00,system,load1,5.06,dbms,clickbench,postgresql-plain-indexed-load,1,ip-172-31-24-15,olap,benchANT
2026-05-17 08:08:40+00:00,system,load1,5.19,dbms,clickbench,postgresql-plain-indexed-load,1,ip-172-31-24-15,olap,benchANT
2026-05-17 08:08:50+00:00,system,load1,5.16,dbms,clickbench,postgresql-plain-indexed-load,1,ip-172-31-24-15,olap,benchANT
2026-05-17 08:09:00+00:00,system,load1,5.14,dbms,clickbench,postgresql-plain-indexed-load,1,ip-172-31-24-15,olap,benchANT
2026-05-17 08:09:10+00:00,system,load1,5.12,dbms,clickbench,postgresql-plain-indexed-load,1,ip-172-31-24-15,olap,benchANT
2026-05-17 08:09:20+00:00,system,load1,5.1,dbms,clickbench,postgresql-plain-indexed-load,1,ip-172-31-24-15,olap,benchANT
2026-05-17 08:09:30+00:00,system,load1,5.16,dbms,clickbench,postgresql-plain-indexed-load,1,ip-172-31-24-15,olap,benchANT
2026-05-17 08:09:40+00:00,system,load1,5.13,dbms,clickbench,postgresql-plain-indexed-load,1,ip-172-31-24-15,olap,benchANT
2026-05-17 08:09:50+00:00,system,load1,5.19,dbms,clickbench,postgresql-plain-indexed-load,1,ip-172-31-24-15,olap,benchANT
2026-05-17 08:10:00+00:00,system,load1,5.16,dbms,clickbench,postgresql-plain-indexed-load,1,ip-172-31-24-15,olap,benchANT
2026-05-17 08:10:10+00:00,system,load1,5.14,dbms,clickbench,postgresql-plain-indexed-load,1,ip-172-31-24-15,olap,benchANT
2026-05-17 08:10:20+00:00,system,load1,5.19,dbms,clickbench,postgresql-plain-indexed-load,1,ip-172-31-24-15,olap,benchANT
2026-05-17 08:10:30+00:00,system,load1,5.16,dbms,clickbench,postgresql-plain-indexed-load,1,ip-172-31-24-15,olap,benchANT
2026-05-17 08:10:40+00:00,system,load1,5.22,dbms,clickbench,postgresql-plain-indexed-load,1,ip-172-31-24-15,olap,benchANT
2026-05-17 08:10:50+00:00,system,load1,5.26,dbms,clickbench,postgresql-plain-indexed-load,1,ip-172-31-24-15,olap,benchANT
2026-05-17 08:11:00+00:00,system,load1,5.22,dbms,clickbench,postgresql-plain-indexed-load,1,ip-172-31-24-15,olap,benchANT
2026-05-17 08:11:10+00:00,system,load1,5.26,dbms,clickbench,postgresql-plain-indexed-load,1,ip-172-31-24-15,olap,benchANT
2026-05-17 08:11:20+00:00,system,load1,5.22,dbms,clickbench,postgresql-plain-indexed-load,1,ip-172-31-24-15,olap,benchANT
2026-05-17 08:11:30+00:00,system,load1,5.27,dbms,clickbench,postgresql-plain-indexed-load,1,ip-172-31-24-15,olap,benchANT
2026-05-17 08:11:40+00:00,system,load1,5.31,dbms,clickbench,postgresql-plain-indexed-load,1,ip-172-31-24-15,olap,benchANT
2026-05-17 08:11:50+00:00,system,load1,5.26,dbms,clickbench,postgresql-plain-indexed-load,1,ip-172-31-24-15,olap,benchANT
2026-05-17 08:12:00+00:00,system,load1,5.22,dbms,clickbench,postgresql-plain-indexed-load,1,ip-172-31-24-15,olap,benchANT
2026-05-17 08:12:10+00:00,system,load1,5.18,dbms,clickbench,postgresql-plain-indexed-load,1,ip-172-31-24-15,olap,benchANT
2026-05-17 08:12:20+00:00,system,load1,5.31,dbms,clickbench,postgresql-plain-indexed-load,1,ip-172-31-24-15,olap,benchANT
2026-05-17 08:12:30+00:00,system,load1,5.26,dbms,clickbench,postgresql-plain-indexed-load,1,ip-172-31-24-15,olap,benchANT
2026-05-17 08:12:40+00:00,system,load1,5.3,dbms,clickbench,postgresql-plain-indexed-load,1,ip-172-31-24-15,olap,benchANT
2026-05-17 08:12:50+00:00,system,load1,5.25,dbms,clickbench,postgresql-plain-indexed-load,1,ip-172-31-24-15,olap,benchANT
2026-05-17 08:13:00+00:00,system,load1,5.21,dbms,clickbench,postgresql-plain-indexed-load,1,ip-172-31-24-15,olap,benchANT
2026-05-17 08:13:10+00:00,system,load1,5.25,dbms,clickbench,postgresql-plain-indexed-load,1,ip-172-31-24-15,olap,benchANT
2026-05-17 08:13:20+00:00,system,load1,5.29,dbms,clickbench,postgresql-plain-indexed-load,1,ip-172-31-24-15,olap,benchANT
2026-05-17 08:13:30+00:00,system,load1,5.25,dbms,clickbench,postgresql-plain-indexed-load,1,ip-172-31-24-15,olap,benchANT
2026-05-17 08:13:40+00:00,system,load1,5.28,dbms,clickbench,postgresql-plain-indexed-load,1,ip-172-31-24-15,olap,benchANT
2026-05-17 08:13:50+00:00,system,load1,5.24,dbms,clickbench,postgresql-plain-indexed-load,1,ip-172-31-24-15,olap,benchANT
2026-05-17 08:14:00+00:00,system,load1,5.2,dbms,clickbench,postgresql-plain-indexed-load,1,ip-172-31-24-15,olap,benchANT
2026-05-17 08:14:10+00:00,system,load1,5.17,dbms,clickbench,postgresql-plain-indexed-load,1,ip-172-31-24-15,olap,benchANT
2026-05-17 08:14:20+00:00,system,load1,5.22,dbms,clickbench,postgresql-plain-indexed-load,1,ip-172-31-24-15,olap,benchANT
2026-05-17 08:14:30+00:00,system,load1,4.72,dbms,clickbench,postgresql-plain-indexed-load,1,ip-172-31-24-15,olap,benchANT
2026-05-17 08:14:40+00:00,system,load1,4.39,dbms,clickbench,postgresql-plain-indexed-load,1,ip-172-31-24-15,olap,benchANT
2026-05-17 08:14:50+00:00,system,load1,3.94,dbms,clickbench,postgresql-plain-indexed-load,1,ip-172-31-24-15,olap,benchANT
2026-05-17 08:15:00+00:00,system,load1,3.81,dbms,clickbench,postgresql-plain-indexed-load,1,ip-172-31-24-15,olap,benchANT
2026-05-17 08:15:10+00:00,system,load1,3.99,dbms,clickbench,postgresql-plain-indexed-load,1,ip-172-31-24-15,olap,benchANT
2026-05-17 08:15:20+00:00,system,load1,4.15,dbms,clickbench,postgresql-plain-indexed-load,1,ip-172-31-24-15,olap,benchANT
2026-05-17 08:15:30+00:00,system,load1,4.28,dbms,clickbench,postgresql-plain-indexed-load,1,ip-172-31-24-15,olap,benchANT
2026-05-17 08:15:40+00:00,system,load1,4.39,dbms,clickbench,postgresql-plain-indexed-load,1,ip-172-31-24-15,olap,benchANT
2026-05-17 08:15:50+00:00,system,load1,4.48,dbms,clickbench,postgresql-plain-indexed-load,1,ip-172-31-24-15,olap,benchANT
2026-05-17 08:16:00+00:00,system,load1,4.56,dbms,clickbench,postgresql-plain-indexed-load,1,ip-172-31-24-15,olap,benchANT
2026-05-17 08:16:10+00:00,system,load1,4.63,dbms,clickbench,postgresql-plain-indexed-load,1,ip-172-31-24-15,olap,benchANT
2026-05-17 08:16:20+00:00,system,load1,4.69,dbms,clickbench,postgresql-plain-indexed-load,1,ip-172-31-24-15,olap,benchANT
2026-05-17 08:16:30+00:00,system,load1,4.74,dbms,clickbench,postgresql-plain-indexed-load,1,ip-172-31-24-15,olap,benchANT
2026-05-17 08:16:40+00:00,system,load1,4.78,dbms,clickbench,postgresql-plain-indexed-load,1,ip-172-31-24-15,olap,benchANT
2026-05-17 08:16:50+00:00,system,load1,4.81,dbms,clickbench,postgresql-plain-indexed-load,1,ip-172-31-24-15,olap,benchANT
2026-05-17 08:17:00+00:00,system,load1,4.84,dbms,clickbench,postgresql-plain-indexed-load,1,ip-172-31-24-15,olap,benchANT
2026-05-17 08:17:10+00:00,system,load1,4.87,dbms,clickbench,postgresql-plain-indexed-load,1,ip-172-31-24-15,olap,benchANT
2026-05-17 08:17:20+00:00,system,load1,4.89,dbms,clickbench,postgresql-plain-indexed-load,1,ip-172-31-24-15,olap,benchANT
2026-05-17 08:17:30+00:00,system,load1,4.91,dbms,clickbench,postgresql-plain-indexed-load,1,ip-172-31-24-15,olap,benchANT
2026-05-17 08:17:40+00:00,system,load1,4.99,dbms,clickbench,postgresql-plain-indexed-load,1,ip-172-31-24-15,olap,benchANT
2026-05-17 08:17:50+00:00,system,load1,5.0,dbms,clickbench,postgresql-plain-indexed-load,1,ip-172-31-24-15,olap,benchANT
2026-05-17 08:18:00+00:00,system,load1,5.0,dbms,clickbench,postgresql-plain-indexed-load,1,ip-172-31-24-15,olap,benchANT
2026-05-17 08:18:10+00:00,system,load1,5.0,dbms,clickbench,postgresql-plain-indexed-load,1,ip-172-31-24-15,olap,benchANT
2026-05-17 08:18:20+00:00,system,load1,5.0,dbms,clickbench,postgresql-plain-indexed-load,1,ip-172-31-24-15,olap,benchANT
2026-05-17 08:18:30+00:00,system,load1,5.0,dbms,clickbench,postgresql-plain-indexed-load,1,ip-172-31-24-15,olap,benchANT
2026-05-17 08:18:40+00:00,system,load1,5.07,dbms,clickbench,postgresql-plain-indexed-load,1,ip-172-31-24-15,olap,benchANT
2026-05-17 08:18:50+00:00,system,load1,5.06,dbms,clickbench,postgresql-plain-indexed-load,1,ip-172-31-24-15,olap,benchANT
2026-05-17 08:19:00+00:00,system,load1,5.05,dbms,clickbench,postgresql-plain-indexed-load,1,ip-172-31-24-15,olap,benchANT
2026-05-17 08:19:10+00:00,system,load1,5.04,dbms,clickbench,postgresql-plain-indexed-load,1,ip-172-31-24-15,olap,benchANT
2026-05-17 08:19:20+00:00,system,load1,5.04,dbms,clickbench,postgresql-plain-indexed-load,1,ip-172-31-24-15,olap,benchANT
2026-05-17 08:19:30+00:00,system,load1,5.03,dbms,clickbench,postgresql-plain-indexed-load,1,ip-172-31-24-15,olap,benchANT
2026-05-17 08:19:40+00:00,system,load1,5.02,dbms,clickbench,postgresql-plain-indexed-load,1,ip-172-31-24-15,olap,benchANT
2026-05-17 08:19:50+00:00,system,load1,5.02,dbms,clickbench,postgresql-plain-indexed-load,1,ip-172-31-24-15,olap,benchANT
2026-05-17 08:20:00+00:00,system,load1,5.02,dbms,clickbench,postgresql-plain-indexed-load,1,ip-172-31-24-15,olap,benchANT
2026-05-17 08:20:10+00:00,system,load1,5.01,dbms,clickbench,postgresql-plain-indexed-load,1,ip-172-31-24-15,olap,benchANT
2026-05-17 08:20:20+00:00,system,load1,5.01,dbms,clickbench,postgresql-plain-indexed-load,1,ip-172-31-24-15,olap,benchANT
2026-05-17 08:20:30+00:00,system,load1,5.01,dbms,clickbench,postgresql-plain-indexed-load,1,ip-172-31-24-15,olap,benchANT
2026-05-17 08:20:40+00:00,system,load1,5.01,dbms,clickbench,postgresql-plain-indexed-load,1,ip-172-31-24-15,olap,benchANT
2026-05-17 08:20:50+00:00,system,load1,5.01,dbms,clickbench,postgresql-plain-indexed-load,1,ip-172-31-24-15,olap,benchANT
2026-05-17 08:21:00+00:00,system,load1,5.0,dbms,clickbench,postgresql-plain-indexed-load,1,ip-172-31-24-15,olap,benchANT
2026-05-17 08:21:10+00:00,system,load1,5.0,dbms,clickbench,postgresql-plain-indexed-load,1,ip-172-31-24-15,olap,benchANT
2026-05-17 08:21:20+00:00,system,load1,5.0,dbms,clickbench,postgresql-plain-indexed-load,1,ip-172-31-24-15,olap,benchANT
2026-05-17 08:21:30+00:00,system,load1,5.0,dbms,clickbench,postgresql-plain-indexed-load,1,ip-172-31-24-15,olap,benchANT
2026-05-17 08:21:40+00:00,system,load1,5.0,dbms,clickbench,postgresql-plain-indexed-load,1,ip-172-31-24-15,olap,benchANT
2026-05-17 08:21:50+00:00,system,load1,5.0,dbms,clickbench,postgresql-plain-indexed-load,1,ip-172-31-24-15,olap,benchANT
2026-05-17 08:22:00+00:00,system,load1,5.0,dbms,clickbench,postgresql-plain-indexed-load,1,ip-172-31-24-15,olap,benchANT
2026-05-17 08:22:10+00:00,system,load1,5.0,dbms,clickbench,postgresql-plain-indexed-load,1,ip-172-31-24-15,olap,benchANT
2026-05-17 08:22:20+00:00,system,load1,5.0,dbms,clickbench,postgresql-plain-indexed-load,1,ip-172-31-24-15,olap,benchANT
2026-05-17 08:22:30+00:00,system,load1,5.0,dbms,clickbench,postgresql-plain-indexed-load,1,ip-172-31-24-15,olap,benchANT
2026-05-17 08:22:40+00:00,system,load1,5.0,dbms,clickbench,postgresql-plain-indexed-load,1,ip-172-31-24-15,olap,benchANT
2026-05-17 08:22:50+00:00,system,load1,5.0,dbms,clickbench,postgresql-plain-indexed-load,1,ip-172-31-24-15,olap,benchANT
2026-05-17 08:23:00+00:00,system,load1,5.0,dbms,clickbench,postgresql-plain-indexed-load,1,ip-172-31-24-15,olap,benchANT
2026-05-17 08:23:10+00:00,system,load1,5.0,dbms,clickbench,postgresql-plain-indexed-load,1,ip-172-31-24-15,olap,benchANT
2026-05-17 08:23:20+00:00,system,load1,5.0,dbms,clickbench,postgresql-plain-indexed-load,1,ip-172-31-24-15,olap,benchANT
2026-05-17 08:23:30+00:00,system,load1,5.07,dbms,clickbench,postgresql-plain-indexed-load,1,ip-172-31-24-15,olap,benchANT
2026-05-17 08:23:40+00:00,system,load1,5.06,dbms,clickbench,postgresql-plain-indexed-load,1,ip-172-31-24-15,olap,benchANT
2026-05-17 08:23:50+00:00,system,load1,5.05,dbms,clickbench,postgresql-plain-indexed-load,1,ip-172-31-24-15,olap,benchANT
2026-05-17 08:24:00+00:00,system,load1,5.04,dbms,clickbench,postgresql-plain-indexed-load,1,ip-172-31-24-15,olap,benchANT
2026-05-17 08:24:10+00:00,system,load1,5.04,dbms,clickbench,postgresql-plain-indexed-load,1,ip-172-31-24-15,olap,benchANT
2026-05-17 08:24:20+00:00,system,load1,5.03,dbms,clickbench,postgresql-plain-indexed-load,1,ip-172-31-24-15,olap,benchANT
2026-05-17 08:24:30+00:00,system,load1,5.02,dbms,clickbench,postgresql-plain-indexed-load,1,ip-172-31-24-15,olap,benchANT
2026-05-17 08:24:40+00:00,system,load1,5.02,dbms,clickbench,postgresql-plain-indexed-load,1,ip-172-31-24-15,olap,benchANT
2026-05-17 08:24:50+00:00,system,load1,5.02,dbms,clickbench,postgresql-plain-indexed-load,1,ip-172-31-24-15,olap,benchANT
2026-05-17 08:25:00+00:00,system,load1,5.01,dbms,clickbench,postgresql-plain-indexed-load,1,ip-172-31-24-15,olap,benchANT
2026-05-17 08:25:10+00:00,system,load1,5.01,dbms,clickbench,postgresql-plain-indexed-load,1,ip-172-31-24-15,olap,benchANT
2026-05-17 08:25:20+00:00,system,load1,5.01,dbms,clickbench,postgresql-plain-indexed-load,1,ip-172-31-24-15,olap,benchANT
2026-05-17 08:25:30+00:00,system,load1,5.01,dbms,clickbench,postgresql-plain-indexed-load,1,ip-172-31-24-15,olap,benchANT
2026-05-17 08:25:40+00:00,system,load1,5.01,dbms,clickbench,postgresql-plain-indexed-load,1,ip-172-31-24-15,olap,benchANT
2026-05-17 08:25:50+00:00,system,load1,5.08,dbms,clickbench,postgresql-plain-indexed-load,1,ip-172-31-24-15,olap,benchANT
2026-05-17 08:26:00+00:00,system,load1,5.07,dbms,clickbench,postgresql-plain-indexed-load,1,ip-172-31-24-15,olap,benchANT
2026-05-17 08:26:10+00:00,system,load1,5.06,dbms,clickbench,postgresql-plain-indexed-load,1,ip-172-31-24-15,olap,benchANT
2026-05-17 08:26:20+00:00,system,load1,5.05,dbms,clickbench,postgresql-plain-indexed-load,1,ip-172-31-24-15,olap,benchANT
2026-05-17 08:26:30+00:00,system,load1,5.04,dbms,clickbench,postgresql-plain-indexed-load,1,ip-172-31-24-15,olap,benchANT
2026-05-17 08:26:40+00:00,system,load1,5.04,dbms,clickbench,postgresql-plain-indexed-load,1,ip-172-31-24-15,olap,benchANT
2026-05-17 08:26:50+00:00,system,load1,5.03,dbms,clickbench,postgresql-plain-indexed-load,1,ip-172-31-24-15,olap,benchANT
2026-05-17 08:27:00+00:00,system,load1,5.02,dbms,clickbench,postgresql-plain-indexed-load,1,ip-172-31-24-15,olap,benchANT
2026-05-17 08:27:10+00:00,system,load1,5.02,dbms,clickbench,postgresql-plain-indexed-load,1,ip-172-31-24-15,olap,benchANT
2026-05-17 08:27:20+00:00,system,load1,5.02,dbms,clickbench,postgresql-plain-indexed-load,1,ip-172-31-24-15,olap,benchANT
2026-05-17 08:27:30+00:00,system,load1,5.01,dbms,clickbench,postgresql-plain-indexed-load,1,ip-172-31-24-15,olap,benchANT
2026-05-17 08:27:40+00:00,system,load1,5.01,dbms,clickbench,postgresql-plain-indexed-load,1,ip-172-31-24-15,olap,benchANT
2026-05-17 08:27:50+00:00,system,load1,5.01,dbms,clickbench,postgresql-plain-indexed-load,1,ip-172-31-24-15,olap,benchANT
2026-05-17 08:28:00+00:00,system,load1,5.01,dbms,clickbench,postgresql-plain-indexed-load,1,ip-172-31-24-15,olap,benchANT
2026-05-17 08:28:10+00:00,system,load1,5.01,dbms,clickbench,postgresql-plain-indexed-load,1,ip-172-31-24-15,olap,benchANT
2026-05-17 08:28:20+00:00,system,load1,5.0,dbms,clickbench,postgresql-plain-indexed-load,1,ip-172-31-24-15,olap,benchANT
2026-05-17 08:28:30+00:00,system,load1,5.0,dbms,clickbench,postgresql-plain-indexed-load,1,ip-172-31-24-15,olap,benchANT
2026-05-17 08:28:40+00:00,system,load1,5.0,dbms,clickbench,postgresql-plain-indexed-load,1,ip-172-31-24-15,olap,benchANT
2026-05-17 08:28:50+00:00,system,load1,5.0,dbms,clickbench,postgresql-plain-indexed-load,1,ip-172-31-24-15,olap,benchANT
2026-05-17 08:29:00+00:00,system,load1,5.0,dbms,clickbench,postgresql-plain-indexed-load,1,ip-172-31-24-15,olap,benchANT
2026-05-17 08:29:10+00:00,system,load1,5.0,dbms,clickbench,postgresql-plain-indexed-load,1,ip-172-31-24-15,olap,benchANT
2026-05-17 08:29:20+00:00,system,load1,5.0,dbms,clickbench,postgresql-plain-indexed-load,1,ip-172-31-24-15,olap,benchANT
2026-05-17 08:29:30+00:00,system,load1,5.0,dbms,clickbench,postgresql-plain-indexed-load,1,ip-172-31-24-15,olap,benchANT
2026-05-17 08:29:40+00:00,system,load1,5.0,dbms,clickbench,postgresql-plain-indexed-load,1,ip-172-31-24-15,olap,benchANT
2026-05-17 08:29:50+00:00,system,load1,5.0,dbms,clickbench,postgresql-plain-indexed-load,1,ip-172-31-24-15,olap,benchANT
2026-05-17 08:30:00+00:00,system,load1,5.0,dbms,clickbench,postgresql-plain-indexed-load,1,ip-172-31-24-15,olap,benchANT
2026-05-17 08:30:10+00:00,system,load1,5.0,dbms,clickbench,postgresql-plain-indexed-load,1,ip-172-31-24-15,olap,benchANT
2026-05-17 08:30:20+00:00,system,load1,5.0,dbms,clickbench,postgresql-plain-indexed-load,1,ip-172-31-24-15,olap,benchANT
2026-05-17 08:30:30+00:00,system,load1,5.0,dbms,clickbench,postgresql-plain-indexed-load,1,ip-172-31-24-15,olap,benchANT
2026-05-17 08:30:40+00:00,system,load1,5.0,dbms,clickbench,postgresql-plain-indexed-load,1,ip-172-31-24-15,olap,benchANT
2026-05-17 08:30:50+00:00,system,load1,5.0,dbms,clickbench,postgresql-plain-indexed-load,1,ip-172-31-24-15,olap,benchANT
2026-05-17 08:31:00+00:00,system,load1,5.0,dbms,clickbench,postgresql-plain-indexed-load,1,ip-172-31-24-15,olap,benchANT
2026-05-17 08:31:10+00:00,system,load1,5.0,dbms,clickbench,postgresql-plain-indexed-load,1,ip-172-31-24-15,olap,benchANT
2026-05-17 08:31:20+00:00,system,load1,5.0,dbms,clickbench,postgresql-plain-indexed-load,1,ip-172-31-24-15,olap,benchANT
2026-05-17 08:31:30+00:00,system,load1,5.0,dbms,clickbench,postgresql-plain-indexed-load,1,ip-172-31-24-15,olap,benchANT
2026-05-17 08:31:40+00:00,system,load1,5.07,dbms,clickbench,postgresql-plain-indexed-load,1,ip-172-31-24-15,olap,benchANT
2026-05-17 08:31:50+00:00,system,load1,5.06,dbms,clickbench,postgresql-plain-indexed-load,1,ip-172-31-24-15,olap,benchANT
2026-05-17 08:32:00+00:00,system,load1,5.05,dbms,clickbench,postgresql-plain-indexed-load,1,ip-172-31-24-15,olap,benchANT
2026-05-17 08:32:10+00:00,system,load1,5.04,dbms,clickbench,postgresql-plain-indexed-load,1,ip-172-31-24-15,olap,benchANT
2026-05-17 08:32:20+00:00,system,load1,5.04,dbms,clickbench,postgresql-plain-indexed-load,1,ip-172-31-24-15,olap,benchANT
2026-05-17 08:32:30+00:00,system,load1,5.03,dbms,clickbench,postgresql-plain-indexed-load,1,ip-172-31-24-15,olap,benchANT
2026-05-17 08:32:40+00:00,system,load1,5.02,dbms,clickbench,postgresql-plain-indexed-load,1,ip-172-31-24-15,olap,benchANT
2026-05-17 08:32:50+00:00,system,load1,5.02,dbms,clickbench,postgresql-plain-indexed-load,1,ip-172-31-24-15,olap,benchANT
2026-05-17 08:33:00+00:00,system,load1,5.02,dbms,clickbench,postgresql-plain-indexed-load,1,ip-172-31-24-15,olap,benchANT
2026-05-17 08:33:10+00:00,system,load1,5.01,dbms,clickbench,postgresql-plain-indexed-load,1,ip-172-31-24-15,olap,benchANT
2026-05-17 08:33:20+00:00,system,load1,5.01,dbms,clickbench,postgresql-plain-indexed-load,1,ip-172-31-24-15,olap,benchANT
2026-05-17 08:33:30+00:00,system,load1,5.01,dbms,clickbench,postgresql-plain-indexed-load,1,ip-172-31-24-15,olap,benchANT
2026-05-17 08:33:40+00:00,system,load1,5.01,dbms,clickbench,postgresql-plain-indexed-load,1,ip-172-31-24-15,olap,benchANT
2026-05-17 08:33:50+00:00,system,load1,5.01,dbms,clickbench,postgresql-plain-indexed-load,1,ip-172-31-24-15,olap,benchANT
2026-05-17 08:34:00+00:00,system,load1,5.0,dbms,clickbench,postgresql-plain-indexed-load,1,ip-172-31-24-15,olap,benchANT
2026-05-17 08:34:10+00:00,system,load1,5.0,dbms,clickbench,postgresql-plain-indexed-load,1,ip-172-31-24-15,olap,benchANT
2026-05-17 08:34:20+00:00,system,load1,5.0,dbms,clickbench,postgresql-plain-indexed-load,1,ip-172-31-24-15,olap,benchANT
2026-05-17 08:34:30+00:00,system,load1,5.0,dbms,clickbench,postgresql-plain-indexed-load,1,ip-172-31-24-15,olap,benchANT
2026-05-17 08:34:40+00:00,system,load1,5.0,dbms,clickbench,postgresql-plain-indexed-load,1,ip-172-31-24-15,olap,benchANT
2026-05-17 08:34:50+00:00,system,load1,5.0,dbms,clickbench,postgresql-plain-indexed-load,1,ip-172-31-24-15,olap,benchANT
2026-05-17 08:35:00+00:00,system,load1,5.0,dbms,clickbench,postgresql-plain-indexed-load,1,ip-172-31-24-15,olap,benchANT
2026-05-17 08:35:10+00:00,system,load1,5.0,dbms,clickbench,postgresql-plain-indexed-load,1,ip-172-31-24-15,olap,benchANT
2026-05-17 08:35:20+00:00,system,load1,5.0,dbms,clickbench,postgresql-plain-indexed-load,1,ip-172-31-24-15,olap,benchANT
2026-05-17 08:35:30+00:00,system,load1,5.0,dbms,clickbench,postgresql-plain-indexed-load,1,ip-172-31-24-15,olap,benchANT
2026-05-17 08:35:40+00:00,system,load1,5.0,dbms,clickbench,postgresql-plain-indexed-load,1,ip-172-31-24-15,olap,benchANT
2026-05-17 08:35:50+00:00,system,load1,5.0,dbms,clickbench,postgresql-plain-indexed-load,1,ip-172-31-24-15,olap,benchANT
2026-05-17 08:36:00+00:00,system,load1,5.0,dbms,clickbench,postgresql-plain-indexed-load,1,ip-172-31-24-15,olap,benchANT
2026-05-17 08:36:10+00:00,system,load1,5.0,dbms,clickbench,postgresql-plain-indexed-load,1,ip-172-31-24-15,olap,benchANT
2026-05-17 08:36:20+00:00,system,load1,5.0,dbms,clickbench,postgresql-plain-indexed-load,1,ip-172-31-24-15,olap,benchANT
2026-05-17 08:36:30+00:00,system,load1,5.0,dbms,clickbench,postgresql-plain-indexed-load,1,ip-172-31-24-15,olap,benchANT
2026-05-17 08:36:40+00:00,system,load1,5.0,dbms,clickbench,postgresql-plain-indexed-load,1,ip-172-31-24-15,olap,benchANT
2026-05-17 08:36:50+00:00,system,load1,5.0,dbms,clickbench,postgresql-plain-indexed-load,1,ip-172-31-24-15,olap,benchANT
2026-05-17 08:37:00+00:00,system,load1,5.0,dbms,clickbench,postgresql-plain-indexed-load,1,ip-172-31-24-15,olap,benchANT
2026-05-17 08:37:10+00:00,system,load1,5.0,dbms,clickbench,postgresql-plain-indexed-load,1,ip-172-31-24-15,olap,benchANT
2026-05-17 08:37:20+00:00,system,load1,5.0,dbms,clickbench,postgresql-plain-indexed-load,1,ip-172-31-24-15,olap,benchANT
2026-05-17 08:37:30+00:00,system,load1,5.0,dbms,clickbench,postgresql-plain-indexed-load,1,ip-172-31-24-15,olap,benchANT
2026-05-17 08:37:40+00:00,system,load1,5.0,dbms,clickbench,postgresql-plain-indexed-load,1,ip-172-31-24-15,olap,benchANT
2026-05-17 08:37:50+00:00,system,load1,5.0,dbms,clickbench,postgresql-plain-indexed-load,1,ip-172-31-24-15,olap,benchANT
2026-05-17 08:38:00+00:00,system,load1,5.0,dbms,clickbench,postgresql-plain-indexed-load,1,ip-172-31-24-15,olap,benchANT
2026-05-17 08:38:10+00:00,system,load1,5.0,dbms,clickbench,postgresql-plain-indexed-load,1,ip-172-31-24-15,olap,benchANT
2026-05-17 08:38:20+00:00,system,load1,5.0,dbms,clickbench,postgresql-plain-indexed-load,1,ip-172-31-24-15,olap,benchANT
2026-05-17 08:38:30+00:00,system,load1,5.0,dbms,clickbench,postgresql-plain-indexed-load,1,ip-172-31-24-15,olap,benchANT
2026-05-17 08:38:40+00:00,system,load1,5.0,dbms,clickbench,postgresql-plain-indexed-load,1,ip-172-31-24-15,olap,benchANT
2026-05-17 08:38:50+00:00,system,load1,5.0,dbms,clickbench,postgresql-plain-indexed-load,1,ip-172-31-24-15,olap,benchANT
2026-05-17 08:39:00+00:00,system,load1,5.0,dbms,clickbench,postgresql-plain-indexed-load,1,ip-172-31-24-15,olap,benchANT
2026-05-17 08:39:10+00:00,system,load1,5.0,dbms,clickbench,postgresql-plain-indexed-load,1,ip-172-31-24-15,olap,benchANT
2026-05-17 08:39:20+00:00,system,load1,5.0,dbms,clickbench,postgresql-plain-indexed-load,1,ip-172-31-24-15,olap,benchANT
2026-05-17 08:39:30+00:00,system,load1,5.0,dbms,clickbench,postgresql-plain-indexed-load,1,ip-172-31-24-15,olap,benchANT
2026-05-17 08:39:40+00:00,system,load1,5.0,dbms,clickbench,postgresql-plain-indexed-load,1,ip-172-31-24-15,olap,benchANT
2026-05-17 08:39:50+00:00,system,load1,5.0,dbms,clickbench,postgresql-plain-indexed-load,1,ip-172-31-24-15,olap,benchANT
2026-05-17 08:40:00+00:00,system,load1,4.68,dbms,clickbench,postgresql-plain-indexed-load,1,ip-172-31-24-15,olap,benchANT
2026-05-17 08:40:10+00:00,system,load1,4.11,dbms,clickbench,postgresql-plain-indexed-load,1,ip-172-31-24-15,olap,benchANT
2026-05-17 08:40:20+00:00,system,load1,3.63,dbms,clickbench,postgresql-plain-indexed-load,1,ip-172-31-24-15,olap,benchANT
2026-05-17 08:40:30+00:00,system,load1,3.23,dbms,clickbench,postgresql-plain-indexed-load,1,ip-172-31-24-15,olap,benchANT
2026-05-17 08:40:40+00:00,system,load1,3.21,dbms,clickbench,postgresql-plain-indexed-load,1,ip-172-31-24-15,olap,benchANT
2026-05-17 08:40:50+00:00,system,load1,3.48,dbms,clickbench,postgresql-plain-indexed-load,1,ip-172-31-24-15,olap,benchANT
2026-05-17 08:41:00+00:00,system,load1,3.72,dbms,clickbench,postgresql-plain-indexed-load,1,ip-172-31-24-15,olap,benchANT
2026-05-17 08:41:10+00:00,system,load1,3.91,dbms,clickbench,postgresql-plain-indexed-load,1,ip-172-31-24-15,olap,benchANT
2026-05-17 08:41:20+00:00,system,load1,4.08,dbms,clickbench,postgresql-plain-indexed-load,1,ip-172-31-24-15,olap,benchANT
2026-05-17 08:41:30+00:00,system,load1,4.22,dbms,clickbench,postgresql-plain-indexed-load,1,ip-172-31-24-15,olap,benchANT
2026-05-17 08:41:40+00:00,system,load1,4.34,dbms,clickbench,postgresql-plain-indexed-load,1,ip-172-31-24-15,olap,benchANT
2026-05-17 08:41:50+00:00,system,load1,4.44,dbms,clickbench,postgresql-plain-indexed-load,1,ip-172-31-24-15,olap,benchANT
2026-05-17 08:42:00+00:00,system,load1,4.53,dbms,clickbench,postgresql-plain-indexed-load,1,ip-172-31-24-15,olap,benchANT
2026-05-17 08:42:10+00:00,system,load1,4.6,dbms,clickbench,postgresql-plain-indexed-load,1,ip-172-31-24-15,olap,benchANT
2026-05-17 08:42:20+00:00,system,load1,4.66,dbms,clickbench,postgresql-plain-indexed-load,1,ip-172-31-24-15,olap,benchANT
2026-05-17 08:42:30+00:00,system,load1,4.72,dbms,clickbench,postgresql-plain-indexed-load,1,ip-172-31-24-15,olap,benchANT
2026-05-17 08:42:40+00:00,system,load1,4.83,dbms,clickbench,postgresql-plain-indexed-load,1,ip-172-31-24-15,olap,benchANT
2026-05-17 08:42:50+00:00,system,load1,4.86,dbms,clickbench,postgresql-plain-indexed-load,1,ip-172-31-24-15,olap,benchANT
2026-05-17 08:43:00+00:00,system,load1,4.88,dbms,clickbench,postgresql-plain-indexed-load,1,ip-172-31-24-15,olap,benchANT
2026-05-17 08:43:10+00:00,system,load1,4.9,dbms,clickbench,postgresql-plain-indexed-load,1,ip-172-31-24-15,olap,benchANT
2026-05-17 08:43:20+00:00,system,load1,4.92,dbms,clickbench,postgresql-plain-indexed-load,1,ip-172-31-24-15,olap,benchANT
2026-05-17 08:43:30+00:00,system,load1,4.93,dbms,clickbench,postgresql-plain-indexed-load,1,ip-172-31-24-15,olap,benchANT
2026-05-17 08:43:40+00:00,system,load1,4.94,dbms,clickbench,postgresql-plain-indexed-load,1,ip-172-31-24-15,olap,benchANT
2026-05-17 08:43:50+00:00,system,load1,4.95,dbms,clickbench,postgresql-plain-indexed-load,1,ip-172-31-24-15,olap,benchANT
2026-05-17 08:44:00+00:00,system,load1,4.96,dbms,clickbench,postgresql-plain-indexed-load,1,ip-172-31-24-15,olap,benchANT
2026-05-17 08:44:10+00:00,system,load1,4.97,dbms,clickbench,postgresql-plain-indexed-load,1,ip-172-31-24-15,olap,benchANT
2026-05-17 08:44:20+00:00,system,load1,4.97,dbms,clickbench,postgresql-plain-indexed-load,1,ip-172-31-24-15,olap,benchANT
2026-05-17 08:44:30+00:00,system,load1,4.98,dbms,clickbench,postgresql-plain-indexed-load,1,ip-172-31-24-15,olap,benchANT
2026-05-17 08:44:40+00:00,system,load1,4.98,dbms,clickbench,postgresql-plain-indexed-load,1,ip-172-31-24-15,olap,benchANT
2026-05-17 08:44:50+00:00,system,load1,4.98,dbms,clickbench,postgresql-plain-indexed-load,1,ip-172-31-24-15,olap,benchANT
2026-05-17 08:45:00+00:00,system,load1,4.99,dbms,clickbench,postgresql-plain-indexed-load,1,ip-172-31-24-15,olap,benchANT
2026-05-17 08:45:10+00:00,system,load1,4.99,dbms,clickbench,postgresql-plain-indexed-load,1,ip-172-31-24-15,olap,benchANT
2026-05-17 08:45:20+00:00,system,load1,4.99,dbms,clickbench,postgresql-plain-indexed-load,1,ip-172-31-24-15,olap,benchANT
2026-05-17 08:45:30+00:00,system,load1,4.99,dbms,clickbench,postgresql-plain-indexed-load,1,ip-172-31-24-15,olap,benchANT
2026-05-17 08:45:40+00:00,system,load1,4.99,dbms,clickbench,postgresql-plain-indexed-load,1,ip-172-31-24-15,olap,benchANT
2026-05-17 08:45:50+00:00,system,load1,5.0,dbms,clickbench,postgresql-plain-indexed-load,1,ip-172-31-24-15,olap,benchANT
2026-05-17 08:46:00+00:00,system,load1,5.0,dbms,clickbench,postgresql-plain-indexed-load,1,ip-172-31-24-15,olap,benchANT
2026-05-17 08:46:10+00:00,system,load1,5.0,dbms,clickbench,postgresql-plain-indexed-load,1,ip-172-31-24-15,olap,benchANT
2026-05-17 08:46:20+00:00,system,load1,5.07,dbms,clickbench,postgresql-plain-indexed-load,1,ip-172-31-24-15,olap,benchANT
2026-05-17 08:46:30+00:00,system,load1,5.06,dbms,clickbench,postgresql-plain-indexed-load,1,ip-172-31-24-15,olap,benchANT
2026-05-17 08:46:40+00:00,system,load1,5.05,dbms,clickbench,postgresql-plain-indexed-load,1,ip-172-31-24-15,olap,benchANT
2026-05-17 08:46:50+00:00,system,load1,5.04,dbms,clickbench,postgresql-plain-indexed-load,1,ip-172-31-24-15,olap,benchANT
2026-05-17 08:47:00+00:00,system,load1,5.04,dbms,clickbench,postgresql-plain-indexed-load,1,ip-172-31-24-15,olap,benchANT
2026-05-17 08:47:10+00:00,system,load1,5.03,dbms,clickbench,postgresql-plain-indexed-load,1,ip-172-31-24-15,olap,benchANT
2026-05-17 08:47:20+00:00,system,load1,5.02,dbms,clickbench,postgresql-plain-indexed-load,1,ip-172-31-24-15,olap,benchANT
2026-05-17 08:47:30+00:00,system,load1,5.02,dbms,clickbench,postgresql-plain-indexed-load,1,ip-172-31-24-15,olap,benchANT
2026-05-17 08:47:40+00:00,system,load1,5.02,dbms,clickbench,postgresql-plain-indexed-load,1,ip-172-31-24-15,olap,benchANT
2026-05-17 08:47:50+00:00,system,load1,5.01,dbms,clickbench,postgresql-plain-indexed-load,1,ip-172-31-24-15,olap,benchANT
2026-05-17 08:48:00+00:00,system,load1,5.01,dbms,clickbench,postgresql-plain-indexed-load,1,ip-172-31-24-15,olap,benchANT
2026-05-17 08:48:10+00:00,system,load1,5.01,dbms,clickbench,postgresql-plain-indexed-load,1,ip-172-31-24-15,olap,benchANT
2026-05-17 08:48:20+00:00,system,load1,5.01,dbms,clickbench,postgresql-plain-indexed-load,1,ip-172-31-24-15,olap,benchANT
2026-05-17 08:48:30+00:00,system,load1,5.01,dbms,clickbench,postgresql-plain-indexed-load,1,ip-172-31-24-15,olap,benchANT
2026-05-17 08:48:40+00:00,system,load1,5.0,dbms,clickbench,postgresql-plain-indexed-load,1,ip-172-31-24-15,olap,benchANT
2026-05-17 08:48:50+00:00,system,load1,5.0,dbms,clickbench,postgresql-plain-indexed-load,1,ip-172-31-24-15,olap,benchANT
2026-05-17 08:49:00+00:00,system,load1,5.0,dbms,clickbench,postgresql-plain-indexed-load,1,ip-172-31-24-15,olap,benchANT
2026-05-17 08:49:10+00:00,system,load1,5.0,dbms,clickbench,postgresql-plain-indexed-load,1,ip-172-31-24-15,olap,benchANT
2026-05-17 08:49:20+00:00,system,load1,5.0,dbms,clickbench,postgresql-plain-indexed-load,1,ip-172-31-24-15,olap,benchANT
2026-05-17 08:49:30+00:00,system,load1,5.0,dbms,clickbench,postgresql-plain-indexed-load,1,ip-172-31-24-15,olap,benchANT
2026-05-17 08:49:40+00:00,system,load1,5.0,dbms,clickbench,postgresql-plain-indexed-load,1,ip-172-31-24-15,olap,benchANT
2026-05-17 08:49:50+00:00,system,load1,5.0,dbms,clickbench,postgresql-plain-indexed-load,1,ip-172-31-24-15,olap,benchANT
2026-05-17 08:50:00+00:00,system,load1,5.0,dbms,clickbench,postgresql-plain-indexed-load,1,ip-172-31-24-15,olap,benchANT
2026-05-17 08:50:10+00:00,system,load1,5.0,dbms,clickbench,postgresql-plain-indexed-load,1,ip-172-31-24-15,olap,benchANT
2026-05-17 08:50:20+00:00,system,load1,5.0,dbms,clickbench,postgresql-plain-indexed-load,1,ip-172-31-24-15,olap,benchANT
2026-05-17 08:50:30+00:00,system,load1,5.0,dbms,clickbench,postgresql-plain-indexed-load,1,ip-172-31-24-15,olap,benchANT
2026-05-17 08:50:40+00:00,system,load1,5.0,dbms,clickbench,postgresql-plain-indexed-load,1,ip-172-31-24-15,olap,benchANT
2026-05-17 08:50:50+00:00,system,load1,5.0,dbms,clickbench,postgresql-plain-indexed-load,1,ip-172-31-24-15,olap,benchANT
2026-05-17 08:51:00+00:00,system,load1,5.0,dbms,clickbench,postgresql-plain-indexed-load,1,ip-172-31-24-15,olap,benchANT
2026-05-17 08:51:10+00:00,system,load1,5.0,dbms,clickbench,postgresql-plain-indexed-load,1,ip-172-31-24-15,olap,benchANT
2026-05-17 08:51:20+00:00,system,load1,5.08,dbms,clickbench,postgresql-plain-indexed-load,1,ip-172-31-24-15,olap,benchANT
2026-05-17 08:51:30+00:00,system,load1,5.15,dbms,clickbench,postgresql-plain-indexed-load,1,ip-172-31-24-15,olap,benchANT
2026-05-17 08:51:40+00:00,system,load1,5.12,dbms,clickbench,postgresql-plain-indexed-load,1,ip-172-31-24-15,olap,benchANT
2026-05-17 08:51:50+00:00,system,load1,5.1,dbms,clickbench,postgresql-plain-indexed-load,1,ip-172-31-24-15,olap,benchANT
2026-05-17 08:52:00+00:00,system,load1,5.09,dbms,clickbench,postgresql-plain-indexed-load,1,ip-172-31-24-15,olap,benchANT
2026-05-17 08:52:10+00:00,system,load1,5.15,dbms,clickbench,postgresql-plain-indexed-load,1,ip-172-31-24-15,olap,benchANT
2026-05-17 08:52:20+00:00,system,load1,5.2,dbms,clickbench,postgresql-plain-indexed-load,1,ip-172-31-24-15,olap,benchANT
2026-05-17 08:52:30+00:00,system,load1,5.17,dbms,clickbench,postgresql-plain-indexed-load,1,ip-172-31-24-15,olap,benchANT
2026-05-17 08:52:40+00:00,system,load1,5.22,dbms,clickbench,postgresql-plain-indexed-load,1,ip-172-31-24-15,olap,benchANT
2026-05-17 08:52:50+00:00,system,load1,5.19,dbms,clickbench,postgresql-plain-indexed-load,1,ip-172-31-24-15,olap,benchANT
2026-05-17 08:53:00+00:00,system,load1,5.16,dbms,clickbench,postgresql-plain-indexed-load,1,ip-172-31-24-15,olap,benchANT
2026-05-17 08:53:10+00:00,system,load1,5.13,dbms,clickbench,postgresql-plain-indexed-load,1,ip-172-31-24-15,olap,benchANT
2026-05-17 08:53:20+00:00,system,load1,5.19,dbms,clickbench,postgresql-plain-indexed-load,1,ip-172-31-24-15,olap,benchANT
2026-05-17 08:53:30+00:00,system,load1,5.16,dbms,clickbench,postgresql-plain-indexed-load,1,ip-172-31-24-15,olap,benchANT
2026-05-17 08:53:40+00:00,system,load1,5.21,dbms,clickbench,postgresql-plain-indexed-load,1,ip-172-31-24-15,olap,benchANT
2026-05-17 08:53:50+00:00,system,load1,5.26,dbms,clickbench,postgresql-plain-indexed-load,1,ip-172-31-24-15,olap,benchANT
2026-05-17 08:54:00+00:00,system,load1,5.22,dbms,clickbench,postgresql-plain-indexed-load,1,ip-172-31-24-15,olap,benchANT
2026-05-17 08:54:10+00:00,system,load1,5.26,dbms,clickbench,postgresql-plain-indexed-load,1,ip-172-31-24-15,olap,benchANT
2026-05-17 08:54:20+00:00,system,load1,5.22,dbms,clickbench,postgresql-plain-indexed-load,1,ip-172-31-24-15,olap,benchANT
2026-05-17 08:54:30+00:00,system,load1,5.19,dbms,clickbench,postgresql-plain-indexed-load,1,ip-172-31-24-15,olap,benchANT
2026-05-17 08:54:40+00:00,system,load1,5.24,dbms,clickbench,postgresql-plain-indexed-load,1,ip-172-31-24-15,olap,benchANT
2026-05-17 08:54:50+00:00,system,load1,5.2,dbms,clickbench,postgresql-plain-indexed-load,1,ip-172-31-24-15,olap,benchANT
2026-05-17 08:55:00+00:00,system,load1,5.17,dbms,clickbench,postgresql-plain-indexed-load,1,ip-172-31-24-15,olap,benchANT
2026-05-17 08:55:10+00:00,system,load1,5.22,dbms,clickbench,postgresql-plain-indexed-load,1,ip-172-31-24-15,olap,benchANT
2026-05-17 08:55:20+00:00,system,load1,5.18,dbms,clickbench,postgresql-plain-indexed-load,1,ip-172-31-24-15,olap,benchANT
2026-05-17 08:55:30+00:00,system,load1,5.16,dbms,clickbench,postgresql-plain-indexed-load,1,ip-172-31-24-15,olap,benchANT
2026-05-17 08:55:40+00:00,system,load1,5.21,dbms,clickbench,postgresql-plain-indexed-load,1,ip-172-31-24-15,olap,benchANT
2026-05-17 08:55:50+00:00,system,load1,5.33,dbms,clickbench,postgresql-plain-indexed-load,1,ip-172-31-24-15,olap,benchANT
2026-05-17 08:56:00+00:00,system,load1,5.36,dbms,clickbench,postgresql-plain-indexed-load,1,ip-172-31-24-15,olap,benchANT
2026-05-17 08:56:10+00:00,system,load1,5.3,dbms,clickbench,postgresql-plain-indexed-load,1,ip-172-31-24-15,olap,benchANT
2026-05-17 08:56:20+00:00,system,load1,5.33,dbms,clickbench,postgresql-plain-indexed-load,1,ip-172-31-24-15,olap,benchANT
2026-05-17 08:56:30+00:00,system,load1,5.44,dbms,clickbench,postgresql-plain-indexed-load,1,ip-172-31-24-15,olap,benchANT
2026-05-17 08:56:40+00:00,system,load1,5.44,dbms,clickbench,postgresql-plain-indexed-load,1,ip-172-31-24-15,olap,benchANT
2026-05-17 08:56:50+00:00,system,load1,5.37,dbms,clickbench,postgresql-plain-indexed-load,1,ip-172-31-24-15,olap,benchANT
2026-05-17 08:57:00+00:00,system,load1,5.32,dbms,clickbench,postgresql-plain-indexed-load,1,ip-172-31-24-15,olap,benchANT
2026-05-17 08:57:10+00:00,system,load1,5.35,dbms,clickbench,postgresql-plain-indexed-load,1,ip-172-31-24-15,olap,benchANT
2026-05-17 08:57:20+00:00,system,load1,5.29,dbms,clickbench,postgresql-plain-indexed-load,1,ip-172-31-24-15,olap,benchANT
2026-05-17 08:57:30+00:00,system,load1,5.25,dbms,clickbench,postgresql-plain-indexed-load,1,ip-172-31-24-15,olap,benchANT
2026-05-17 08:57:40+00:00,system,load1,5.21,dbms,clickbench,postgresql-plain-indexed-load,1,ip-172-31-24-15,olap,benchANT
2026-05-17 08:57:50+00:00,system,load1,4.86,dbms,clickbench,postgresql-plain-indexed-load,1,ip-172-31-24-15,olap,benchANT
2026-05-17 08:58:00+00:00,system,load1,4.34,dbms,clickbench,postgresql-plain-indexed-load,1,ip-172-31-24-15,olap,benchANT
2026-05-17 08:58:10+00:00,system,load1,3.83,dbms,clickbench,postgresql-plain-indexed-load,1,ip-172-31-24-15,olap,benchANT
2026-05-17 08:58:20+00:00,system,load1,3.39,dbms,clickbench,postgresql-plain-indexed-load,1,ip-172-31-24-15,olap,benchANT
2026-05-17 08:58:30+00:00,system,load1,3.17,dbms,clickbench,postgresql-plain-indexed-load,1,ip-172-31-24-15,olap,benchANT
2026-05-17 08:58:40+00:00,system,load1,3.16,dbms,clickbench,postgresql-plain-indexed-load,1,ip-172-31-24-15,olap,benchANT
2026-05-17 08:58:50+00:00,system,load1,2.83,dbms,clickbench,postgresql-plain-indexed-load,1,ip-172-31-24-15,olap,benchANT
2026-05-17 08:59:00+00:00,system,load1,2.55,dbms,clickbench,postgresql-plain-indexed-load,1,ip-172-31-24-15,olap,benchANT
2026-05-17 08:59:10+00:00,system,load1,2.31,dbms,clickbench,postgresql-plain-indexed-load,1,ip-172-31-24-15,olap,benchANT
2026-05-17 08:59:20+00:00,system,load1,2.11,dbms,clickbench,postgresql-plain-indexed-load,1,ip-172-31-24-15,olap,benchANT
2026-05-17 08:59:30+00:00,system,load1,1.93,dbms,clickbench,postgresql-plain-indexed-load,1,ip-172-31-24-15,olap,benchANT
2026-05-17 08:59:40+00:00,system,load1,1.79,dbms,clickbench,postgresql-plain-indexed-load,1,ip-172-31-24-15,olap,benchANT
2026-05-17 08:59:50+00:00,system,load1,1.67,dbms,clickbench,postgresql-plain-indexed-load,1,ip-172-31-24-15,olap,benchANT
2026-05-17 09:00:00+00:00,system,load1,1.57,dbms,clickbench,postgresql-plain-indexed-load,1,ip-172-31-24-15,olap,benchANT
2026-05-17 09:00:10+00:00,system,load1,1.48,dbms,clickbench,postgresql-plain-indexed-load,1,ip-172-31-24-15,olap,benchANT
2026-05-17 09:00:20+00:00,system,load1,1.4,dbms,clickbench,postgresql-plain-indexed-load,1,ip-172-31-24-15,olap,benchANT
2026-05-17 09:00:30+00:00,system,load1,1.34,dbms,clickbench,postgresql-plain-indexed-load,1,ip-172-31-24-15,olap,benchANT
2026-05-17 09:00:40+00:00,system,load1,1.29,dbms,clickbench,postgresql-plain-indexed-load,1,ip-172-31-24-15,olap,benchANT
2026-05-17 09:00:50+00:00,system,load1,1.24,dbms,clickbench,postgresql-plain-indexed-load,1,ip-172-31-24-15,olap,benchANT
2026-05-17 09:01:00+00:00,system,load1,1.21,dbms,clickbench,postgresql-plain-indexed-load,1,ip-172-31-24-15,olap,benchANT
2026-05-17 09:01:10+00:00,system,load1,1.17,dbms,clickbench,postgresql-plain-indexed-load,1,ip-172-31-24-15,olap,benchANT
2026-05-17 09:01:20+00:00,system,load1,1.15,dbms,clickbench,postgresql-plain-indexed-load,1,ip-172-31-24-15,olap,benchANT
2026-05-17 09:01:30+00:00,system,load1,1.12,dbms,clickbench,postgresql-plain-indexed-load,1,ip-172-31-24-15,olap,benchANT
2026-05-17 09:01:40+00:00,system,load1,1.1,dbms,clickbench,postgresql-plain-indexed-load,1,ip-172-31-24-15,olap,benchANT
2026-05-17 09:01:50+00:00,system,load1,1.17,dbms,clickbench,postgresql-plain-indexed-load,1,ip-172-31-24-15,olap,benchANT
2026-05-17 09:02:00+00:00,system,load1,1.14,dbms,clickbench,postgresql-plain-indexed-load,1,ip-172-31-24-15,olap,benchANT
2026-05-17 09:02:10+00:00,system,load1,1.12,dbms,clickbench,postgresql-plain-indexed-load,1,ip-172-31-24-15,olap,benchANT
2026-05-17 09:02:20+00:00,system,load1,1.17,dbms,clickbench,postgresql-plain-indexed-load,1,ip-172-31-24-15,olap,benchANT
2026-05-17 09:02:30+00:00,system,load1,1.15,dbms,clickbench,postgresql-plain-indexed-load,1,ip-172-31-24-15,olap,benchANT
2026-05-17 09:02:40+00:00,system,load1,1.12,dbms,clickbench,postgresql-plain-indexed-load,1,ip-172-31-24-15,olap,benchANT
2026-05-17 09:02:50+00:00,system,load1,1.1,dbms,clickbench,postgresql-plain-indexed-load,1,ip-172-31-24-15,olap,benchANT
2026-05-17 09:03:00+00:00,system,load1,1.09,dbms,clickbench,postgresql-plain-indexed-load,1,ip-172-31-24-15,olap,benchANT
2026-05-17 09:03:10+00:00,system,load1,1.07,dbms,clickbench,postgresql-plain-indexed-load,1,ip-172-31-24-15,olap,benchANT
2026-05-17 09:03:20+00:00,system,load1,1.06,dbms,clickbench,postgresql-plain-indexed-load,1,ip-172-31-24-15,olap,benchANT
2026-05-17 09:03:30+00:00,system,load1,1.05,dbms,clickbench,postgresql-plain-indexed-load,1,ip-172-31-24-15,olap,benchANT
2026-05-17 09:03:40+00:00,system,load1,1.04,dbms,clickbench,postgresql-plain-indexed-load,1,ip-172-31-24-15,olap,benchANT
2026-05-17 09:03:50+00:00,system,load1,1.04,dbms,clickbench,postgresql-plain-indexed-load,1,ip-172-31-24-15,olap,benchANT
2026-05-17 09:04:00+00:00,system,load1,1.03,dbms,clickbench,postgresql-plain-indexed-load,1,ip-172-31-24-15,olap,benchANT
2026-05-17 09:04:10+00:00,system,load1,1.02,dbms,clickbench,postgresql-plain-indexed-load,1,ip-172-31-24-15,olap,benchANT
2026-05-17 09:04:20+00:00,system,load1,1.02,dbms,clickbench,postgresql-plain-indexed-load,1,ip-172-31-24-15,olap,benchANT
2026-05-17 09:04:30+00:00,system,load1,1.09,dbms,clickbench,postgresql-plain-indexed-load,1,ip-172-31-24-15,olap,benchANT
2026-05-17 09:04:40+00:00,system,load1,1.15,dbms,clickbench,postgresql-plain-indexed-load,1,ip-172-31-24-15,olap,benchANT
2026-05-17 09:04:50+00:00,system,load1,1.13,dbms,clickbench,postgresql-plain-indexed-load,1,ip-172-31-24-15,olap,benchANT
2026-05-17 09:05:00+00:00,system,load1,1.11,dbms,clickbench,postgresql-plain-indexed-load,1,ip-172-31-24-15,olap,benchANT
2026-05-17 09:05:10+00:00,system,load1,1.09,dbms,clickbench,postgresql-plain-indexed-load,1,ip-172-31-24-15,olap,benchANT
2026-05-17 09:05:20+00:00,system,load1,1.08,dbms,clickbench,postgresql-plain-indexed-load,1,ip-172-31-24-15,olap,benchANT
2026-05-17 09:05:30+00:00,system,load1,1.06,dbms,clickbench,postgresql-plain-indexed-load,1,ip-172-31-24-15,olap,benchANT
2026-05-17 09:05:40+00:00,system,load1,1.05,dbms,clickbench,postgresql-plain-indexed-load,1,ip-172-31-24-15,olap,benchANT
2026-05-17 09:05:50+00:00,system,load1,1.04,dbms,clickbench,postgresql-plain-indexed-load,1,ip-172-31-24-15,olap,benchANT
2026-05-17 09:06:00+00:00,system,load1,1.04,dbms,clickbench,postgresql-plain-indexed-load,1,ip-172-31-24-15,olap,benchANT
2026-05-17 09:06:10+00:00,system,load1,1.03,dbms,clickbench,postgresql-plain-indexed-load,1,ip-172-31-24-15,olap,benchANT
2026-05-17 09:06:20+00:00,system,load1,1.03,dbms,clickbench,postgresql-plain-indexed-load,1,ip-172-31-24-15,olap,benchANT
2026-05-17 09:06:30+00:00,system,load1,1.02,dbms,clickbench,postgresql-plain-indexed-load,1,ip-172-31-24-15,olap,benchANT
2026-05-17 09:06:40+00:00,system,load1,1.02,dbms,clickbench,postgresql-plain-indexed-load,1,ip-172-31-24-15,olap,benchANT
2026-05-17 09:06:50+00:00,system,load1,1.01,dbms,clickbench,postgresql-plain-indexed-load,1,ip-172-31-24-15,olap,benchANT
2026-05-17 09:07:00+00:00,system,load1,1.01,dbms,clickbench,postgresql-plain-indexed-load,1,ip-172-31-24-15,olap,benchANT
2026-05-17 09:07:10+00:00,system,load1,1.01,dbms,clickbench,postgresql-plain-indexed-load,1,ip-172-31-24-15,olap,benchANT
2026-05-17 09:07:20+00:00,system,load1,1.01,dbms,clickbench,postgresql-plain-indexed-load,1,ip-172-31-24-15,olap,benchANT
2026-05-17 09:07:30+00:00,system,load1,1.01,dbms,clickbench,postgresql-plain-indexed-load,1,ip-172-31-24-15,olap,benchANT
2026-05-17 09:07:40+00:00,system,load1,1.0,dbms,clickbench,postgresql-plain-indexed-load,1,ip-172-31-24-15,olap,benchANT
2026-05-17 09:07:50+00:00,system,load1,1.0,dbms,clickbench,postgresql-plain-indexed-load,1,ip-172-31-24-15,olap,benchANT
2026-05-17 09:08:00+00:00,system,load1,1.0,dbms,clickbench,postgresql-plain-indexed-load,1,ip-172-31-24-15,olap,benchANT
2026-05-17 09:08:10+00:00,system,load1,1.08,dbms,clickbench,postgresql-plain-indexed-load,1,ip-172-31-24-15,olap,benchANT
2026-05-17 09:08:20+00:00,system,load1,1.06,dbms,clickbench,postgresql-plain-indexed-load,1,ip-172-31-24-15,olap,benchANT
2026-05-17 09:08:30+00:00,system,load1,1.05,dbms,clickbench,postgresql-plain-indexed-load,1,ip-172-31-24-15,olap,benchANT
2026-05-17 09:08:40+00:00,system,load1,1.04,dbms,clickbench,postgresql-plain-indexed-load,1,ip-172-31-24-15,olap,benchANT
2026-05-17 09:08:50+00:00,system,load1,1.04,dbms,clickbench,postgresql-plain-indexed-load,1,ip-172-31-24-15,olap,benchANT
2026-05-17 09:09:00+00:00,system,load1,1.03,dbms,clickbench,postgresql-plain-indexed-load,1,ip-172-31-24-15,olap,benchANT
2026-05-17 09:09:10+00:00,system,load1,1.03,dbms,clickbench,postgresql-plain-indexed-load,1,ip-172-31-24-15,olap,benchANT
2026-05-17 09:09:20+00:00,system,load1,1.02,dbms,clickbench,postgresql-plain-indexed-load,1,ip-172-31-24-15,olap,benchANT
2026-05-17 09:09:30+00:00,system,load1,1.02,dbms,clickbench,postgresql-plain-indexed-load,1,ip-172-31-24-15,olap,benchANT
2026-05-17 09:09:40+00:00,system,load1,1.01,dbms,clickbench,postgresql-plain-indexed-load,1,ip-172-31-24-15,olap,benchANT
2026-05-17 09:09:50+00:00,system,load1,1.09,dbms,clickbench,postgresql-plain-indexed-load,1,ip-172-31-24-15,olap,benchANT
2026-05-17 09:10:00+00:00,system,load1,1.07,dbms,clickbench,postgresql-plain-indexed-load,1,ip-172-31-24-15,olap,benchANT
2026-05-17 09:10:10+00:00,system,load1,1.06,dbms,clickbench,postgresql-plain-indexed-load,1,ip-172-31-24-15,olap,benchANT
2026-05-17 09:10:20+00:00,system,load1,1.05,dbms,clickbench,postgresql-plain-indexed-load,1,ip-172-31-24-15,olap,benchANT
2026-05-17 09:10:30+00:00,system,load1,1.04,dbms,clickbench,postgresql-plain-indexed-load,1,ip-172-31-24-15,olap,benchANT
2026-05-17 09:10:40+00:00,system,load1,1.04,dbms,clickbench,postgresql-plain-indexed-load,1,ip-172-31-24-15,olap,benchANT
2026-05-17 09:10:50+00:00,system,load1,1.03,dbms,clickbench,postgresql-plain-indexed-load,1,ip-172-31-24-15,olap,benchANT
2026-05-17 09:11:00+00:00,system,load1,1.02,dbms,clickbench,postgresql-plain-indexed-load,1,ip-172-31-24-15,olap,benchANT
2026-05-17 09:11:10+00:00,system,load1,1.02,dbms,clickbench,postgresql-plain-indexed-load,1,ip-172-31-24-15,olap,benchANT
2026-05-17 09:11:20+00:00,system,load1,1.02,dbms,clickbench,postgresql-plain-indexed-load,1,ip-172-31-24-15,olap,benchANT
2026-05-17 09:11:30+00:00,system,load1,1.01,dbms,clickbench,postgresql-plain-indexed-load,1,ip-172-31-24-15,olap,benchANT
2026-05-17 09:11:40+00:00,system,load1,1.01,dbms,clickbench,postgresql-plain-indexed-load,1,ip-172-31-24-15,olap,benchANT
2026-05-17 09:11:50+00:00,system,load1,1.01,dbms,clickbench,postgresql-plain-indexed-load,1,ip-172-31-24-15,olap,benchANT
2026-05-17 09:12:00+00:00,system,load1,1.01,dbms,clickbench,postgresql-plain-indexed-load,1,ip-172-31-24-15,olap,benchANT
2026-05-17 09:12:10+00:00,system,load1,1.01,dbms,clickbench,postgresql-plain-indexed-load,1,ip-172-31-24-15,olap,benchANT
2026-05-17 09:12:20+00:00,system,load1,1.0,dbms,clickbench,postgresql-plain-indexed-load,1,ip-172-31-24-15,olap,benchANT
2026-05-17 09:12:30+00:00,system,load1,1.0,dbms,clickbench,postgresql-plain-indexed-load,1,ip-172-31-24-15,olap,benchANT
2026-05-17 09:12:40+00:00,system,load1,1.0,dbms,clickbench,postgresql-plain-indexed-load,1,ip-172-31-24-15,olap,benchANT
2026-05-17 09:12:50+00:00,system,load1,1.0,dbms,clickbench,postgresql-plain-indexed-load,1,ip-172-31-24-15,olap,benchANT
2026-05-17 09:13:00+00:00,system,load1,1.0,dbms,clickbench,postgresql-plain-indexed-load,1,ip-172-31-24-15,olap,benchANT
2026-05-17 09:13:10+00:00,system,load1,1.0,dbms,clickbench,postgresql-plain-indexed-load,1,ip-172-31-24-15,olap,benchANT
2026-05-17 09:13:20+00:00,system,load1,1.0,dbms,clickbench,postgresql-plain-indexed-load,1,ip-172-31-24-15,olap,benchANT
2026-05-17 09:13:30+00:00,system,load1,1.0,dbms,clickbench,postgresql-plain-indexed-load,1,ip-172-31-24-15,olap,benchANT
2026-05-17 09:13:40+00:00,system,load1,1.0,dbms,clickbench,postgresql-plain-indexed-load,1,ip-172-31-24-15,olap,benchANT
2026-05-17 09:13:50+00:00,system,load1,1.0,dbms,clickbench,postgresql-plain-indexed-load,1,ip-172-31-24-15,olap,benchANT
2026-05-17 09:14:00+00:00,system,load1,1.0,dbms,clickbench,postgresql-plain-indexed-load,1,ip-172-31-24-15,olap,benchANT
2026-05-17 09:14:10+00:00,system,load1,1.0,dbms,clickbench,postgresql-plain-indexed-load,1,ip-172-31-24-15,olap,benchANT
2026-05-17 09:14:20+00:00,system,load1,1.0,dbms,clickbench,postgresql-plain-indexed-load,1,ip-172-31-24-15,olap,benchANT
2026-05-17 09:14:30+00:00,system,load1,1.0,dbms,clickbench,postgresql-plain-indexed-load,1,ip-172-31-24-15,olap,benchANT
2026-05-17 09:14:40+00:00,system,load1,1.0,dbms,clickbench,postgresql-plain-indexed-load,1,ip-172-31-24-15,olap,benchANT
2026-05-17 09:14:50+00:00,system,load1,1.0,dbms,clickbench,postgresql-plain-indexed-load,1,ip-172-31-24-15,olap,benchANT
2026-05-17 09:15:00+00:00,system,load1,1.0,dbms,clickbench,postgresql-plain-indexed-load,1,ip-172-31-24-15,olap,benchANT
2026-05-17 09:15:10+00:00,system,load1,1.0,dbms,clickbench,postgresql-plain-indexed-load,1,ip-172-31-24-15,olap,benchANT
2026-05-17 09:15:20+00:00,system,load1,1.0,dbms,clickbench,postgresql-plain-indexed-load,1,ip-172-31-24-15,olap,benchANT
2026-05-17 09:15:30+00:00,system,load1,1.0,dbms,clickbench,postgresql-plain-indexed-load,1,ip-172-31-24-15,olap,benchANT
2026-05-17 09:15:40+00:00,system,load1,1.0,dbms,clickbench,postgresql-plain-indexed-load,1,ip-172-31-24-15,olap,benchANT
2026-05-17 09:15:50+00:00,system,load1,1.0,dbms,clickbench,postgresql-plain-indexed-load,1,ip-172-31-24-15,olap,benchANT
2026-05-17 09:16:00+00:00,system,load1,1.0,dbms,clickbench,postgresql-plain-indexed-load,1,ip-172-31-24-15,olap,benchANT
2026-05-17 09:16:10+00:00,system,load1,1.16,dbms,clickbench,postgresql-plain-indexed-load,1,ip-172-31-24-15,olap,benchANT
2026-05-17 09:16:20+00:00,system,load1,1.13,dbms,clickbench,postgresql-plain-indexed-load,1,ip-172-31-24-15,olap,benchANT
2026-05-17 09:16:30+00:00,system,load1,1.11,dbms,clickbench,postgresql-plain-indexed-load,1,ip-172-31-24-15,olap,benchANT
2026-05-17 09:16:40+00:00,system,load1,1.1,dbms,clickbench,postgresql-plain-indexed-load,1,ip-172-31-24-15,olap,benchANT
2026-05-17 09:16:50+00:00,system,load1,1.08,dbms,clickbench,postgresql-plain-indexed-load,1,ip-172-31-24-15,olap,benchANT
2026-05-17 09:17:00+00:00,system,load1,1.07,dbms,clickbench,postgresql-plain-indexed-load,1,ip-172-31-24-15,olap,benchANT
2026-05-17 09:17:10+00:00,system,load1,1.14,dbms,clickbench,postgresql-plain-indexed-load,1,ip-172-31-24-15,olap,benchANT
2026-05-17 09:17:20+00:00,system,load1,1.12,dbms,clickbench,postgresql-plain-indexed-load,1,ip-172-31-24-15,olap,benchANT
2026-05-17 09:17:30+00:00,system,load1,1.1,dbms,clickbench,postgresql-plain-indexed-load,1,ip-172-31-24-15,olap,benchANT
2026-05-17 09:17:40+00:00,system,load1,1.08,dbms,clickbench,postgresql-plain-indexed-load,1,ip-172-31-24-15,olap,benchANT
2026-05-17 09:17:50+00:00,system,load1,1.22,dbms,clickbench,postgresql-plain-indexed-load,1,ip-172-31-24-15,olap,benchANT
2026-05-17 09:18:00+00:00,system,load1,1.19,dbms,clickbench,postgresql-plain-indexed-load,1,ip-172-31-24-15,olap,benchANT
2026-05-17 09:18:10+00:00,system,load1,1.16,dbms,clickbench,postgresql-plain-indexed-load,1,ip-172-31-24-15,olap,benchANT
2026-05-17 09:18:20+00:00,system,load1,1.13,dbms,clickbench,postgresql-plain-indexed-load,1,ip-172-31-24-15,olap,benchANT
2026-05-17 09:18:30+00:00,system,load1,1.19,dbms,clickbench,postgresql-plain-indexed-load,1,ip-172-31-24-15,olap,benchANT
2026-05-17 09:18:40+00:00,system,load1,1.16,dbms,clickbench,postgresql-plain-indexed-load,1,ip-172-31-24-15,olap,benchANT
2026-05-17 09:18:50+00:00,system,load1,1.21,dbms,clickbench,postgresql-plain-indexed-load,1,ip-172-31-24-15,olap,benchANT
2026-05-17 09:19:00+00:00,system,load1,1.17,dbms,clickbench,postgresql-plain-indexed-load,1,ip-172-31-24-15,olap,benchANT
2026-05-17 09:19:10+00:00,system,load1,1.23,dbms,clickbench,postgresql-plain-indexed-load,1,ip-172-31-24-15,olap,benchANT
2026-05-17 09:19:20+00:00,system,load1,1.19,dbms,clickbench,postgresql-plain-indexed-load,1,ip-172-31-24-15,olap,benchANT
2026-05-17 09:19:30+00:00,system,load1,1.16,dbms,clickbench,postgresql-plain-indexed-load,1,ip-172-31-24-15,olap,benchANT
2026-05-17 09:19:40+00:00,system,load1,1.14,dbms,clickbench,postgresql-plain-indexed-load,1,ip-172-31-24-15,olap,benchANT
2026-05-17 09:19:50+00:00,system,load1,1.26,dbms,clickbench,postgresql-plain-indexed-load,1,ip-172-31-24-15,olap,benchANT
2026-05-17 09:20:00+00:00,system,load1,1.3,dbms,clickbench,postgresql-plain-indexed-load,1,ip-172-31-24-15,olap,benchANT
2026-05-17 09:20:10+00:00,system,load1,1.26,dbms,clickbench,postgresql-plain-indexed-load,1,ip-172-31-24-15,olap,benchANT
2026-05-17 09:20:20+00:00,system,load1,1.3,dbms,clickbench,postgresql-plain-indexed-load,1,ip-172-31-24-15,olap,benchANT
2026-05-17 09:20:30+00:00,system,load1,1.25,dbms,clickbench,postgresql-plain-indexed-load,1,ip-172-31-24-15,olap,benchANT
2026-05-17 09:20:40+00:00,system,load1,1.29,dbms,clickbench,postgresql-plain-indexed-load,1,ip-172-31-24-15,olap,benchANT
2026-05-17 09:20:50+00:00,system,load1,1.24,dbms,clickbench,postgresql-plain-indexed-load,1,ip-172-31-24-15,olap,benchANT
2026-05-17 09:21:00+00:00,system,load1,1.2,dbms,clickbench,postgresql-plain-indexed-load,1,ip-172-31-24-15,olap,benchANT
2026-05-17 09:21:10+00:00,system,load1,1.25,dbms,clickbench,postgresql-plain-indexed-load,1,ip-172-31-24-15,olap,benchANT
2026-05-17 09:21:20+00:00,system,load1,1.21,dbms,clickbench,postgresql-plain-indexed-load,1,ip-172-31-24-15,olap,benchANT
2026-05-17 09:21:30+00:00,system,load1,1.18,dbms,clickbench,postgresql-plain-indexed-load,1,ip-172-31-24-15,olap,benchANT
2026-05-17 09:21:40+00:00,system,load1,1.15,dbms,clickbench,postgresql-plain-indexed-load,1,ip-172-31-24-15,olap,benchANT
2026-05-17 09:21:50+00:00,system,load1,1.13,dbms,clickbench,postgresql-plain-indexed-load,1,ip-172-31-24-15,olap,benchANT
2026-05-17 09:22:00+00:00,system,load1,1.11,dbms,clickbench,postgresql-plain-indexed-load,1,ip-172-31-24-15,olap,benchANT
2026-05-17 09:22:10+00:00,system,load1,1.09,dbms,clickbench,postgresql-plain-indexed-load,1,ip-172-31-24-15,olap,benchANT
2026-05-17 09:22:20+00:00,system,load1,1.23,dbms,clickbench,postgresql-plain-indexed-load,1,ip-172-31-24-15,olap,benchANT
2026-05-17 09:22:30+00:00,system,load1,1.2,dbms,clickbench,postgresql-plain-indexed-load,1,ip-172-31-24-15,olap,benchANT
2026-05-17 09:22:40+00:00,system,load1,1.16,dbms,clickbench,postgresql-plain-indexed-load,1,ip-172-31-24-15,olap,benchANT
2026-05-17 09:22:50+00:00,system,load1,1.14,dbms,clickbench,postgresql-plain-indexed-load,1,ip-172-31-24-15,olap,benchANT
2026-05-17 09:23:00+00:00,system,load1,1.12,dbms,clickbench,postgresql-plain-indexed-load,1,ip-172-31-24-15,olap,benchANT
2026-05-17 09:23:10+00:00,system,load1,1.1,dbms,clickbench,postgresql-plain-indexed-load,1,ip-172-31-24-15,olap,benchANT
2026-05-17 09:23:20+00:00,system,load1,1.08,dbms,clickbench,postgresql-plain-indexed-load,1,ip-172-31-24-15,olap,benchANT
2026-05-17 09:23:30+00:00,system,load1,1.14,dbms,clickbench,postgresql-plain-indexed-load,1,ip-172-31-24-15,olap,benchANT
2026-05-17 09:23:40+00:00,system,load1,1.12,dbms,clickbench,postgresql-plain-indexed-load,1,ip-172-31-24-15,olap,benchANT
2026-05-17 09:23:50+00:00,system,load1,1.18,dbms,clickbench,postgresql-plain-indexed-load,1,ip-172-31-24-15,olap,benchANT
2026-05-17 09:24:00+00:00,system,load1,1.31,dbms,clickbench,postgresql-plain-indexed-load,1,ip-172-31-24-15,olap,benchANT
2026-05-17 09:24:10+00:00,system,load1,1.26,dbms,clickbench,postgresql-plain-indexed-load,1,ip-172-31-24-15,olap,benchANT
2026-05-17 09:24:20+00:00,system,load1,1.22,dbms,clickbench,postgresql-plain-indexed-load,1,ip-172-31-24-15,olap,benchANT
2026-05-17 09:24:30+00:00,system,load1,1.19,dbms,clickbench,postgresql-plain-indexed-load,1,ip-172-31-24-15,olap,benchANT
2026-05-17 09:24:40+00:00,system,load1,1.31,dbms,clickbench,postgresql-plain-indexed-load,1,ip-172-31-24-15,olap,benchANT
2026-05-17 09:24:50+00:00,system,load1,1.26,dbms,clickbench,postgresql-plain-indexed-load,1,ip-172-31-24-15,olap,benchANT
2026-05-17 09:25:00+00:00,system,load1,1.22,dbms,clickbench,postgresql-plain-indexed-load,1,ip-172-31-24-15,olap,benchANT
2026-05-17 09:25:10+00:00,system,load1,1.19,dbms,clickbench,postgresql-plain-indexed-load,1,ip-172-31-24-15,olap,benchANT
2026-05-17 09:25:20+00:00,system,load1,1.23,dbms,clickbench,postgresql-plain-indexed-load,1,ip-172-31-24-15,olap,benchANT
2026-05-17 09:25:30+00:00,system,load1,1.2,dbms,clickbench,postgresql-plain-indexed-load,1,ip-172-31-24-15,olap,benchANT
2026-05-17 09:25:40+00:00,system,load1,1.17,dbms,clickbench,postgresql-plain-indexed-load,1,ip-172-31-24-15,olap,benchANT
2026-05-17 09:25:50+00:00,system,load1,1.14,dbms,clickbench,postgresql-plain-indexed-load,1,ip-172-31-24-15,olap,benchANT
2026-05-17 09:26:00+00:00,system,load1,1.19,dbms,clickbench,postgresql-plain-indexed-load,1,ip-172-31-24-15,olap,benchANT
2026-05-17 09:26:10+00:00,system,load1,1.16,dbms,clickbench,postgresql-plain-indexed-load,1,ip-172-31-24-15,olap,benchANT
2026-05-17 09:26:20+00:00,system,load1,1.14,dbms,clickbench,postgresql-plain-indexed-load,1,ip-172-31-24-15,olap,benchANT
2026-05-17 09:26:30+00:00,system,load1,1.2,dbms,clickbench,postgresql-plain-indexed-load,1,ip-172-31-24-15,olap,benchANT
2026-05-17 09:26:40+00:00,system,load1,1.16,dbms,clickbench,postgresql-plain-indexed-load,1,ip-172-31-24-15,olap,benchANT
2026-05-17 09:26:50+00:00,system,load1,1.14,dbms,clickbench,postgresql-plain-indexed-load,1,ip-172-31-24-15,olap,benchANT
2026-05-17 09:27:00+00:00,system,load1,1.12,dbms,clickbench,postgresql-plain-indexed-load,1,ip-172-31-24-15,olap,benchANT
2026-05-17 09:27:10+00:00,system,load1,1.1,dbms,clickbench,postgresql-plain-indexed-load,1,ip-172-31-24-15,olap,benchANT
2026-05-17 09:27:20+00:00,system,load1,1.08,dbms,clickbench,postgresql-plain-indexed-load,1,ip-172-31-24-15,olap,benchANT
2026-05-17 09:27:30+00:00,system,load1,1.07,dbms,clickbench,postgresql-plain-indexed-load,1,ip-172-31-24-15,olap,benchANT
2026-05-17 09:27:40+00:00,system,load1,1.06,dbms,clickbench,postgresql-plain-indexed-load,1,ip-172-31-24-15,olap,benchANT
2026-05-17 09:27:50+00:00,system,load1,1.67,dbms,clickbench,postgresql-plain-indexed-load,1,ip-172-31-24-15,olap,benchANT
2026-05-17 09:28:00+00:00,system,load1,2.18,dbms,clickbench,postgresql-plain-indexed-load,1,ip-172-31-24-15,olap,benchANT
2026-05-17 09:28:10+00:00,system,load1,2.61,dbms,clickbench,postgresql-plain-indexed-load,1,ip-172-31-24-15,olap,benchANT
2026-05-17 09:28:20+00:00,system,load1,2.98,dbms,clickbench,postgresql-plain-indexed-load,1,ip-172-31-24-15,olap,benchANT
2026-05-17 09:28:30+00:00,system,load1,3.29,dbms,clickbench,postgresql-plain-indexed-load,1,ip-172-31-24-15,olap,benchANT
2026-05-17 09:28:40+00:00,system,load1,3.71,dbms,clickbench,postgresql-plain-indexed-load,1,ip-172-31-24-15,olap,benchANT
2026-05-17 09:28:50+00:00,system,load1,4.06,dbms,clickbench,postgresql-plain-indexed-load,1,ip-172-31-24-15,olap,benchANT
2026-05-17 09:29:00+00:00,system,load1,4.36,dbms,clickbench,postgresql-plain-indexed-load,1,ip-172-31-24-15,olap,benchANT
2026-05-17 09:29:10+00:00,system,load1,4.61,dbms,clickbench,postgresql-plain-indexed-load,1,ip-172-31-24-15,olap,benchANT
2026-05-17 09:29:20+00:00,system,load1,4.83,dbms,clickbench,postgresql-plain-indexed-load,1,ip-172-31-24-15,olap,benchANT
2026-05-17 09:29:30+00:00,system,load1,4.93,dbms,clickbench,postgresql-plain-indexed-load,1,ip-172-31-24-15,olap,benchANT
2026-05-17 09:29:40+00:00,system,load1,5.1,dbms,clickbench,postgresql-plain-indexed-load,1,ip-172-31-24-15,olap,benchANT
2026-05-17 09:29:50+00:00,system,load1,5.24,dbms,clickbench,postgresql-plain-indexed-load,1,ip-172-31-24-15,olap,benchANT
2026-05-17 09:30:00+00:00,system,load1,5.35,dbms,clickbench,postgresql-plain-indexed-load,1,ip-172-31-24-15,olap,benchANT
2026-05-17 09:30:10+00:00,system,load1,5.38,dbms,clickbench,postgresql-plain-indexed-load,1,ip-172-31-24-15,olap,benchANT
2026-05-17 09:30:20+00:00,system,load1,5.48,dbms,clickbench,postgresql-plain-indexed-load,1,ip-172-31-24-15,olap,benchANT
2026-05-17 09:30:30+00:00,system,load1,5.56,dbms,clickbench,postgresql-plain-indexed-load,1,ip-172-31-24-15,olap,benchANT
2026-05-17 09:30:40+00:00,system,load1,5.54,dbms,clickbench,postgresql-plain-indexed-load,1,ip-172-31-24-15,olap,benchANT
2026-05-17 09:30:50+00:00,system,load1,5.62,dbms,clickbench,postgresql-plain-indexed-load,1,ip-172-31-24-15,olap,benchANT
2026-05-17 09:31:00+00:00,system,load1,5.52,dbms,clickbench,postgresql-plain-indexed-load,1,ip-172-31-24-15,olap,benchANT
2026-05-17 09:31:10+00:00,system,load1,5.44,dbms,clickbench,postgresql-plain-indexed-load,1,ip-172-31-24-15,olap,benchANT
2026-05-17 09:31:20+00:00,system,load1,5.37,dbms,clickbench,postgresql-plain-indexed-load,1,ip-172-31-24-15,olap,benchANT
2026-05-17 09:31:30+00:00,system,load1,5.47,dbms,clickbench,postgresql-plain-indexed-load,1,ip-172-31-24-15,olap,benchANT
2026-05-17 09:31:40+00:00,system,load1,5.55,dbms,clickbench,postgresql-plain-indexed-load,1,ip-172-31-24-15,olap,benchANT
2026-05-17 09:31:50+00:00,system,load1,5.54,dbms,clickbench,postgresql-plain-indexed-load,1,ip-172-31-24-15,olap,benchANT
2026-05-17 09:32:00+00:00,system,load1,5.61,dbms,clickbench,postgresql-plain-indexed-load,1,ip-172-31-24-15,olap,benchANT
2026-05-17 09:32:10+00:00,system,load1,5.52,dbms,clickbench,postgresql-plain-indexed-load,1,ip-172-31-24-15,olap,benchANT
2026-05-17 09:32:20+00:00,system,load1,5.44,dbms,clickbench,postgresql-plain-indexed-load,1,ip-172-31-24-15,olap,benchANT
2026-05-17 09:32:30+00:00,system,load1,5.45,dbms,clickbench,postgresql-plain-indexed-load,1,ip-172-31-24-15,olap,benchANT
2026-05-17 09:32:40+00:00,system,load1,5.45,dbms,clickbench,postgresql-plain-indexed-load,1,ip-172-31-24-15,olap,benchANT
2026-05-17 09:32:50+00:00,system,load1,5.46,dbms,clickbench,postgresql-plain-indexed-load,1,ip-172-31-24-15,olap,benchANT
2026-05-17 09:33:00+00:00,system,load1,5.55,dbms,clickbench,postgresql-plain-indexed-load,1,ip-172-31-24-15,olap,benchANT
2026-05-17 09:33:10+00:00,system,load1,5.62,dbms,clickbench,postgresql-plain-indexed-load,1,ip-172-31-24-15,olap,benchANT
2026-05-17 09:33:20+00:00,system,load1,5.68,dbms,clickbench,postgresql-plain-indexed-load,1,ip-172-31-24-15,olap,benchANT
2026-05-17 09:33:30+00:00,system,load1,5.65,dbms,clickbench,postgresql-plain-indexed-load,1,ip-172-31-24-15,olap,benchANT
2026-05-17 09:33:40+00:00,system,load1,5.71,dbms,clickbench,postgresql-plain-indexed-load,1,ip-172-31-24-15,olap,benchANT
2026-05-17 09:33:50+00:00,system,load1,5.75,dbms,clickbench,postgresql-plain-indexed-load,1,ip-172-31-24-15,olap,benchANT
2026-05-17 09:34:00+00:00,system,load1,5.79,dbms,clickbench,postgresql-plain-indexed-load,1,ip-172-31-24-15,olap,benchANT
2026-05-17 09:34:10+00:00,system,load1,5.75,dbms,clickbench,postgresql-plain-indexed-load,1,ip-172-31-24-15,olap,benchANT
2026-05-17 09:34:20+00:00,system,load1,5.79,dbms,clickbench,postgresql-plain-indexed-load,1,ip-172-31-24-15,olap,benchANT
2026-05-17 09:34:30+00:00,system,load1,5.74,dbms,clickbench,postgresql-plain-indexed-load,1,ip-172-31-24-15,olap,benchANT
2026-05-17 09:34:40+00:00,system,load1,5.78,dbms,clickbench,postgresql-plain-indexed-load,1,ip-172-31-24-15,olap,benchANT
2026-05-17 09:34:50+00:00,system,load1,5.81,dbms,clickbench,postgresql-plain-indexed-load,1,ip-172-31-24-15,olap,benchANT
2026-05-17 09:35:00+00:00,system,load1,5.77,dbms,clickbench,postgresql-plain-indexed-load,1,ip-172-31-24-15,olap,benchANT
2026-05-17 09:35:10+00:00,system,load1,5.81,dbms,clickbench,postgresql-plain-indexed-load,1,ip-172-31-24-15,olap,benchANT
2026-05-17 09:35:20+00:00,system,load1,5.76,dbms,clickbench,postgresql-plain-indexed-load,1,ip-172-31-24-15,olap,benchANT
2026-05-17 09:35:30+00:00,system,load1,5.79,dbms,clickbench,postgresql-plain-indexed-load,1,ip-172-31-24-15,olap,benchANT
2026-05-17 09:35:40+00:00,system,load1,5.83,dbms,clickbench,postgresql-plain-indexed-load,1,ip-172-31-24-15,olap,benchANT
2026-05-17 09:35:50+00:00,system,load1,5.85,dbms,clickbench,postgresql-plain-indexed-load,1,ip-172-31-24-15,olap,benchANT
2026-05-17 09:36:00+00:00,system,load1,5.8,dbms,clickbench,postgresql-plain-indexed-load,1,ip-172-31-24-15,olap,benchANT
2026-05-17 09:36:10+00:00,system,load1,5.91,dbms,clickbench,postgresql-plain-indexed-load,1,ip-172-31-24-15,olap,benchANT
2026-05-17 09:36:20+00:00,system,load1,5.93,dbms,clickbench,postgresql-plain-indexed-load,1,ip-172-31-24-15,olap,benchANT
2026-05-17 09:36:30+00:00,system,load1,5.94,dbms,clickbench,postgresql-plain-indexed-load,1,ip-172-31-24-15,olap,benchANT
2026-05-17 09:36:40+00:00,system,load1,5.95,dbms,clickbench,postgresql-plain-indexed-load,1,ip-172-31-24-15,olap,benchANT
2026-05-17 09:36:50+00:00,system,load1,5.96,dbms,clickbench,postgresql-plain-indexed-load,1,ip-172-31-24-15,olap,benchANT
2026-05-17 09:37:00+00:00,system,load1,5.88,dbms,clickbench,postgresql-plain-indexed-load,1,ip-172-31-24-15,olap,benchANT
2026-05-17 09:37:10+00:00,system,load1,5.82,dbms,clickbench,postgresql-plain-indexed-load,1,ip-172-31-24-15,olap,benchANT
2026-05-17 09:37:20+00:00,system,load1,5.7,dbms,clickbench,postgresql-plain-indexed-load,1,ip-172-31-24-15,olap,benchANT
2026-05-17 09:37:30+00:00,system,load1,5.67,dbms,clickbench,postgresql-plain-indexed-load,1,ip-172-31-24-15,olap,benchANT
2026-05-17 09:37:40+00:00,system,load1,5.73,dbms,clickbench,postgresql-plain-indexed-load,1,ip-172-31-24-15,olap,benchANT
2026-05-17 09:37:50+00:00,system,load1,5.61,dbms,clickbench,postgresql-plain-indexed-load,1,ip-172-31-24-15,olap,benchANT
2026-05-17 09:38:00+00:00,system,load1,5.67,dbms,clickbench,postgresql-plain-indexed-load,1,ip-172-31-24-15,olap,benchANT
2026-05-17 09:38:10+00:00,system,load1,5.72,dbms,clickbench,postgresql-plain-indexed-load,1,ip-172-31-24-15,olap,benchANT
2026-05-17 09:38:20+00:00,system,load1,5.77,dbms,clickbench,postgresql-plain-indexed-load,1,ip-172-31-24-15,olap,benchANT
2026-05-17 09:38:30+00:00,system,load1,5.8,dbms,clickbench,postgresql-plain-indexed-load,1,ip-172-31-24-15,olap,benchANT
2026-05-17 09:38:40+00:00,system,load1,5.83,dbms,clickbench,postgresql-plain-indexed-load,1,ip-172-31-24-15,olap,benchANT
2026-05-17 09:38:50+00:00,system,load1,5.86,dbms,clickbench,postgresql-plain-indexed-load,1,ip-172-31-24-15,olap,benchANT
2026-05-17 09:39:00+00:00,system,load1,5.88,dbms,clickbench,postgresql-plain-indexed-load,1,ip-172-31-24-15,olap,benchANT
2026-05-17 09:39:10+00:00,system,load1,5.9,dbms,clickbench,postgresql-plain-indexed-load,1,ip-172-31-24-15,olap,benchANT
2026-05-17 09:39:20+00:00,system,load1,5.92,dbms,clickbench,postgresql-plain-indexed-load,1,ip-172-31-24-15,olap,benchANT
2026-05-17 09:39:30+00:00,system,load1,5.77,dbms,clickbench,postgresql-plain-indexed-load,1,ip-172-31-24-15,olap,benchANT
2026-05-17 09:39:40+00:00,system,load1,5.19,dbms,clickbench,postgresql-plain-indexed-load,1,ip-172-31-24-15,olap,benchANT
2026-05-17 09:39:50+00:00,system,load1,4.85,dbms,clickbench,postgresql-plain-indexed-load,1,ip-172-31-24-15,olap,benchANT
2026-05-17 09:40:00+00:00,system,load1,4.56,dbms,clickbench,postgresql-plain-indexed-load,1,ip-172-31-24-15,olap,benchANT
2026-05-17 09:40:10+00:00,system,load1,4.32,dbms,clickbench,postgresql-plain-indexed-load,1,ip-172-31-24-15,olap,benchANT
2026-05-17 09:40:20+00:00,system,load1,4.27,dbms,clickbench,postgresql-plain-indexed-load,1,ip-172-31-24-15,olap,benchANT
2026-05-17 09:40:30+00:00,system,load1,4.16,dbms,clickbench,postgresql-plain-indexed-load,1,ip-172-31-24-15,olap,benchANT
2026-05-17 09:40:40+00:00,system,load1,3.9,dbms,clickbench,postgresql-plain-indexed-load,1,ip-172-31-24-15,olap,benchANT
2026-05-17 09:40:50+00:00,system,load1,3.69,dbms,clickbench,postgresql-plain-indexed-load,1,ip-172-31-24-15,olap,benchANT
2026-05-17 09:41:00+00:00,system,load1,3.75,dbms,clickbench,postgresql-plain-indexed-load,1,ip-172-31-24-15,olap,benchANT
2026-05-17 09:41:10+00:00,system,load1,3.94,dbms,clickbench,postgresql-plain-indexed-load,1,ip-172-31-24-15,olap,benchANT
2026-05-17 09:41:20+00:00,system,load1,4.18,dbms,clickbench,postgresql-plain-indexed-load,1,ip-172-31-24-15,olap,benchANT
2026-05-17 09:41:30+00:00,system,load1,4.39,dbms,clickbench,postgresql-plain-indexed-load,1,ip-172-31-24-15,olap,benchANT
2026-05-17 09:41:40+00:00,system,load1,4.64,dbms,clickbench,postgresql-plain-indexed-load,1,ip-172-31-24-15,olap,benchANT
2026-05-17 09:41:50+00:00,system,load1,4.77,dbms,clickbench,postgresql-plain-indexed-load,1,ip-172-31-24-15,olap,benchANT
2026-05-17 09:42:00+00:00,system,load1,4.96,dbms,clickbench,postgresql-plain-indexed-load,1,ip-172-31-24-15,olap,benchANT
2026-05-17 09:42:10+00:00,system,load1,5.12,dbms,clickbench,postgresql-plain-indexed-load,1,ip-172-31-24-15,olap,benchANT
2026-05-17 09:42:20+00:00,system,load1,5.17,dbms,clickbench,postgresql-plain-indexed-load,1,ip-172-31-24-15,olap,benchANT
2026-05-17 09:42:30+00:00,system,load1,5.23,dbms,clickbench,postgresql-plain-indexed-load,1,ip-172-31-24-15,olap,benchANT
2026-05-17 09:42:40+00:00,system,load1,5.35,dbms,clickbench,postgresql-plain-indexed-load,1,ip-172-31-24-15,olap,benchANT
2026-05-17 09:42:50+00:00,system,load1,5.45,dbms,clickbench,postgresql-plain-indexed-load,1,ip-172-31-24-15,olap,benchANT
2026-05-17 09:43:00+00:00,system,load1,5.61,dbms,clickbench,postgresql-plain-indexed-load,1,ip-172-31-24-15,olap,benchANT
2026-05-17 09:43:10+00:00,system,load1,5.67,dbms,clickbench,postgresql-plain-indexed-load,1,ip-172-31-24-15,olap,benchANT
2026-05-17 09:43:20+00:00,system,load1,5.64,dbms,clickbench,postgresql-plain-indexed-load,1,ip-172-31-24-15,olap,benchANT
2026-05-17 09:43:30+00:00,system,load1,5.69,dbms,clickbench,postgresql-plain-indexed-load,1,ip-172-31-24-15,olap,benchANT
2026-05-17 09:43:40+00:00,system,load1,5.74,dbms,clickbench,postgresql-plain-indexed-load,1,ip-172-31-24-15,olap,benchANT
2026-05-17 09:43:50+00:00,system,load1,5.7,dbms,clickbench,postgresql-plain-indexed-load,1,ip-172-31-24-15,olap,benchANT
2026-05-17 09:44:00+00:00,system,load1,5.75,dbms,clickbench,postgresql-plain-indexed-load,1,ip-172-31-24-15,olap,benchANT
2026-05-17 09:44:10+00:00,system,load1,5.71,dbms,clickbench,postgresql-plain-indexed-load,1,ip-172-31-24-15,olap,benchANT
2026-05-17 09:44:20+00:00,system,load1,5.6,dbms,clickbench,postgresql-plain-indexed-load,1,ip-172-31-24-15,olap,benchANT
2026-05-17 09:44:30+00:00,system,load1,5.5,dbms,clickbench,postgresql-plain-indexed-load,1,ip-172-31-24-15,olap,benchANT
2026-05-17 09:44:40+00:00,system,load1,5.51,dbms,clickbench,postgresql-plain-indexed-load,1,ip-172-31-24-15,olap,benchANT
2026-05-17 09:44:50+00:00,system,load1,5.58,dbms,clickbench,postgresql-plain-indexed-load,1,ip-172-31-24-15,olap,benchANT
2026-05-17 09:45:00+00:00,system,load1,5.57,dbms,clickbench,postgresql-plain-indexed-load,1,ip-172-31-24-15,olap,benchANT
2026-05-17 09:45:10+00:00,system,load1,5.63,dbms,clickbench,postgresql-plain-indexed-load,1,ip-172-31-24-15,olap,benchANT
2026-05-17 09:45:20+00:00,system,load1,5.61,dbms,clickbench,postgresql-plain-indexed-load,1,ip-172-31-24-15,olap,benchANT
2026-05-17 09:45:30+00:00,system,load1,5.52,dbms,clickbench,postgresql-plain-indexed-load,1,ip-172-31-24-15,olap,benchANT
2026-05-17 09:45:40+00:00,system,load1,5.44,dbms,clickbench,postgresql-plain-indexed-load,1,ip-172-31-24-15,olap,benchANT
2026-05-17 09:45:50+00:00,system,load1,5.52,dbms,clickbench,postgresql-plain-indexed-load,1,ip-172-31-24-15,olap,benchANT
2026-05-17 09:46:00+00:00,system,load1,5.6,dbms,clickbench,postgresql-plain-indexed-load,1,ip-172-31-24-15,olap,benchANT
2026-05-17 09:46:10+00:00,system,load1,5.66,dbms,clickbench,postgresql-plain-indexed-load,1,ip-172-31-24-15,olap,benchANT
2026-05-17 09:46:20+00:00,system,load1,5.63,dbms,clickbench,postgresql-plain-indexed-load,1,ip-172-31-24-15,olap,benchANT
2026-05-17 09:46:30+00:00,system,load1,5.69,dbms,clickbench,postgresql-plain-indexed-load,1,ip-172-31-24-15,olap,benchANT
2026-05-17 09:46:40+00:00,system,load1,5.74,dbms,clickbench,postgresql-plain-indexed-load,1,ip-172-31-24-15,olap,benchANT
2026-05-17 09:46:50+00:00,system,load1,5.78,dbms,clickbench,postgresql-plain-indexed-load,1,ip-172-31-24-15,olap,benchANT
2026-05-17 09:47:00+00:00,system,load1,5.73,dbms,clickbench,postgresql-plain-indexed-load,1,ip-172-31-24-15,olap,benchANT
2026-05-17 09:47:10+00:00,system,load1,5.77,dbms,clickbench,postgresql-plain-indexed-load,1,ip-172-31-24-15,olap,benchANT
2026-05-17 09:47:20+00:00,system,load1,5.81,dbms,clickbench,postgresql-plain-indexed-load,1,ip-172-31-24-15,olap,benchANT
2026-05-17 09:47:30+00:00,system,load1,5.76,dbms,clickbench,postgresql-plain-indexed-load,1,ip-172-31-24-15,olap,benchANT
2026-05-17 09:47:40+00:00,system,load1,5.8,dbms,clickbench,postgresql-plain-indexed-load,1,ip-172-31-24-15,olap,benchANT
2026-05-17 09:47:50+00:00,system,load1,5.83,dbms,clickbench,postgresql-plain-indexed-load,1,ip-172-31-24-15,olap,benchANT
2026-05-17 09:48:00+00:00,system,load1,5.77,dbms,clickbench,postgresql-plain-indexed-load,1,ip-172-31-24-15,olap,benchANT
2026-05-17 09:48:10+00:00,system,load1,5.81,dbms,clickbench,postgresql-plain-indexed-load,1,ip-172-31-24-15,olap,benchANT
2026-05-17 09:48:20+00:00,system,load1,5.84,dbms,clickbench,postgresql-plain-indexed-load,1,ip-172-31-24-15,olap,benchANT
2026-05-17 09:48:30+00:00,system,load1,5.71,dbms,clickbench,postgresql-plain-indexed-load,1,ip-172-31-24-15,olap,benchANT
2026-05-17 09:48:40+00:00,system,load1,5.75,dbms,clickbench,postgresql-plain-indexed-load,1,ip-172-31-24-15,olap,benchANT
2026-05-17 09:48:50+00:00,system,load1,5.79,dbms,clickbench,postgresql-plain-indexed-load,1,ip-172-31-24-15,olap,benchANT
2026-05-17 09:49:00+00:00,system,load1,5.74,dbms,clickbench,postgresql-plain-indexed-load,1,ip-172-31-24-15,olap,benchANT
2026-05-17 09:49:10+00:00,system,load1,5.78,dbms,clickbench,postgresql-plain-indexed-load,1,ip-172-31-24-15,olap,benchANT
2026-05-17 09:49:20+00:00,system,load1,5.82,dbms,clickbench,postgresql-plain-indexed-load,1,ip-172-31-24-15,olap,benchANT
2026-05-17 09:49:30+00:00,system,load1,5.85,dbms,clickbench,postgresql-plain-indexed-load,1,ip-172-31-24-15,olap,benchANT
2026-05-17 09:49:40+00:00,system,load1,5.8,dbms,clickbench,postgresql-plain-indexed-load,1,ip-172-31-24-15,olap,benchANT
2026-05-17 09:49:50+00:00,system,load1,5.83,dbms,clickbench,postgresql-plain-indexed-load,1,ip-172-31-24-15,olap,benchANT
2026-05-17 09:50:00+00:00,system,load1,5.93,dbms,clickbench,postgresql-plain-indexed-load,1,ip-172-31-24-15,olap,benchANT
2026-05-17 09:50:10+00:00,system,load1,5.86,dbms,clickbench,postgresql-plain-indexed-load,1,ip-172-31-24-15,olap,benchANT
2026-05-17 09:50:20+00:00,system,load1,5.88,dbms,clickbench,postgresql-plain-indexed-load,1,ip-172-31-24-15,olap,benchANT
2026-05-17 09:50:30+00:00,system,load1,5.75,dbms,clickbench,postgresql-plain-indexed-load,1,ip-172-31-24-15,olap,benchANT
2026-05-17 09:50:40+00:00,system,load1,5.63,dbms,clickbench,postgresql-plain-indexed-load,1,ip-172-31-24-15,olap,benchANT
2026-05-17 09:50:50+00:00,system,load1,5.61,dbms,clickbench,postgresql-plain-indexed-load,1,ip-172-31-24-15,olap,benchANT
2026-05-17 09:51:00+00:00,system,load1,5.59,dbms,clickbench,postgresql-plain-indexed-load,1,ip-172-31-24-15,olap,benchANT
2026-05-17 09:51:10+00:00,system,load1,5.58,dbms,clickbench,postgresql-plain-indexed-load,1,ip-172-31-24-15,olap,benchANT
2026-05-17 09:51:20+00:00,system,load1,5.65,dbms,clickbench,postgresql-plain-indexed-load,1,ip-172-31-24-15,olap,benchANT
2026-05-17 09:51:30+00:00,system,load1,5.7,dbms,clickbench,postgresql-plain-indexed-load,1,ip-172-31-24-15,olap,benchANT
2026-05-17 09:51:40+00:00,system,load1,5.75,dbms,clickbench,postgresql-plain-indexed-load,1,ip-172-31-24-15,olap,benchANT
2026-05-17 09:51:50+00:00,system,load1,5.79,dbms,clickbench,postgresql-plain-indexed-load,1,ip-172-31-24-15,olap,benchANT
2026-05-17 09:52:00+00:00,system,load1,5.82,dbms,clickbench,postgresql-plain-indexed-load,1,ip-172-31-24-15,olap,benchANT
2026-05-17 09:52:10+00:00,system,load1,5.85,dbms,clickbench,postgresql-plain-indexed-load,1,ip-172-31-24-15,olap,benchANT
2026-05-17 09:52:20+00:00,system,load1,5.87,dbms,clickbench,postgresql-plain-indexed-load,1,ip-172-31-24-15,olap,benchANT
2026-05-17 09:52:30+00:00,system,load1,5.81,dbms,clickbench,postgresql-plain-indexed-load,1,ip-172-31-24-15,olap,benchANT
2026-05-17 09:52:40+00:00,system,load1,5.61,dbms,clickbench,postgresql-plain-indexed-load,1,ip-172-31-24-15,olap,benchANT
2026-05-17 09:52:50+00:00,system,load1,5.28,dbms,clickbench,postgresql-plain-indexed-load,1,ip-172-31-24-15,olap,benchANT
2026-05-17 09:53:00+00:00,system,load1,4.78,dbms,clickbench,postgresql-plain-indexed-load,1,ip-172-31-24-15,olap,benchANT
2026-05-17 09:53:10+00:00,system,load1,4.5,dbms,clickbench,postgresql-plain-indexed-load,1,ip-172-31-24-15,olap,benchANT
2026-05-17 09:53:20+00:00,system,load1,4.12,dbms,clickbench,postgresql-plain-indexed-load,1,ip-172-31-24-15,olap,benchANT
2026-05-17 09:53:30+00:00,system,load1,3.86,dbms,clickbench,postgresql-plain-indexed-load,1,ip-172-31-24-15,olap,benchANT
2026-05-17 09:53:40+00:00,system,load1,3.73,dbms,clickbench,postgresql-plain-indexed-load,1,ip-172-31-24-15,olap,benchANT
2026-05-17 09:53:50+00:00,system,load1,3.62,dbms,clickbench,postgresql-plain-indexed-load,1,ip-172-31-24-15,olap,benchANT
2026-05-17 09:54:00+00:00,system,load1,3.29,dbms,clickbench,postgresql-plain-indexed-load,1,ip-172-31-24-15,olap,benchANT
2026-05-17 09:54:10+00:00,system,load1,3.01,dbms,clickbench,postgresql-plain-indexed-load,1,ip-172-31-24-15,olap,benchANT
2026-05-17 09:54:20+00:00,system,load1,2.7,dbms,clickbench,postgresql-plain-indexed-load,1,ip-172-31-24-15,olap,benchANT
2026-05-17 09:54:30+00:00,system,load1,2.44,dbms,clickbench,postgresql-plain-indexed-load,1,ip-172-31-24-15,olap,benchANT
2026-05-17 09:54:40+00:00,system,load1,2.22,dbms,clickbench,postgresql-plain-indexed-load,1,ip-172-31-24-15,olap,benchANT
2026-05-17 09:54:50+00:00,system,load1,2.03,dbms,clickbench,postgresql-plain-indexed-load,1,ip-172-31-24-15,olap,benchANT
2026-05-17 09:55:00+00:00,system,load1,1.87,dbms,clickbench,postgresql-plain-indexed-load,1,ip-172-31-24-15,olap,benchANT
2026-05-17 09:55:10+00:00,system,load1,1.82,dbms,clickbench,postgresql-plain-indexed-load,1,ip-172-31-24-15,olap,benchANT
2026-05-17 09:55:20+00:00,system,load1,1.69,dbms,clickbench,postgresql-plain-indexed-load,1,ip-172-31-24-15,olap,benchANT
2026-05-17 09:55:30+00:00,system,load1,1.58,dbms,clickbench,postgresql-plain-indexed-load,1,ip-172-31-24-15,olap,benchANT
2026-05-17 09:55:40+00:00,system,load1,1.49,dbms,clickbench,postgresql-plain-indexed-load,1,ip-172-31-24-15,olap,benchANT
2026-05-17 09:55:50+00:00,system,load1,1.42,dbms,clickbench,postgresql-plain-indexed-load,1,ip-172-31-24-15,olap,benchANT
2026-05-17 09:56:00+00:00,system,load1,1.75,dbms,clickbench,postgresql-plain-indexed-load,1,ip-172-31-24-15,olap,benchANT
2026-05-17 09:56:10+00:00,system,load1,1.63,dbms,clickbench,postgresql-plain-indexed-load,1,ip-172-31-24-15,olap,benchANT
2026-05-17 09:56:20+00:00,system,load1,1.62,dbms,clickbench,postgresql-plain-indexed-load,1,ip-172-31-24-15,olap,benchANT
2026-05-17 09:56:30+00:00,system,load1,1.52,dbms,clickbench,postgresql-plain-indexed-load,1,ip-172-31-24-15,olap,benchANT
2026-05-17 09:56:40+00:00,system,load1,1.44,dbms,clickbench,postgresql-plain-indexed-load,1,ip-172-31-24-15,olap,benchANT
2026-05-17 09:56:50+00:00,system,load1,1.37,dbms,clickbench,postgresql-plain-indexed-load,1,ip-172-31-24-15,olap,benchANT
2026-05-17 09:57:00+00:00,system,load1,1.55,dbms,clickbench,postgresql-plain-indexed-load,1,ip-172-31-24-15,olap,benchANT
2026-05-17 09:57:10+00:00,system,load1,1.62,dbms,clickbench,postgresql-plain-indexed-load,1,ip-172-31-24-15,olap,benchANT
2026-05-17 09:57:20+00:00,system,load1,1.85,dbms,clickbench,postgresql-plain-indexed-load,1,ip-172-31-24-15,olap,benchANT
2026-05-17 09:57:30+00:00,system,load1,1.72,dbms,clickbench,postgresql-plain-indexed-load,1,ip-172-31-24-15,olap,benchANT
2026-05-17 09:57:40+00:00,system,load1,1.85,dbms,clickbench,postgresql-plain-indexed-load,1,ip-172-31-24-15,olap,benchANT
2026-05-17 09:57:50+00:00,system,load1,1.56,dbms,clickbench,postgresql-plain-indexed-load,1,ip-172-31-24-15,olap,benchANT
2026-05-17 07:24:00+00:00,system,load15,1.23,dbms,clickbench,postgresql-plain-indexed-load,1,ip-172-31-24-15,olap,benchANT
2026-05-17 07:24:10+00:00,system,load15,1.27,dbms,clickbench,postgresql-plain-indexed-load,1,ip-172-31-24-15,olap,benchANT
2026-05-17 07:24:20+00:00,system,load15,1.33,dbms,clickbench,postgresql-plain-indexed-load,1,ip-172-31-24-15,olap,benchANT
2026-05-17 07:24:30+00:00,system,load15,1.39,dbms,clickbench,postgresql-plain-indexed-load,1,ip-172-31-24-15,olap,benchANT
2026-05-17 07:24:40+00:00,system,load15,1.44,dbms,clickbench,postgresql-plain-indexed-load,1,ip-172-31-24-15,olap,benchANT
2026-05-17 07:24:50+00:00,system,load15,1.49,dbms,clickbench,postgresql-plain-indexed-load,1,ip-172-31-24-15,olap,benchANT
2026-05-17 07:25:00+00:00,system,load15,1.53,dbms,clickbench,postgresql-plain-indexed-load,1,ip-172-31-24-15,olap,benchANT
2026-05-17 07:25:10+00:00,system,load15,1.58,dbms,clickbench,postgresql-plain-indexed-load,1,ip-172-31-24-15,olap,benchANT
2026-05-17 07:25:20+00:00,system,load15,1.62,dbms,clickbench,postgresql-plain-indexed-load,1,ip-172-31-24-15,olap,benchANT
2026-05-17 07:25:30+00:00,system,load15,1.67,dbms,clickbench,postgresql-plain-indexed-load,1,ip-172-31-24-15,olap,benchANT
2026-05-17 07:25:40+00:00,system,load15,1.73,dbms,clickbench,postgresql-plain-indexed-load,1,ip-172-31-24-15,olap,benchANT
2026-05-17 07:25:50+00:00,system,load15,1.79,dbms,clickbench,postgresql-plain-indexed-load,1,ip-172-31-24-15,olap,benchANT
2026-05-17 07:26:00+00:00,system,load15,1.84,dbms,clickbench,postgresql-plain-indexed-load,1,ip-172-31-24-15,olap,benchANT
2026-05-17 07:26:10+00:00,system,load15,1.89,dbms,clickbench,postgresql-plain-indexed-load,1,ip-172-31-24-15,olap,benchANT
2026-05-17 07:26:20+00:00,system,load15,1.95,dbms,clickbench,postgresql-plain-indexed-load,1,ip-172-31-24-15,olap,benchANT
2026-05-17 07:26:30+00:00,system,load15,2.01,dbms,clickbench,postgresql-plain-indexed-load,1,ip-172-31-24-15,olap,benchANT
2026-05-17 07:26:40+00:00,system,load15,2.07,dbms,clickbench,postgresql-plain-indexed-load,1,ip-172-31-24-15,olap,benchANT
2026-05-17 07:26:50+00:00,system,load15,2.12,dbms,clickbench,postgresql-plain-indexed-load,1,ip-172-31-24-15,olap,benchANT
2026-05-17 07:27:00+00:00,system,load15,2.17,dbms,clickbench,postgresql-plain-indexed-load,1,ip-172-31-24-15,olap,benchANT
2026-05-17 07:27:10+00:00,system,load15,2.22,dbms,clickbench,postgresql-plain-indexed-load,1,ip-172-31-24-15,olap,benchANT
2026-05-17 07:27:20+00:00,system,load15,2.26,dbms,clickbench,postgresql-plain-indexed-load,1,ip-172-31-24-15,olap,benchANT
2026-05-17 07:27:30+00:00,system,load15,2.3,dbms,clickbench,postgresql-plain-indexed-load,1,ip-172-31-24-15,olap,benchANT
2026-05-17 07:27:40+00:00,system,load15,2.34,dbms,clickbench,postgresql-plain-indexed-load,1,ip-172-31-24-15,olap,benchANT
2026-05-17 07:27:50+00:00,system,load15,2.39,dbms,clickbench,postgresql-plain-indexed-load,1,ip-172-31-24-15,olap,benchANT
2026-05-17 07:28:00+00:00,system,load15,2.43,dbms,clickbench,postgresql-plain-indexed-load,1,ip-172-31-24-15,olap,benchANT
2026-05-17 07:28:10+00:00,system,load15,2.48,dbms,clickbench,postgresql-plain-indexed-load,1,ip-172-31-24-15,olap,benchANT
2026-05-17 07:28:20+00:00,system,load15,2.53,dbms,clickbench,postgresql-plain-indexed-load,1,ip-172-31-24-15,olap,benchANT
2026-05-17 07:28:30+00:00,system,load15,2.57,dbms,clickbench,postgresql-plain-indexed-load,1,ip-172-31-24-15,olap,benchANT
2026-05-17 07:28:40+00:00,system,load15,2.63,dbms,clickbench,postgresql-plain-indexed-load,1,ip-172-31-24-15,olap,benchANT
2026-05-17 07:28:50+00:00,system,load15,2.64,dbms,clickbench,postgresql-plain-indexed-load,1,ip-172-31-24-15,olap,benchANT
2026-05-17 07:29:00+00:00,system,load15,2.66,dbms,clickbench,postgresql-plain-indexed-load,1,ip-172-31-24-15,olap,benchANT
2026-05-17 07:29:10+00:00,system,load15,2.67,dbms,clickbench,postgresql-plain-indexed-load,1,ip-172-31-24-15,olap,benchANT
2026-05-17 07:29:20+00:00,system,load15,2.69,dbms,clickbench,postgresql-plain-indexed-load,1,ip-172-31-24-15,olap,benchANT
2026-05-17 07:29:30+00:00,system,load15,2.7,dbms,clickbench,postgresql-plain-indexed-load,1,ip-172-31-24-15,olap,benchANT
2026-05-17 07:29:40+00:00,system,load15,2.72,dbms,clickbench,postgresql-plain-indexed-load,1,ip-172-31-24-15,olap,benchANT
2026-05-17 07:29:50+00:00,system,load15,2.73,dbms,clickbench,postgresql-plain-indexed-load,1,ip-172-31-24-15,olap,benchANT
2026-05-17 07:30:00+00:00,system,load15,2.74,dbms,clickbench,postgresql-plain-indexed-load,1,ip-172-31-24-15,olap,benchANT
2026-05-17 07:30:10+00:00,system,load15,2.76,dbms,clickbench,postgresql-plain-indexed-load,1,ip-172-31-24-15,olap,benchANT
2026-05-17 07:30:20+00:00,system,load15,2.77,dbms,clickbench,postgresql-plain-indexed-load,1,ip-172-31-24-15,olap,benchANT
2026-05-17 07:30:30+00:00,system,load15,2.79,dbms,clickbench,postgresql-plain-indexed-load,1,ip-172-31-24-15,olap,benchANT
2026-05-17 07:30:40+00:00,system,load15,2.8,dbms,clickbench,postgresql-plain-indexed-load,1,ip-172-31-24-15,olap,benchANT
2026-05-17 07:30:50+00:00,system,load15,2.81,dbms,clickbench,postgresql-plain-indexed-load,1,ip-172-31-24-15,olap,benchANT
2026-05-17 07:31:00+00:00,system,load15,2.83,dbms,clickbench,postgresql-plain-indexed-load,1,ip-172-31-24-15,olap,benchANT
2026-05-17 07:31:10+00:00,system,load15,2.84,dbms,clickbench,postgresql-plain-indexed-load,1,ip-172-31-24-15,olap,benchANT
2026-05-17 07:31:20+00:00,system,load15,2.85,dbms,clickbench,postgresql-plain-indexed-load,1,ip-172-31-24-15,olap,benchANT
2026-05-17 07:31:30+00:00,system,load15,2.86,dbms,clickbench,postgresql-plain-indexed-load,1,ip-172-31-24-15,olap,benchANT
2026-05-17 07:31:40+00:00,system,load15,2.88,dbms,clickbench,postgresql-plain-indexed-load,1,ip-172-31-24-15,olap,benchANT
2026-05-17 07:31:50+00:00,system,load15,2.89,dbms,clickbench,postgresql-plain-indexed-load,1,ip-172-31-24-15,olap,benchANT
2026-05-17 07:32:00+00:00,system,load15,2.9,dbms,clickbench,postgresql-plain-indexed-load,1,ip-172-31-24-15,olap,benchANT
2026-05-17 07:32:10+00:00,system,load15,2.91,dbms,clickbench,postgresql-plain-indexed-load,1,ip-172-31-24-15,olap,benchANT
2026-05-17 07:32:20+00:00,system,load15,2.93,dbms,clickbench,postgresql-plain-indexed-load,1,ip-172-31-24-15,olap,benchANT
2026-05-17 07:32:30+00:00,system,load15,2.94,dbms,clickbench,postgresql-plain-indexed-load,1,ip-172-31-24-15,olap,benchANT
2026-05-17 07:32:40+00:00,system,load15,2.95,dbms,clickbench,postgresql-plain-indexed-load,1,ip-172-31-24-15,olap,benchANT
2026-05-17 07:32:50+00:00,system,load15,2.95,dbms,clickbench,postgresql-plain-indexed-load,1,ip-172-31-24-15,olap,benchANT
2026-05-17 07:33:00+00:00,system,load15,2.93,dbms,clickbench,postgresql-plain-indexed-load,1,ip-172-31-24-15,olap,benchANT
2026-05-17 07:33:10+00:00,system,load15,2.91,dbms,clickbench,postgresql-plain-indexed-load,1,ip-172-31-24-15,olap,benchANT
2026-05-17 07:33:20+00:00,system,load15,2.89,dbms,clickbench,postgresql-plain-indexed-load,1,ip-172-31-24-15,olap,benchANT
2026-05-17 07:33:30+00:00,system,load15,2.87,dbms,clickbench,postgresql-plain-indexed-load,1,ip-172-31-24-15,olap,benchANT
2026-05-17 07:33:40+00:00,system,load15,2.85,dbms,clickbench,postgresql-plain-indexed-load,1,ip-172-31-24-15,olap,benchANT
2026-05-17 07:33:50+00:00,system,load15,2.83,dbms,clickbench,postgresql-plain-indexed-load,1,ip-172-31-24-15,olap,benchANT
2026-05-17 07:34:00+00:00,system,load15,2.81,dbms,clickbench,postgresql-plain-indexed-load,1,ip-172-31-24-15,olap,benchANT
2026-05-17 07:34:10+00:00,system,load15,2.79,dbms,clickbench,postgresql-plain-indexed-load,1,ip-172-31-24-15,olap,benchANT
2026-05-17 07:34:20+00:00,system,load15,2.77,dbms,clickbench,postgresql-plain-indexed-load,1,ip-172-31-24-15,olap,benchANT
2026-05-17 07:34:30+00:00,system,load15,2.75,dbms,clickbench,postgresql-plain-indexed-load,1,ip-172-31-24-15,olap,benchANT
2026-05-17 07:34:40+00:00,system,load15,2.73,dbms,clickbench,postgresql-plain-indexed-load,1,ip-172-31-24-15,olap,benchANT
2026-05-17 07:34:50+00:00,system,load15,2.71,dbms,clickbench,postgresql-plain-indexed-load,1,ip-172-31-24-15,olap,benchANT
2026-05-17 07:35:00+00:00,system,load15,2.72,dbms,clickbench,postgresql-plain-indexed-load,1,ip-172-31-24-15,olap,benchANT
2026-05-17 07:35:10+00:00,system,load15,2.74,dbms,clickbench,postgresql-plain-indexed-load,1,ip-172-31-24-15,olap,benchANT
2026-05-17 07:35:20+00:00,system,load15,2.77,dbms,clickbench,postgresql-plain-indexed-load,1,ip-172-31-24-15,olap,benchANT
2026-05-17 07:35:30+00:00,system,load15,2.79,dbms,clickbench,postgresql-plain-indexed-load,1,ip-172-31-24-15,olap,benchANT
2026-05-17 07:35:40+00:00,system,load15,2.81,dbms,clickbench,postgresql-plain-indexed-load,1,ip-172-31-24-15,olap,benchANT
2026-05-17 07:35:50+00:00,system,load15,2.84,dbms,clickbench,postgresql-plain-indexed-load,1,ip-172-31-24-15,olap,benchANT
2026-05-17 07:36:00+00:00,system,load15,2.87,dbms,clickbench,postgresql-plain-indexed-load,1,ip-172-31-24-15,olap,benchANT
2026-05-17 07:36:10+00:00,system,load15,2.89,dbms,clickbench,postgresql-plain-indexed-load,1,ip-172-31-24-15,olap,benchANT
2026-05-17 07:36:20+00:00,system,load15,2.92,dbms,clickbench,postgresql-plain-indexed-load,1,ip-172-31-24-15,olap,benchANT
2026-05-17 07:36:30+00:00,system,load15,2.94,dbms,clickbench,postgresql-plain-indexed-load,1,ip-172-31-24-15,olap,benchANT
2026-05-17 07:36:40+00:00,system,load15,2.96,dbms,clickbench,postgresql-plain-indexed-load,1,ip-172-31-24-15,olap,benchANT
2026-05-17 07:36:50+00:00,system,load15,2.99,dbms,clickbench,postgresql-plain-indexed-load,1,ip-172-31-24-15,olap,benchANT
2026-05-17 07:37:00+00:00,system,load15,3.01,dbms,clickbench,postgresql-plain-indexed-load,1,ip-172-31-24-15,olap,benchANT
2026-05-17 07:37:10+00:00,system,load15,3.04,dbms,clickbench,postgresql-plain-indexed-load,1,ip-172-31-24-15,olap,benchANT
2026-05-17 07:37:20+00:00,system,load15,3.06,dbms,clickbench,postgresql-plain-indexed-load,1,ip-172-31-24-15,olap,benchANT
2026-05-17 07:37:30+00:00,system,load15,3.09,dbms,clickbench,postgresql-plain-indexed-load,1,ip-172-31-24-15,olap,benchANT
2026-05-17 07:37:40+00:00,system,load15,3.11,dbms,clickbench,postgresql-plain-indexed-load,1,ip-172-31-24-15,olap,benchANT
2026-05-17 07:37:50+00:00,system,load15,3.13,dbms,clickbench,postgresql-plain-indexed-load,1,ip-172-31-24-15,olap,benchANT
2026-05-17 07:38:00+00:00,system,load15,3.15,dbms,clickbench,postgresql-plain-indexed-load,1,ip-172-31-24-15,olap,benchANT
2026-05-17 07:38:10+00:00,system,load15,3.18,dbms,clickbench,postgresql-plain-indexed-load,1,ip-172-31-24-15,olap,benchANT
2026-05-17 07:38:20+00:00,system,load15,3.2,dbms,clickbench,postgresql-plain-indexed-load,1,ip-172-31-24-15,olap,benchANT
2026-05-17 07:38:30+00:00,system,load15,3.22,dbms,clickbench,postgresql-plain-indexed-load,1,ip-172-31-24-15,olap,benchANT
2026-05-17 07:38:40+00:00,system,load15,3.24,dbms,clickbench,postgresql-plain-indexed-load,1,ip-172-31-24-15,olap,benchANT
2026-05-17 07:38:50+00:00,system,load15,3.26,dbms,clickbench,postgresql-plain-indexed-load,1,ip-172-31-24-15,olap,benchANT
2026-05-17 07:39:00+00:00,system,load15,3.28,dbms,clickbench,postgresql-plain-indexed-load,1,ip-172-31-24-15,olap,benchANT
2026-05-17 07:39:10+00:00,system,load15,3.3,dbms,clickbench,postgresql-plain-indexed-load,1,ip-172-31-24-15,olap,benchANT
2026-05-17 07:39:20+00:00,system,load15,3.32,dbms,clickbench,postgresql-plain-indexed-load,1,ip-172-31-24-15,olap,benchANT
2026-05-17 07:39:30+00:00,system,load15,3.34,dbms,clickbench,postgresql-plain-indexed-load,1,ip-172-31-24-15,olap,benchANT
2026-05-17 07:39:40+00:00,system,load15,3.37,dbms,clickbench,postgresql-plain-indexed-load,1,ip-172-31-24-15,olap,benchANT
2026-05-17 07:39:50+00:00,system,load15,3.38,dbms,clickbench,postgresql-plain-indexed-load,1,ip-172-31-24-15,olap,benchANT
2026-05-17 07:40:00+00:00,system,load15,3.41,dbms,clickbench,postgresql-plain-indexed-load,1,ip-172-31-24-15,olap,benchANT
2026-05-17 07:40:10+00:00,system,load15,3.42,dbms,clickbench,postgresql-plain-indexed-load,1,ip-172-31-24-15,olap,benchANT
2026-05-17 07:40:20+00:00,system,load15,3.45,dbms,clickbench,postgresql-plain-indexed-load,1,ip-172-31-24-15,olap,benchANT
2026-05-17 07:40:30+00:00,system,load15,3.46,dbms,clickbench,postgresql-plain-indexed-load,1,ip-172-31-24-15,olap,benchANT
2026-05-17 07:40:40+00:00,system,load15,3.49,dbms,clickbench,postgresql-plain-indexed-load,1,ip-172-31-24-15,olap,benchANT
2026-05-17 07:40:50+00:00,system,load15,3.5,dbms,clickbench,postgresql-plain-indexed-load,1,ip-172-31-24-15,olap,benchANT
2026-05-17 07:41:00+00:00,system,load15,3.52,dbms,clickbench,postgresql-plain-indexed-load,1,ip-172-31-24-15,olap,benchANT
2026-05-17 07:41:10+00:00,system,load15,3.54,dbms,clickbench,postgresql-plain-indexed-load,1,ip-172-31-24-15,olap,benchANT
2026-05-17 07:41:20+00:00,system,load15,3.56,dbms,clickbench,postgresql-plain-indexed-load,1,ip-172-31-24-15,olap,benchANT
2026-05-17 07:41:30+00:00,system,load15,3.58,dbms,clickbench,postgresql-plain-indexed-load,1,ip-172-31-24-15,olap,benchANT
2026-05-17 07:41:40+00:00,system,load15,3.59,dbms,clickbench,postgresql-plain-indexed-load,1,ip-172-31-24-15,olap,benchANT
2026-05-17 07:41:50+00:00,system,load15,3.62,dbms,clickbench,postgresql-plain-indexed-load,1,ip-172-31-24-15,olap,benchANT
2026-05-17 07:42:00+00:00,system,load15,3.64,dbms,clickbench,postgresql-plain-indexed-load,1,ip-172-31-24-15,olap,benchANT
2026-05-17 07:42:10+00:00,system,load15,3.66,dbms,clickbench,postgresql-plain-indexed-load,1,ip-172-31-24-15,olap,benchANT
2026-05-17 07:42:20+00:00,system,load15,3.67,dbms,clickbench,postgresql-plain-indexed-load,1,ip-172-31-24-15,olap,benchANT
2026-05-17 07:42:30+00:00,system,load15,3.69,dbms,clickbench,postgresql-plain-indexed-load,1,ip-172-31-24-15,olap,benchANT
2026-05-17 07:42:40+00:00,system,load15,3.71,dbms,clickbench,postgresql-plain-indexed-load,1,ip-172-31-24-15,olap,benchANT
2026-05-17 07:42:50+00:00,system,load15,3.72,dbms,clickbench,postgresql-plain-indexed-load,1,ip-172-31-24-15,olap,benchANT
2026-05-17 07:43:00+00:00,system,load15,3.74,dbms,clickbench,postgresql-plain-indexed-load,1,ip-172-31-24-15,olap,benchANT
2026-05-17 07:43:10+00:00,system,load15,3.75,dbms,clickbench,postgresql-plain-indexed-load,1,ip-172-31-24-15,olap,benchANT
2026-05-17 07:43:20+00:00,system,load15,3.77,dbms,clickbench,postgresql-plain-indexed-load,1,ip-172-31-24-15,olap,benchANT
2026-05-17 07:43:30+00:00,system,load15,3.79,dbms,clickbench,postgresql-plain-indexed-load,1,ip-172-31-24-15,olap,benchANT
2026-05-17 07:43:40+00:00,system,load15,3.81,dbms,clickbench,postgresql-plain-indexed-load,1,ip-172-31-24-15,olap,benchANT
2026-05-17 07:43:50+00:00,system,load15,3.82,dbms,clickbench,postgresql-plain-indexed-load,1,ip-172-31-24-15,olap,benchANT
2026-05-17 07:44:00+00:00,system,load15,3.84,dbms,clickbench,postgresql-plain-indexed-load,1,ip-172-31-24-15,olap,benchANT
2026-05-17 07:44:10+00:00,system,load15,3.85,dbms,clickbench,postgresql-plain-indexed-load,1,ip-172-31-24-15,olap,benchANT
2026-05-17 07:44:20+00:00,system,load15,3.85,dbms,clickbench,postgresql-plain-indexed-load,1,ip-172-31-24-15,olap,benchANT
2026-05-17 07:44:30+00:00,system,load15,3.83,dbms,clickbench,postgresql-plain-indexed-load,1,ip-172-31-24-15,olap,benchANT
2026-05-17 07:44:40+00:00,system,load15,3.79,dbms,clickbench,postgresql-plain-indexed-load,1,ip-172-31-24-15,olap,benchANT
2026-05-17 07:44:50+00:00,system,load15,3.76,dbms,clickbench,postgresql-plain-indexed-load,1,ip-172-31-24-15,olap,benchANT
2026-05-17 07:45:00+00:00,system,load15,3.73,dbms,clickbench,postgresql-plain-indexed-load,1,ip-172-31-24-15,olap,benchANT
2026-05-17 07:45:10+00:00,system,load15,3.7,dbms,clickbench,postgresql-plain-indexed-load,1,ip-172-31-24-15,olap,benchANT
2026-05-17 07:45:20+00:00,system,load15,3.68,dbms,clickbench,postgresql-plain-indexed-load,1,ip-172-31-24-15,olap,benchANT
2026-05-17 07:45:30+00:00,system,load15,3.65,dbms,clickbench,postgresql-plain-indexed-load,1,ip-172-31-24-15,olap,benchANT
2026-05-17 07:45:40+00:00,system,load15,3.62,dbms,clickbench,postgresql-plain-indexed-load,1,ip-172-31-24-15,olap,benchANT
2026-05-17 07:45:50+00:00,system,load15,3.59,dbms,clickbench,postgresql-plain-indexed-load,1,ip-172-31-24-15,olap,benchANT
2026-05-17 07:46:00+00:00,system,load15,3.56,dbms,clickbench,postgresql-plain-indexed-load,1,ip-172-31-24-15,olap,benchANT
2026-05-17 07:46:10+00:00,system,load15,3.53,dbms,clickbench,postgresql-plain-indexed-load,1,ip-172-31-24-15,olap,benchANT
2026-05-17 07:46:20+00:00,system,load15,3.5,dbms,clickbench,postgresql-plain-indexed-load,1,ip-172-31-24-15,olap,benchANT
2026-05-17 07:46:30+00:00,system,load15,3.48,dbms,clickbench,postgresql-plain-indexed-load,1,ip-172-31-24-15,olap,benchANT
2026-05-17 07:46:40+00:00,system,load15,3.45,dbms,clickbench,postgresql-plain-indexed-load,1,ip-172-31-24-15,olap,benchANT
2026-05-17 07:46:50+00:00,system,load15,3.42,dbms,clickbench,postgresql-plain-indexed-load,1,ip-172-31-24-15,olap,benchANT
2026-05-17 07:47:00+00:00,system,load15,3.4,dbms,clickbench,postgresql-plain-indexed-load,1,ip-172-31-24-15,olap,benchANT
2026-05-17 07:47:10+00:00,system,load15,3.37,dbms,clickbench,postgresql-plain-indexed-load,1,ip-172-31-24-15,olap,benchANT
2026-05-17 07:47:20+00:00,system,load15,3.35,dbms,clickbench,postgresql-plain-indexed-load,1,ip-172-31-24-15,olap,benchANT
2026-05-17 07:47:30+00:00,system,load15,3.32,dbms,clickbench,postgresql-plain-indexed-load,1,ip-172-31-24-15,olap,benchANT
2026-05-17 07:47:40+00:00,system,load15,3.29,dbms,clickbench,postgresql-plain-indexed-load,1,ip-172-31-24-15,olap,benchANT
2026-05-17 07:47:50+00:00,system,load15,3.27,dbms,clickbench,postgresql-plain-indexed-load,1,ip-172-31-24-15,olap,benchANT
2026-05-17 07:48:00+00:00,system,load15,3.24,dbms,clickbench,postgresql-plain-indexed-load,1,ip-172-31-24-15,olap,benchANT
2026-05-17 07:48:10+00:00,system,load15,3.22,dbms,clickbench,postgresql-plain-indexed-load,1,ip-172-31-24-15,olap,benchANT
2026-05-17 07:48:20+00:00,system,load15,3.2,dbms,clickbench,postgresql-plain-indexed-load,1,ip-172-31-24-15,olap,benchANT
2026-05-17 07:48:30+00:00,system,load15,3.17,dbms,clickbench,postgresql-plain-indexed-load,1,ip-172-31-24-15,olap,benchANT
2026-05-17 07:48:40+00:00,system,load15,3.15,dbms,clickbench,postgresql-plain-indexed-load,1,ip-172-31-24-15,olap,benchANT
2026-05-17 07:48:50+00:00,system,load15,3.12,dbms,clickbench,postgresql-plain-indexed-load,1,ip-172-31-24-15,olap,benchANT
2026-05-17 07:49:00+00:00,system,load15,3.1,dbms,clickbench,postgresql-plain-indexed-load,1,ip-172-31-24-15,olap,benchANT
2026-05-17 07:49:10+00:00,system,load15,3.08,dbms,clickbench,postgresql-plain-indexed-load,1,ip-172-31-24-15,olap,benchANT
2026-05-17 07:49:20+00:00,system,load15,3.06,dbms,clickbench,postgresql-plain-indexed-load,1,ip-172-31-24-15,olap,benchANT
2026-05-17 07:49:30+00:00,system,load15,3.03,dbms,clickbench,postgresql-plain-indexed-load,1,ip-172-31-24-15,olap,benchANT
2026-05-17 07:49:40+00:00,system,load15,3.01,dbms,clickbench,postgresql-plain-indexed-load,1,ip-172-31-24-15,olap,benchANT
2026-05-17 07:49:50+00:00,system,load15,2.99,dbms,clickbench,postgresql-plain-indexed-load,1,ip-172-31-24-15,olap,benchANT
2026-05-17 07:50:00+00:00,system,load15,2.97,dbms,clickbench,postgresql-plain-indexed-load,1,ip-172-31-24-15,olap,benchANT
2026-05-17 07:50:10+00:00,system,load15,2.95,dbms,clickbench,postgresql-plain-indexed-load,1,ip-172-31-24-15,olap,benchANT
2026-05-17 07:50:20+00:00,system,load15,2.92,dbms,clickbench,postgresql-plain-indexed-load,1,ip-172-31-24-15,olap,benchANT
2026-05-17 07:50:30+00:00,system,load15,2.9,dbms,clickbench,postgresql-plain-indexed-load,1,ip-172-31-24-15,olap,benchANT
2026-05-17 07:50:40+00:00,system,load15,2.88,dbms,clickbench,postgresql-plain-indexed-load,1,ip-172-31-24-15,olap,benchANT
2026-05-17 07:50:50+00:00,system,load15,2.86,dbms,clickbench,postgresql-plain-indexed-load,1,ip-172-31-24-15,olap,benchANT
2026-05-17 07:51:00+00:00,system,load15,2.84,dbms,clickbench,postgresql-plain-indexed-load,1,ip-172-31-24-15,olap,benchANT
2026-05-17 07:51:10+00:00,system,load15,2.82,dbms,clickbench,postgresql-plain-indexed-load,1,ip-172-31-24-15,olap,benchANT
2026-05-17 07:51:20+00:00,system,load15,2.8,dbms,clickbench,postgresql-plain-indexed-load,1,ip-172-31-24-15,olap,benchANT
2026-05-17 07:51:30+00:00,system,load15,2.78,dbms,clickbench,postgresql-plain-indexed-load,1,ip-172-31-24-15,olap,benchANT
2026-05-17 07:51:40+00:00,system,load15,2.76,dbms,clickbench,postgresql-plain-indexed-load,1,ip-172-31-24-15,olap,benchANT
2026-05-17 07:51:50+00:00,system,load15,2.74,dbms,clickbench,postgresql-plain-indexed-load,1,ip-172-31-24-15,olap,benchANT
2026-05-17 07:52:00+00:00,system,load15,2.72,dbms,clickbench,postgresql-plain-indexed-load,1,ip-172-31-24-15,olap,benchANT
2026-05-17 07:52:10+00:00,system,load15,2.7,dbms,clickbench,postgresql-plain-indexed-load,1,ip-172-31-24-15,olap,benchANT
2026-05-17 07:52:20+00:00,system,load15,2.69,dbms,clickbench,postgresql-plain-indexed-load,1,ip-172-31-24-15,olap,benchANT
2026-05-17 07:52:30+00:00,system,load15,2.67,dbms,clickbench,postgresql-plain-indexed-load,1,ip-172-31-24-15,olap,benchANT
2026-05-17 07:52:40+00:00,system,load15,2.65,dbms,clickbench,postgresql-plain-indexed-load,1,ip-172-31-24-15,olap,benchANT
2026-05-17 07:52:50+00:00,system,load15,2.63,dbms,clickbench,postgresql-plain-indexed-load,1,ip-172-31-24-15,olap,benchANT
2026-05-17 07:53:00+00:00,system,load15,2.61,dbms,clickbench,postgresql-plain-indexed-load,1,ip-172-31-24-15,olap,benchANT
2026-05-17 07:53:10+00:00,system,load15,2.59,dbms,clickbench,postgresql-plain-indexed-load,1,ip-172-31-24-15,olap,benchANT
2026-05-17 07:53:20+00:00,system,load15,2.58,dbms,clickbench,postgresql-plain-indexed-load,1,ip-172-31-24-15,olap,benchANT
2026-05-17 07:53:30+00:00,system,load15,2.56,dbms,clickbench,postgresql-plain-indexed-load,1,ip-172-31-24-15,olap,benchANT
2026-05-17 07:53:40+00:00,system,load15,2.54,dbms,clickbench,postgresql-plain-indexed-load,1,ip-172-31-24-15,olap,benchANT
2026-05-17 07:53:50+00:00,system,load15,2.53,dbms,clickbench,postgresql-plain-indexed-load,1,ip-172-31-24-15,olap,benchANT
2026-05-17 07:54:00+00:00,system,load15,2.51,dbms,clickbench,postgresql-plain-indexed-load,1,ip-172-31-24-15,olap,benchANT
2026-05-17 07:54:10+00:00,system,load15,2.49,dbms,clickbench,postgresql-plain-indexed-load,1,ip-172-31-24-15,olap,benchANT
2026-05-17 07:54:20+00:00,system,load15,2.48,dbms,clickbench,postgresql-plain-indexed-load,1,ip-172-31-24-15,olap,benchANT
2026-05-17 07:54:30+00:00,system,load15,2.46,dbms,clickbench,postgresql-plain-indexed-load,1,ip-172-31-24-15,olap,benchANT
2026-05-17 07:54:40+00:00,system,load15,2.45,dbms,clickbench,postgresql-plain-indexed-load,1,ip-172-31-24-15,olap,benchANT
2026-05-17 07:54:50+00:00,system,load15,2.43,dbms,clickbench,postgresql-plain-indexed-load,1,ip-172-31-24-15,olap,benchANT
2026-05-17 07:55:00+00:00,system,load15,2.42,dbms,clickbench,postgresql-plain-indexed-load,1,ip-172-31-24-15,olap,benchANT
2026-05-17 07:55:10+00:00,system,load15,2.4,dbms,clickbench,postgresql-plain-indexed-load,1,ip-172-31-24-15,olap,benchANT
2026-05-17 07:55:20+00:00,system,load15,2.39,dbms,clickbench,postgresql-plain-indexed-load,1,ip-172-31-24-15,olap,benchANT
2026-05-17 07:55:30+00:00,system,load15,2.4,dbms,clickbench,postgresql-plain-indexed-load,1,ip-172-31-24-15,olap,benchANT
2026-05-17 07:55:40+00:00,system,load15,2.39,dbms,clickbench,postgresql-plain-indexed-load,1,ip-172-31-24-15,olap,benchANT
2026-05-17 07:55:50+00:00,system,load15,2.38,dbms,clickbench,postgresql-plain-indexed-load,1,ip-172-31-24-15,olap,benchANT
2026-05-17 07:56:00+00:00,system,load15,2.39,dbms,clickbench,postgresql-plain-indexed-load,1,ip-172-31-24-15,olap,benchANT
2026-05-17 07:56:10+00:00,system,load15,2.39,dbms,clickbench,postgresql-plain-indexed-load,1,ip-172-31-24-15,olap,benchANT
2026-05-17 07:56:20+00:00,system,load15,2.38,dbms,clickbench,postgresql-plain-indexed-load,1,ip-172-31-24-15,olap,benchANT
2026-05-17 07:56:30+00:00,system,load15,2.41,dbms,clickbench,postgresql-plain-indexed-load,1,ip-172-31-24-15,olap,benchANT
2026-05-17 07:56:40+00:00,system,load15,2.44,dbms,clickbench,postgresql-plain-indexed-load,1,ip-172-31-24-15,olap,benchANT
2026-05-17 07:56:50+00:00,system,load15,2.47,dbms,clickbench,postgresql-plain-indexed-load,1,ip-172-31-24-15,olap,benchANT
2026-05-17 07:57:00+00:00,system,load15,2.5,dbms,clickbench,postgresql-plain-indexed-load,1,ip-172-31-24-15,olap,benchANT
2026-05-17 07:57:10+00:00,system,load15,2.52,dbms,clickbench,postgresql-plain-indexed-load,1,ip-172-31-24-15,olap,benchANT
2026-05-17 07:57:20+00:00,system,load15,2.55,dbms,clickbench,postgresql-plain-indexed-load,1,ip-172-31-24-15,olap,benchANT
2026-05-17 07:57:30+00:00,system,load15,2.58,dbms,clickbench,postgresql-plain-indexed-load,1,ip-172-31-24-15,olap,benchANT
2026-05-17 07:57:40+00:00,system,load15,2.6,dbms,clickbench,postgresql-plain-indexed-load,1,ip-172-31-24-15,olap,benchANT
2026-05-17 07:57:50+00:00,system,load15,2.63,dbms,clickbench,postgresql-plain-indexed-load,1,ip-172-31-24-15,olap,benchANT
2026-05-17 07:58:00+00:00,system,load15,2.66,dbms,clickbench,postgresql-plain-indexed-load,1,ip-172-31-24-15,olap,benchANT
2026-05-17 07:58:10+00:00,system,load15,2.68,dbms,clickbench,postgresql-plain-indexed-load,1,ip-172-31-24-15,olap,benchANT
2026-05-17 07:58:20+00:00,system,load15,2.71,dbms,clickbench,postgresql-plain-indexed-load,1,ip-172-31-24-15,olap,benchANT
2026-05-17 07:58:30+00:00,system,load15,2.73,dbms,clickbench,postgresql-plain-indexed-load,1,ip-172-31-24-15,olap,benchANT
2026-05-17 07:58:40+00:00,system,load15,2.76,dbms,clickbench,postgresql-plain-indexed-load,1,ip-172-31-24-15,olap,benchANT
2026-05-17 07:58:50+00:00,system,load15,2.78,dbms,clickbench,postgresql-plain-indexed-load,1,ip-172-31-24-15,olap,benchANT
2026-05-17 07:59:00+00:00,system,load15,2.81,dbms,clickbench,postgresql-plain-indexed-load,1,ip-172-31-24-15,olap,benchANT
2026-05-17 07:59:10+00:00,system,load15,2.83,dbms,clickbench,postgresql-plain-indexed-load,1,ip-172-31-24-15,olap,benchANT
2026-05-17 07:59:20+00:00,system,load15,2.86,dbms,clickbench,postgresql-plain-indexed-load,1,ip-172-31-24-15,olap,benchANT
2026-05-17 07:59:30+00:00,system,load15,2.88,dbms,clickbench,postgresql-plain-indexed-load,1,ip-172-31-24-15,olap,benchANT
2026-05-17 07:59:40+00:00,system,load15,2.9,dbms,clickbench,postgresql-plain-indexed-load,1,ip-172-31-24-15,olap,benchANT
2026-05-17 07:59:50+00:00,system,load15,2.93,dbms,clickbench,postgresql-plain-indexed-load,1,ip-172-31-24-15,olap,benchANT
2026-05-17 08:00:00+00:00,system,load15,2.96,dbms,clickbench,postgresql-plain-indexed-load,1,ip-172-31-24-15,olap,benchANT
2026-05-17 08:00:10+00:00,system,load15,2.98,dbms,clickbench,postgresql-plain-indexed-load,1,ip-172-31-24-15,olap,benchANT
2026-05-17 08:00:20+00:00,system,load15,3.01,dbms,clickbench,postgresql-plain-indexed-load,1,ip-172-31-24-15,olap,benchANT
2026-05-17 08:00:30+00:00,system,load15,3.03,dbms,clickbench,postgresql-plain-indexed-load,1,ip-172-31-24-15,olap,benchANT
2026-05-17 08:00:40+00:00,system,load15,3.05,dbms,clickbench,postgresql-plain-indexed-load,1,ip-172-31-24-15,olap,benchANT
2026-05-17 08:00:50+00:00,system,load15,3.08,dbms,clickbench,postgresql-plain-indexed-load,1,ip-172-31-24-15,olap,benchANT
2026-05-17 08:01:00+00:00,system,load15,3.1,dbms,clickbench,postgresql-plain-indexed-load,1,ip-172-31-24-15,olap,benchANT
2026-05-17 08:01:10+00:00,system,load15,3.12,dbms,clickbench,postgresql-plain-indexed-load,1,ip-172-31-24-15,olap,benchANT
2026-05-17 08:01:20+00:00,system,load15,3.14,dbms,clickbench,postgresql-plain-indexed-load,1,ip-172-31-24-15,olap,benchANT
2026-05-17 08:01:30+00:00,system,load15,3.16,dbms,clickbench,postgresql-plain-indexed-load,1,ip-172-31-24-15,olap,benchANT
2026-05-17 08:01:40+00:00,system,load15,3.18,dbms,clickbench,postgresql-plain-indexed-load,1,ip-172-31-24-15,olap,benchANT
2026-05-17 08:01:50+00:00,system,load15,3.2,dbms,clickbench,postgresql-plain-indexed-load,1,ip-172-31-24-15,olap,benchANT
2026-05-17 08:02:00+00:00,system,load15,3.22,dbms,clickbench,postgresql-plain-indexed-load,1,ip-172-31-24-15,olap,benchANT
2026-05-17 08:02:10+00:00,system,load15,3.24,dbms,clickbench,postgresql-plain-indexed-load,1,ip-172-31-24-15,olap,benchANT
2026-05-17 08:02:20+00:00,system,load15,3.26,dbms,clickbench,postgresql-plain-indexed-load,1,ip-172-31-24-15,olap,benchANT
2026-05-17 08:02:30+00:00,system,load15,3.28,dbms,clickbench,postgresql-plain-indexed-load,1,ip-172-31-24-15,olap,benchANT
2026-05-17 08:02:40+00:00,system,load15,3.3,dbms,clickbench,postgresql-plain-indexed-load,1,ip-172-31-24-15,olap,benchANT
2026-05-17 08:02:50+00:00,system,load15,3.32,dbms,clickbench,postgresql-plain-indexed-load,1,ip-172-31-24-15,olap,benchANT
2026-05-17 08:03:00+00:00,system,load15,3.34,dbms,clickbench,postgresql-plain-indexed-load,1,ip-172-31-24-15,olap,benchANT
2026-05-17 08:03:10+00:00,system,load15,3.36,dbms,clickbench,postgresql-plain-indexed-load,1,ip-172-31-24-15,olap,benchANT
2026-05-17 08:03:20+00:00,system,load15,3.38,dbms,clickbench,postgresql-plain-indexed-load,1,ip-172-31-24-15,olap,benchANT
2026-05-17 08:03:30+00:00,system,load15,3.4,dbms,clickbench,postgresql-plain-indexed-load,1,ip-172-31-24-15,olap,benchANT
2026-05-17 08:03:40+00:00,system,load15,3.41,dbms,clickbench,postgresql-plain-indexed-load,1,ip-172-31-24-15,olap,benchANT
2026-05-17 08:03:50+00:00,system,load15,3.43,dbms,clickbench,postgresql-plain-indexed-load,1,ip-172-31-24-15,olap,benchANT
2026-05-17 08:04:00+00:00,system,load15,3.46,dbms,clickbench,postgresql-plain-indexed-load,1,ip-172-31-24-15,olap,benchANT
2026-05-17 08:04:10+00:00,system,load15,3.47,dbms,clickbench,postgresql-plain-indexed-load,1,ip-172-31-24-15,olap,benchANT
2026-05-17 08:04:20+00:00,system,load15,3.49,dbms,clickbench,postgresql-plain-indexed-load,1,ip-172-31-24-15,olap,benchANT
2026-05-17 08:04:30+00:00,system,load15,3.51,dbms,clickbench,postgresql-plain-indexed-load,1,ip-172-31-24-15,olap,benchANT
2026-05-17 08:04:40+00:00,system,load15,3.53,dbms,clickbench,postgresql-plain-indexed-load,1,ip-172-31-24-15,olap,benchANT
2026-05-17 08:04:50+00:00,system,load15,3.55,dbms,clickbench,postgresql-plain-indexed-load,1,ip-172-31-24-15,olap,benchANT
2026-05-17 08:05:00+00:00,system,load15,3.52,dbms,clickbench,postgresql-plain-indexed-load,1,ip-172-31-24-15,olap,benchANT
2026-05-17 08:05:10+00:00,system,load15,3.49,dbms,clickbench,postgresql-plain-indexed-load,1,ip-172-31-24-15,olap,benchANT
2026-05-17 08:05:20+00:00,system,load15,3.47,dbms,clickbench,postgresql-plain-indexed-load,1,ip-172-31-24-15,olap,benchANT
2026-05-17 08:05:30+00:00,system,load15,3.44,dbms,clickbench,postgresql-plain-indexed-load,1,ip-172-31-24-15,olap,benchANT
2026-05-17 08:05:40+00:00,system,load15,3.41,dbms,clickbench,postgresql-plain-indexed-load,1,ip-172-31-24-15,olap,benchANT
2026-05-17 08:05:50+00:00,system,load15,3.43,dbms,clickbench,postgresql-plain-indexed-load,1,ip-172-31-24-15,olap,benchANT
2026-05-17 08:06:00+00:00,system,load15,3.45,dbms,clickbench,postgresql-plain-indexed-load,1,ip-172-31-24-15,olap,benchANT
2026-05-17 08:06:10+00:00,system,load15,3.47,dbms,clickbench,postgresql-plain-indexed-load,1,ip-172-31-24-15,olap,benchANT
2026-05-17 08:06:20+00:00,system,load15,3.48,dbms,clickbench,postgresql-plain-indexed-load,1,ip-172-31-24-15,olap,benchANT
2026-05-17 08:06:30+00:00,system,load15,3.51,dbms,clickbench,postgresql-plain-indexed-load,1,ip-172-31-24-15,olap,benchANT
2026-05-17 08:06:40+00:00,system,load15,3.53,dbms,clickbench,postgresql-plain-indexed-load,1,ip-172-31-24-15,olap,benchANT
2026-05-17 08:06:50+00:00,system,load15,3.54,dbms,clickbench,postgresql-plain-indexed-load,1,ip-172-31-24-15,olap,benchANT
2026-05-17 08:07:00+00:00,system,load15,3.56,dbms,clickbench,postgresql-plain-indexed-load,1,ip-172-31-24-15,olap,benchANT
2026-05-17 08:07:10+00:00,system,load15,3.58,dbms,clickbench,postgresql-plain-indexed-load,1,ip-172-31-24-15,olap,benchANT
2026-05-17 08:07:20+00:00,system,load15,3.61,dbms,clickbench,postgresql-plain-indexed-load,1,ip-172-31-24-15,olap,benchANT
2026-05-17 08:07:30+00:00,system,load15,3.62,dbms,clickbench,postgresql-plain-indexed-load,1,ip-172-31-24-15,olap,benchANT
2026-05-17 08:07:40+00:00,system,load15,3.64,dbms,clickbench,postgresql-plain-indexed-load,1,ip-172-31-24-15,olap,benchANT
2026-05-17 08:07:50+00:00,system,load15,3.65,dbms,clickbench,postgresql-plain-indexed-load,1,ip-172-31-24-15,olap,benchANT
2026-05-17 08:08:00+00:00,system,load15,3.68,dbms,clickbench,postgresql-plain-indexed-load,1,ip-172-31-24-15,olap,benchANT
2026-05-17 08:08:10+00:00,system,load15,3.69,dbms,clickbench,postgresql-plain-indexed-load,1,ip-172-31-24-15,olap,benchANT
2026-05-17 08:08:20+00:00,system,load15,3.71,dbms,clickbench,postgresql-plain-indexed-load,1,ip-172-31-24-15,olap,benchANT
2026-05-17 08:08:30+00:00,system,load15,3.72,dbms,clickbench,postgresql-plain-indexed-load,1,ip-172-31-24-15,olap,benchANT
2026-05-17 08:08:40+00:00,system,load15,3.75,dbms,clickbench,postgresql-plain-indexed-load,1,ip-172-31-24-15,olap,benchANT
2026-05-17 08:08:50+00:00,system,load15,3.76,dbms,clickbench,postgresql-plain-indexed-load,1,ip-172-31-24-15,olap,benchANT
2026-05-17 08:09:00+00:00,system,load15,3.77,dbms,clickbench,postgresql-plain-indexed-load,1,ip-172-31-24-15,olap,benchANT
2026-05-17 08:09:10+00:00,system,load15,3.79,dbms,clickbench,postgresql-plain-indexed-load,1,ip-172-31-24-15,olap,benchANT
2026-05-17 08:09:20+00:00,system,load15,3.8,dbms,clickbench,postgresql-plain-indexed-load,1,ip-172-31-24-15,olap,benchANT
2026-05-17 08:09:30+00:00,system,load15,3.82,dbms,clickbench,postgresql-plain-indexed-load,1,ip-172-31-24-15,olap,benchANT
2026-05-17 08:09:40+00:00,system,load15,3.83,dbms,clickbench,postgresql-plain-indexed-load,1,ip-172-31-24-15,olap,benchANT
2026-05-17 08:09:50+00:00,system,load15,3.85,dbms,clickbench,postgresql-plain-indexed-load,1,ip-172-31-24-15,olap,benchANT
2026-05-17 08:10:00+00:00,system,load15,3.86,dbms,clickbench,postgresql-plain-indexed-load,1,ip-172-31-24-15,olap,benchANT
2026-05-17 08:10:10+00:00,system,load15,3.88,dbms,clickbench,postgresql-plain-indexed-load,1,ip-172-31-24-15,olap,benchANT
2026-05-17 08:10:20+00:00,system,load15,3.89,dbms,clickbench,postgresql-plain-indexed-load,1,ip-172-31-24-15,olap,benchANT
2026-05-17 08:10:30+00:00,system,load15,3.91,dbms,clickbench,postgresql-plain-indexed-load,1,ip-172-31-24-15,olap,benchANT
2026-05-17 08:10:40+00:00,system,load15,3.92,dbms,clickbench,postgresql-plain-indexed-load,1,ip-172-31-24-15,olap,benchANT
2026-05-17 08:10:50+00:00,system,load15,3.94,dbms,clickbench,postgresql-plain-indexed-load,1,ip-172-31-24-15,olap,benchANT
2026-05-17 08:11:00+00:00,system,load15,3.95,dbms,clickbench,postgresql-plain-indexed-load,1,ip-172-31-24-15,olap,benchANT
2026-05-17 08:11:10+00:00,system,load15,3.97,dbms,clickbench,postgresql-plain-indexed-load,1,ip-172-31-24-15,olap,benchANT
2026-05-17 08:11:20+00:00,system,load15,3.98,dbms,clickbench,postgresql-plain-indexed-load,1,ip-172-31-24-15,olap,benchANT
2026-05-17 08:11:30+00:00,system,load15,4.0,dbms,clickbench,postgresql-plain-indexed-load,1,ip-172-31-24-15,olap,benchANT
2026-05-17 08:11:40+00:00,system,load15,4.02,dbms,clickbench,postgresql-plain-indexed-load,1,ip-172-31-24-15,olap,benchANT
2026-05-17 08:11:50+00:00,system,load15,4.03,dbms,clickbench,postgresql-plain-indexed-load,1,ip-172-31-24-15,olap,benchANT
2026-05-17 08:12:00+00:00,system,load15,4.04,dbms,clickbench,postgresql-plain-indexed-load,1,ip-172-31-24-15,olap,benchANT
2026-05-17 08:12:10+00:00,system,load15,4.05,dbms,clickbench,postgresql-plain-indexed-load,1,ip-172-31-24-15,olap,benchANT
2026-05-17 08:12:20+00:00,system,load15,4.07,dbms,clickbench,postgresql-plain-indexed-load,1,ip-172-31-24-15,olap,benchANT
2026-05-17 08:12:30+00:00,system,load15,4.08,dbms,clickbench,postgresql-plain-indexed-load,1,ip-172-31-24-15,olap,benchANT
2026-05-17 08:12:40+00:00,system,load15,4.1,dbms,clickbench,postgresql-plain-indexed-load,1,ip-172-31-24-15,olap,benchANT
2026-05-17 08:12:50+00:00,system,load15,4.11,dbms,clickbench,postgresql-plain-indexed-load,1,ip-172-31-24-15,olap,benchANT
2026-05-17 08:13:00+00:00,system,load15,4.12,dbms,clickbench,postgresql-plain-indexed-load,1,ip-172-31-24-15,olap,benchANT
2026-05-17 08:13:10+00:00,system,load15,4.13,dbms,clickbench,postgresql-plain-indexed-load,1,ip-172-31-24-15,olap,benchANT
2026-05-17 08:13:20+00:00,system,load15,4.15,dbms,clickbench,postgresql-plain-indexed-load,1,ip-172-31-24-15,olap,benchANT
2026-05-17 08:13:30+00:00,system,load15,4.16,dbms,clickbench,postgresql-plain-indexed-load,1,ip-172-31-24-15,olap,benchANT
2026-05-17 08:13:40+00:00,system,load15,4.17,dbms,clickbench,postgresql-plain-indexed-load,1,ip-172-31-24-15,olap,benchANT
2026-05-17 08:13:50+00:00,system,load15,4.18,dbms,clickbench,postgresql-plain-indexed-load,1,ip-172-31-24-15,olap,benchANT
2026-05-17 08:14:00+00:00,system,load15,4.19,dbms,clickbench,postgresql-plain-indexed-load,1,ip-172-31-24-15,olap,benchANT
2026-05-17 08:14:10+00:00,system,load15,4.2,dbms,clickbench,postgresql-plain-indexed-load,1,ip-172-31-24-15,olap,benchANT
2026-05-17 08:14:20+00:00,system,load15,4.21,dbms,clickbench,postgresql-plain-indexed-load,1,ip-172-31-24-15,olap,benchANT
2026-05-17 08:14:30+00:00,system,load15,4.19,dbms,clickbench,postgresql-plain-indexed-load,1,ip-172-31-24-15,olap,benchANT
2026-05-17 08:14:40+00:00,system,load15,4.17,dbms,clickbench,postgresql-plain-indexed-load,1,ip-172-31-24-15,olap,benchANT
2026-05-17 08:14:50+00:00,system,load15,4.14,dbms,clickbench,postgresql-plain-indexed-load,1,ip-172-31-24-15,olap,benchANT
2026-05-17 08:15:00+00:00,system,load15,4.13,dbms,clickbench,postgresql-plain-indexed-load,1,ip-172-31-24-15,olap,benchANT
2026-05-17 08:15:10+00:00,system,load15,4.14,dbms,clickbench,postgresql-plain-indexed-load,1,ip-172-31-24-15,olap,benchANT
2026-05-17 08:15:20+00:00,system,load15,4.15,dbms,clickbench,postgresql-plain-indexed-load,1,ip-172-31-24-15,olap,benchANT
2026-05-17 08:15:30+00:00,system,load15,4.16,dbms,clickbench,postgresql-plain-indexed-load,1,ip-172-31-24-15,olap,benchANT
2026-05-17 08:15:40+00:00,system,load15,4.17,dbms,clickbench,postgresql-plain-indexed-load,1,ip-172-31-24-15,olap,benchANT
2026-05-17 08:15:50+00:00,system,load15,4.18,dbms,clickbench,postgresql-plain-indexed-load,1,ip-172-31-24-15,olap,benchANT
2026-05-17 08:16:00+00:00,system,load15,4.19,dbms,clickbench,postgresql-plain-indexed-load,1,ip-172-31-24-15,olap,benchANT
2026-05-17 08:16:10+00:00,system,load15,4.2,dbms,clickbench,postgresql-plain-indexed-load,1,ip-172-31-24-15,olap,benchANT
2026-05-17 08:16:20+00:00,system,load15,4.2,dbms,clickbench,postgresql-plain-indexed-load,1,ip-172-31-24-15,olap,benchANT
2026-05-17 08:16:30+00:00,system,load15,4.21,dbms,clickbench,postgresql-plain-indexed-load,1,ip-172-31-24-15,olap,benchANT
2026-05-17 08:16:40+00:00,system,load15,4.22,dbms,clickbench,postgresql-plain-indexed-load,1,ip-172-31-24-15,olap,benchANT
2026-05-17 08:16:50+00:00,system,load15,4.23,dbms,clickbench,postgresql-plain-indexed-load,1,ip-172-31-24-15,olap,benchANT
2026-05-17 08:17:00+00:00,system,load15,4.24,dbms,clickbench,postgresql-plain-indexed-load,1,ip-172-31-24-15,olap,benchANT
2026-05-17 08:17:10+00:00,system,load15,4.25,dbms,clickbench,postgresql-plain-indexed-load,1,ip-172-31-24-15,olap,benchANT
2026-05-17 08:17:20+00:00,system,load15,4.26,dbms,clickbench,postgresql-plain-indexed-load,1,ip-172-31-24-15,olap,benchANT
2026-05-17 08:17:30+00:00,system,load15,4.27,dbms,clickbench,postgresql-plain-indexed-load,1,ip-172-31-24-15,olap,benchANT
2026-05-17 08:17:40+00:00,system,load15,4.28,dbms,clickbench,postgresql-plain-indexed-load,1,ip-172-31-24-15,olap,benchANT
2026-05-17 08:17:50+00:00,system,load15,4.29,dbms,clickbench,postgresql-plain-indexed-load,1,ip-172-31-24-15,olap,benchANT
2026-05-17 08:18:00+00:00,system,load15,4.3,dbms,clickbench,postgresql-plain-indexed-load,1,ip-172-31-24-15,olap,benchANT
2026-05-17 08:18:10+00:00,system,load15,4.3,dbms,clickbench,postgresql-plain-indexed-load,1,ip-172-31-24-15,olap,benchANT
2026-05-17 08:18:20+00:00,system,load15,4.31,dbms,clickbench,postgresql-plain-indexed-load,1,ip-172-31-24-15,olap,benchANT
2026-05-17 08:18:30+00:00,system,load15,4.32,dbms,clickbench,postgresql-plain-indexed-load,1,ip-172-31-24-15,olap,benchANT
2026-05-17 08:18:40+00:00,system,load15,4.33,dbms,clickbench,postgresql-plain-indexed-load,1,ip-172-31-24-15,olap,benchANT
2026-05-17 08:18:50+00:00,system,load15,4.34,dbms,clickbench,postgresql-plain-indexed-load,1,ip-172-31-24-15,olap,benchANT
2026-05-17 08:19:00+00:00,system,load15,4.35,dbms,clickbench,postgresql-plain-indexed-load,1,ip-172-31-24-15,olap,benchANT
2026-05-17 08:19:10+00:00,system,load15,4.36,dbms,clickbench,postgresql-plain-indexed-load,1,ip-172-31-24-15,olap,benchANT
2026-05-17 08:19:20+00:00,system,load15,4.36,dbms,clickbench,postgresql-plain-indexed-load,1,ip-172-31-24-15,olap,benchANT
2026-05-17 08:19:30+00:00,system,load15,4.37,dbms,clickbench,postgresql-plain-indexed-load,1,ip-172-31-24-15,olap,benchANT
2026-05-17 08:19:40+00:00,system,load15,4.38,dbms,clickbench,postgresql-plain-indexed-load,1,ip-172-31-24-15,olap,benchANT
2026-05-17 08:19:50+00:00,system,load15,4.38,dbms,clickbench,postgresql-plain-indexed-load,1,ip-172-31-24-15,olap,benchANT
2026-05-17 08:20:00+00:00,system,load15,4.39,dbms,clickbench,postgresql-plain-indexed-load,1,ip-172-31-24-15,olap,benchANT
2026-05-17 08:20:10+00:00,system,load15,4.4,dbms,clickbench,postgresql-plain-indexed-load,1,ip-172-31-24-15,olap,benchANT
2026-05-17 08:20:20+00:00,system,load15,4.4,dbms,clickbench,postgresql-plain-indexed-load,1,ip-172-31-24-15,olap,benchANT
2026-05-17 08:20:30+00:00,system,load15,4.41,dbms,clickbench,postgresql-plain-indexed-load,1,ip-172-31-24-15,olap,benchANT
2026-05-17 08:20:40+00:00,system,load15,4.42,dbms,clickbench,postgresql-plain-indexed-load,1,ip-172-31-24-15,olap,benchANT
2026-05-17 08:20:50+00:00,system,load15,4.43,dbms,clickbench,postgresql-plain-indexed-load,1,ip-172-31-24-15,olap,benchANT
2026-05-17 08:21:00+00:00,system,load15,4.43,dbms,clickbench,postgresql-plain-indexed-load,1,ip-172-31-24-15,olap,benchANT
2026-05-17 08:21:10+00:00,system,load15,4.44,dbms,clickbench,postgresql-plain-indexed-load,1,ip-172-31-24-15,olap,benchANT
2026-05-17 08:21:20+00:00,system,load15,4.45,dbms,clickbench,postgresql-plain-indexed-load,1,ip-172-31-24-15,olap,benchANT
2026-05-17 08:21:30+00:00,system,load15,4.45,dbms,clickbench,postgresql-plain-indexed-load,1,ip-172-31-24-15,olap,benchANT
2026-05-17 08:21:40+00:00,system,load15,4.46,dbms,clickbench,postgresql-plain-indexed-load,1,ip-172-31-24-15,olap,benchANT
2026-05-17 08:21:50+00:00,system,load15,4.46,dbms,clickbench,postgresql-plain-indexed-load,1,ip-172-31-24-15,olap,benchANT
2026-05-17 08:22:00+00:00,system,load15,4.47,dbms,clickbench,postgresql-plain-indexed-load,1,ip-172-31-24-15,olap,benchANT
2026-05-17 08:22:10+00:00,system,load15,4.48,dbms,clickbench,postgresql-plain-indexed-load,1,ip-172-31-24-15,olap,benchANT
2026-05-17 08:22:20+00:00,system,load15,4.48,dbms,clickbench,postgresql-plain-indexed-load,1,ip-172-31-24-15,olap,benchANT
2026-05-17 08:22:30+00:00,system,load15,4.49,dbms,clickbench,postgresql-plain-indexed-load,1,ip-172-31-24-15,olap,benchANT
2026-05-17 08:22:40+00:00,system,load15,4.49,dbms,clickbench,postgresql-plain-indexed-load,1,ip-172-31-24-15,olap,benchANT
2026-05-17 08:22:50+00:00,system,load15,4.5,dbms,clickbench,postgresql-plain-indexed-load,1,ip-172-31-24-15,olap,benchANT
2026-05-17 08:23:00+00:00,system,load15,4.51,dbms,clickbench,postgresql-plain-indexed-load,1,ip-172-31-24-15,olap,benchANT
2026-05-17 08:23:10+00:00,system,load15,4.51,dbms,clickbench,postgresql-plain-indexed-load,1,ip-172-31-24-15,olap,benchANT
2026-05-17 08:23:20+00:00,system,load15,4.52,dbms,clickbench,postgresql-plain-indexed-load,1,ip-172-31-24-15,olap,benchANT
2026-05-17 08:23:30+00:00,system,load15,4.53,dbms,clickbench,postgresql-plain-indexed-load,1,ip-172-31-24-15,olap,benchANT
2026-05-17 08:23:40+00:00,system,load15,4.53,dbms,clickbench,postgresql-plain-indexed-load,1,ip-172-31-24-15,olap,benchANT
2026-05-17 08:23:50+00:00,system,load15,4.54,dbms,clickbench,postgresql-plain-indexed-load,1,ip-172-31-24-15,olap,benchANT
2026-05-17 08:24:00+00:00,system,load15,4.55,dbms,clickbench,postgresql-plain-indexed-load,1,ip-172-31-24-15,olap,benchANT
2026-05-17 08:24:10+00:00,system,load15,4.55,dbms,clickbench,postgresql-plain-indexed-load,1,ip-172-31-24-15,olap,benchANT
2026-05-17 08:24:20+00:00,system,load15,4.56,dbms,clickbench,postgresql-plain-indexed-load,1,ip-172-31-24-15,olap,benchANT
2026-05-17 08:24:30+00:00,system,load15,4.56,dbms,clickbench,postgresql-plain-indexed-load,1,ip-172-31-24-15,olap,benchANT
2026-05-17 08:24:40+00:00,system,load15,4.57,dbms,clickbench,postgresql-plain-indexed-load,1,ip-172-31-24-15,olap,benchANT
2026-05-17 08:24:50+00:00,system,load15,4.57,dbms,clickbench,postgresql-plain-indexed-load,1,ip-172-31-24-15,olap,benchANT
2026-05-17 08:25:00+00:00,system,load15,4.58,dbms,clickbench,postgresql-plain-indexed-load,1,ip-172-31-24-15,olap,benchANT
2026-05-17 08:25:10+00:00,system,load15,4.58,dbms,clickbench,postgresql-plain-indexed-load,1,ip-172-31-24-15,olap,benchANT
2026-05-17 08:25:20+00:00,system,load15,4.59,dbms,clickbench,postgresql-plain-indexed-load,1,ip-172-31-24-15,olap,benchANT
2026-05-17 08:25:30+00:00,system,load15,4.59,dbms,clickbench,postgresql-plain-indexed-load,1,ip-172-31-24-15,olap,benchANT
2026-05-17 08:25:40+00:00,system,load15,4.6,dbms,clickbench,postgresql-plain-indexed-load,1,ip-172-31-24-15,olap,benchANT
2026-05-17 08:25:50+00:00,system,load15,4.61,dbms,clickbench,postgresql-plain-indexed-load,1,ip-172-31-24-15,olap,benchANT
2026-05-17 08:26:00+00:00,system,load15,4.61,dbms,clickbench,postgresql-plain-indexed-load,1,ip-172-31-24-15,olap,benchANT
2026-05-17 08:26:10+00:00,system,load15,4.62,dbms,clickbench,postgresql-plain-indexed-load,1,ip-172-31-24-15,olap,benchANT
2026-05-17 08:26:20+00:00,system,load15,4.62,dbms,clickbench,postgresql-plain-indexed-load,1,ip-172-31-24-15,olap,benchANT
2026-05-17 08:26:30+00:00,system,load15,4.62,dbms,clickbench,postgresql-plain-indexed-load,1,ip-172-31-24-15,olap,benchANT
2026-05-17 08:26:40+00:00,system,load15,4.63,dbms,clickbench,postgresql-plain-indexed-load,1,ip-172-31-24-15,olap,benchANT
2026-05-17 08:26:50+00:00,system,load15,4.63,dbms,clickbench,postgresql-plain-indexed-load,1,ip-172-31-24-15,olap,benchANT
2026-05-17 08:27:00+00:00,system,load15,4.64,dbms,clickbench,postgresql-plain-indexed-load,1,ip-172-31-24-15,olap,benchANT
2026-05-17 08:27:10+00:00,system,load15,4.64,dbms,clickbench,postgresql-plain-indexed-load,1,ip-172-31-24-15,olap,benchANT
2026-05-17 08:27:20+00:00,system,load15,4.65,dbms,clickbench,postgresql-plain-indexed-load,1,ip-172-31-24-15,olap,benchANT
2026-05-17 08:27:30+00:00,system,load15,4.65,dbms,clickbench,postgresql-plain-indexed-load,1,ip-172-31-24-15,olap,benchANT
2026-05-17 08:27:40+00:00,system,load15,4.65,dbms,clickbench,postgresql-plain-indexed-load,1,ip-172-31-24-15,olap,benchANT
2026-05-17 08:27:50+00:00,system,load15,4.66,dbms,clickbench,postgresql-plain-indexed-load,1,ip-172-31-24-15,olap,benchANT
2026-05-17 08:28:00+00:00,system,load15,4.66,dbms,clickbench,postgresql-plain-indexed-load,1,ip-172-31-24-15,olap,benchANT
2026-05-17 08:28:10+00:00,system,load15,4.67,dbms,clickbench,postgresql-plain-indexed-load,1,ip-172-31-24-15,olap,benchANT
2026-05-17 08:28:20+00:00,system,load15,4.67,dbms,clickbench,postgresql-plain-indexed-load,1,ip-172-31-24-15,olap,benchANT
2026-05-17 08:28:30+00:00,system,load15,4.67,dbms,clickbench,postgresql-plain-indexed-load,1,ip-172-31-24-15,olap,benchANT
2026-05-17 08:28:40+00:00,system,load15,4.68,dbms,clickbench,postgresql-plain-indexed-load,1,ip-172-31-24-15,olap,benchANT
2026-05-17 08:28:50+00:00,system,load15,4.68,dbms,clickbench,postgresql-plain-indexed-load,1,ip-172-31-24-15,olap,benchANT
2026-05-17 08:29:00+00:00,system,load15,4.69,dbms,clickbench,postgresql-plain-indexed-load,1,ip-172-31-24-15,olap,benchANT
2026-05-17 08:29:10+00:00,system,load15,4.69,dbms,clickbench,postgresql-plain-indexed-load,1,ip-172-31-24-15,olap,benchANT
2026-05-17 08:29:20+00:00,system,load15,4.69,dbms,clickbench,postgresql-plain-indexed-load,1,ip-172-31-24-15,olap,benchANT
2026-05-17 08:29:30+00:00,system,load15,4.7,dbms,clickbench,postgresql-plain-indexed-load,1,ip-172-31-24-15,olap,benchANT
2026-05-17 08:29:40+00:00,system,load15,4.7,dbms,clickbench,postgresql-plain-indexed-load,1,ip-172-31-24-15,olap,benchANT
2026-05-17 08:29:50+00:00,system,load15,4.71,dbms,clickbench,postgresql-plain-indexed-load,1,ip-172-31-24-15,olap,benchANT
2026-05-17 08:30:00+00:00,system,load15,4.71,dbms,clickbench,postgresql-plain-indexed-load,1,ip-172-31-24-15,olap,benchANT
2026-05-17 08:30:10+00:00,system,load15,4.71,dbms,clickbench,postgresql-plain-indexed-load,1,ip-172-31-24-15,olap,benchANT
2026-05-17 08:30:20+00:00,system,load15,4.72,dbms,clickbench,postgresql-plain-indexed-load,1,ip-172-31-24-15,olap,benchANT
2026-05-17 08:30:30+00:00,system,load15,4.72,dbms,clickbench,postgresql-plain-indexed-load,1,ip-172-31-24-15,olap,benchANT
2026-05-17 08:30:40+00:00,system,load15,4.72,dbms,clickbench,postgresql-plain-indexed-load,1,ip-172-31-24-15,olap,benchANT
2026-05-17 08:30:50+00:00,system,load15,4.73,dbms,clickbench,postgresql-plain-indexed-load,1,ip-172-31-24-15,olap,benchANT
2026-05-17 08:31:00+00:00,system,load15,4.73,dbms,clickbench,postgresql-plain-indexed-load,1,ip-172-31-24-15,olap,benchANT
2026-05-17 08:31:10+00:00,system,load15,4.73,dbms,clickbench,postgresql-plain-indexed-load,1,ip-172-31-24-15,olap,benchANT
2026-05-17 08:31:20+00:00,system,load15,4.74,dbms,clickbench,postgresql-plain-indexed-load,1,ip-172-31-24-15,olap,benchANT
2026-05-17 08:31:30+00:00,system,load15,4.74,dbms,clickbench,postgresql-plain-indexed-load,1,ip-172-31-24-15,olap,benchANT
2026-05-17 08:31:40+00:00,system,load15,4.75,dbms,clickbench,postgresql-plain-indexed-load,1,ip-172-31-24-15,olap,benchANT
2026-05-17 08:31:50+00:00,system,load15,4.75,dbms,clickbench,postgresql-plain-indexed-load,1,ip-172-31-24-15,olap,benchANT
2026-05-17 08:32:00+00:00,system,load15,4.75,dbms,clickbench,postgresql-plain-indexed-load,1,ip-172-31-24-15,olap,benchANT
2026-05-17 08:32:10+00:00,system,load15,4.76,dbms,clickbench,postgresql-plain-indexed-load,1,ip-172-31-24-15,olap,benchANT
2026-05-17 08:32:20+00:00,system,load15,4.76,dbms,clickbench,postgresql-plain-indexed-load,1,ip-172-31-24-15,olap,benchANT
2026-05-17 08:32:30+00:00,system,load15,4.76,dbms,clickbench,postgresql-plain-indexed-load,1,ip-172-31-24-15,olap,benchANT
2026-05-17 08:32:40+00:00,system,load15,4.77,dbms,clickbench,postgresql-plain-indexed-load,1,ip-172-31-24-15,olap,benchANT
2026-05-17 08:32:50+00:00,system,load15,4.77,dbms,clickbench,postgresql-plain-indexed-load,1,ip-172-31-24-15,olap,benchANT
2026-05-17 08:33:00+00:00,system,load15,4.77,dbms,clickbench,postgresql-plain-indexed-load,1,ip-172-31-24-15,olap,benchANT
2026-05-17 08:33:10+00:00,system,load15,4.78,dbms,clickbench,postgresql-plain-indexed-load,1,ip-172-31-24-15,olap,benchANT
2026-05-17 08:33:20+00:00,system,load15,4.78,dbms,clickbench,postgresql-plain-indexed-load,1,ip-172-31-24-15,olap,benchANT
2026-05-17 08:33:30+00:00,system,load15,4.78,dbms,clickbench,postgresql-plain-indexed-load,1,ip-172-31-24-15,olap,benchANT
2026-05-17 08:33:40+00:00,system,load15,4.78,dbms,clickbench,postgresql-plain-indexed-load,1,ip-172-31-24-15,olap,benchANT
2026-05-17 08:33:50+00:00,system,load15,4.79,dbms,clickbench,postgresql-plain-indexed-load,1,ip-172-31-24-15,olap,benchANT
2026-05-17 08:34:00+00:00,system,load15,4.79,dbms,clickbench,postgresql-plain-indexed-load,1,ip-172-31-24-15,olap,benchANT
2026-05-17 08:34:10+00:00,system,load15,4.79,dbms,clickbench,postgresql-plain-indexed-load,1,ip-172-31-24-15,olap,benchANT
2026-05-17 08:34:20+00:00,system,load15,4.8,dbms,clickbench,postgresql-plain-indexed-load,1,ip-172-31-24-15,olap,benchANT
2026-05-17 08:34:30+00:00,system,load15,4.8,dbms,clickbench,postgresql-plain-indexed-load,1,ip-172-31-24-15,olap,benchANT
2026-05-17 08:34:40+00:00,system,load15,4.8,dbms,clickbench,postgresql-plain-indexed-load,1,ip-172-31-24-15,olap,benchANT
2026-05-17 08:34:50+00:00,system,load15,4.8,dbms,clickbench,postgresql-plain-indexed-load,1,ip-172-31-24-15,olap,benchANT
2026-05-17 08:35:00+00:00,system,load15,4.81,dbms,clickbench,postgresql-plain-indexed-load,1,ip-172-31-24-15,olap,benchANT
2026-05-17 08:35:10+00:00,system,load15,4.81,dbms,clickbench,postgresql-plain-indexed-load,1,ip-172-31-24-15,olap,benchANT
2026-05-17 08:35:20+00:00,system,load15,4.81,dbms,clickbench,postgresql-plain-indexed-load,1,ip-172-31-24-15,olap,benchANT
2026-05-17 08:35:30+00:00,system,load15,4.82,dbms,clickbench,postgresql-plain-indexed-load,1,ip-172-31-24-15,olap,benchANT
2026-05-17 08:35:40+00:00,system,load15,4.82,dbms,clickbench,postgresql-plain-indexed-load,1,ip-172-31-24-15,olap,benchANT
2026-05-17 08:35:50+00:00,system,load15,4.82,dbms,clickbench,postgresql-plain-indexed-load,1,ip-172-31-24-15,olap,benchANT
2026-05-17 08:36:00+00:00,system,load15,4.82,dbms,clickbench,postgresql-plain-indexed-load,1,ip-172-31-24-15,olap,benchANT
2026-05-17 08:36:10+00:00,system,load15,4.83,dbms,clickbench,postgresql-plain-indexed-load,1,ip-172-31-24-15,olap,benchANT
2026-05-17 08:36:20+00:00,system,load15,4.83,dbms,clickbench,postgresql-plain-indexed-load,1,ip-172-31-24-15,olap,benchANT
2026-05-17 08:36:30+00:00,system,load15,4.83,dbms,clickbench,postgresql-plain-indexed-load,1,ip-172-31-24-15,olap,benchANT
2026-05-17 08:36:40+00:00,system,load15,4.83,dbms,clickbench,postgresql-plain-indexed-load,1,ip-172-31-24-15,olap,benchANT
2026-05-17 08:36:50+00:00,system,load15,4.83,dbms,clickbench,postgresql-plain-indexed-load,1,ip-172-31-24-15,olap,benchANT
2026-05-17 08:37:00+00:00,system,load15,4.83,dbms,clickbench,postgresql-plain-indexed-load,1,ip-172-31-24-15,olap,benchANT
2026-05-17 08:37:10+00:00,system,load15,4.84,dbms,clickbench,postgresql-plain-indexed-load,1,ip-172-31-24-15,olap,benchANT
2026-05-17 08:37:20+00:00,system,load15,4.84,dbms,clickbench,postgresql-plain-indexed-load,1,ip-172-31-24-15,olap,benchANT
2026-05-17 08:37:30+00:00,system,load15,4.84,dbms,clickbench,postgresql-plain-indexed-load,1,ip-172-31-24-15,olap,benchANT
2026-05-17 08:37:40+00:00,system,load15,4.84,dbms,clickbench,postgresql-plain-indexed-load,1,ip-172-31-24-15,olap,benchANT
2026-05-17 08:37:50+00:00,system,load15,4.84,dbms,clickbench,postgresql-plain-indexed-load,1,ip-172-31-24-15,olap,benchANT
2026-05-17 08:38:00+00:00,system,load15,4.85,dbms,clickbench,postgresql-plain-indexed-load,1,ip-172-31-24-15,olap,benchANT
2026-05-17 08:38:10+00:00,system,load15,4.85,dbms,clickbench,postgresql-plain-indexed-load,1,ip-172-31-24-15,olap,benchANT
2026-05-17 08:38:20+00:00,system,load15,4.85,dbms,clickbench,postgresql-plain-indexed-load,1,ip-172-31-24-15,olap,benchANT
2026-05-17 08:38:30+00:00,system,load15,4.85,dbms,clickbench,postgresql-plain-indexed-load,1,ip-172-31-24-15,olap,benchANT
2026-05-17 08:38:40+00:00,system,load15,4.85,dbms,clickbench,postgresql-plain-indexed-load,1,ip-172-31-24-15,olap,benchANT
2026-05-17 08:38:50+00:00,system,load15,4.86,dbms,clickbench,postgresql-plain-indexed-load,1,ip-172-31-24-15,olap,benchANT
2026-05-17 08:39:00+00:00,system,load15,4.86,dbms,clickbench,postgresql-plain-indexed-load,1,ip-172-31-24-15,olap,benchANT
2026-05-17 08:39:10+00:00,system,load15,4.86,dbms,clickbench,postgresql-plain-indexed-load,1,ip-172-31-24-15,olap,benchANT
2026-05-17 08:39:20+00:00,system,load15,4.86,dbms,clickbench,postgresql-plain-indexed-load,1,ip-172-31-24-15,olap,benchANT
2026-05-17 08:39:30+00:00,system,load15,4.86,dbms,clickbench,postgresql-plain-indexed-load,1,ip-172-31-24-15,olap,benchANT
2026-05-17 08:39:40+00:00,system,load15,4.87,dbms,clickbench,postgresql-plain-indexed-load,1,ip-172-31-24-15,olap,benchANT
2026-05-17 08:39:50+00:00,system,load15,4.87,dbms,clickbench,postgresql-plain-indexed-load,1,ip-172-31-24-15,olap,benchANT
2026-05-17 08:40:00+00:00,system,load15,4.85,dbms,clickbench,postgresql-plain-indexed-load,1,ip-172-31-24-15,olap,benchANT
2026-05-17 08:40:10+00:00,system,load15,4.81,dbms,clickbench,postgresql-plain-indexed-load,1,ip-172-31-24-15,olap,benchANT
2026-05-17 08:40:20+00:00,system,load15,4.77,dbms,clickbench,postgresql-plain-indexed-load,1,ip-172-31-24-15,olap,benchANT
2026-05-17 08:40:30+00:00,system,load15,4.72,dbms,clickbench,postgresql-plain-indexed-load,1,ip-172-31-24-15,olap,benchANT
2026-05-17 08:40:40+00:00,system,load15,4.71,dbms,clickbench,postgresql-plain-indexed-load,1,ip-172-31-24-15,olap,benchANT
2026-05-17 08:40:50+00:00,system,load15,4.71,dbms,clickbench,postgresql-plain-indexed-load,1,ip-172-31-24-15,olap,benchANT
2026-05-17 08:41:00+00:00,system,load15,4.71,dbms,clickbench,postgresql-plain-indexed-load,1,ip-172-31-24-15,olap,benchANT
2026-05-17 08:41:10+00:00,system,load15,4.72,dbms,clickbench,postgresql-plain-indexed-load,1,ip-172-31-24-15,olap,benchANT
2026-05-17 08:41:20+00:00,system,load15,4.72,dbms,clickbench,postgresql-plain-indexed-load,1,ip-172-31-24-15,olap,benchANT
2026-05-17 08:41:30+00:00,system,load15,4.73,dbms,clickbench,postgresql-plain-indexed-load,1,ip-172-31-24-15,olap,benchANT
2026-05-17 08:41:40+00:00,system,load15,4.73,dbms,clickbench,postgresql-plain-indexed-load,1,ip-172-31-24-15,olap,benchANT
2026-05-17 08:41:50+00:00,system,load15,4.73,dbms,clickbench,postgresql-plain-indexed-load,1,ip-172-31-24-15,olap,benchANT
2026-05-17 08:42:00+00:00,system,load15,4.73,dbms,clickbench,postgresql-plain-indexed-load,1,ip-172-31-24-15,olap,benchANT
2026-05-17 08:42:10+00:00,system,load15,4.74,dbms,clickbench,postgresql-plain-indexed-load,1,ip-172-31-24-15,olap,benchANT
2026-05-17 08:42:20+00:00,system,load15,4.74,dbms,clickbench,postgresql-plain-indexed-load,1,ip-172-31-24-15,olap,benchANT
2026-05-17 08:42:30+00:00,system,load15,4.74,dbms,clickbench,postgresql-plain-indexed-load,1,ip-172-31-24-15,olap,benchANT
2026-05-17 08:42:40+00:00,system,load15,4.75,dbms,clickbench,postgresql-plain-indexed-load,1,ip-172-31-24-15,olap,benchANT
2026-05-17 08:42:50+00:00,system,load15,4.75,dbms,clickbench,postgresql-plain-indexed-load,1,ip-172-31-24-15,olap,benchANT
2026-05-17 08:43:00+00:00,system,load15,4.76,dbms,clickbench,postgresql-plain-indexed-load,1,ip-172-31-24-15,olap,benchANT
2026-05-17 08:43:10+00:00,system,load15,4.76,dbms,clickbench,postgresql-plain-indexed-load,1,ip-172-31-24-15,olap,benchANT
2026-05-17 08:43:20+00:00,system,load15,4.76,dbms,clickbench,postgresql-plain-indexed-load,1,ip-172-31-24-15,olap,benchANT
2026-05-17 08:43:30+00:00,system,load15,4.77,dbms,clickbench,postgresql-plain-indexed-load,1,ip-172-31-24-15,olap,benchANT
2026-05-17 08:43:40+00:00,system,load15,4.77,dbms,clickbench,postgresql-plain-indexed-load,1,ip-172-31-24-15,olap,benchANT
2026-05-17 08:43:50+00:00,system,load15,4.77,dbms,clickbench,postgresql-plain-indexed-load,1,ip-172-31-24-15,olap,benchANT
2026-05-17 08:44:00+00:00,system,load15,4.78,dbms,clickbench,postgresql-plain-indexed-load,1,ip-172-31-24-15,olap,benchANT
2026-05-17 08:44:10+00:00,system,load15,4.78,dbms,clickbench,postgresql-plain-indexed-load,1,ip-172-31-24-15,olap,benchANT
2026-05-17 08:44:20+00:00,system,load15,4.78,dbms,clickbench,postgresql-plain-indexed-load,1,ip-172-31-24-15,olap,benchANT
2026-05-17 08:44:30+00:00,system,load15,4.78,dbms,clickbench,postgresql-plain-indexed-load,1,ip-172-31-24-15,olap,benchANT
2026-05-17 08:44:40+00:00,system,load15,4.79,dbms,clickbench,postgresql-plain-indexed-load,1,ip-172-31-24-15,olap,benchANT
2026-05-17 08:44:50+00:00,system,load15,4.79,dbms,clickbench,postgresql-plain-indexed-load,1,ip-172-31-24-15,olap,benchANT
2026-05-17 08:45:00+00:00,system,load15,4.79,dbms,clickbench,postgresql-plain-indexed-load,1,ip-172-31-24-15,olap,benchANT
2026-05-17 08:45:10+00:00,system,load15,4.8,dbms,clickbench,postgresql-plain-indexed-load,1,ip-172-31-24-15,olap,benchANT
2026-05-17 08:45:20+00:00,system,load15,4.8,dbms,clickbench,postgresql-plain-indexed-load,1,ip-172-31-24-15,olap,benchANT
2026-05-17 08:45:30+00:00,system,load15,4.8,dbms,clickbench,postgresql-plain-indexed-load,1,ip-172-31-24-15,olap,benchANT
2026-05-17 08:45:40+00:00,system,load15,4.8,dbms,clickbench,postgresql-plain-indexed-load,1,ip-172-31-24-15,olap,benchANT
2026-05-17 08:45:50+00:00,system,load15,4.81,dbms,clickbench,postgresql-plain-indexed-load,1,ip-172-31-24-15,olap,benchANT
2026-05-17 08:46:00+00:00,system,load15,4.81,dbms,clickbench,postgresql-plain-indexed-load,1,ip-172-31-24-15,olap,benchANT
2026-05-17 08:46:10+00:00,system,load15,4.81,dbms,clickbench,postgresql-plain-indexed-load,1,ip-172-31-24-15,olap,benchANT
2026-05-17 08:46:20+00:00,system,load15,4.82,dbms,clickbench,postgresql-plain-indexed-load,1,ip-172-31-24-15,olap,benchANT
2026-05-17 08:46:30+00:00,system,load15,4.82,dbms,clickbench,postgresql-plain-indexed-load,1,ip-172-31-24-15,olap,benchANT
2026-05-17 08:46:40+00:00,system,load15,4.83,dbms,clickbench,postgresql-plain-indexed-load,1,ip-172-31-24-15,olap,benchANT
2026-05-17 08:46:50+00:00,system,load15,4.83,dbms,clickbench,postgresql-plain-indexed-load,1,ip-172-31-24-15,olap,benchANT
2026-05-17 08:47:00+00:00,system,load15,4.83,dbms,clickbench,postgresql-plain-indexed-load,1,ip-172-31-24-15,olap,benchANT
2026-05-17 08:47:10+00:00,system,load15,4.83,dbms,clickbench,postgresql-plain-indexed-load,1,ip-172-31-24-15,olap,benchANT
2026-05-17 08:47:20+00:00,system,load15,4.83,dbms,clickbench,postgresql-plain-indexed-load,1,ip-172-31-24-15,olap,benchANT
2026-05-17 08:47:30+00:00,system,load15,4.83,dbms,clickbench,postgresql-plain-indexed-load,1,ip-172-31-24-15,olap,benchANT
2026-05-17 08:47:40+00:00,system,load15,4.84,dbms,clickbench,postgresql-plain-indexed-load,1,ip-172-31-24-15,olap,benchANT
2026-05-17 08:47:50+00:00,system,load15,4.84,dbms,clickbench,postgresql-plain-indexed-load,1,ip-172-31-24-15,olap,benchANT
2026-05-17 08:48:00+00:00,system,load15,4.84,dbms,clickbench,postgresql-plain-indexed-load,1,ip-172-31-24-15,olap,benchANT
2026-05-17 08:48:10+00:00,system,load15,4.84,dbms,clickbench,postgresql-plain-indexed-load,1,ip-172-31-24-15,olap,benchANT
2026-05-17 08:48:20+00:00,system,load15,4.84,dbms,clickbench,postgresql-plain-indexed-load,1,ip-172-31-24-15,olap,benchANT
2026-05-17 08:48:30+00:00,system,load15,4.85,dbms,clickbench,postgresql-plain-indexed-load,1,ip-172-31-24-15,olap,benchANT
2026-05-17 08:48:40+00:00,system,load15,4.85,dbms,clickbench,postgresql-plain-indexed-load,1,ip-172-31-24-15,olap,benchANT
2026-05-17 08:48:50+00:00,system,load15,4.85,dbms,clickbench,postgresql-plain-indexed-load,1,ip-172-31-24-15,olap,benchANT
2026-05-17 08:49:00+00:00,system,load15,4.85,dbms,clickbench,postgresql-plain-indexed-load,1,ip-172-31-24-15,olap,benchANT
2026-05-17 08:49:10+00:00,system,load15,4.85,dbms,clickbench,postgresql-plain-indexed-load,1,ip-172-31-24-15,olap,benchANT
2026-05-17 08:49:20+00:00,system,load15,4.86,dbms,clickbench,postgresql-plain-indexed-load,1,ip-172-31-24-15,olap,benchANT
2026-05-17 08:49:30+00:00,system,load15,4.86,dbms,clickbench,postgresql-plain-indexed-load,1,ip-172-31-24-15,olap,benchANT
2026-05-17 08:49:40+00:00,system,load15,4.86,dbms,clickbench,postgresql-plain-indexed-load,1,ip-172-31-24-15,olap,benchANT
2026-05-17 08:49:50+00:00,system,load15,4.86,dbms,clickbench,postgresql-plain-indexed-load,1,ip-172-31-24-15,olap,benchANT
2026-05-17 08:50:00+00:00,system,load15,4.86,dbms,clickbench,postgresql-plain-indexed-load,1,ip-172-31-24-15,olap,benchANT
2026-05-17 08:50:10+00:00,system,load15,4.87,dbms,clickbench,postgresql-plain-indexed-load,1,ip-172-31-24-15,olap,benchANT
2026-05-17 08:50:20+00:00,system,load15,4.87,dbms,clickbench,postgresql-plain-indexed-load,1,ip-172-31-24-15,olap,benchANT
2026-05-17 08:50:30+00:00,system,load15,4.87,dbms,clickbench,postgresql-plain-indexed-load,1,ip-172-31-24-15,olap,benchANT
2026-05-17 08:50:40+00:00,system,load15,4.87,dbms,clickbench,postgresql-plain-indexed-load,1,ip-172-31-24-15,olap,benchANT
2026-05-17 08:50:50+00:00,system,load15,4.87,dbms,clickbench,postgresql-plain-indexed-load,1,ip-172-31-24-15,olap,benchANT
2026-05-17 08:51:00+00:00,system,load15,4.88,dbms,clickbench,postgresql-plain-indexed-load,1,ip-172-31-24-15,olap,benchANT
2026-05-17 08:51:10+00:00,system,load15,4.88,dbms,clickbench,postgresql-plain-indexed-load,1,ip-172-31-24-15,olap,benchANT
2026-05-17 08:51:20+00:00,system,load15,4.89,dbms,clickbench,postgresql-plain-indexed-load,1,ip-172-31-24-15,olap,benchANT
2026-05-17 08:51:30+00:00,system,load15,4.89,dbms,clickbench,postgresql-plain-indexed-load,1,ip-172-31-24-15,olap,benchANT
2026-05-17 08:51:40+00:00,system,load15,4.89,dbms,clickbench,postgresql-plain-indexed-load,1,ip-172-31-24-15,olap,benchANT
2026-05-17 08:51:50+00:00,system,load15,4.9,dbms,clickbench,postgresql-plain-indexed-load,1,ip-172-31-24-15,olap,benchANT
2026-05-17 08:52:00+00:00,system,load15,4.9,dbms,clickbench,postgresql-plain-indexed-load,1,ip-172-31-24-15,olap,benchANT
2026-05-17 08:52:10+00:00,system,load15,4.91,dbms,clickbench,postgresql-plain-indexed-load,1,ip-172-31-24-15,olap,benchANT
2026-05-17 08:52:20+00:00,system,load15,4.91,dbms,clickbench,postgresql-plain-indexed-load,1,ip-172-31-24-15,olap,benchANT
2026-05-17 08:52:30+00:00,system,load15,4.91,dbms,clickbench,postgresql-plain-indexed-load,1,ip-172-31-24-15,olap,benchANT
2026-05-17 08:52:40+00:00,system,load15,4.92,dbms,clickbench,postgresql-plain-indexed-load,1,ip-172-31-24-15,olap,benchANT
2026-05-17 08:52:50+00:00,system,load15,4.92,dbms,clickbench,postgresql-plain-indexed-load,1,ip-172-31-24-15,olap,benchANT
2026-05-17 08:53:00+00:00,system,load15,4.92,dbms,clickbench,postgresql-plain-indexed-load,1,ip-172-31-24-15,olap,benchANT
2026-05-17 08:53:10+00:00,system,load15,4.92,dbms,clickbench,postgresql-plain-indexed-load,1,ip-172-31-24-15,olap,benchANT
2026-05-17 08:53:20+00:00,system,load15,4.93,dbms,clickbench,postgresql-plain-indexed-load,1,ip-172-31-24-15,olap,benchANT
2026-05-17 08:53:30+00:00,system,load15,4.93,dbms,clickbench,postgresql-plain-indexed-load,1,ip-172-31-24-15,olap,benchANT
2026-05-17 08:53:40+00:00,system,load15,4.94,dbms,clickbench,postgresql-plain-indexed-load,1,ip-172-31-24-15,olap,benchANT
2026-05-17 08:53:50+00:00,system,load15,4.94,dbms,clickbench,postgresql-plain-indexed-load,1,ip-172-31-24-15,olap,benchANT
2026-05-17 08:54:00+00:00,system,load15,4.94,dbms,clickbench,postgresql-plain-indexed-load,1,ip-172-31-24-15,olap,benchANT
2026-05-17 08:54:10+00:00,system,load15,4.95,dbms,clickbench,postgresql-plain-indexed-load,1,ip-172-31-24-15,olap,benchANT
2026-05-17 08:54:20+00:00,system,load15,4.95,dbms,clickbench,postgresql-plain-indexed-load,1,ip-172-31-24-15,olap,benchANT
2026-05-17 08:54:30+00:00,system,load15,4.95,dbms,clickbench,postgresql-plain-indexed-load,1,ip-172-31-24-15,olap,benchANT
2026-05-17 08:54:40+00:00,system,load15,4.96,dbms,clickbench,postgresql-plain-indexed-load,1,ip-172-31-24-15,olap,benchANT
2026-05-17 08:54:50+00:00,system,load15,4.96,dbms,clickbench,postgresql-plain-indexed-load,1,ip-172-31-24-15,olap,benchANT
2026-05-17 08:55:00+00:00,system,load15,4.96,dbms,clickbench,postgresql-plain-indexed-load,1,ip-172-31-24-15,olap,benchANT
2026-05-17 08:55:10+00:00,system,load15,4.97,dbms,clickbench,postgresql-plain-indexed-load,1,ip-172-31-24-15,olap,benchANT
2026-05-17 08:55:20+00:00,system,load15,4.97,dbms,clickbench,postgresql-plain-indexed-load,1,ip-172-31-24-15,olap,benchANT
2026-05-17 08:55:30+00:00,system,load15,4.97,dbms,clickbench,postgresql-plain-indexed-load,1,ip-172-31-24-15,olap,benchANT
2026-05-17 08:55:40+00:00,system,load15,4.97,dbms,clickbench,postgresql-plain-indexed-load,1,ip-172-31-24-15,olap,benchANT
2026-05-17 08:55:50+00:00,system,load15,4.99,dbms,clickbench,postgresql-plain-indexed-load,1,ip-172-31-24-15,olap,benchANT
2026-05-17 08:56:00+00:00,system,load15,4.99,dbms,clickbench,postgresql-plain-indexed-load,1,ip-172-31-24-15,olap,benchANT
2026-05-17 08:56:10+00:00,system,load15,4.99,dbms,clickbench,postgresql-plain-indexed-load,1,ip-172-31-24-15,olap,benchANT
2026-05-17 08:56:20+00:00,system,load15,5.0,dbms,clickbench,postgresql-plain-indexed-load,1,ip-172-31-24-15,olap,benchANT
2026-05-17 08:56:30+00:00,system,load15,5.01,dbms,clickbench,postgresql-plain-indexed-load,1,ip-172-31-24-15,olap,benchANT
2026-05-17 08:56:40+00:00,system,load15,5.02,dbms,clickbench,postgresql-plain-indexed-load,1,ip-172-31-24-15,olap,benchANT
2026-05-17 08:56:50+00:00,system,load15,5.02,dbms,clickbench,postgresql-plain-indexed-load,1,ip-172-31-24-15,olap,benchANT
2026-05-17 08:57:00+00:00,system,load15,5.01,dbms,clickbench,postgresql-plain-indexed-load,1,ip-172-31-24-15,olap,benchANT
2026-05-17 08:57:10+00:00,system,load15,5.02,dbms,clickbench,postgresql-plain-indexed-load,1,ip-172-31-24-15,olap,benchANT
2026-05-17 08:57:20+00:00,system,load15,5.02,dbms,clickbench,postgresql-plain-indexed-load,1,ip-172-31-24-15,olap,benchANT
2026-05-17 08:57:30+00:00,system,load15,5.02,dbms,clickbench,postgresql-plain-indexed-load,1,ip-172-31-24-15,olap,benchANT
2026-05-17 08:57:40+00:00,system,load15,5.02,dbms,clickbench,postgresql-plain-indexed-load,1,ip-172-31-24-15,olap,benchANT
2026-05-17 08:57:50+00:00,system,load15,4.99,dbms,clickbench,postgresql-plain-indexed-load,1,ip-172-31-24-15,olap,benchANT
2026-05-17 08:58:00+00:00,system,load15,4.96,dbms,clickbench,postgresql-plain-indexed-load,1,ip-172-31-24-15,olap,benchANT
2026-05-17 08:58:10+00:00,system,load15,4.91,dbms,clickbench,postgresql-plain-indexed-load,1,ip-172-31-24-15,olap,benchANT
2026-05-17 08:58:20+00:00,system,load15,4.87,dbms,clickbench,postgresql-plain-indexed-load,1,ip-172-31-24-15,olap,benchANT
2026-05-17 08:58:30+00:00,system,load15,4.84,dbms,clickbench,postgresql-plain-indexed-load,1,ip-172-31-24-15,olap,benchANT
2026-05-17 08:58:40+00:00,system,load15,4.82,dbms,clickbench,postgresql-plain-indexed-load,1,ip-172-31-24-15,olap,benchANT
2026-05-17 08:58:50+00:00,system,load15,4.78,dbms,clickbench,postgresql-plain-indexed-load,1,ip-172-31-24-15,olap,benchANT
2026-05-17 08:59:00+00:00,system,load15,4.74,dbms,clickbench,postgresql-plain-indexed-load,1,ip-172-31-24-15,olap,benchANT
2026-05-17 08:59:10+00:00,system,load15,4.7,dbms,clickbench,postgresql-plain-indexed-load,1,ip-172-31-24-15,olap,benchANT
2026-05-17 08:59:20+00:00,system,load15,4.66,dbms,clickbench,postgresql-plain-indexed-load,1,ip-172-31-24-15,olap,benchANT
2026-05-17 08:59:30+00:00,system,load15,4.62,dbms,clickbench,postgresql-plain-indexed-load,1,ip-172-31-24-15,olap,benchANT
2026-05-17 08:59:40+00:00,system,load15,4.58,dbms,clickbench,postgresql-plain-indexed-load,1,ip-172-31-24-15,olap,benchANT
2026-05-17 08:59:50+00:00,system,load15,4.54,dbms,clickbench,postgresql-plain-indexed-load,1,ip-172-31-24-15,olap,benchANT
2026-05-17 09:00:00+00:00,system,load15,4.5,dbms,clickbench,postgresql-plain-indexed-load,1,ip-172-31-24-15,olap,benchANT
2026-05-17 09:00:10+00:00,system,load15,4.46,dbms,clickbench,postgresql-plain-indexed-load,1,ip-172-31-24-15,olap,benchANT
2026-05-17 09:00:20+00:00,system,load15,4.42,dbms,clickbench,postgresql-plain-indexed-load,1,ip-172-31-24-15,olap,benchANT
2026-05-17 09:00:30+00:00,system,load15,4.39,dbms,clickbench,postgresql-plain-indexed-load,1,ip-172-31-24-15,olap,benchANT
2026-05-17 09:00:40+00:00,system,load15,4.35,dbms,clickbench,postgresql-plain-indexed-load,1,ip-172-31-24-15,olap,benchANT
2026-05-17 09:00:50+00:00,system,load15,4.31,dbms,clickbench,postgresql-plain-indexed-load,1,ip-172-31-24-15,olap,benchANT
2026-05-17 09:01:00+00:00,system,load15,4.28,dbms,clickbench,postgresql-plain-indexed-load,1,ip-172-31-24-15,olap,benchANT
2026-05-17 09:01:10+00:00,system,load15,4.24,dbms,clickbench,postgresql-plain-indexed-load,1,ip-172-31-24-15,olap,benchANT
2026-05-17 09:01:20+00:00,system,load15,4.21,dbms,clickbench,postgresql-plain-indexed-load,1,ip-172-31-24-15,olap,benchANT
2026-05-17 09:01:30+00:00,system,load15,4.17,dbms,clickbench,postgresql-plain-indexed-load,1,ip-172-31-24-15,olap,benchANT
2026-05-17 09:01:40+00:00,system,load15,4.14,dbms,clickbench,postgresql-plain-indexed-load,1,ip-172-31-24-15,olap,benchANT
2026-05-17 09:01:50+00:00,system,load15,4.11,dbms,clickbench,postgresql-plain-indexed-load,1,ip-172-31-24-15,olap,benchANT
2026-05-17 09:02:00+00:00,system,load15,4.08,dbms,clickbench,postgresql-plain-indexed-load,1,ip-172-31-24-15,olap,benchANT
2026-05-17 09:02:10+00:00,system,load15,4.04,dbms,clickbench,postgresql-plain-indexed-load,1,ip-172-31-24-15,olap,benchANT
2026-05-17 09:02:20+00:00,system,load15,4.01,dbms,clickbench,postgresql-plain-indexed-load,1,ip-172-31-24-15,olap,benchANT
2026-05-17 09:02:30+00:00,system,load15,3.98,dbms,clickbench,postgresql-plain-indexed-load,1,ip-172-31-24-15,olap,benchANT
2026-05-17 09:02:40+00:00,system,load15,3.95,dbms,clickbench,postgresql-plain-indexed-load,1,ip-172-31-24-15,olap,benchANT
2026-05-17 09:02:50+00:00,system,load15,3.92,dbms,clickbench,postgresql-plain-indexed-load,1,ip-172-31-24-15,olap,benchANT
2026-05-17 09:03:00+00:00,system,load15,3.89,dbms,clickbench,postgresql-plain-indexed-load,1,ip-172-31-24-15,olap,benchANT
2026-05-17 09:03:10+00:00,system,load15,3.85,dbms,clickbench,postgresql-plain-indexed-load,1,ip-172-31-24-15,olap,benchANT
2026-05-17 09:03:20+00:00,system,load15,3.82,dbms,clickbench,postgresql-plain-indexed-load,1,ip-172-31-24-15,olap,benchANT
2026-05-17 09:03:30+00:00,system,load15,3.79,dbms,clickbench,postgresql-plain-indexed-load,1,ip-172-31-24-15,olap,benchANT
2026-05-17 09:03:40+00:00,system,load15,3.76,dbms,clickbench,postgresql-plain-indexed-load,1,ip-172-31-24-15,olap,benchANT
2026-05-17 09:03:50+00:00,system,load15,3.73,dbms,clickbench,postgresql-plain-indexed-load,1,ip-172-31-24-15,olap,benchANT
2026-05-17 09:04:00+00:00,system,load15,3.7,dbms,clickbench,postgresql-plain-indexed-load,1,ip-172-31-24-15,olap,benchANT
2026-05-17 09:04:10+00:00,system,load15,3.67,dbms,clickbench,postgresql-plain-indexed-load,1,ip-172-31-24-15,olap,benchANT
2026-05-17 09:04:20+00:00,system,load15,3.64,dbms,clickbench,postgresql-plain-indexed-load,1,ip-172-31-24-15,olap,benchANT
2026-05-17 09:04:30+00:00,system,load15,3.62,dbms,clickbench,postgresql-plain-indexed-load,1,ip-172-31-24-15,olap,benchANT
2026-05-17 09:04:40+00:00,system,load15,3.6,dbms,clickbench,postgresql-plain-indexed-load,1,ip-172-31-24-15,olap,benchANT
2026-05-17 09:04:50+00:00,system,load15,3.57,dbms,clickbench,postgresql-plain-indexed-load,1,ip-172-31-24-15,olap,benchANT
2026-05-17 09:05:00+00:00,system,load15,3.54,dbms,clickbench,postgresql-plain-indexed-load,1,ip-172-31-24-15,olap,benchANT
2026-05-17 09:05:10+00:00,system,load15,3.51,dbms,clickbench,postgresql-plain-indexed-load,1,ip-172-31-24-15,olap,benchANT
2026-05-17 09:05:20+00:00,system,load15,3.49,dbms,clickbench,postgresql-plain-indexed-load,1,ip-172-31-24-15,olap,benchANT
2026-05-17 09:05:30+00:00,system,load15,3.46,dbms,clickbench,postgresql-plain-indexed-load,1,ip-172-31-24-15,olap,benchANT
2026-05-17 09:05:40+00:00,system,load15,3.43,dbms,clickbench,postgresql-plain-indexed-load,1,ip-172-31-24-15,olap,benchANT
2026-05-17 09:05:50+00:00,system,load15,3.4,dbms,clickbench,postgresql-plain-indexed-load,1,ip-172-31-24-15,olap,benchANT
2026-05-17 09:06:00+00:00,system,load15,3.38,dbms,clickbench,postgresql-plain-indexed-load,1,ip-172-31-24-15,olap,benchANT
2026-05-17 09:06:10+00:00,system,load15,3.35,dbms,clickbench,postgresql-plain-indexed-load,1,ip-172-31-24-15,olap,benchANT
2026-05-17 09:06:20+00:00,system,load15,3.33,dbms,clickbench,postgresql-plain-indexed-load,1,ip-172-31-24-15,olap,benchANT
2026-05-17 09:06:30+00:00,system,load15,3.3,dbms,clickbench,postgresql-plain-indexed-load,1,ip-172-31-24-15,olap,benchANT
2026-05-17 09:06:40+00:00,system,load15,3.28,dbms,clickbench,postgresql-plain-indexed-load,1,ip-172-31-24-15,olap,benchANT
2026-05-17 09:06:50+00:00,system,load15,3.25,dbms,clickbench,postgresql-plain-indexed-load,1,ip-172-31-24-15,olap,benchANT
2026-05-17 09:07:00+00:00,system,load15,3.23,dbms,clickbench,postgresql-plain-indexed-load,1,ip-172-31-24-15,olap,benchANT
2026-05-17 09:07:10+00:00,system,load15,3.2,dbms,clickbench,postgresql-plain-indexed-load,1,ip-172-31-24-15,olap,benchANT
2026-05-17 09:07:20+00:00,system,load15,3.18,dbms,clickbench,postgresql-plain-indexed-load,1,ip-172-31-24-15,olap,benchANT
2026-05-17 09:07:30+00:00,system,load15,3.15,dbms,clickbench,postgresql-plain-indexed-load,1,ip-172-31-24-15,olap,benchANT
2026-05-17 09:07:40+00:00,system,load15,3.13,dbms,clickbench,postgresql-plain-indexed-load,1,ip-172-31-24-15,olap,benchANT
2026-05-17 09:07:50+00:00,system,load15,3.11,dbms,clickbench,postgresql-plain-indexed-load,1,ip-172-31-24-15,olap,benchANT
2026-05-17 09:08:00+00:00,system,load15,3.08,dbms,clickbench,postgresql-plain-indexed-load,1,ip-172-31-24-15,olap,benchANT
2026-05-17 09:08:10+00:00,system,load15,3.07,dbms,clickbench,postgresql-plain-indexed-load,1,ip-172-31-24-15,olap,benchANT
2026-05-17 09:08:20+00:00,system,load15,3.04,dbms,clickbench,postgresql-plain-indexed-load,1,ip-172-31-24-15,olap,benchANT
2026-05-17 09:08:30+00:00,system,load15,3.02,dbms,clickbench,postgresql-plain-indexed-load,1,ip-172-31-24-15,olap,benchANT
2026-05-17 09:08:40+00:00,system,load15,3.0,dbms,clickbench,postgresql-plain-indexed-load,1,ip-172-31-24-15,olap,benchANT
2026-05-17 09:08:50+00:00,system,load15,2.98,dbms,clickbench,postgresql-plain-indexed-load,1,ip-172-31-24-15,olap,benchANT
2026-05-17 09:09:00+00:00,system,load15,2.96,dbms,clickbench,postgresql-plain-indexed-load,1,ip-172-31-24-15,olap,benchANT
2026-05-17 09:09:10+00:00,system,load15,2.93,dbms,clickbench,postgresql-plain-indexed-load,1,ip-172-31-24-15,olap,benchANT
2026-05-17 09:09:20+00:00,system,load15,2.91,dbms,clickbench,postgresql-plain-indexed-load,1,ip-172-31-24-15,olap,benchANT
2026-05-17 09:09:30+00:00,system,load15,2.89,dbms,clickbench,postgresql-plain-indexed-load,1,ip-172-31-24-15,olap,benchANT
2026-05-17 09:09:40+00:00,system,load15,2.87,dbms,clickbench,postgresql-plain-indexed-load,1,ip-172-31-24-15,olap,benchANT
2026-05-17 09:09:50+00:00,system,load15,2.86,dbms,clickbench,postgresql-plain-indexed-load,1,ip-172-31-24-15,olap,benchANT
2026-05-17 09:10:00+00:00,system,load15,2.84,dbms,clickbench,postgresql-plain-indexed-load,1,ip-172-31-24-15,olap,benchANT
2026-05-17 09:10:10+00:00,system,load15,2.82,dbms,clickbench,postgresql-plain-indexed-load,1,ip-172-31-24-15,olap,benchANT
2026-05-17 09:10:20+00:00,system,load15,2.8,dbms,clickbench,postgresql-plain-indexed-load,1,ip-172-31-24-15,olap,benchANT
2026-05-17 09:10:30+00:00,system,load15,2.78,dbms,clickbench,postgresql-plain-indexed-load,1,ip-172-31-24-15,olap,benchANT
2026-05-17 09:10:40+00:00,system,load15,2.76,dbms,clickbench,postgresql-plain-indexed-load,1,ip-172-31-24-15,olap,benchANT
2026-05-17 09:10:50+00:00,system,load15,2.74,dbms,clickbench,postgresql-plain-indexed-load,1,ip-172-31-24-15,olap,benchANT
2026-05-17 09:11:00+00:00,system,load15,2.72,dbms,clickbench,postgresql-plain-indexed-load,1,ip-172-31-24-15,olap,benchANT
2026-05-17 09:11:10+00:00,system,load15,2.7,dbms,clickbench,postgresql-plain-indexed-load,1,ip-172-31-24-15,olap,benchANT
2026-05-17 09:11:20+00:00,system,load15,2.68,dbms,clickbench,postgresql-plain-indexed-load,1,ip-172-31-24-15,olap,benchANT
2026-05-17 09:11:30+00:00,system,load15,2.66,dbms,clickbench,postgresql-plain-indexed-load,1,ip-172-31-24-15,olap,benchANT
2026-05-17 09:11:40+00:00,system,load15,2.64,dbms,clickbench,postgresql-plain-indexed-load,1,ip-172-31-24-15,olap,benchANT
2026-05-17 09:11:50+00:00,system,load15,2.63,dbms,clickbench,postgresql-plain-indexed-load,1,ip-172-31-24-15,olap,benchANT
2026-05-17 09:12:00+00:00,system,load15,2.61,dbms,clickbench,postgresql-plain-indexed-load,1,ip-172-31-24-15,olap,benchANT
2026-05-17 09:12:10+00:00,system,load15,2.59,dbms,clickbench,postgresql-plain-indexed-load,1,ip-172-31-24-15,olap,benchANT
2026-05-17 09:12:20+00:00,system,load15,2.57,dbms,clickbench,postgresql-plain-indexed-load,1,ip-172-31-24-15,olap,benchANT
2026-05-17 09:12:30+00:00,system,load15,2.56,dbms,clickbench,postgresql-plain-indexed-load,1,ip-172-31-24-15,olap,benchANT
2026-05-17 09:12:40+00:00,system,load15,2.54,dbms,clickbench,postgresql-plain-indexed-load,1,ip-172-31-24-15,olap,benchANT
2026-05-17 09:12:50+00:00,system,load15,2.52,dbms,clickbench,postgresql-plain-indexed-load,1,ip-172-31-24-15,olap,benchANT
2026-05-17 09:13:00+00:00,system,load15,2.5,dbms,clickbench,postgresql-plain-indexed-load,1,ip-172-31-24-15,olap,benchANT
2026-05-17 09:13:10+00:00,system,load15,2.49,dbms,clickbench,postgresql-plain-indexed-load,1,ip-172-31-24-15,olap,benchANT
2026-05-17 09:13:20+00:00,system,load15,2.47,dbms,clickbench,postgresql-plain-indexed-load,1,ip-172-31-24-15,olap,benchANT
2026-05-17 09:13:30+00:00,system,load15,2.45,dbms,clickbench,postgresql-plain-indexed-load,1,ip-172-31-24-15,olap,benchANT
2026-05-17 09:13:40+00:00,system,load15,2.44,dbms,clickbench,postgresql-plain-indexed-load,1,ip-172-31-24-15,olap,benchANT
2026-05-17 09:13:50+00:00,system,load15,2.42,dbms,clickbench,postgresql-plain-indexed-load,1,ip-172-31-24-15,olap,benchANT
2026-05-17 09:14:00+00:00,system,load15,2.41,dbms,clickbench,postgresql-plain-indexed-load,1,ip-172-31-24-15,olap,benchANT
2026-05-17 09:14:10+00:00,system,load15,2.39,dbms,clickbench,postgresql-plain-indexed-load,1,ip-172-31-24-15,olap,benchANT
2026-05-17 09:14:20+00:00,system,load15,2.38,dbms,clickbench,postgresql-plain-indexed-load,1,ip-172-31-24-15,olap,benchANT
2026-05-17 09:14:30+00:00,system,load15,2.36,dbms,clickbench,postgresql-plain-indexed-load,1,ip-172-31-24-15,olap,benchANT
2026-05-17 09:14:40+00:00,system,load15,2.35,dbms,clickbench,postgresql-plain-indexed-load,1,ip-172-31-24-15,olap,benchANT
2026-05-17 09:14:50+00:00,system,load15,2.33,dbms,clickbench,postgresql-plain-indexed-load,1,ip-172-31-24-15,olap,benchANT
2026-05-17 09:15:00+00:00,system,load15,2.32,dbms,clickbench,postgresql-plain-indexed-load,1,ip-172-31-24-15,olap,benchANT
2026-05-17 09:15:10+00:00,system,load15,2.3,dbms,clickbench,postgresql-plain-indexed-load,1,ip-172-31-24-15,olap,benchANT
2026-05-17 09:15:20+00:00,system,load15,2.29,dbms,clickbench,postgresql-plain-indexed-load,1,ip-172-31-24-15,olap,benchANT
2026-05-17 09:15:30+00:00,system,load15,2.27,dbms,clickbench,postgresql-plain-indexed-load,1,ip-172-31-24-15,olap,benchANT
2026-05-17 09:15:40+00:00,system,load15,2.26,dbms,clickbench,postgresql-plain-indexed-load,1,ip-172-31-24-15,olap,benchANT
2026-05-17 09:15:50+00:00,system,load15,2.25,dbms,clickbench,postgresql-plain-indexed-load,1,ip-172-31-24-15,olap,benchANT
2026-05-17 09:16:00+00:00,system,load15,2.23,dbms,clickbench,postgresql-plain-indexed-load,1,ip-172-31-24-15,olap,benchANT
2026-05-17 09:16:10+00:00,system,load15,2.23,dbms,clickbench,postgresql-plain-indexed-load,1,ip-172-31-24-15,olap,benchANT
2026-05-17 09:16:20+00:00,system,load15,2.22,dbms,clickbench,postgresql-plain-indexed-load,1,ip-172-31-24-15,olap,benchANT
2026-05-17 09:16:30+00:00,system,load15,2.2,dbms,clickbench,postgresql-plain-indexed-load,1,ip-172-31-24-15,olap,benchANT
2026-05-17 09:16:40+00:00,system,load15,2.19,dbms,clickbench,postgresql-plain-indexed-load,1,ip-172-31-24-15,olap,benchANT
2026-05-17 09:16:50+00:00,system,load15,2.17,dbms,clickbench,postgresql-plain-indexed-load,1,ip-172-31-24-15,olap,benchANT
2026-05-17 09:17:00+00:00,system,load15,2.16,dbms,clickbench,postgresql-plain-indexed-load,1,ip-172-31-24-15,olap,benchANT
2026-05-17 09:17:10+00:00,system,load15,2.15,dbms,clickbench,postgresql-plain-indexed-load,1,ip-172-31-24-15,olap,benchANT
2026-05-17 09:17:20+00:00,system,load15,2.14,dbms,clickbench,postgresql-plain-indexed-load,1,ip-172-31-24-15,olap,benchANT
2026-05-17 09:17:30+00:00,system,load15,2.13,dbms,clickbench,postgresql-plain-indexed-load,1,ip-172-31-24-15,olap,benchANT
2026-05-17 09:17:40+00:00,system,load15,2.12,dbms,clickbench,postgresql-plain-indexed-load,1,ip-172-31-24-15,olap,benchANT
2026-05-17 09:17:50+00:00,system,load15,2.11,dbms,clickbench,postgresql-plain-indexed-load,1,ip-172-31-24-15,olap,benchANT
2026-05-17 09:18:00+00:00,system,load15,2.1,dbms,clickbench,postgresql-plain-indexed-load,1,ip-172-31-24-15,olap,benchANT
2026-05-17 09:18:10+00:00,system,load15,2.09,dbms,clickbench,postgresql-plain-indexed-load,1,ip-172-31-24-15,olap,benchANT
2026-05-17 09:18:20+00:00,system,load15,2.08,dbms,clickbench,postgresql-plain-indexed-load,1,ip-172-31-24-15,olap,benchANT
2026-05-17 09:18:30+00:00,system,load15,2.07,dbms,clickbench,postgresql-plain-indexed-load,1,ip-172-31-24-15,olap,benchANT
2026-05-17 09:18:40+00:00,system,load15,2.06,dbms,clickbench,postgresql-plain-indexed-load,1,ip-172-31-24-15,olap,benchANT
2026-05-17 09:18:50+00:00,system,load15,2.05,dbms,clickbench,postgresql-plain-indexed-load,1,ip-172-31-24-15,olap,benchANT
2026-05-17 09:19:00+00:00,system,load15,2.04,dbms,clickbench,postgresql-plain-indexed-load,1,ip-172-31-24-15,olap,benchANT
2026-05-17 09:19:10+00:00,system,load15,2.04,dbms,clickbench,postgresql-plain-indexed-load,1,ip-172-31-24-15,olap,benchANT
2026-05-17 09:19:20+00:00,system,load15,2.02,dbms,clickbench,postgresql-plain-indexed-load,1,ip-172-31-24-15,olap,benchANT
2026-05-17 09:19:30+00:00,system,load15,2.01,dbms,clickbench,postgresql-plain-indexed-load,1,ip-172-31-24-15,olap,benchANT
2026-05-17 09:19:40+00:00,system,load15,2.0,dbms,clickbench,postgresql-plain-indexed-load,1,ip-172-31-24-15,olap,benchANT
2026-05-17 09:19:50+00:00,system,load15,2.0,dbms,clickbench,postgresql-plain-indexed-load,1,ip-172-31-24-15,olap,benchANT
2026-05-17 09:20:00+00:00,system,load15,1.99,dbms,clickbench,postgresql-plain-indexed-load,1,ip-172-31-24-15,olap,benchANT
2026-05-17 09:20:10+00:00,system,load15,1.98,dbms,clickbench,postgresql-plain-indexed-load,1,ip-172-31-24-15,olap,benchANT
2026-05-17 09:20:20+00:00,system,load15,1.98,dbms,clickbench,postgresql-plain-indexed-load,1,ip-172-31-24-15,olap,benchANT
2026-05-17 09:20:30+00:00,system,load15,1.97,dbms,clickbench,postgresql-plain-indexed-load,1,ip-172-31-24-15,olap,benchANT
2026-05-17 09:20:40+00:00,system,load15,1.96,dbms,clickbench,postgresql-plain-indexed-load,1,ip-172-31-24-15,olap,benchANT
2026-05-17 09:20:50+00:00,system,load15,1.95,dbms,clickbench,postgresql-plain-indexed-load,1,ip-172-31-24-15,olap,benchANT
2026-05-17 09:21:00+00:00,system,load15,1.94,dbms,clickbench,postgresql-plain-indexed-load,1,ip-172-31-24-15,olap,benchANT
2026-05-17 09:21:10+00:00,system,load15,1.94,dbms,clickbench,postgresql-plain-indexed-load,1,ip-172-31-24-15,olap,benchANT
2026-05-17 09:21:20+00:00,system,load15,1.93,dbms,clickbench,postgresql-plain-indexed-load,1,ip-172-31-24-15,olap,benchANT
2026-05-17 09:21:30+00:00,system,load15,1.92,dbms,clickbench,postgresql-plain-indexed-load,1,ip-172-31-24-15,olap,benchANT
2026-05-17 09:21:40+00:00,system,load15,1.9,dbms,clickbench,postgresql-plain-indexed-load,1,ip-172-31-24-15,olap,benchANT
2026-05-17 09:21:50+00:00,system,load15,1.89,dbms,clickbench,postgresql-plain-indexed-load,1,ip-172-31-24-15,olap,benchANT
2026-05-17 09:22:00+00:00,system,load15,1.89,dbms,clickbench,postgresql-plain-indexed-load,1,ip-172-31-24-15,olap,benchANT
2026-05-17 09:22:10+00:00,system,load15,1.88,dbms,clickbench,postgresql-plain-indexed-load,1,ip-172-31-24-15,olap,benchANT
2026-05-17 09:22:20+00:00,system,load15,1.88,dbms,clickbench,postgresql-plain-indexed-load,1,ip-172-31-24-15,olap,benchANT
2026-05-17 09:22:30+00:00,system,load15,1.87,dbms,clickbench,postgresql-plain-indexed-load,1,ip-172-31-24-15,olap,benchANT
2026-05-17 09:22:40+00:00,system,load15,1.86,dbms,clickbench,postgresql-plain-indexed-load,1,ip-172-31-24-15,olap,benchANT
2026-05-17 09:22:50+00:00,system,load15,1.85,dbms,clickbench,postgresql-plain-indexed-load,1,ip-172-31-24-15,olap,benchANT
2026-05-17 09:23:00+00:00,system,load15,1.84,dbms,clickbench,postgresql-plain-indexed-load,1,ip-172-31-24-15,olap,benchANT
2026-05-17 09:23:10+00:00,system,load15,1.83,dbms,clickbench,postgresql-plain-indexed-load,1,ip-172-31-24-15,olap,benchANT
2026-05-17 09:23:20+00:00,system,load15,1.82,dbms,clickbench,postgresql-plain-indexed-load,1,ip-172-31-24-15,olap,benchANT
2026-05-17 09:23:30+00:00,system,load15,1.81,dbms,clickbench,postgresql-plain-indexed-load,1,ip-172-31-24-15,olap,benchANT
2026-05-17 09:23:40+00:00,system,load15,1.81,dbms,clickbench,postgresql-plain-indexed-load,1,ip-172-31-24-15,olap,benchANT
2026-05-17 09:23:50+00:00,system,load15,1.8,dbms,clickbench,postgresql-plain-indexed-load,1,ip-172-31-24-15,olap,benchANT
2026-05-17 09:24:00+00:00,system,load15,1.81,dbms,clickbench,postgresql-plain-indexed-load,1,ip-172-31-24-15,olap,benchANT
2026-05-17 09:24:10+00:00,system,load15,1.8,dbms,clickbench,postgresql-plain-indexed-load,1,ip-172-31-24-15,olap,benchANT
2026-05-17 09:24:20+00:00,system,load15,1.79,dbms,clickbench,postgresql-plain-indexed-load,1,ip-172-31-24-15,olap,benchANT
2026-05-17 09:24:30+00:00,system,load15,1.78,dbms,clickbench,postgresql-plain-indexed-load,1,ip-172-31-24-15,olap,benchANT
2026-05-17 09:24:40+00:00,system,load15,1.78,dbms,clickbench,postgresql-plain-indexed-load,1,ip-172-31-24-15,olap,benchANT
2026-05-17 09:24:50+00:00,system,load15,1.77,dbms,clickbench,postgresql-plain-indexed-load,1,ip-172-31-24-15,olap,benchANT
2026-05-17 09:25:00+00:00,system,load15,1.77,dbms,clickbench,postgresql-plain-indexed-load,1,ip-172-31-24-15,olap,benchANT
2026-05-17 09:25:10+00:00,system,load15,1.76,dbms,clickbench,postgresql-plain-indexed-load,1,ip-172-31-24-15,olap,benchANT
2026-05-17 09:25:20+00:00,system,load15,1.75,dbms,clickbench,postgresql-plain-indexed-load,1,ip-172-31-24-15,olap,benchANT
2026-05-17 09:25:30+00:00,system,load15,1.74,dbms,clickbench,postgresql-plain-indexed-load,1,ip-172-31-24-15,olap,benchANT
2026-05-17 09:25:40+00:00,system,load15,1.74,dbms,clickbench,postgresql-plain-indexed-load,1,ip-172-31-24-15,olap,benchANT
2026-05-17 09:25:50+00:00,system,load15,1.73,dbms,clickbench,postgresql-plain-indexed-load,1,ip-172-31-24-15,olap,benchANT
2026-05-17 09:26:00+00:00,system,load15,1.72,dbms,clickbench,postgresql-plain-indexed-load,1,ip-172-31-24-15,olap,benchANT
2026-05-17 09:26:10+00:00,system,load15,1.72,dbms,clickbench,postgresql-plain-indexed-load,1,ip-172-31-24-15,olap,benchANT
2026-05-17 09:26:20+00:00,system,load15,1.71,dbms,clickbench,postgresql-plain-indexed-load,1,ip-172-31-24-15,olap,benchANT
2026-05-17 09:26:30+00:00,system,load15,1.71,dbms,clickbench,postgresql-plain-indexed-load,1,ip-172-31-24-15,olap,benchANT
2026-05-17 09:26:40+00:00,system,load15,1.7,dbms,clickbench,postgresql-plain-indexed-load,1,ip-172-31-24-15,olap,benchANT
2026-05-17 09:26:50+00:00,system,load15,1.69,dbms,clickbench,postgresql-plain-indexed-load,1,ip-172-31-24-15,olap,benchANT
2026-05-17 09:27:00+00:00,system,load15,1.68,dbms,clickbench,postgresql-plain-indexed-load,1,ip-172-31-24-15,olap,benchANT
2026-05-17 09:27:10+00:00,system,load15,1.68,dbms,clickbench,postgresql-plain-indexed-load,1,ip-172-31-24-15,olap,benchANT
2026-05-17 09:27:20+00:00,system,load15,1.67,dbms,clickbench,postgresql-plain-indexed-load,1,ip-172-31-24-15,olap,benchANT
2026-05-17 09:27:30+00:00,system,load15,1.66,dbms,clickbench,postgresql-plain-indexed-load,1,ip-172-31-24-15,olap,benchANT
2026-05-17 09:27:40+00:00,system,load15,1.65,dbms,clickbench,postgresql-plain-indexed-load,1,ip-172-31-24-15,olap,benchANT
2026-05-17 09:27:50+00:00,system,load15,1.69,dbms,clickbench,postgresql-plain-indexed-load,1,ip-172-31-24-15,olap,benchANT
2026-05-17 09:28:00+00:00,system,load15,1.72,dbms,clickbench,postgresql-plain-indexed-load,1,ip-172-31-24-15,olap,benchANT
2026-05-17 09:28:10+00:00,system,load15,1.76,dbms,clickbench,postgresql-plain-indexed-load,1,ip-172-31-24-15,olap,benchANT
2026-05-17 09:28:20+00:00,system,load15,1.8,dbms,clickbench,postgresql-plain-indexed-load,1,ip-172-31-24-15,olap,benchANT
2026-05-17 09:28:30+00:00,system,load15,1.83,dbms,clickbench,postgresql-plain-indexed-load,1,ip-172-31-24-15,olap,benchANT
2026-05-17 09:28:40+00:00,system,load15,1.88,dbms,clickbench,postgresql-plain-indexed-load,1,ip-172-31-24-15,olap,benchANT
2026-05-17 09:28:50+00:00,system,load15,1.92,dbms,clickbench,postgresql-plain-indexed-load,1,ip-172-31-24-15,olap,benchANT
2026-05-17 09:29:00+00:00,system,load15,1.96,dbms,clickbench,postgresql-plain-indexed-load,1,ip-172-31-24-15,olap,benchANT
2026-05-17 09:29:10+00:00,system,load15,2.01,dbms,clickbench,postgresql-plain-indexed-load,1,ip-172-31-24-15,olap,benchANT
2026-05-17 09:29:20+00:00,system,load15,2.05,dbms,clickbench,postgresql-plain-indexed-load,1,ip-172-31-24-15,olap,benchANT
2026-05-17 09:29:30+00:00,system,load15,2.09,dbms,clickbench,postgresql-plain-indexed-load,1,ip-172-31-24-15,olap,benchANT
2026-05-17 09:29:40+00:00,system,load15,2.13,dbms,clickbench,postgresql-plain-indexed-load,1,ip-172-31-24-15,olap,benchANT
2026-05-17 09:29:50+00:00,system,load15,2.17,dbms,clickbench,postgresql-plain-indexed-load,1,ip-172-31-24-15,olap,benchANT
2026-05-17 09:30:00+00:00,system,load15,2.21,dbms,clickbench,postgresql-plain-indexed-load,1,ip-172-31-24-15,olap,benchANT
2026-05-17 09:30:10+00:00,system,load15,2.25,dbms,clickbench,postgresql-plain-indexed-load,1,ip-172-31-24-15,olap,benchANT
2026-05-17 09:30:20+00:00,system,load15,2.29,dbms,clickbench,postgresql-plain-indexed-load,1,ip-172-31-24-15,olap,benchANT
2026-05-17 09:30:30+00:00,system,load15,2.33,dbms,clickbench,postgresql-plain-indexed-load,1,ip-172-31-24-15,olap,benchANT
2026-05-17 09:30:40+00:00,system,load15,2.37,dbms,clickbench,postgresql-plain-indexed-load,1,ip-172-31-24-15,olap,benchANT
2026-05-17 09:30:50+00:00,system,load15,2.41,dbms,clickbench,postgresql-plain-indexed-load,1,ip-172-31-24-15,olap,benchANT
2026-05-17 09:31:00+00:00,system,load15,2.43,dbms,clickbench,postgresql-plain-indexed-load,1,ip-172-31-24-15,olap,benchANT
2026-05-17 09:31:10+00:00,system,load15,2.46,dbms,clickbench,postgresql-plain-indexed-load,1,ip-172-31-24-15,olap,benchANT
2026-05-17 09:31:20+00:00,system,load15,2.49,dbms,clickbench,postgresql-plain-indexed-load,1,ip-172-31-24-15,olap,benchANT
2026-05-17 09:31:30+00:00,system,load15,2.53,dbms,clickbench,postgresql-plain-indexed-load,1,ip-172-31-24-15,olap,benchANT
2026-05-17 09:31:40+00:00,system,load15,2.56,dbms,clickbench,postgresql-plain-indexed-load,1,ip-172-31-24-15,olap,benchANT
2026-05-17 09:31:50+00:00,system,load15,2.6,dbms,clickbench,postgresql-plain-indexed-load,1,ip-172-31-24-15,olap,benchANT
2026-05-17 09:32:00+00:00,system,load15,2.63,dbms,clickbench,postgresql-plain-indexed-load,1,ip-172-31-24-15,olap,benchANT
2026-05-17 09:32:10+00:00,system,load15,2.66,dbms,clickbench,postgresql-plain-indexed-load,1,ip-172-31-24-15,olap,benchANT
2026-05-17 09:32:20+00:00,system,load15,2.68,dbms,clickbench,postgresql-plain-indexed-load,1,ip-172-31-24-15,olap,benchANT
2026-05-17 09:32:30+00:00,system,load15,2.72,dbms,clickbench,postgresql-plain-indexed-load,1,ip-172-31-24-15,olap,benchANT
2026-05-17 09:32:40+00:00,system,load15,2.75,dbms,clickbench,postgresql-plain-indexed-load,1,ip-172-31-24-15,olap,benchANT
2026-05-17 09:32:50+00:00,system,load15,2.78,dbms,clickbench,postgresql-plain-indexed-load,1,ip-172-31-24-15,olap,benchANT
2026-05-17 09:33:00+00:00,system,load15,2.81,dbms,clickbench,postgresql-plain-indexed-load,1,ip-172-31-24-15,olap,benchANT
2026-05-17 09:33:10+00:00,system,load15,2.85,dbms,clickbench,postgresql-plain-indexed-load,1,ip-172-31-24-15,olap,benchANT
2026-05-17 09:33:20+00:00,system,load15,2.88,dbms,clickbench,postgresql-plain-indexed-load,1,ip-172-31-24-15,olap,benchANT
2026-05-17 09:33:30+00:00,system,load15,2.91,dbms,clickbench,postgresql-plain-indexed-load,1,ip-172-31-24-15,olap,benchANT
2026-05-17 09:33:40+00:00,system,load15,2.94,dbms,clickbench,postgresql-plain-indexed-load,1,ip-172-31-24-15,olap,benchANT
2026-05-17 09:33:50+00:00,system,load15,2.98,dbms,clickbench,postgresql-plain-indexed-load,1,ip-172-31-24-15,olap,benchANT
2026-05-17 09:34:00+00:00,system,load15,3.01,dbms,clickbench,postgresql-plain-indexed-load,1,ip-172-31-24-15,olap,benchANT
2026-05-17 09:34:10+00:00,system,load15,3.04,dbms,clickbench,postgresql-plain-indexed-load,1,ip-172-31-24-15,olap,benchANT
2026-05-17 09:34:20+00:00,system,load15,3.07,dbms,clickbench,postgresql-plain-indexed-load,1,ip-172-31-24-15,olap,benchANT
2026-05-17 09:34:30+00:00,system,load15,3.09,dbms,clickbench,postgresql-plain-indexed-load,1,ip-172-31-24-15,olap,benchANT
2026-05-17 09:34:40+00:00,system,load15,3.13,dbms,clickbench,postgresql-plain-indexed-load,1,ip-172-31-24-15,olap,benchANT
2026-05-17 09:34:50+00:00,system,load15,3.16,dbms,clickbench,postgresql-plain-indexed-load,1,ip-172-31-24-15,olap,benchANT
2026-05-17 09:35:00+00:00,system,load15,3.18,dbms,clickbench,postgresql-plain-indexed-load,1,ip-172-31-24-15,olap,benchANT
2026-05-17 09:35:10+00:00,system,load15,3.21,dbms,clickbench,postgresql-plain-indexed-load,1,ip-172-31-24-15,olap,benchANT
2026-05-17 09:35:20+00:00,system,load15,3.24,dbms,clickbench,postgresql-plain-indexed-load,1,ip-172-31-24-15,olap,benchANT
2026-05-17 09:35:30+00:00,system,load15,3.27,dbms,clickbench,postgresql-plain-indexed-load,1,ip-172-31-24-15,olap,benchANT
2026-05-17 09:35:40+00:00,system,load15,3.3,dbms,clickbench,postgresql-plain-indexed-load,1,ip-172-31-24-15,olap,benchANT
2026-05-17 09:35:50+00:00,system,load15,3.33,dbms,clickbench,postgresql-plain-indexed-load,1,ip-172-31-24-15,olap,benchANT
2026-05-17 09:36:00+00:00,system,load15,3.35,dbms,clickbench,postgresql-plain-indexed-load,1,ip-172-31-24-15,olap,benchANT
2026-05-17 09:36:10+00:00,system,load15,3.39,dbms,clickbench,postgresql-plain-indexed-load,1,ip-172-31-24-15,olap,benchANT
2026-05-17 09:36:20+00:00,system,load15,3.41,dbms,clickbench,postgresql-plain-indexed-load,1,ip-172-31-24-15,olap,benchANT
2026-05-17 09:36:30+00:00,system,load15,3.44,dbms,clickbench,postgresql-plain-indexed-load,1,ip-172-31-24-15,olap,benchANT
2026-05-17 09:36:40+00:00,system,load15,3.47,dbms,clickbench,postgresql-plain-indexed-load,1,ip-172-31-24-15,olap,benchANT
2026-05-17 09:36:50+00:00,system,load15,3.5,dbms,clickbench,postgresql-plain-indexed-load,1,ip-172-31-24-15,olap,benchANT
2026-05-17 09:37:00+00:00,system,load15,3.52,dbms,clickbench,postgresql-plain-indexed-load,1,ip-172-31-24-15,olap,benchANT
2026-05-17 09:37:10+00:00,system,load15,3.54,dbms,clickbench,postgresql-plain-indexed-load,1,ip-172-31-24-15,olap,benchANT
2026-05-17 09:37:20+00:00,system,load15,3.56,dbms,clickbench,postgresql-plain-indexed-load,1,ip-172-31-24-15,olap,benchANT
2026-05-17 09:37:30+00:00,system,load15,3.58,dbms,clickbench,postgresql-plain-indexed-load,1,ip-172-31-24-15,olap,benchANT
2026-05-17 09:37:40+00:00,system,load15,3.6,dbms,clickbench,postgresql-plain-indexed-load,1,ip-172-31-24-15,olap,benchANT
2026-05-17 09:37:50+00:00,system,load15,3.62,dbms,clickbench,postgresql-plain-indexed-load,1,ip-172-31-24-15,olap,benchANT
2026-05-17 09:38:00+00:00,system,load15,3.65,dbms,clickbench,postgresql-plain-indexed-load,1,ip-172-31-24-15,olap,benchANT
2026-05-17 09:38:10+00:00,system,load15,3.67,dbms,clickbench,postgresql-plain-indexed-load,1,ip-172-31-24-15,olap,benchANT
2026-05-17 09:38:20+00:00,system,load15,3.7,dbms,clickbench,postgresql-plain-indexed-load,1,ip-172-31-24-15,olap,benchANT
2026-05-17 09:38:30+00:00,system,load15,3.72,dbms,clickbench,postgresql-plain-indexed-load,1,ip-172-31-24-15,olap,benchANT
2026-05-17 09:38:40+00:00,system,load15,3.75,dbms,clickbench,postgresql-plain-indexed-load,1,ip-172-31-24-15,olap,benchANT
2026-05-17 09:38:50+00:00,system,load15,3.77,dbms,clickbench,postgresql-plain-indexed-load,1,ip-172-31-24-15,olap,benchANT
2026-05-17 09:39:00+00:00,system,load15,3.8,dbms,clickbench,postgresql-plain-indexed-load,1,ip-172-31-24-15,olap,benchANT
2026-05-17 09:39:10+00:00,system,load15,3.82,dbms,clickbench,postgresql-plain-indexed-load,1,ip-172-31-24-15,olap,benchANT
2026-05-17 09:39:20+00:00,system,load15,3.84,dbms,clickbench,postgresql-plain-indexed-load,1,ip-172-31-24-15,olap,benchANT
2026-05-17 09:39:30+00:00,system,load15,3.86,dbms,clickbench,postgresql-plain-indexed-load,1,ip-172-31-24-15,olap,benchANT
2026-05-17 09:39:40+00:00,system,load15,3.84,dbms,clickbench,postgresql-plain-indexed-load,1,ip-172-31-24-15,olap,benchANT
2026-05-17 09:39:50+00:00,system,load15,3.83,dbms,clickbench,postgresql-plain-indexed-load,1,ip-172-31-24-15,olap,benchANT
2026-05-17 09:40:00+00:00,system,load15,3.82,dbms,clickbench,postgresql-plain-indexed-load,1,ip-172-31-24-15,olap,benchANT
2026-05-17 09:40:10+00:00,system,load15,3.81,dbms,clickbench,postgresql-plain-indexed-load,1,ip-172-31-24-15,olap,benchANT
2026-05-17 09:40:20+00:00,system,load15,3.81,dbms,clickbench,postgresql-plain-indexed-load,1,ip-172-31-24-15,olap,benchANT
2026-05-17 09:40:30+00:00,system,load15,3.81,dbms,clickbench,postgresql-plain-indexed-load,1,ip-172-31-24-15,olap,benchANT
2026-05-17 09:40:40+00:00,system,load15,3.8,dbms,clickbench,postgresql-plain-indexed-load,1,ip-172-31-24-15,olap,benchANT
2026-05-17 09:40:50+00:00,system,load15,3.78,dbms,clickbench,postgresql-plain-indexed-load,1,ip-172-31-24-15,olap,benchANT
2026-05-17 09:41:00+00:00,system,load15,3.78,dbms,clickbench,postgresql-plain-indexed-load,1,ip-172-31-24-15,olap,benchANT
2026-05-17 09:41:10+00:00,system,load15,3.8,dbms,clickbench,postgresql-plain-indexed-load,1,ip-172-31-24-15,olap,benchANT
2026-05-17 09:41:20+00:00,system,load15,3.82,dbms,clickbench,postgresql-plain-indexed-load,1,ip-172-31-24-15,olap,benchANT
2026-05-17 09:41:30+00:00,system,load15,3.84,dbms,clickbench,postgresql-plain-indexed-load,1,ip-172-31-24-15,olap,benchANT
2026-05-17 09:41:40+00:00,system,load15,3.86,dbms,clickbench,postgresql-plain-indexed-load,1,ip-172-31-24-15,olap,benchANT
2026-05-17 09:41:50+00:00,system,load15,3.88,dbms,clickbench,postgresql-plain-indexed-load,1,ip-172-31-24-15,olap,benchANT
2026-05-17 09:42:00+00:00,system,load15,3.9,dbms,clickbench,postgresql-plain-indexed-load,1,ip-172-31-24-15,olap,benchANT
2026-05-17 09:42:10+00:00,system,load15,3.92,dbms,clickbench,postgresql-plain-indexed-load,1,ip-172-31-24-15,olap,benchANT
2026-05-17 09:42:20+00:00,system,load15,3.94,dbms,clickbench,postgresql-plain-indexed-load,1,ip-172-31-24-15,olap,benchANT
2026-05-17 09:42:30+00:00,system,load15,3.96,dbms,clickbench,postgresql-plain-indexed-load,1,ip-172-31-24-15,olap,benchANT
2026-05-17 09:42:40+00:00,system,load15,3.98,dbms,clickbench,postgresql-plain-indexed-load,1,ip-172-31-24-15,olap,benchANT
2026-05-17 09:42:50+00:00,system,load15,4.0,dbms,clickbench,postgresql-plain-indexed-load,1,ip-172-31-24-15,olap,benchANT
2026-05-17 09:43:00+00:00,system,load15,4.03,dbms,clickbench,postgresql-plain-indexed-load,1,ip-172-31-24-15,olap,benchANT
2026-05-17 09:43:10+00:00,system,load15,4.05,dbms,clickbench,postgresql-plain-indexed-load,1,ip-172-31-24-15,olap,benchANT
2026-05-17 09:43:20+00:00,system,load15,4.07,dbms,clickbench,postgresql-plain-indexed-load,1,ip-172-31-24-15,olap,benchANT
2026-05-17 09:43:30+00:00,system,load15,4.09,dbms,clickbench,postgresql-plain-indexed-load,1,ip-172-31-24-15,olap,benchANT
2026-05-17 09:43:40+00:00,system,load15,4.11,dbms,clickbench,postgresql-plain-indexed-load,1,ip-172-31-24-15,olap,benchANT
2026-05-17 09:43:50+00:00,system,load15,4.12,dbms,clickbench,postgresql-plain-indexed-load,1,ip-172-31-24-15,olap,benchANT
2026-05-17 09:44:00+00:00,system,load15,4.14,dbms,clickbench,postgresql-plain-indexed-load,1,ip-172-31-24-15,olap,benchANT
2026-05-17 09:44:10+00:00,system,load15,4.16,dbms,clickbench,postgresql-plain-indexed-load,1,ip-172-31-24-15,olap,benchANT
2026-05-17 09:44:20+00:00,system,load15,4.17,dbms,clickbench,postgresql-plain-indexed-load,1,ip-172-31-24-15,olap,benchANT
2026-05-17 09:44:30+00:00,system,load15,4.18,dbms,clickbench,postgresql-plain-indexed-load,1,ip-172-31-24-15,olap,benchANT
2026-05-17 09:44:40+00:00,system,load15,4.19,dbms,clickbench,postgresql-plain-indexed-load,1,ip-172-31-24-15,olap,benchANT
2026-05-17 09:44:50+00:00,system,load15,4.21,dbms,clickbench,postgresql-plain-indexed-load,1,ip-172-31-24-15,olap,benchANT
2026-05-17 09:45:00+00:00,system,load15,4.23,dbms,clickbench,postgresql-plain-indexed-load,1,ip-172-31-24-15,olap,benchANT
2026-05-17 09:45:10+00:00,system,load15,4.25,dbms,clickbench,postgresql-plain-indexed-load,1,ip-172-31-24-15,olap,benchANT
2026-05-17 09:45:20+00:00,system,load15,4.26,dbms,clickbench,postgresql-plain-indexed-load,1,ip-172-31-24-15,olap,benchANT
2026-05-17 09:45:30+00:00,system,load15,4.27,dbms,clickbench,postgresql-plain-indexed-load,1,ip-172-31-24-15,olap,benchANT
2026-05-17 09:45:40+00:00,system,load15,4.28,dbms,clickbench,postgresql-plain-indexed-load,1,ip-172-31-24-15,olap,benchANT
2026-05-17 09:45:50+00:00,system,load15,4.3,dbms,clickbench,postgresql-plain-indexed-load,1,ip-172-31-24-15,olap,benchANT
2026-05-17 09:46:00+00:00,system,load15,4.32,dbms,clickbench,postgresql-plain-indexed-load,1,ip-172-31-24-15,olap,benchANT
2026-05-17 09:46:10+00:00,system,load15,4.33,dbms,clickbench,postgresql-plain-indexed-load,1,ip-172-31-24-15,olap,benchANT
2026-05-17 09:46:20+00:00,system,load15,4.35,dbms,clickbench,postgresql-plain-indexed-load,1,ip-172-31-24-15,olap,benchANT
2026-05-17 09:46:30+00:00,system,load15,4.37,dbms,clickbench,postgresql-plain-indexed-load,1,ip-172-31-24-15,olap,benchANT
2026-05-17 09:46:40+00:00,system,load15,4.38,dbms,clickbench,postgresql-plain-indexed-load,1,ip-172-31-24-15,olap,benchANT
2026-05-17 09:46:50+00:00,system,load15,4.4,dbms,clickbench,postgresql-plain-indexed-load,1,ip-172-31-24-15,olap,benchANT
2026-05-17 09:47:00+00:00,system,load15,4.41,dbms,clickbench,postgresql-plain-indexed-load,1,ip-172-31-24-15,olap,benchANT
2026-05-17 09:47:10+00:00,system,load15,4.43,dbms,clickbench,postgresql-plain-indexed-load,1,ip-172-31-24-15,olap,benchANT
2026-05-17 09:47:20+00:00,system,load15,4.45,dbms,clickbench,postgresql-plain-indexed-load,1,ip-172-31-24-15,olap,benchANT
2026-05-17 09:47:30+00:00,system,load15,4.46,dbms,clickbench,postgresql-plain-indexed-load,1,ip-172-31-24-15,olap,benchANT
2026-05-17 09:47:40+00:00,system,load15,4.48,dbms,clickbench,postgresql-plain-indexed-load,1,ip-172-31-24-15,olap,benchANT
2026-05-17 09:47:50+00:00,system,load15,4.49,dbms,clickbench,postgresql-plain-indexed-load,1,ip-172-31-24-15,olap,benchANT
2026-05-17 09:48:00+00:00,system,load15,4.5,dbms,clickbench,postgresql-plain-indexed-load,1,ip-172-31-24-15,olap,benchANT
2026-05-17 09:48:10+00:00,system,load15,4.52,dbms,clickbench,postgresql-plain-indexed-load,1,ip-172-31-24-15,olap,benchANT
2026-05-17 09:48:20+00:00,system,load15,4.54,dbms,clickbench,postgresql-plain-indexed-load,1,ip-172-31-24-15,olap,benchANT
2026-05-17 09:48:30+00:00,system,load15,4.54,dbms,clickbench,postgresql-plain-indexed-load,1,ip-172-31-24-15,olap,benchANT
2026-05-17 09:48:40+00:00,system,load15,4.56,dbms,clickbench,postgresql-plain-indexed-load,1,ip-172-31-24-15,olap,benchANT
2026-05-17 09:48:50+00:00,system,load15,4.58,dbms,clickbench,postgresql-plain-indexed-load,1,ip-172-31-24-15,olap,benchANT
2026-05-17 09:49:00+00:00,system,load15,4.59,dbms,clickbench,postgresql-plain-indexed-load,1,ip-172-31-24-15,olap,benchANT
2026-05-17 09:49:10+00:00,system,load15,4.6,dbms,clickbench,postgresql-plain-indexed-load,1,ip-172-31-24-15,olap,benchANT
2026-05-17 09:49:20+00:00,system,load15,4.62,dbms,clickbench,postgresql-plain-indexed-load,1,ip-172-31-24-15,olap,benchANT
2026-05-17 09:49:30+00:00,system,load15,4.63,dbms,clickbench,postgresql-plain-indexed-load,1,ip-172-31-24-15,olap,benchANT
2026-05-17 09:49:40+00:00,system,load15,4.64,dbms,clickbench,postgresql-plain-indexed-load,1,ip-172-31-24-15,olap,benchANT
2026-05-17 09:49:50+00:00,system,load15,4.66,dbms,clickbench,postgresql-plain-indexed-load,1,ip-172-31-24-15,olap,benchANT
2026-05-17 09:50:00+00:00,system,load15,4.68,dbms,clickbench,postgresql-plain-indexed-load,1,ip-172-31-24-15,olap,benchANT
2026-05-17 09:50:10+00:00,system,load15,4.69,dbms,clickbench,postgresql-plain-indexed-load,1,ip-172-31-24-15,olap,benchANT
2026-05-17 09:50:20+00:00,system,load15,4.7,dbms,clickbench,postgresql-plain-indexed-load,1,ip-172-31-24-15,olap,benchANT
2026-05-17 09:50:30+00:00,system,load15,4.71,dbms,clickbench,postgresql-plain-indexed-load,1,ip-172-31-24-15,olap,benchANT
2026-05-17 09:50:40+00:00,system,load15,4.71,dbms,clickbench,postgresql-plain-indexed-load,1,ip-172-31-24-15,olap,benchANT
2026-05-17 09:50:50+00:00,system,load15,4.72,dbms,clickbench,postgresql-plain-indexed-load,1,ip-172-31-24-15,olap,benchANT
2026-05-17 09:51:00+00:00,system,load15,4.73,dbms,clickbench,postgresql-plain-indexed-load,1,ip-172-31-24-15,olap,benchANT
2026-05-17 09:51:10+00:00,system,load15,4.74,dbms,clickbench,postgresql-plain-indexed-load,1,ip-172-31-24-15,olap,benchANT
2026-05-17 09:51:20+00:00,system,load15,4.75,dbms,clickbench,postgresql-plain-indexed-load,1,ip-172-31-24-15,olap,benchANT
2026-05-17 09:51:30+00:00,system,load15,4.76,dbms,clickbench,postgresql-plain-indexed-load,1,ip-172-31-24-15,olap,benchANT
2026-05-17 09:51:40+00:00,system,load15,4.78,dbms,clickbench,postgresql-plain-indexed-load,1,ip-172-31-24-15,olap,benchANT
2026-05-17 09:51:50+00:00,system,load15,4.79,dbms,clickbench,postgresql-plain-indexed-load,1,ip-172-31-24-15,olap,benchANT
2026-05-17 09:52:00+00:00,system,load15,4.8,dbms,clickbench,postgresql-plain-indexed-load,1,ip-172-31-24-15,olap,benchANT
2026-05-17 09:52:10+00:00,system,load15,4.82,dbms,clickbench,postgresql-plain-indexed-load,1,ip-172-31-24-15,olap,benchANT
2026-05-17 09:52:20+00:00,system,load15,4.83,dbms,clickbench,postgresql-plain-indexed-load,1,ip-172-31-24-15,olap,benchANT
2026-05-17 09:52:30+00:00,system,load15,4.84,dbms,clickbench,postgresql-plain-indexed-load,1,ip-172-31-24-15,olap,benchANT
2026-05-17 09:52:40+00:00,system,load15,4.83,dbms,clickbench,postgresql-plain-indexed-load,1,ip-172-31-24-15,olap,benchANT
2026-05-17 09:52:50+00:00,system,load15,4.82,dbms,clickbench,postgresql-plain-indexed-load,1,ip-172-31-24-15,olap,benchANT
2026-05-17 09:53:00+00:00,system,load15,4.79,dbms,clickbench,postgresql-plain-indexed-load,1,ip-172-31-24-15,olap,benchANT
2026-05-17 09:53:10+00:00,system,load15,4.77,dbms,clickbench,postgresql-plain-indexed-load,1,ip-172-31-24-15,olap,benchANT
2026-05-17 09:53:20+00:00,system,load15,4.74,dbms,clickbench,postgresql-plain-indexed-load,1,ip-172-31-24-15,olap,benchANT
2026-05-17 09:53:30+00:00,system,load15,4.71,dbms,clickbench,postgresql-plain-indexed-load,1,ip-172-31-24-15,olap,benchANT
2026-05-17 09:53:40+00:00,system,load15,4.7,dbms,clickbench,postgresql-plain-indexed-load,1,ip-172-31-24-15,olap,benchANT
2026-05-17 09:53:50+00:00,system,load15,4.68,dbms,clickbench,postgresql-plain-indexed-load,1,ip-172-31-24-15,olap,benchANT
2026-05-17 09:54:00+00:00,system,load15,4.64,dbms,clickbench,postgresql-plain-indexed-load,1,ip-172-31-24-15,olap,benchANT
2026-05-17 09:54:10+00:00,system,load15,4.61,dbms,clickbench,postgresql-plain-indexed-load,1,ip-172-31-24-15,olap,benchANT
2026-05-17 09:54:20+00:00,system,load15,4.57,dbms,clickbench,postgresql-plain-indexed-load,1,ip-172-31-24-15,olap,benchANT
2026-05-17 09:54:30+00:00,system,load15,4.53,dbms,clickbench,postgresql-plain-indexed-load,1,ip-172-31-24-15,olap,benchANT
2026-05-17 09:54:40+00:00,system,load15,4.49,dbms,clickbench,postgresql-plain-indexed-load,1,ip-172-31-24-15,olap,benchANT
2026-05-17 09:54:50+00:00,system,load15,4.45,dbms,clickbench,postgresql-plain-indexed-load,1,ip-172-31-24-15,olap,benchANT
2026-05-17 09:55:00+00:00,system,load15,4.42,dbms,clickbench,postgresql-plain-indexed-load,1,ip-172-31-24-15,olap,benchANT
2026-05-17 09:55:10+00:00,system,load15,4.38,dbms,clickbench,postgresql-plain-indexed-load,1,ip-172-31-24-15,olap,benchANT
2026-05-17 09:55:20+00:00,system,load15,4.35,dbms,clickbench,postgresql-plain-indexed-load,1,ip-172-31-24-15,olap,benchANT
2026-05-17 09:55:30+00:00,system,load15,4.31,dbms,clickbench,postgresql-plain-indexed-load,1,ip-172-31-24-15,olap,benchANT
2026-05-17 09:55:40+00:00,system,load15,4.28,dbms,clickbench,postgresql-plain-indexed-load,1,ip-172-31-24-15,olap,benchANT
2026-05-17 09:55:50+00:00,system,load15,4.24,dbms,clickbench,postgresql-plain-indexed-load,1,ip-172-31-24-15,olap,benchANT
2026-05-17 09:56:00+00:00,system,load15,4.23,dbms,clickbench,postgresql-plain-indexed-load,1,ip-172-31-24-15,olap,benchANT
2026-05-17 09:56:10+00:00,system,load15,4.2,dbms,clickbench,postgresql-plain-indexed-load,1,ip-172-31-24-15,olap,benchANT
2026-05-17 09:56:20+00:00,system,load15,4.17,dbms,clickbench,postgresql-plain-indexed-load,1,ip-172-31-24-15,olap,benchANT
2026-05-17 09:56:30+00:00,system,load15,4.13,dbms,clickbench,postgresql-plain-indexed-load,1,ip-172-31-24-15,olap,benchANT
2026-05-17 09:56:40+00:00,system,load15,4.1,dbms,clickbench,postgresql-plain-indexed-load,1,ip-172-31-24-15,olap,benchANT
2026-05-17 09:56:50+00:00,system,load15,4.07,dbms,clickbench,postgresql-plain-indexed-load,1,ip-172-31-24-15,olap,benchANT
2026-05-17 09:57:00+00:00,system,load15,4.05,dbms,clickbench,postgresql-plain-indexed-load,1,ip-172-31-24-15,olap,benchANT
2026-05-17 09:57:10+00:00,system,load15,4.03,dbms,clickbench,postgresql-plain-indexed-load,1,ip-172-31-24-15,olap,benchANT
2026-05-17 09:57:20+00:00,system,load15,4.01,dbms,clickbench,postgresql-plain-indexed-load,1,ip-172-31-24-15,olap,benchANT
2026-05-17 09:57:30+00:00,system,load15,3.98,dbms,clickbench,postgresql-plain-indexed-load,1,ip-172-31-24-15,olap,benchANT
2026-05-17 09:57:40+00:00,system,load15,3.97,dbms,clickbench,postgresql-plain-indexed-load,1,ip-172-31-24-15,olap,benchANT
2026-05-17 09:57:50+00:00,system,load15,3.92,dbms,clickbench,postgresql-plain-indexed-load,1,ip-172-31-24-15,olap,benchANT
2026-05-17 07:24:00+00:00,system,load5,2.95,dbms,clickbench,postgresql-plain-indexed-load,1,ip-172-31-24-15,olap,benchANT
2026-05-17 07:24:10+00:00,system,load5,3.02,dbms,clickbench,postgresql-plain-indexed-load,1,ip-172-31-24-15,olap,benchANT
2026-05-17 07:24:20+00:00,system,load5,3.12,dbms,clickbench,postgresql-plain-indexed-load,1,ip-172-31-24-15,olap,benchANT
2026-05-17 07:24:30+00:00,system,load5,3.24,dbms,clickbench,postgresql-plain-indexed-load,1,ip-172-31-24-15,olap,benchANT
2026-05-17 07:24:40+00:00,system,load5,3.35,dbms,clickbench,postgresql-plain-indexed-load,1,ip-172-31-24-15,olap,benchANT
2026-05-17 07:24:50+00:00,system,load5,3.42,dbms,clickbench,postgresql-plain-indexed-load,1,ip-172-31-24-15,olap,benchANT
2026-05-17 07:25:00+00:00,system,load5,3.49,dbms,clickbench,postgresql-plain-indexed-load,1,ip-172-31-24-15,olap,benchANT
2026-05-17 07:25:10+00:00,system,load5,3.57,dbms,clickbench,postgresql-plain-indexed-load,1,ip-172-31-24-15,olap,benchANT
2026-05-17 07:25:20+00:00,system,load5,3.64,dbms,clickbench,postgresql-plain-indexed-load,1,ip-172-31-24-15,olap,benchANT
2026-05-17 07:25:30+00:00,system,load5,3.73,dbms,clickbench,postgresql-plain-indexed-load,1,ip-172-31-24-15,olap,benchANT
2026-05-17 07:25:40+00:00,system,load5,3.84,dbms,clickbench,postgresql-plain-indexed-load,1,ip-172-31-24-15,olap,benchANT
2026-05-17 07:25:50+00:00,system,load5,3.95,dbms,clickbench,postgresql-plain-indexed-load,1,ip-172-31-24-15,olap,benchANT
2026-05-17 07:26:00+00:00,system,load5,4.03,dbms,clickbench,postgresql-plain-indexed-load,1,ip-172-31-24-15,olap,benchANT
2026-05-17 07:26:10+00:00,system,load5,4.13,dbms,clickbench,postgresql-plain-indexed-load,1,ip-172-31-24-15,olap,benchANT
2026-05-17 07:26:20+00:00,system,load5,4.24,dbms,clickbench,postgresql-plain-indexed-load,1,ip-172-31-24-15,olap,benchANT
2026-05-17 07:26:30+00:00,system,load5,4.33,dbms,clickbench,postgresql-plain-indexed-load,1,ip-172-31-24-15,olap,benchANT
2026-05-17 07:26:40+00:00,system,load5,4.45,dbms,clickbench,postgresql-plain-indexed-load,1,ip-172-31-24-15,olap,benchANT
2026-05-17 07:26:50+00:00,system,load5,4.52,dbms,clickbench,postgresql-plain-indexed-load,1,ip-172-31-24-15,olap,benchANT
2026-05-17 07:27:00+00:00,system,load5,4.6,dbms,clickbench,postgresql-plain-indexed-load,1,ip-172-31-24-15,olap,benchANT
2026-05-17 07:27:10+00:00,system,load5,4.67,dbms,clickbench,postgresql-plain-indexed-load,1,ip-172-31-24-15,olap,benchANT
2026-05-17 07:27:20+00:00,system,load5,4.71,dbms,clickbench,postgresql-plain-indexed-load,1,ip-172-31-24-15,olap,benchANT
2026-05-17 07:27:30+00:00,system,load5,4.74,dbms,clickbench,postgresql-plain-indexed-load,1,ip-172-31-24-15,olap,benchANT
2026-05-17 07:27:40+00:00,system,load5,4.78,dbms,clickbench,postgresql-plain-indexed-load,1,ip-172-31-24-15,olap,benchANT
2026-05-17 07:27:50+00:00,system,load5,4.85,dbms,clickbench,postgresql-plain-indexed-load,1,ip-172-31-24-15,olap,benchANT
2026-05-17 07:28:00+00:00,system,load5,4.91,dbms,clickbench,postgresql-plain-indexed-load,1,ip-172-31-24-15,olap,benchANT
2026-05-17 07:28:10+00:00,system,load5,4.96,dbms,clickbench,postgresql-plain-indexed-load,1,ip-172-31-24-15,olap,benchANT
2026-05-17 07:28:20+00:00,system,load5,5.03,dbms,clickbench,postgresql-plain-indexed-load,1,ip-172-31-24-15,olap,benchANT
2026-05-17 07:28:30+00:00,system,load5,5.09,dbms,clickbench,postgresql-plain-indexed-load,1,ip-172-31-24-15,olap,benchANT
2026-05-17 07:28:40+00:00,system,load5,5.17,dbms,clickbench,postgresql-plain-indexed-load,1,ip-172-31-24-15,olap,benchANT
2026-05-17 07:28:50+00:00,system,load5,5.13,dbms,clickbench,postgresql-plain-indexed-load,1,ip-172-31-24-15,olap,benchANT
2026-05-17 07:29:00+00:00,system,load5,5.1,dbms,clickbench,postgresql-plain-indexed-load,1,ip-172-31-24-15,olap,benchANT
2026-05-17 07:29:10+00:00,system,load5,5.06,dbms,clickbench,postgresql-plain-indexed-load,1,ip-172-31-24-15,olap,benchANT
2026-05-17 07:29:20+00:00,system,load5,5.02,dbms,clickbench,postgresql-plain-indexed-load,1,ip-172-31-24-15,olap,benchANT
2026-05-17 07:29:30+00:00,system,load5,4.99,dbms,clickbench,postgresql-plain-indexed-load,1,ip-172-31-24-15,olap,benchANT
2026-05-17 07:29:40+00:00,system,load5,4.96,dbms,clickbench,postgresql-plain-indexed-load,1,ip-172-31-24-15,olap,benchANT
2026-05-17 07:29:50+00:00,system,load5,4.93,dbms,clickbench,postgresql-plain-indexed-load,1,ip-172-31-24-15,olap,benchANT
2026-05-17 07:30:00+00:00,system,load5,4.89,dbms,clickbench,postgresql-plain-indexed-load,1,ip-172-31-24-15,olap,benchANT
2026-05-17 07:30:10+00:00,system,load5,4.86,dbms,clickbench,postgresql-plain-indexed-load,1,ip-172-31-24-15,olap,benchANT
2026-05-17 07:30:20+00:00,system,load5,4.84,dbms,clickbench,postgresql-plain-indexed-load,1,ip-172-31-24-15,olap,benchANT
2026-05-17 07:30:30+00:00,system,load5,4.81,dbms,clickbench,postgresql-plain-indexed-load,1,ip-172-31-24-15,olap,benchANT
2026-05-17 07:30:40+00:00,system,load5,4.78,dbms,clickbench,postgresql-plain-indexed-load,1,ip-172-31-24-15,olap,benchANT
2026-05-17 07:30:50+00:00,system,load5,4.75,dbms,clickbench,postgresql-plain-indexed-load,1,ip-172-31-24-15,olap,benchANT
2026-05-17 07:31:00+00:00,system,load5,4.73,dbms,clickbench,postgresql-plain-indexed-load,1,ip-172-31-24-15,olap,benchANT
2026-05-17 07:31:10+00:00,system,load5,4.7,dbms,clickbench,postgresql-plain-indexed-load,1,ip-172-31-24-15,olap,benchANT
2026-05-17 07:31:20+00:00,system,load5,4.68,dbms,clickbench,postgresql-plain-indexed-load,1,ip-172-31-24-15,olap,benchANT
2026-05-17 07:31:30+00:00,system,load5,4.66,dbms,clickbench,postgresql-plain-indexed-load,1,ip-172-31-24-15,olap,benchANT
2026-05-17 07:31:40+00:00,system,load5,4.64,dbms,clickbench,postgresql-plain-indexed-load,1,ip-172-31-24-15,olap,benchANT
2026-05-17 07:31:50+00:00,system,load5,4.61,dbms,clickbench,postgresql-plain-indexed-load,1,ip-172-31-24-15,olap,benchANT
2026-05-17 07:32:00+00:00,system,load5,4.59,dbms,clickbench,postgresql-plain-indexed-load,1,ip-172-31-24-15,olap,benchANT
2026-05-17 07:32:10+00:00,system,load5,4.57,dbms,clickbench,postgresql-plain-indexed-load,1,ip-172-31-24-15,olap,benchANT
2026-05-17 07:32:20+00:00,system,load5,4.55,dbms,clickbench,postgresql-plain-indexed-load,1,ip-172-31-24-15,olap,benchANT
2026-05-17 07:32:30+00:00,system,load5,4.54,dbms,clickbench,postgresql-plain-indexed-load,1,ip-172-31-24-15,olap,benchANT
2026-05-17 07:32:40+00:00,system,load5,4.52,dbms,clickbench,postgresql-plain-indexed-load,1,ip-172-31-24-15,olap,benchANT
2026-05-17 07:32:50+00:00,system,load5,4.45,dbms,clickbench,postgresql-plain-indexed-load,1,ip-172-31-24-15,olap,benchANT
2026-05-17 07:33:00+00:00,system,load5,4.37,dbms,clickbench,postgresql-plain-indexed-load,1,ip-172-31-24-15,olap,benchANT
2026-05-17 07:33:10+00:00,system,load5,4.26,dbms,clickbench,postgresql-plain-indexed-load,1,ip-172-31-24-15,olap,benchANT
2026-05-17 07:33:20+00:00,system,load5,4.15,dbms,clickbench,postgresql-plain-indexed-load,1,ip-172-31-24-15,olap,benchANT
2026-05-17 07:33:30+00:00,system,load5,4.05,dbms,clickbench,postgresql-plain-indexed-load,1,ip-172-31-24-15,olap,benchANT
2026-05-17 07:33:40+00:00,system,load5,3.95,dbms,clickbench,postgresql-plain-indexed-load,1,ip-172-31-24-15,olap,benchANT
2026-05-17 07:33:50+00:00,system,load5,3.85,dbms,clickbench,postgresql-plain-indexed-load,1,ip-172-31-24-15,olap,benchANT
2026-05-17 07:34:00+00:00,system,load5,3.75,dbms,clickbench,postgresql-plain-indexed-load,1,ip-172-31-24-15,olap,benchANT
2026-05-17 07:34:10+00:00,system,load5,3.66,dbms,clickbench,postgresql-plain-indexed-load,1,ip-172-31-24-15,olap,benchANT
2026-05-17 07:34:20+00:00,system,load5,3.57,dbms,clickbench,postgresql-plain-indexed-load,1,ip-172-31-24-15,olap,benchANT
2026-05-17 07:34:30+00:00,system,load5,3.49,dbms,clickbench,postgresql-plain-indexed-load,1,ip-172-31-24-15,olap,benchANT
2026-05-17 07:34:40+00:00,system,load5,3.41,dbms,clickbench,postgresql-plain-indexed-load,1,ip-172-31-24-15,olap,benchANT
2026-05-17 07:34:50+00:00,system,load5,3.33,dbms,clickbench,postgresql-plain-indexed-load,1,ip-172-31-24-15,olap,benchANT
2026-05-17 07:35:00+00:00,system,load5,3.32,dbms,clickbench,postgresql-plain-indexed-load,1,ip-172-31-24-15,olap,benchANT
2026-05-17 07:35:10+00:00,system,load5,3.37,dbms,clickbench,postgresql-plain-indexed-load,1,ip-172-31-24-15,olap,benchANT
2026-05-17 07:35:20+00:00,system,load5,3.43,dbms,clickbench,postgresql-plain-indexed-load,1,ip-172-31-24-15,olap,benchANT
2026-05-17 07:35:30+00:00,system,load5,3.48,dbms,clickbench,postgresql-plain-indexed-load,1,ip-172-31-24-15,olap,benchANT
2026-05-17 07:35:40+00:00,system,load5,3.53,dbms,clickbench,postgresql-plain-indexed-load,1,ip-172-31-24-15,olap,benchANT
2026-05-17 07:35:50+00:00,system,load5,3.6,dbms,clickbench,postgresql-plain-indexed-load,1,ip-172-31-24-15,olap,benchANT
2026-05-17 07:36:00+00:00,system,load5,3.64,dbms,clickbench,postgresql-plain-indexed-load,1,ip-172-31-24-15,olap,benchANT
2026-05-17 07:36:10+00:00,system,load5,3.69,dbms,clickbench,postgresql-plain-indexed-load,1,ip-172-31-24-15,olap,benchANT
2026-05-17 07:36:20+00:00,system,load5,3.75,dbms,clickbench,postgresql-plain-indexed-load,1,ip-172-31-24-15,olap,benchANT
2026-05-17 07:36:30+00:00,system,load5,3.79,dbms,clickbench,postgresql-plain-indexed-load,1,ip-172-31-24-15,olap,benchANT
2026-05-17 07:36:40+00:00,system,load5,3.83,dbms,clickbench,postgresql-plain-indexed-load,1,ip-172-31-24-15,olap,benchANT
2026-05-17 07:36:50+00:00,system,load5,3.88,dbms,clickbench,postgresql-plain-indexed-load,1,ip-172-31-24-15,olap,benchANT
2026-05-17 07:37:00+00:00,system,load5,3.92,dbms,clickbench,postgresql-plain-indexed-load,1,ip-172-31-24-15,olap,benchANT
2026-05-17 07:37:10+00:00,system,load5,3.97,dbms,clickbench,postgresql-plain-indexed-load,1,ip-172-31-24-15,olap,benchANT
2026-05-17 07:37:20+00:00,system,load5,4.01,dbms,clickbench,postgresql-plain-indexed-load,1,ip-172-31-24-15,olap,benchANT
2026-05-17 07:37:30+00:00,system,load5,4.06,dbms,clickbench,postgresql-plain-indexed-load,1,ip-172-31-24-15,olap,benchANT
2026-05-17 07:37:40+00:00,system,load5,4.09,dbms,clickbench,postgresql-plain-indexed-load,1,ip-172-31-24-15,olap,benchANT
2026-05-17 07:37:50+00:00,system,load5,4.12,dbms,clickbench,postgresql-plain-indexed-load,1,ip-172-31-24-15,olap,benchANT
2026-05-17 07:38:00+00:00,system,load5,4.15,dbms,clickbench,postgresql-plain-indexed-load,1,ip-172-31-24-15,olap,benchANT
2026-05-17 07:38:10+00:00,system,load5,4.19,dbms,clickbench,postgresql-plain-indexed-load,1,ip-172-31-24-15,olap,benchANT
2026-05-17 07:38:20+00:00,system,load5,4.22,dbms,clickbench,postgresql-plain-indexed-load,1,ip-172-31-24-15,olap,benchANT
2026-05-17 07:38:30+00:00,system,load5,4.25,dbms,clickbench,postgresql-plain-indexed-load,1,ip-172-31-24-15,olap,benchANT
2026-05-17 07:38:40+00:00,system,load5,4.27,dbms,clickbench,postgresql-plain-indexed-load,1,ip-172-31-24-15,olap,benchANT
2026-05-17 07:38:50+00:00,system,load5,4.31,dbms,clickbench,postgresql-plain-indexed-load,1,ip-172-31-24-15,olap,benchANT
2026-05-17 07:39:00+00:00,system,load5,4.34,dbms,clickbench,postgresql-plain-indexed-load,1,ip-172-31-24-15,olap,benchANT
2026-05-17 07:39:10+00:00,system,load5,4.36,dbms,clickbench,postgresql-plain-indexed-load,1,ip-172-31-24-15,olap,benchANT
2026-05-17 07:39:20+00:00,system,load5,4.4,dbms,clickbench,postgresql-plain-indexed-load,1,ip-172-31-24-15,olap,benchANT
2026-05-17 07:39:30+00:00,system,load5,4.42,dbms,clickbench,postgresql-plain-indexed-load,1,ip-172-31-24-15,olap,benchANT
2026-05-17 07:39:40+00:00,system,load5,4.45,dbms,clickbench,postgresql-plain-indexed-load,1,ip-172-31-24-15,olap,benchANT
2026-05-17 07:39:50+00:00,system,load5,4.47,dbms,clickbench,postgresql-plain-indexed-load,1,ip-172-31-24-15,olap,benchANT
2026-05-17 07:40:00+00:00,system,load5,4.51,dbms,clickbench,postgresql-plain-indexed-load,1,ip-172-31-24-15,olap,benchANT
2026-05-17 07:40:10+00:00,system,load5,4.52,dbms,clickbench,postgresql-plain-indexed-load,1,ip-172-31-24-15,olap,benchANT
2026-05-17 07:40:20+00:00,system,load5,4.55,dbms,clickbench,postgresql-plain-indexed-load,1,ip-172-31-24-15,olap,benchANT
2026-05-17 07:40:30+00:00,system,load5,4.57,dbms,clickbench,postgresql-plain-indexed-load,1,ip-172-31-24-15,olap,benchANT
2026-05-17 07:40:40+00:00,system,load5,4.6,dbms,clickbench,postgresql-plain-indexed-load,1,ip-172-31-24-15,olap,benchANT
2026-05-17 07:40:50+00:00,system,load5,4.61,dbms,clickbench,postgresql-plain-indexed-load,1,ip-172-31-24-15,olap,benchANT
2026-05-17 07:41:00+00:00,system,load5,4.64,dbms,clickbench,postgresql-plain-indexed-load,1,ip-172-31-24-15,olap,benchANT
2026-05-17 07:41:10+00:00,system,load5,4.66,dbms,clickbench,postgresql-plain-indexed-load,1,ip-172-31-24-15,olap,benchANT
2026-05-17 07:41:20+00:00,system,load5,4.68,dbms,clickbench,postgresql-plain-indexed-load,1,ip-172-31-24-15,olap,benchANT
2026-05-17 07:41:30+00:00,system,load5,4.7,dbms,clickbench,postgresql-plain-indexed-load,1,ip-172-31-24-15,olap,benchANT
2026-05-17 07:41:40+00:00,system,load5,4.71,dbms,clickbench,postgresql-plain-indexed-load,1,ip-172-31-24-15,olap,benchANT
2026-05-17 07:41:50+00:00,system,load5,4.73,dbms,clickbench,postgresql-plain-indexed-load,1,ip-172-31-24-15,olap,benchANT
2026-05-17 07:42:00+00:00,system,load5,4.76,dbms,clickbench,postgresql-plain-indexed-load,1,ip-172-31-24-15,olap,benchANT
2026-05-17 07:42:10+00:00,system,load5,4.78,dbms,clickbench,postgresql-plain-indexed-load,1,ip-172-31-24-15,olap,benchANT
2026-05-17 07:42:20+00:00,system,load5,4.79,dbms,clickbench,postgresql-plain-indexed-load,1,ip-172-31-24-15,olap,benchANT
2026-05-17 07:42:30+00:00,system,load5,4.8,dbms,clickbench,postgresql-plain-indexed-load,1,ip-172-31-24-15,olap,benchANT
2026-05-17 07:42:40+00:00,system,load5,4.82,dbms,clickbench,postgresql-plain-indexed-load,1,ip-172-31-24-15,olap,benchANT
2026-05-17 07:42:50+00:00,system,load5,4.83,dbms,clickbench,postgresql-plain-indexed-load,1,ip-172-31-24-15,olap,benchANT
2026-05-17 07:43:00+00:00,system,load5,4.85,dbms,clickbench,postgresql-plain-indexed-load,1,ip-172-31-24-15,olap,benchANT
2026-05-17 07:43:10+00:00,system,load5,4.86,dbms,clickbench,postgresql-plain-indexed-load,1,ip-172-31-24-15,olap,benchANT
2026-05-17 07:43:20+00:00,system,load5,4.88,dbms,clickbench,postgresql-plain-indexed-load,1,ip-172-31-24-15,olap,benchANT
2026-05-17 07:43:30+00:00,system,load5,4.9,dbms,clickbench,postgresql-plain-indexed-load,1,ip-172-31-24-15,olap,benchANT
2026-05-17 07:43:40+00:00,system,load5,4.9,dbms,clickbench,postgresql-plain-indexed-load,1,ip-172-31-24-15,olap,benchANT
2026-05-17 07:43:50+00:00,system,load5,4.91,dbms,clickbench,postgresql-plain-indexed-load,1,ip-172-31-24-15,olap,benchANT
2026-05-17 07:44:00+00:00,system,load5,4.93,dbms,clickbench,postgresql-plain-indexed-load,1,ip-172-31-24-15,olap,benchANT
2026-05-17 07:44:10+00:00,system,load5,4.93,dbms,clickbench,postgresql-plain-indexed-load,1,ip-172-31-24-15,olap,benchANT
2026-05-17 07:44:20+00:00,system,load5,4.88,dbms,clickbench,postgresql-plain-indexed-load,1,ip-172-31-24-15,olap,benchANT
2026-05-17 07:44:30+00:00,system,load5,4.79,dbms,clickbench,postgresql-plain-indexed-load,1,ip-172-31-24-15,olap,benchANT
2026-05-17 07:44:40+00:00,system,load5,4.66,dbms,clickbench,postgresql-plain-indexed-load,1,ip-172-31-24-15,olap,benchANT
2026-05-17 07:44:50+00:00,system,load5,4.54,dbms,clickbench,postgresql-plain-indexed-load,1,ip-172-31-24-15,olap,benchANT
2026-05-17 07:45:00+00:00,system,load5,4.42,dbms,clickbench,postgresql-plain-indexed-load,1,ip-172-31-24-15,olap,benchANT
2026-05-17 07:45:10+00:00,system,load5,4.31,dbms,clickbench,postgresql-plain-indexed-load,1,ip-172-31-24-15,olap,benchANT
2026-05-17 07:45:20+00:00,system,load5,4.2,dbms,clickbench,postgresql-plain-indexed-load,1,ip-172-31-24-15,olap,benchANT
2026-05-17 07:45:30+00:00,system,load5,4.1,dbms,clickbench,postgresql-plain-indexed-load,1,ip-172-31-24-15,olap,benchANT
2026-05-17 07:45:40+00:00,system,load5,3.99,dbms,clickbench,postgresql-plain-indexed-load,1,ip-172-31-24-15,olap,benchANT
2026-05-17 07:45:50+00:00,system,load5,3.89,dbms,clickbench,postgresql-plain-indexed-load,1,ip-172-31-24-15,olap,benchANT
2026-05-17 07:46:00+00:00,system,load5,3.8,dbms,clickbench,postgresql-plain-indexed-load,1,ip-172-31-24-15,olap,benchANT
2026-05-17 07:46:10+00:00,system,load5,3.7,dbms,clickbench,postgresql-plain-indexed-load,1,ip-172-31-24-15,olap,benchANT
2026-05-17 07:46:20+00:00,system,load5,3.62,dbms,clickbench,postgresql-plain-indexed-load,1,ip-172-31-24-15,olap,benchANT
2026-05-17 07:46:30+00:00,system,load5,3.53,dbms,clickbench,postgresql-plain-indexed-load,1,ip-172-31-24-15,olap,benchANT
2026-05-17 07:46:40+00:00,system,load5,3.45,dbms,clickbench,postgresql-plain-indexed-load,1,ip-172-31-24-15,olap,benchANT
2026-05-17 07:46:50+00:00,system,load5,3.36,dbms,clickbench,postgresql-plain-indexed-load,1,ip-172-31-24-15,olap,benchANT
2026-05-17 07:47:00+00:00,system,load5,3.29,dbms,clickbench,postgresql-plain-indexed-load,1,ip-172-31-24-15,olap,benchANT
2026-05-17 07:47:10+00:00,system,load5,3.21,dbms,clickbench,postgresql-plain-indexed-load,1,ip-172-31-24-15,olap,benchANT
2026-05-17 07:47:20+00:00,system,load5,3.14,dbms,clickbench,postgresql-plain-indexed-load,1,ip-172-31-24-15,olap,benchANT
2026-05-17 07:47:30+00:00,system,load5,3.07,dbms,clickbench,postgresql-plain-indexed-load,1,ip-172-31-24-15,olap,benchANT
2026-05-17 07:47:40+00:00,system,load5,3.0,dbms,clickbench,postgresql-plain-indexed-load,1,ip-172-31-24-15,olap,benchANT
2026-05-17 07:47:50+00:00,system,load5,2.93,dbms,clickbench,postgresql-plain-indexed-load,1,ip-172-31-24-15,olap,benchANT
2026-05-17 07:48:00+00:00,system,load5,2.87,dbms,clickbench,postgresql-plain-indexed-load,1,ip-172-31-24-15,olap,benchANT
2026-05-17 07:48:10+00:00,system,load5,2.81,dbms,clickbench,postgresql-plain-indexed-load,1,ip-172-31-24-15,olap,benchANT
2026-05-17 07:48:20+00:00,system,load5,2.75,dbms,clickbench,postgresql-plain-indexed-load,1,ip-172-31-24-15,olap,benchANT
2026-05-17 07:48:30+00:00,system,load5,2.69,dbms,clickbench,postgresql-plain-indexed-load,1,ip-172-31-24-15,olap,benchANT
2026-05-17 07:48:40+00:00,system,load5,2.63,dbms,clickbench,postgresql-plain-indexed-load,1,ip-172-31-24-15,olap,benchANT
2026-05-17 07:48:50+00:00,system,load5,2.58,dbms,clickbench,postgresql-plain-indexed-load,1,ip-172-31-24-15,olap,benchANT
2026-05-17 07:49:00+00:00,system,load5,2.52,dbms,clickbench,postgresql-plain-indexed-load,1,ip-172-31-24-15,olap,benchANT
2026-05-17 07:49:10+00:00,system,load5,2.47,dbms,clickbench,postgresql-plain-indexed-load,1,ip-172-31-24-15,olap,benchANT
2026-05-17 07:49:20+00:00,system,load5,2.43,dbms,clickbench,postgresql-plain-indexed-load,1,ip-172-31-24-15,olap,benchANT
2026-05-17 07:49:30+00:00,system,load5,2.38,dbms,clickbench,postgresql-plain-indexed-load,1,ip-172-31-24-15,olap,benchANT
2026-05-17 07:49:40+00:00,system,load5,2.33,dbms,clickbench,postgresql-plain-indexed-load,1,ip-172-31-24-15,olap,benchANT
2026-05-17 07:49:50+00:00,system,load5,2.29,dbms,clickbench,postgresql-plain-indexed-load,1,ip-172-31-24-15,olap,benchANT
2026-05-17 07:50:00+00:00,system,load5,2.24,dbms,clickbench,postgresql-plain-indexed-load,1,ip-172-31-24-15,olap,benchANT
2026-05-17 07:50:10+00:00,system,load5,2.2,dbms,clickbench,postgresql-plain-indexed-load,1,ip-172-31-24-15,olap,benchANT
2026-05-17 07:50:20+00:00,system,load5,2.16,dbms,clickbench,postgresql-plain-indexed-load,1,ip-172-31-24-15,olap,benchANT
2026-05-17 07:50:30+00:00,system,load5,2.12,dbms,clickbench,postgresql-plain-indexed-load,1,ip-172-31-24-15,olap,benchANT
2026-05-17 07:50:40+00:00,system,load5,2.09,dbms,clickbench,postgresql-plain-indexed-load,1,ip-172-31-24-15,olap,benchANT
2026-05-17 07:50:50+00:00,system,load5,2.05,dbms,clickbench,postgresql-plain-indexed-load,1,ip-172-31-24-15,olap,benchANT
2026-05-17 07:51:00+00:00,system,load5,2.02,dbms,clickbench,postgresql-plain-indexed-load,1,ip-172-31-24-15,olap,benchANT
2026-05-17 07:51:10+00:00,system,load5,1.98,dbms,clickbench,postgresql-plain-indexed-load,1,ip-172-31-24-15,olap,benchANT
2026-05-17 07:51:20+00:00,system,load5,1.95,dbms,clickbench,postgresql-plain-indexed-load,1,ip-172-31-24-15,olap,benchANT
2026-05-17 07:51:30+00:00,system,load5,1.92,dbms,clickbench,postgresql-plain-indexed-load,1,ip-172-31-24-15,olap,benchANT
2026-05-17 07:51:40+00:00,system,load5,1.89,dbms,clickbench,postgresql-plain-indexed-load,1,ip-172-31-24-15,olap,benchANT
2026-05-17 07:51:50+00:00,system,load5,1.86,dbms,clickbench,postgresql-plain-indexed-load,1,ip-172-31-24-15,olap,benchANT
2026-05-17 07:52:00+00:00,system,load5,1.83,dbms,clickbench,postgresql-plain-indexed-load,1,ip-172-31-24-15,olap,benchANT
2026-05-17 07:52:10+00:00,system,load5,1.8,dbms,clickbench,postgresql-plain-indexed-load,1,ip-172-31-24-15,olap,benchANT
2026-05-17 07:52:20+00:00,system,load5,1.77,dbms,clickbench,postgresql-plain-indexed-load,1,ip-172-31-24-15,olap,benchANT
2026-05-17 07:52:30+00:00,system,load5,1.75,dbms,clickbench,postgresql-plain-indexed-load,1,ip-172-31-24-15,olap,benchANT
2026-05-17 07:52:40+00:00,system,load5,1.72,dbms,clickbench,postgresql-plain-indexed-load,1,ip-172-31-24-15,olap,benchANT
2026-05-17 07:52:50+00:00,system,load5,1.7,dbms,clickbench,postgresql-plain-indexed-load,1,ip-172-31-24-15,olap,benchANT
2026-05-17 07:53:00+00:00,system,load5,1.67,dbms,clickbench,postgresql-plain-indexed-load,1,ip-172-31-24-15,olap,benchANT
2026-05-17 07:53:10+00:00,system,load5,1.65,dbms,clickbench,postgresql-plain-indexed-load,1,ip-172-31-24-15,olap,benchANT
2026-05-17 07:53:20+00:00,system,load5,1.63,dbms,clickbench,postgresql-plain-indexed-load,1,ip-172-31-24-15,olap,benchANT
2026-05-17 07:53:30+00:00,system,load5,1.61,dbms,clickbench,postgresql-plain-indexed-load,1,ip-172-31-24-15,olap,benchANT
2026-05-17 07:53:40+00:00,system,load5,1.59,dbms,clickbench,postgresql-plain-indexed-load,1,ip-172-31-24-15,olap,benchANT
2026-05-17 07:53:50+00:00,system,load5,1.57,dbms,clickbench,postgresql-plain-indexed-load,1,ip-172-31-24-15,olap,benchANT
2026-05-17 07:54:00+00:00,system,load5,1.55,dbms,clickbench,postgresql-plain-indexed-load,1,ip-172-31-24-15,olap,benchANT
2026-05-17 07:54:10+00:00,system,load5,1.53,dbms,clickbench,postgresql-plain-indexed-load,1,ip-172-31-24-15,olap,benchANT
2026-05-17 07:54:20+00:00,system,load5,1.51,dbms,clickbench,postgresql-plain-indexed-load,1,ip-172-31-24-15,olap,benchANT
2026-05-17 07:54:30+00:00,system,load5,1.51,dbms,clickbench,postgresql-plain-indexed-load,1,ip-172-31-24-15,olap,benchANT
2026-05-17 07:54:40+00:00,system,load5,1.49,dbms,clickbench,postgresql-plain-indexed-load,1,ip-172-31-24-15,olap,benchANT
2026-05-17 07:54:50+00:00,system,load5,1.48,dbms,clickbench,postgresql-plain-indexed-load,1,ip-172-31-24-15,olap,benchANT
2026-05-17 07:55:00+00:00,system,load5,1.46,dbms,clickbench,postgresql-plain-indexed-load,1,ip-172-31-24-15,olap,benchANT
2026-05-17 07:55:10+00:00,system,load5,1.45,dbms,clickbench,postgresql-plain-indexed-load,1,ip-172-31-24-15,olap,benchANT
2026-05-17 07:55:20+00:00,system,load5,1.45,dbms,clickbench,postgresql-plain-indexed-load,1,ip-172-31-24-15,olap,benchANT
2026-05-17 07:55:30+00:00,system,load5,1.5,dbms,clickbench,postgresql-plain-indexed-load,1,ip-172-31-24-15,olap,benchANT
2026-05-17 07:55:40+00:00,system,load5,1.5,dbms,clickbench,postgresql-plain-indexed-load,1,ip-172-31-24-15,olap,benchANT
2026-05-17 07:55:50+00:00,system,load5,1.5,dbms,clickbench,postgresql-plain-indexed-load,1,ip-172-31-24-15,olap,benchANT
2026-05-17 07:56:00+00:00,system,load5,1.57,dbms,clickbench,postgresql-plain-indexed-load,1,ip-172-31-24-15,olap,benchANT
2026-05-17 07:56:10+00:00,system,load5,1.61,dbms,clickbench,postgresql-plain-indexed-load,1,ip-172-31-24-15,olap,benchANT
2026-05-17 07:56:20+00:00,system,load5,1.61,dbms,clickbench,postgresql-plain-indexed-load,1,ip-172-31-24-15,olap,benchANT
2026-05-17 07:56:30+00:00,system,load5,1.72,dbms,clickbench,postgresql-plain-indexed-load,1,ip-172-31-24-15,olap,benchANT
2026-05-17 07:56:40+00:00,system,load5,1.83,dbms,clickbench,postgresql-plain-indexed-load,1,ip-172-31-24-15,olap,benchANT
2026-05-17 07:56:50+00:00,system,load5,1.93,dbms,clickbench,postgresql-plain-indexed-load,1,ip-172-31-24-15,olap,benchANT
2026-05-17 07:57:00+00:00,system,load5,2.04,dbms,clickbench,postgresql-plain-indexed-load,1,ip-172-31-24-15,olap,benchANT
2026-05-17 07:57:10+00:00,system,load5,2.13,dbms,clickbench,postgresql-plain-indexed-load,1,ip-172-31-24-15,olap,benchANT
2026-05-17 07:57:20+00:00,system,load5,2.23,dbms,clickbench,postgresql-plain-indexed-load,1,ip-172-31-24-15,olap,benchANT
2026-05-17 07:57:30+00:00,system,load5,2.32,dbms,clickbench,postgresql-plain-indexed-load,1,ip-172-31-24-15,olap,benchANT
2026-05-17 07:57:40+00:00,system,load5,2.41,dbms,clickbench,postgresql-plain-indexed-load,1,ip-172-31-24-15,olap,benchANT
2026-05-17 07:57:50+00:00,system,load5,2.5,dbms,clickbench,postgresql-plain-indexed-load,1,ip-172-31-24-15,olap,benchANT
2026-05-17 07:58:00+00:00,system,load5,2.58,dbms,clickbench,postgresql-plain-indexed-load,1,ip-172-31-24-15,olap,benchANT
2026-05-17 07:58:10+00:00,system,load5,2.66,dbms,clickbench,postgresql-plain-indexed-load,1,ip-172-31-24-15,olap,benchANT
2026-05-17 07:58:20+00:00,system,load5,2.74,dbms,clickbench,postgresql-plain-indexed-load,1,ip-172-31-24-15,olap,benchANT
2026-05-17 07:58:30+00:00,system,load5,2.81,dbms,clickbench,postgresql-plain-indexed-load,1,ip-172-31-24-15,olap,benchANT
2026-05-17 07:58:40+00:00,system,load5,2.88,dbms,clickbench,postgresql-plain-indexed-load,1,ip-172-31-24-15,olap,benchANT
2026-05-17 07:58:50+00:00,system,load5,2.95,dbms,clickbench,postgresql-plain-indexed-load,1,ip-172-31-24-15,olap,benchANT
2026-05-17 07:59:00+00:00,system,load5,3.04,dbms,clickbench,postgresql-plain-indexed-load,1,ip-172-31-24-15,olap,benchANT
2026-05-17 07:59:10+00:00,system,load5,3.1,dbms,clickbench,postgresql-plain-indexed-load,1,ip-172-31-24-15,olap,benchANT
2026-05-17 07:59:20+00:00,system,load5,3.17,dbms,clickbench,postgresql-plain-indexed-load,1,ip-172-31-24-15,olap,benchANT
2026-05-17 07:59:30+00:00,system,load5,3.23,dbms,clickbench,postgresql-plain-indexed-load,1,ip-172-31-24-15,olap,benchANT
2026-05-17 07:59:40+00:00,system,load5,3.29,dbms,clickbench,postgresql-plain-indexed-load,1,ip-172-31-24-15,olap,benchANT
2026-05-17 07:59:50+00:00,system,load5,3.36,dbms,clickbench,postgresql-plain-indexed-load,1,ip-172-31-24-15,olap,benchANT
2026-05-17 08:00:00+00:00,system,load5,3.43,dbms,clickbench,postgresql-plain-indexed-load,1,ip-172-31-24-15,olap,benchANT
2026-05-17 08:00:10+00:00,system,load5,3.48,dbms,clickbench,postgresql-plain-indexed-load,1,ip-172-31-24-15,olap,benchANT
2026-05-17 08:00:20+00:00,system,load5,3.53,dbms,clickbench,postgresql-plain-indexed-load,1,ip-172-31-24-15,olap,benchANT
2026-05-17 08:00:30+00:00,system,load5,3.58,dbms,clickbench,postgresql-plain-indexed-load,1,ip-172-31-24-15,olap,benchANT
2026-05-17 08:00:40+00:00,system,load5,3.64,dbms,clickbench,postgresql-plain-indexed-load,1,ip-172-31-24-15,olap,benchANT
2026-05-17 08:00:50+00:00,system,load5,3.69,dbms,clickbench,postgresql-plain-indexed-load,1,ip-172-31-24-15,olap,benchANT
2026-05-17 08:01:00+00:00,system,load5,3.73,dbms,clickbench,postgresql-plain-indexed-load,1,ip-172-31-24-15,olap,benchANT
2026-05-17 08:01:10+00:00,system,load5,3.78,dbms,clickbench,postgresql-plain-indexed-load,1,ip-172-31-24-15,olap,benchANT
2026-05-17 08:01:20+00:00,system,load5,3.83,dbms,clickbench,postgresql-plain-indexed-load,1,ip-172-31-24-15,olap,benchANT
2026-05-17 08:01:30+00:00,system,load5,3.87,dbms,clickbench,postgresql-plain-indexed-load,1,ip-172-31-24-15,olap,benchANT
2026-05-17 08:01:40+00:00,system,load5,3.91,dbms,clickbench,postgresql-plain-indexed-load,1,ip-172-31-24-15,olap,benchANT
2026-05-17 08:01:50+00:00,system,load5,3.95,dbms,clickbench,postgresql-plain-indexed-load,1,ip-172-31-24-15,olap,benchANT
2026-05-17 08:02:00+00:00,system,load5,3.98,dbms,clickbench,postgresql-plain-indexed-load,1,ip-172-31-24-15,olap,benchANT
2026-05-17 08:02:10+00:00,system,load5,4.02,dbms,clickbench,postgresql-plain-indexed-load,1,ip-172-31-24-15,olap,benchANT
2026-05-17 08:02:20+00:00,system,load5,4.05,dbms,clickbench,postgresql-plain-indexed-load,1,ip-172-31-24-15,olap,benchANT
2026-05-17 08:02:30+00:00,system,load5,4.08,dbms,clickbench,postgresql-plain-indexed-load,1,ip-172-31-24-15,olap,benchANT
2026-05-17 08:02:40+00:00,system,load5,4.11,dbms,clickbench,postgresql-plain-indexed-load,1,ip-172-31-24-15,olap,benchANT
2026-05-17 08:02:50+00:00,system,load5,4.14,dbms,clickbench,postgresql-plain-indexed-load,1,ip-172-31-24-15,olap,benchANT
2026-05-17 08:03:00+00:00,system,load5,4.19,dbms,clickbench,postgresql-plain-indexed-load,1,ip-172-31-24-15,olap,benchANT
2026-05-17 08:03:10+00:00,system,load5,4.21,dbms,clickbench,postgresql-plain-indexed-load,1,ip-172-31-24-15,olap,benchANT
2026-05-17 08:03:20+00:00,system,load5,4.24,dbms,clickbench,postgresql-plain-indexed-load,1,ip-172-31-24-15,olap,benchANT
2026-05-17 08:03:30+00:00,system,load5,4.27,dbms,clickbench,postgresql-plain-indexed-load,1,ip-172-31-24-15,olap,benchANT
2026-05-17 08:03:40+00:00,system,load5,4.29,dbms,clickbench,postgresql-plain-indexed-load,1,ip-172-31-24-15,olap,benchANT
2026-05-17 08:03:50+00:00,system,load5,4.31,dbms,clickbench,postgresql-plain-indexed-load,1,ip-172-31-24-15,olap,benchANT
2026-05-17 08:04:00+00:00,system,load5,4.35,dbms,clickbench,postgresql-plain-indexed-load,1,ip-172-31-24-15,olap,benchANT
2026-05-17 08:04:10+00:00,system,load5,4.37,dbms,clickbench,postgresql-plain-indexed-load,1,ip-172-31-24-15,olap,benchANT
2026-05-17 08:04:20+00:00,system,load5,4.4,dbms,clickbench,postgresql-plain-indexed-load,1,ip-172-31-24-15,olap,benchANT
2026-05-17 08:04:30+00:00,system,load5,4.42,dbms,clickbench,postgresql-plain-indexed-load,1,ip-172-31-24-15,olap,benchANT
2026-05-17 08:04:40+00:00,system,load5,4.47,dbms,clickbench,postgresql-plain-indexed-load,1,ip-172-31-24-15,olap,benchANT
2026-05-17 08:04:50+00:00,system,load5,4.49,dbms,clickbench,postgresql-plain-indexed-load,1,ip-172-31-24-15,olap,benchANT
2026-05-17 08:05:00+00:00,system,load5,4.37,dbms,clickbench,postgresql-plain-indexed-load,1,ip-172-31-24-15,olap,benchANT
2026-05-17 08:05:10+00:00,system,load5,4.26,dbms,clickbench,postgresql-plain-indexed-load,1,ip-172-31-24-15,olap,benchANT
2026-05-17 08:05:20+00:00,system,load5,4.15,dbms,clickbench,postgresql-plain-indexed-load,1,ip-172-31-24-15,olap,benchANT
2026-05-17 08:05:30+00:00,system,load5,4.05,dbms,clickbench,postgresql-plain-indexed-load,1,ip-172-31-24-15,olap,benchANT
2026-05-17 08:05:40+00:00,system,load5,3.95,dbms,clickbench,postgresql-plain-indexed-load,1,ip-172-31-24-15,olap,benchANT
2026-05-17 08:05:50+00:00,system,load5,3.98,dbms,clickbench,postgresql-plain-indexed-load,1,ip-172-31-24-15,olap,benchANT
2026-05-17 08:06:00+00:00,system,load5,4.02,dbms,clickbench,postgresql-plain-indexed-load,1,ip-172-31-24-15,olap,benchANT
2026-05-17 08:06:10+00:00,system,load5,4.05,dbms,clickbench,postgresql-plain-indexed-load,1,ip-172-31-24-15,olap,benchANT
2026-05-17 08:06:20+00:00,system,load5,4.08,dbms,clickbench,postgresql-plain-indexed-load,1,ip-172-31-24-15,olap,benchANT
2026-05-17 08:06:30+00:00,system,load5,4.14,dbms,clickbench,postgresql-plain-indexed-load,1,ip-172-31-24-15,olap,benchANT
2026-05-17 08:06:40+00:00,system,load5,4.17,dbms,clickbench,postgresql-plain-indexed-load,1,ip-172-31-24-15,olap,benchANT
2026-05-17 08:06:50+00:00,system,load5,4.2,dbms,clickbench,postgresql-plain-indexed-load,1,ip-172-31-24-15,olap,benchANT
2026-05-17 08:07:00+00:00,system,load5,4.23,dbms,clickbench,postgresql-plain-indexed-load,1,ip-172-31-24-15,olap,benchANT
2026-05-17 08:07:10+00:00,system,load5,4.27,dbms,clickbench,postgresql-plain-indexed-load,1,ip-172-31-24-15,olap,benchANT
2026-05-17 08:07:20+00:00,system,load5,4.33,dbms,clickbench,postgresql-plain-indexed-load,1,ip-172-31-24-15,olap,benchANT
2026-05-17 08:07:30+00:00,system,load5,4.35,dbms,clickbench,postgresql-plain-indexed-load,1,ip-172-31-24-15,olap,benchANT
2026-05-17 08:07:40+00:00,system,load5,4.37,dbms,clickbench,postgresql-plain-indexed-load,1,ip-172-31-24-15,olap,benchANT
2026-05-17 08:07:50+00:00,system,load5,4.39,dbms,clickbench,postgresql-plain-indexed-load,1,ip-172-31-24-15,olap,benchANT
2026-05-17 08:08:00+00:00,system,load5,4.45,dbms,clickbench,postgresql-plain-indexed-load,1,ip-172-31-24-15,olap,benchANT
2026-05-17 08:08:10+00:00,system,load5,4.47,dbms,clickbench,postgresql-plain-indexed-load,1,ip-172-31-24-15,olap,benchANT
2026-05-17 08:08:20+00:00,system,load5,4.48,dbms,clickbench,postgresql-plain-indexed-load,1,ip-172-31-24-15,olap,benchANT
2026-05-17 08:08:30+00:00,system,load5,4.5,dbms,clickbench,postgresql-plain-indexed-load,1,ip-172-31-24-15,olap,benchANT
2026-05-17 08:08:40+00:00,system,load5,4.55,dbms,clickbench,postgresql-plain-indexed-load,1,ip-172-31-24-15,olap,benchANT
2026-05-17 08:08:50+00:00,system,load5,4.57,dbms,clickbench,postgresql-plain-indexed-load,1,ip-172-31-24-15,olap,benchANT
2026-05-17 08:09:00+00:00,system,load5,4.58,dbms,clickbench,postgresql-plain-indexed-load,1,ip-172-31-24-15,olap,benchANT
2026-05-17 08:09:10+00:00,system,load5,4.6,dbms,clickbench,postgresql-plain-indexed-load,1,ip-172-31-24-15,olap,benchANT
2026-05-17 08:09:20+00:00,system,load5,4.61,dbms,clickbench,postgresql-plain-indexed-load,1,ip-172-31-24-15,olap,benchANT
2026-05-17 08:09:30+00:00,system,load5,4.64,dbms,clickbench,postgresql-plain-indexed-load,1,ip-172-31-24-15,olap,benchANT
2026-05-17 08:09:40+00:00,system,load5,4.65,dbms,clickbench,postgresql-plain-indexed-load,1,ip-172-31-24-15,olap,benchANT
2026-05-17 08:09:50+00:00,system,load5,4.68,dbms,clickbench,postgresql-plain-indexed-load,1,ip-172-31-24-15,olap,benchANT
2026-05-17 08:10:00+00:00,system,load5,4.69,dbms,clickbench,postgresql-plain-indexed-load,1,ip-172-31-24-15,olap,benchANT
2026-05-17 08:10:10+00:00,system,load5,4.7,dbms,clickbench,postgresql-plain-indexed-load,1,ip-172-31-24-15,olap,benchANT
2026-05-17 08:10:20+00:00,system,load5,4.73,dbms,clickbench,postgresql-plain-indexed-load,1,ip-172-31-24-15,olap,benchANT
2026-05-17 08:10:30+00:00,system,load5,4.74,dbms,clickbench,postgresql-plain-indexed-load,1,ip-172-31-24-15,olap,benchANT
2026-05-17 08:10:40+00:00,system,load5,4.76,dbms,clickbench,postgresql-plain-indexed-load,1,ip-172-31-24-15,olap,benchANT
2026-05-17 08:10:50+00:00,system,load5,4.79,dbms,clickbench,postgresql-plain-indexed-load,1,ip-172-31-24-15,olap,benchANT
2026-05-17 08:11:00+00:00,system,load5,4.8,dbms,clickbench,postgresql-plain-indexed-load,1,ip-172-31-24-15,olap,benchANT
2026-05-17 08:11:10+00:00,system,load5,4.82,dbms,clickbench,postgresql-plain-indexed-load,1,ip-172-31-24-15,olap,benchANT
2026-05-17 08:11:20+00:00,system,load5,4.83,dbms,clickbench,postgresql-plain-indexed-load,1,ip-172-31-24-15,olap,benchANT
2026-05-17 08:11:30+00:00,system,load5,4.85,dbms,clickbench,postgresql-plain-indexed-load,1,ip-172-31-24-15,olap,benchANT
2026-05-17 08:11:40+00:00,system,load5,4.87,dbms,clickbench,postgresql-plain-indexed-load,1,ip-172-31-24-15,olap,benchANT
2026-05-17 08:11:50+00:00,system,load5,4.88,dbms,clickbench,postgresql-plain-indexed-load,1,ip-172-31-24-15,olap,benchANT
2026-05-17 08:12:00+00:00,system,load5,4.88,dbms,clickbench,postgresql-plain-indexed-load,1,ip-172-31-24-15,olap,benchANT
2026-05-17 08:12:10+00:00,system,load5,4.89,dbms,clickbench,postgresql-plain-indexed-load,1,ip-172-31-24-15,olap,benchANT
2026-05-17 08:12:20+00:00,system,load5,4.92,dbms,clickbench,postgresql-plain-indexed-load,1,ip-172-31-24-15,olap,benchANT
2026-05-17 08:12:30+00:00,system,load5,4.93,dbms,clickbench,postgresql-plain-indexed-load,1,ip-172-31-24-15,olap,benchANT
2026-05-17 08:12:40+00:00,system,load5,4.94,dbms,clickbench,postgresql-plain-indexed-load,1,ip-172-31-24-15,olap,benchANT
2026-05-17 08:12:50+00:00,system,load5,4.95,dbms,clickbench,postgresql-plain-indexed-load,1,ip-172-31-24-15,olap,benchANT
2026-05-17 08:13:00+00:00,system,load5,4.95,dbms,clickbench,postgresql-plain-indexed-load,1,ip-172-31-24-15,olap,benchANT
2026-05-17 08:13:10+00:00,system,load5,4.97,dbms,clickbench,postgresql-plain-indexed-load,1,ip-172-31-24-15,olap,benchANT
2026-05-17 08:13:20+00:00,system,load5,4.99,dbms,clickbench,postgresql-plain-indexed-load,1,ip-172-31-24-15,olap,benchANT
2026-05-17 08:13:30+00:00,system,load5,4.99,dbms,clickbench,postgresql-plain-indexed-load,1,ip-172-31-24-15,olap,benchANT
2026-05-17 08:13:40+00:00,system,load5,5.0,dbms,clickbench,postgresql-plain-indexed-load,1,ip-172-31-24-15,olap,benchANT
2026-05-17 08:13:50+00:00,system,load5,5.0,dbms,clickbench,postgresql-plain-indexed-load,1,ip-172-31-24-15,olap,benchANT
2026-05-17 08:14:00+00:00,system,load5,5.0,dbms,clickbench,postgresql-plain-indexed-load,1,ip-172-31-24-15,olap,benchANT
2026-05-17 08:14:10+00:00,system,load5,5.0,dbms,clickbench,postgresql-plain-indexed-load,1,ip-172-31-24-15,olap,benchANT
2026-05-17 08:14:20+00:00,system,load5,5.02,dbms,clickbench,postgresql-plain-indexed-load,1,ip-172-31-24-15,olap,benchANT
2026-05-17 08:14:30+00:00,system,load5,4.92,dbms,clickbench,postgresql-plain-indexed-load,1,ip-172-31-24-15,olap,benchANT
2026-05-17 08:14:40+00:00,system,load5,4.84,dbms,clickbench,postgresql-plain-indexed-load,1,ip-172-31-24-15,olap,benchANT
2026-05-17 08:14:50+00:00,system,load5,4.73,dbms,clickbench,postgresql-plain-indexed-load,1,ip-172-31-24-15,olap,benchANT
2026-05-17 08:15:00+00:00,system,load5,4.67,dbms,clickbench,postgresql-plain-indexed-load,1,ip-172-31-24-15,olap,benchANT
2026-05-17 08:15:10+00:00,system,load5,4.68,dbms,clickbench,postgresql-plain-indexed-load,1,ip-172-31-24-15,olap,benchANT
2026-05-17 08:15:20+00:00,system,load5,4.69,dbms,clickbench,postgresql-plain-indexed-load,1,ip-172-31-24-15,olap,benchANT
2026-05-17 08:15:30+00:00,system,load5,4.7,dbms,clickbench,postgresql-plain-indexed-load,1,ip-172-31-24-15,olap,benchANT
2026-05-17 08:15:40+00:00,system,load5,4.71,dbms,clickbench,postgresql-plain-indexed-load,1,ip-172-31-24-15,olap,benchANT
2026-05-17 08:15:50+00:00,system,load5,4.72,dbms,clickbench,postgresql-plain-indexed-load,1,ip-172-31-24-15,olap,benchANT
2026-05-17 08:16:00+00:00,system,load5,4.73,dbms,clickbench,postgresql-plain-indexed-load,1,ip-172-31-24-15,olap,benchANT
2026-05-17 08:16:10+00:00,system,load5,4.74,dbms,clickbench,postgresql-plain-indexed-load,1,ip-172-31-24-15,olap,benchANT
2026-05-17 08:16:20+00:00,system,load5,4.75,dbms,clickbench,postgresql-plain-indexed-load,1,ip-172-31-24-15,olap,benchANT
2026-05-17 08:16:30+00:00,system,load5,4.76,dbms,clickbench,postgresql-plain-indexed-load,1,ip-172-31-24-15,olap,benchANT
2026-05-17 08:16:40+00:00,system,load5,4.77,dbms,clickbench,postgresql-plain-indexed-load,1,ip-172-31-24-15,olap,benchANT
2026-05-17 08:16:50+00:00,system,load5,4.78,dbms,clickbench,postgresql-plain-indexed-load,1,ip-172-31-24-15,olap,benchANT
2026-05-17 08:17:00+00:00,system,load5,4.78,dbms,clickbench,postgresql-plain-indexed-load,1,ip-172-31-24-15,olap,benchANT
2026-05-17 08:17:10+00:00,system,load5,4.79,dbms,clickbench,postgresql-plain-indexed-load,1,ip-172-31-24-15,olap,benchANT
2026-05-17 08:17:20+00:00,system,load5,4.8,dbms,clickbench,postgresql-plain-indexed-load,1,ip-172-31-24-15,olap,benchANT
2026-05-17 08:17:30+00:00,system,load5,4.81,dbms,clickbench,postgresql-plain-indexed-load,1,ip-172-31-24-15,olap,benchANT
2026-05-17 08:17:40+00:00,system,load5,4.83,dbms,clickbench,postgresql-plain-indexed-load,1,ip-172-31-24-15,olap,benchANT
2026-05-17 08:17:50+00:00,system,load5,4.84,dbms,clickbench,postgresql-plain-indexed-load,1,ip-172-31-24-15,olap,benchANT
2026-05-17 08:18:00+00:00,system,load5,4.84,dbms,clickbench,postgresql-plain-indexed-load,1,ip-172-31-24-15,olap,benchANT
2026-05-17 08:18:10+00:00,system,load5,4.85,dbms,clickbench,postgresql-plain-indexed-load,1,ip-172-31-24-15,olap,benchANT
2026-05-17 08:18:20+00:00,system,load5,4.85,dbms,clickbench,postgresql-plain-indexed-load,1,ip-172-31-24-15,olap,benchANT
2026-05-17 08:18:30+00:00,system,load5,4.86,dbms,clickbench,postgresql-plain-indexed-load,1,ip-172-31-24-15,olap,benchANT
2026-05-17 08:18:40+00:00,system,load5,4.88,dbms,clickbench,postgresql-plain-indexed-load,1,ip-172-31-24-15,olap,benchANT
2026-05-17 08:18:50+00:00,system,load5,4.88,dbms,clickbench,postgresql-plain-indexed-load,1,ip-172-31-24-15,olap,benchANT
2026-05-17 08:19:00+00:00,system,load5,4.89,dbms,clickbench,postgresql-plain-indexed-load,1,ip-172-31-24-15,olap,benchANT
2026-05-17 08:19:10+00:00,system,load5,4.89,dbms,clickbench,postgresql-plain-indexed-load,1,ip-172-31-24-15,olap,benchANT
2026-05-17 08:19:20+00:00,system,load5,4.9,dbms,clickbench,postgresql-plain-indexed-load,1,ip-172-31-24-15,olap,benchANT
2026-05-17 08:19:30+00:00,system,load5,4.9,dbms,clickbench,postgresql-plain-indexed-load,1,ip-172-31-24-15,olap,benchANT
2026-05-17 08:19:40+00:00,system,load5,4.9,dbms,clickbench,postgresql-plain-indexed-load,1,ip-172-31-24-15,olap,benchANT
2026-05-17 08:19:50+00:00,system,load5,4.91,dbms,clickbench,postgresql-plain-indexed-load,1,ip-172-31-24-15,olap,benchANT
2026-05-17 08:20:00+00:00,system,load5,4.91,dbms,clickbench,postgresql-plain-indexed-load,1,ip-172-31-24-15,olap,benchANT
2026-05-17 08:20:10+00:00,system,load5,4.91,dbms,clickbench,postgresql-plain-indexed-load,1,ip-172-31-24-15,olap,benchANT
2026-05-17 08:20:20+00:00,system,load5,4.92,dbms,clickbench,postgresql-plain-indexed-load,1,ip-172-31-24-15,olap,benchANT
2026-05-17 08:20:30+00:00,system,load5,4.92,dbms,clickbench,postgresql-plain-indexed-load,1,ip-172-31-24-15,olap,benchANT
2026-05-17 08:20:40+00:00,system,load5,4.92,dbms,clickbench,postgresql-plain-indexed-load,1,ip-172-31-24-15,olap,benchANT
2026-05-17 08:20:50+00:00,system,load5,4.93,dbms,clickbench,postgresql-plain-indexed-load,1,ip-172-31-24-15,olap,benchANT
2026-05-17 08:21:00+00:00,system,load5,4.93,dbms,clickbench,postgresql-plain-indexed-load,1,ip-172-31-24-15,olap,benchANT
2026-05-17 08:21:10+00:00,system,load5,4.93,dbms,clickbench,postgresql-plain-indexed-load,1,ip-172-31-24-15,olap,benchANT
2026-05-17 08:21:20+00:00,system,load5,4.94,dbms,clickbench,postgresql-plain-indexed-load,1,ip-172-31-24-15,olap,benchANT
2026-05-17 08:21:30+00:00,system,load5,4.94,dbms,clickbench,postgresql-plain-indexed-load,1,ip-172-31-24-15,olap,benchANT
2026-05-17 08:21:40+00:00,system,load5,4.94,dbms,clickbench,postgresql-plain-indexed-load,1,ip-172-31-24-15,olap,benchANT
2026-05-17 08:21:50+00:00,system,load5,4.94,dbms,clickbench,postgresql-plain-indexed-load,1,ip-172-31-24-15,olap,benchANT
2026-05-17 08:22:00+00:00,system,load5,4.95,dbms,clickbench,postgresql-plain-indexed-load,1,ip-172-31-24-15,olap,benchANT
2026-05-17 08:22:10+00:00,system,load5,4.95,dbms,clickbench,postgresql-plain-indexed-load,1,ip-172-31-24-15,olap,benchANT
2026-05-17 08:22:20+00:00,system,load5,4.95,dbms,clickbench,postgresql-plain-indexed-load,1,ip-172-31-24-15,olap,benchANT
2026-05-17 08:22:30+00:00,system,load5,4.95,dbms,clickbench,postgresql-plain-indexed-load,1,ip-172-31-24-15,olap,benchANT
2026-05-17 08:22:40+00:00,system,load5,4.95,dbms,clickbench,postgresql-plain-indexed-load,1,ip-172-31-24-15,olap,benchANT
2026-05-17 08:22:50+00:00,system,load5,4.95,dbms,clickbench,postgresql-plain-indexed-load,1,ip-172-31-24-15,olap,benchANT
2026-05-17 08:23:00+00:00,system,load5,4.96,dbms,clickbench,postgresql-plain-indexed-load,1,ip-172-31-24-15,olap,benchANT
2026-05-17 08:23:10+00:00,system,load5,4.96,dbms,clickbench,postgresql-plain-indexed-load,1,ip-172-31-24-15,olap,benchANT
2026-05-17 08:23:20+00:00,system,load5,4.96,dbms,clickbench,postgresql-plain-indexed-load,1,ip-172-31-24-15,olap,benchANT
2026-05-17 08:23:30+00:00,system,load5,4.98,dbms,clickbench,postgresql-plain-indexed-load,1,ip-172-31-24-15,olap,benchANT
2026-05-17 08:23:40+00:00,system,load5,4.98,dbms,clickbench,postgresql-plain-indexed-load,1,ip-172-31-24-15,olap,benchANT
2026-05-17 08:23:50+00:00,system,load5,4.98,dbms,clickbench,postgresql-plain-indexed-load,1,ip-172-31-24-15,olap,benchANT
2026-05-17 08:24:00+00:00,system,load5,4.98,dbms,clickbench,postgresql-plain-indexed-load,1,ip-172-31-24-15,olap,benchANT
2026-05-17 08:24:10+00:00,system,load5,4.98,dbms,clickbench,postgresql-plain-indexed-load,1,ip-172-31-24-15,olap,benchANT
2026-05-17 08:24:20+00:00,system,load5,4.98,dbms,clickbench,postgresql-plain-indexed-load,1,ip-172-31-24-15,olap,benchANT
2026-05-17 08:24:30+00:00,system,load5,4.98,dbms,clickbench,postgresql-plain-indexed-load,1,ip-172-31-24-15,olap,benchANT
2026-05-17 08:24:40+00:00,system,load5,4.99,dbms,clickbench,postgresql-plain-indexed-load,1,ip-172-31-24-15,olap,benchANT
2026-05-17 08:24:50+00:00,system,load5,4.99,dbms,clickbench,postgresql-plain-indexed-load,1,ip-172-31-24-15,olap,benchANT
2026-05-17 08:25:00+00:00,system,load5,4.99,dbms,clickbench,postgresql-plain-indexed-load,1,ip-172-31-24-15,olap,benchANT
2026-05-17 08:25:10+00:00,system,load5,4.99,dbms,clickbench,postgresql-plain-indexed-load,1,ip-172-31-24-15,olap,benchANT
2026-05-17 08:25:20+00:00,system,load5,4.99,dbms,clickbench,postgresql-plain-indexed-load,1,ip-172-31-24-15,olap,benchANT
2026-05-17 08:25:30+00:00,system,load5,4.99,dbms,clickbench,postgresql-plain-indexed-load,1,ip-172-31-24-15,olap,benchANT
2026-05-17 08:25:40+00:00,system,load5,4.99,dbms,clickbench,postgresql-plain-indexed-load,1,ip-172-31-24-15,olap,benchANT
2026-05-17 08:25:50+00:00,system,load5,5.01,dbms,clickbench,postgresql-plain-indexed-load,1,ip-172-31-24-15,olap,benchANT
2026-05-17 08:26:00+00:00,system,load5,5.01,dbms,clickbench,postgresql-plain-indexed-load,1,ip-172-31-24-15,olap,benchANT
2026-05-17 08:26:10+00:00,system,load5,5.01,dbms,clickbench,postgresql-plain-indexed-load,1,ip-172-31-24-15,olap,benchANT
2026-05-17 08:26:20+00:00,system,load5,5.01,dbms,clickbench,postgresql-plain-indexed-load,1,ip-172-31-24-15,olap,benchANT
2026-05-17 08:26:30+00:00,system,load5,5.01,dbms,clickbench,postgresql-plain-indexed-load,1,ip-172-31-24-15,olap,benchANT
2026-05-17 08:26:40+00:00,system,load5,5.0,dbms,clickbench,postgresql-plain-indexed-load,1,ip-172-31-24-15,olap,benchANT
2026-05-17 08:26:50+00:00,system,load5,5.0,dbms,clickbench,postgresql-plain-indexed-load,1,ip-172-31-24-15,olap,benchANT
2026-05-17 08:27:00+00:00,system,load5,5.0,dbms,clickbench,postgresql-plain-indexed-load,1,ip-172-31-24-15,olap,benchANT
2026-05-17 08:27:10+00:00,system,load5,5.0,dbms,clickbench,postgresql-plain-indexed-load,1,ip-172-31-24-15,olap,benchANT
2026-05-17 08:27:20+00:00,system,load5,5.0,dbms,clickbench,postgresql-plain-indexed-load,1,ip-172-31-24-15,olap,benchANT
2026-05-17 08:27:30+00:00,system,load5,5.0,dbms,clickbench,postgresql-plain-indexed-load,1,ip-172-31-24-15,olap,benchANT
2026-05-17 08:27:40+00:00,system,load5,5.0,dbms,clickbench,postgresql-plain-indexed-load,1,ip-172-31-24-15,olap,benchANT
2026-05-17 08:27:50+00:00,system,load5,5.0,dbms,clickbench,postgresql-plain-indexed-load,1,ip-172-31-24-15,olap,benchANT
2026-05-17 08:28:00+00:00,system,load5,5.0,dbms,clickbench,postgresql-plain-indexed-load,1,ip-172-31-24-15,olap,benchANT
2026-05-17 08:28:10+00:00,system,load5,5.0,dbms,clickbench,postgresql-plain-indexed-load,1,ip-172-31-24-15,olap,benchANT
2026-05-17 08:28:20+00:00,system,load5,5.0,dbms,clickbench,postgresql-plain-indexed-load,1,ip-172-31-24-15,olap,benchANT
2026-05-17 08:28:30+00:00,system,load5,5.0,dbms,clickbench,postgresql-plain-indexed-load,1,ip-172-31-24-15,olap,benchANT
2026-05-17 08:28:40+00:00,system,load5,5.0,dbms,clickbench,postgresql-plain-indexed-load,1,ip-172-31-24-15,olap,benchANT
2026-05-17 08:28:50+00:00,system,load5,5.0,dbms,clickbench,postgresql-plain-indexed-load,1,ip-172-31-24-15,olap,benchANT
2026-05-17 08:29:00+00:00,system,load5,5.0,dbms,clickbench,postgresql-plain-indexed-load,1,ip-172-31-24-15,olap,benchANT
2026-05-17 08:29:10+00:00,system,load5,5.0,dbms,clickbench,postgresql-plain-indexed-load,1,ip-172-31-24-15,olap,benchANT
2026-05-17 08:29:20+00:00,system,load5,5.0,dbms,clickbench,postgresql-plain-indexed-load,1,ip-172-31-24-15,olap,benchANT
2026-05-17 08:29:30+00:00,system,load5,5.0,dbms,clickbench,postgresql-plain-indexed-load,1,ip-172-31-24-15,olap,benchANT
2026-05-17 08:29:40+00:00,system,load5,5.0,dbms,clickbench,postgresql-plain-indexed-load,1,ip-172-31-24-15,olap,benchANT
2026-05-17 08:29:50+00:00,system,load5,5.0,dbms,clickbench,postgresql-plain-indexed-load,1,ip-172-31-24-15,olap,benchANT
2026-05-17 08:30:00+00:00,system,load5,5.0,dbms,clickbench,postgresql-plain-indexed-load,1,ip-172-31-24-15,olap,benchANT
2026-05-17 08:30:10+00:00,system,load5,5.0,dbms,clickbench,postgresql-plain-indexed-load,1,ip-172-31-24-15,olap,benchANT
2026-05-17 08:30:20+00:00,system,load5,5.0,dbms,clickbench,postgresql-plain-indexed-load,1,ip-172-31-24-15,olap,benchANT
2026-05-17 08:30:30+00:00,system,load5,5.0,dbms,clickbench,postgresql-plain-indexed-load,1,ip-172-31-24-15,olap,benchANT
2026-05-17 08:30:40+00:00,system,load5,5.0,dbms,clickbench,postgresql-plain-indexed-load,1,ip-172-31-24-15,olap,benchANT
2026-05-17 08:30:50+00:00,system,load5,5.0,dbms,clickbench,postgresql-plain-indexed-load,1,ip-172-31-24-15,olap,benchANT
2026-05-17 08:31:00+00:00,system,load5,5.0,dbms,clickbench,postgresql-plain-indexed-load,1,ip-172-31-24-15,olap,benchANT
2026-05-17 08:31:10+00:00,system,load5,5.0,dbms,clickbench,postgresql-plain-indexed-load,1,ip-172-31-24-15,olap,benchANT
2026-05-17 08:31:20+00:00,system,load5,5.0,dbms,clickbench,postgresql-plain-indexed-load,1,ip-172-31-24-15,olap,benchANT
2026-05-17 08:31:30+00:00,system,load5,5.0,dbms,clickbench,postgresql-plain-indexed-load,1,ip-172-31-24-15,olap,benchANT
2026-05-17 08:31:40+00:00,system,load5,5.02,dbms,clickbench,postgresql-plain-indexed-load,1,ip-172-31-24-15,olap,benchANT
2026-05-17 08:31:50+00:00,system,load5,5.02,dbms,clickbench,postgresql-plain-indexed-load,1,ip-172-31-24-15,olap,benchANT
2026-05-17 08:32:00+00:00,system,load5,5.01,dbms,clickbench,postgresql-plain-indexed-load,1,ip-172-31-24-15,olap,benchANT
2026-05-17 08:32:10+00:00,system,load5,5.01,dbms,clickbench,postgresql-plain-indexed-load,1,ip-172-31-24-15,olap,benchANT
2026-05-17 08:32:20+00:00,system,load5,5.01,dbms,clickbench,postgresql-plain-indexed-load,1,ip-172-31-24-15,olap,benchANT
2026-05-17 08:32:30+00:00,system,load5,5.01,dbms,clickbench,postgresql-plain-indexed-load,1,ip-172-31-24-15,olap,benchANT
2026-05-17 08:32:40+00:00,system,load5,5.01,dbms,clickbench,postgresql-plain-indexed-load,1,ip-172-31-24-15,olap,benchANT
2026-05-17 08:32:50+00:00,system,load5,5.01,dbms,clickbench,postgresql-plain-indexed-load,1,ip-172-31-24-15,olap,benchANT
2026-05-17 08:33:00+00:00,system,load5,5.01,dbms,clickbench,postgresql-plain-indexed-load,1,ip-172-31-24-15,olap,benchANT
2026-05-17 08:33:10+00:00,system,load5,5.01,dbms,clickbench,postgresql-plain-indexed-load,1,ip-172-31-24-15,olap,benchANT
2026-05-17 08:33:20+00:00,system,load5,5.01,dbms,clickbench,postgresql-plain-indexed-load,1,ip-172-31-24-15,olap,benchANT
2026-05-17 08:33:30+00:00,system,load5,5.01,dbms,clickbench,postgresql-plain-indexed-load,1,ip-172-31-24-15,olap,benchANT
2026-05-17 08:33:40+00:00,system,load5,5.0,dbms,clickbench,postgresql-plain-indexed-load,1,ip-172-31-24-15,olap,benchANT
2026-05-17 08:33:50+00:00,system,load5,5.0,dbms,clickbench,postgresql-plain-indexed-load,1,ip-172-31-24-15,olap,benchANT
2026-05-17 08:34:00+00:00,system,load5,5.0,dbms,clickbench,postgresql-plain-indexed-load,1,ip-172-31-24-15,olap,benchANT
2026-05-17 08:34:10+00:00,system,load5,5.0,dbms,clickbench,postgresql-plain-indexed-load,1,ip-172-31-24-15,olap,benchANT
2026-05-17 08:34:20+00:00,system,load5,5.0,dbms,clickbench,postgresql-plain-indexed-load,1,ip-172-31-24-15,olap,benchANT
2026-05-17 08:34:30+00:00,system,load5,5.0,dbms,clickbench,postgresql-plain-indexed-load,1,ip-172-31-24-15,olap,benchANT
2026-05-17 08:34:40+00:00,system,load5,5.0,dbms,clickbench,postgresql-plain-indexed-load,1,ip-172-31-24-15,olap,benchANT
2026-05-17 08:34:50+00:00,system,load5,5.0,dbms,clickbench,postgresql-plain-indexed-load,1,ip-172-31-24-15,olap,benchANT
2026-05-17 08:35:00+00:00,system,load5,5.0,dbms,clickbench,postgresql-plain-indexed-load,1,ip-172-31-24-15,olap,benchANT
2026-05-17 08:35:10+00:00,system,load5,5.0,dbms,clickbench,postgresql-plain-indexed-load,1,ip-172-31-24-15,olap,benchANT
2026-05-17 08:35:20+00:00,system,load5,5.0,dbms,clickbench,postgresql-plain-indexed-load,1,ip-172-31-24-15,olap,benchANT
2026-05-17 08:35:30+00:00,system,load5,5.0,dbms,clickbench,postgresql-plain-indexed-load,1,ip-172-31-24-15,olap,benchANT
2026-05-17 08:35:40+00:00,system,load5,5.0,dbms,clickbench,postgresql-plain-indexed-load,1,ip-172-31-24-15,olap,benchANT
2026-05-17 08:35:50+00:00,system,load5,5.0,dbms,clickbench,postgresql-plain-indexed-load,1,ip-172-31-24-15,olap,benchANT
2026-05-17 08:36:00+00:00,system,load5,5.0,dbms,clickbench,postgresql-plain-indexed-load,1,ip-172-31-24-15,olap,benchANT
2026-05-17 08:36:10+00:00,system,load5,5.0,dbms,clickbench,postgresql-plain-indexed-load,1,ip-172-31-24-15,olap,benchANT
2026-05-17 08:36:20+00:00,system,load5,5.0,dbms,clickbench,postgresql-plain-indexed-load,1,ip-172-31-24-15,olap,benchANT
2026-05-17 08:36:30+00:00,system,load5,5.0,dbms,clickbench,postgresql-plain-indexed-load,1,ip-172-31-24-15,olap,benchANT
2026-05-17 08:36:40+00:00,system,load5,5.0,dbms,clickbench,postgresql-plain-indexed-load,1,ip-172-31-24-15,olap,benchANT
2026-05-17 08:36:50+00:00,system,load5,5.0,dbms,clickbench,postgresql-plain-indexed-load,1,ip-172-31-24-15,olap,benchANT
2026-05-17 08:37:00+00:00,system,load5,5.0,dbms,clickbench,postgresql-plain-indexed-load,1,ip-172-31-24-15,olap,benchANT
2026-05-17 08:37:10+00:00,system,load5,5.0,dbms,clickbench,postgresql-plain-indexed-load,1,ip-172-31-24-15,olap,benchANT
2026-05-17 08:37:20+00:00,system,load5,5.0,dbms,clickbench,postgresql-plain-indexed-load,1,ip-172-31-24-15,olap,benchANT
2026-05-17 08:37:30+00:00,system,load5,5.0,dbms,clickbench,postgresql-plain-indexed-load,1,ip-172-31-24-15,olap,benchANT
2026-05-17 08:37:40+00:00,system,load5,5.0,dbms,clickbench,postgresql-plain-indexed-load,1,ip-172-31-24-15,olap,benchANT
2026-05-17 08:37:50+00:00,system,load5,5.0,dbms,clickbench,postgresql-plain-indexed-load,1,ip-172-31-24-15,olap,benchANT
2026-05-17 08:38:00+00:00,system,load5,5.0,dbms,clickbench,postgresql-plain-indexed-load,1,ip-172-31-24-15,olap,benchANT
2026-05-17 08:38:10+00:00,system,load5,5.0,dbms,clickbench,postgresql-plain-indexed-load,1,ip-172-31-24-15,olap,benchANT
2026-05-17 08:38:20+00:00,system,load5,5.0,dbms,clickbench,postgresql-plain-indexed-load,1,ip-172-31-24-15,olap,benchANT
2026-05-17 08:38:30+00:00,system,load5,5.0,dbms,clickbench,postgresql-plain-indexed-load,1,ip-172-31-24-15,olap,benchANT
2026-05-17 08:38:40+00:00,system,load5,5.0,dbms,clickbench,postgresql-plain-indexed-load,1,ip-172-31-24-15,olap,benchANT
2026-05-17 08:38:50+00:00,system,load5,5.0,dbms,clickbench,postgresql-plain-indexed-load,1,ip-172-31-24-15,olap,benchANT
2026-05-17 08:39:00+00:00,system,load5,5.0,dbms,clickbench,postgresql-plain-indexed-load,1,ip-172-31-24-15,olap,benchANT
2026-05-17 08:39:10+00:00,system,load5,5.0,dbms,clickbench,postgresql-plain-indexed-load,1,ip-172-31-24-15,olap,benchANT
2026-05-17 08:39:20+00:00,system,load5,5.0,dbms,clickbench,postgresql-plain-indexed-load,1,ip-172-31-24-15,olap,benchANT
2026-05-17 08:39:30+00:00,system,load5,5.0,dbms,clickbench,postgresql-plain-indexed-load,1,ip-172-31-24-15,olap,benchANT
2026-05-17 08:39:40+00:00,system,load5,5.0,dbms,clickbench,postgresql-plain-indexed-load,1,ip-172-31-24-15,olap,benchANT
2026-05-17 08:39:50+00:00,system,load5,5.0,dbms,clickbench,postgresql-plain-indexed-load,1,ip-172-31-24-15,olap,benchANT
2026-05-17 08:40:00+00:00,system,load5,4.93,dbms,clickbench,postgresql-plain-indexed-load,1,ip-172-31-24-15,olap,benchANT
2026-05-17 08:40:10+00:00,system,load5,4.8,dbms,clickbench,postgresql-plain-indexed-load,1,ip-172-31-24-15,olap,benchANT
2026-05-17 08:40:20+00:00,system,load5,4.68,dbms,clickbench,postgresql-plain-indexed-load,1,ip-172-31-24-15,olap,benchANT
2026-05-17 08:40:30+00:00,system,load5,4.56,dbms,clickbench,postgresql-plain-indexed-load,1,ip-172-31-24-15,olap,benchANT
2026-05-17 08:40:40+00:00,system,load5,4.51,dbms,clickbench,postgresql-plain-indexed-load,1,ip-172-31-24-15,olap,benchANT
2026-05-17 08:40:50+00:00,system,load5,4.52,dbms,clickbench,postgresql-plain-indexed-load,1,ip-172-31-24-15,olap,benchANT
2026-05-17 08:41:00+00:00,system,load5,4.54,dbms,clickbench,postgresql-plain-indexed-load,1,ip-172-31-24-15,olap,benchANT
2026-05-17 08:41:10+00:00,system,load5,4.55,dbms,clickbench,postgresql-plain-indexed-load,1,ip-172-31-24-15,olap,benchANT
2026-05-17 08:41:20+00:00,system,load5,4.57,dbms,clickbench,postgresql-plain-indexed-load,1,ip-172-31-24-15,olap,benchANT
2026-05-17 08:41:30+00:00,system,load5,4.58,dbms,clickbench,postgresql-plain-indexed-load,1,ip-172-31-24-15,olap,benchANT
2026-05-17 08:41:40+00:00,system,load5,4.6,dbms,clickbench,postgresql-plain-indexed-load,1,ip-172-31-24-15,olap,benchANT
2026-05-17 08:41:50+00:00,system,load5,4.61,dbms,clickbench,postgresql-plain-indexed-load,1,ip-172-31-24-15,olap,benchANT
2026-05-17 08:42:00+00:00,system,load5,4.62,dbms,clickbench,postgresql-plain-indexed-load,1,ip-172-31-24-15,olap,benchANT
2026-05-17 08:42:10+00:00,system,load5,4.64,dbms,clickbench,postgresql-plain-indexed-load,1,ip-172-31-24-15,olap,benchANT
2026-05-17 08:42:20+00:00,system,load5,4.65,dbms,clickbench,postgresql-plain-indexed-load,1,ip-172-31-24-15,olap,benchANT
2026-05-17 08:42:30+00:00,system,load5,4.66,dbms,clickbench,postgresql-plain-indexed-load,1,ip-172-31-24-15,olap,benchANT
2026-05-17 08:42:40+00:00,system,load5,4.69,dbms,clickbench,postgresql-plain-indexed-load,1,ip-172-31-24-15,olap,benchANT
2026-05-17 08:42:50+00:00,system,load5,4.7,dbms,clickbench,postgresql-plain-indexed-load,1,ip-172-31-24-15,olap,benchANT
2026-05-17 08:43:00+00:00,system,load5,4.71,dbms,clickbench,postgresql-plain-indexed-load,1,ip-172-31-24-15,olap,benchANT
2026-05-17 08:43:10+00:00,system,load5,4.72,dbms,clickbench,postgresql-plain-indexed-load,1,ip-172-31-24-15,olap,benchANT
2026-05-17 08:43:20+00:00,system,load5,4.73,dbms,clickbench,postgresql-plain-indexed-load,1,ip-172-31-24-15,olap,benchANT
2026-05-17 08:43:30+00:00,system,load5,4.74,dbms,clickbench,postgresql-plain-indexed-load,1,ip-172-31-24-15,olap,benchANT
2026-05-17 08:43:40+00:00,system,load5,4.75,dbms,clickbench,postgresql-plain-indexed-load,1,ip-172-31-24-15,olap,benchANT
2026-05-17 08:43:50+00:00,system,load5,4.76,dbms,clickbench,postgresql-plain-indexed-load,1,ip-172-31-24-15,olap,benchANT
2026-05-17 08:44:00+00:00,system,load5,4.77,dbms,clickbench,postgresql-plain-indexed-load,1,ip-172-31-24-15,olap,benchANT
2026-05-17 08:44:10+00:00,system,load5,4.77,dbms,clickbench,postgresql-plain-indexed-load,1,ip-172-31-24-15,olap,benchANT
2026-05-17 08:44:20+00:00,system,load5,4.78,dbms,clickbench,postgresql-plain-indexed-load,1,ip-172-31-24-15,olap,benchANT
2026-05-17 08:44:30+00:00,system,load5,4.79,dbms,clickbench,postgresql-plain-indexed-load,1,ip-172-31-24-15,olap,benchANT
2026-05-17 08:44:40+00:00,system,load5,4.8,dbms,clickbench,postgresql-plain-indexed-load,1,ip-172-31-24-15,olap,benchANT
2026-05-17 08:44:50+00:00,system,load5,4.8,dbms,clickbench,postgresql-plain-indexed-load,1,ip-172-31-24-15,olap,benchANT
2026-05-17 08:45:00+00:00,system,load5,4.81,dbms,clickbench,postgresql-plain-indexed-load,1,ip-172-31-24-15,olap,benchANT
2026-05-17 08:45:10+00:00,system,load5,4.82,dbms,clickbench,postgresql-plain-indexed-load,1,ip-172-31-24-15,olap,benchANT
2026-05-17 08:45:20+00:00,system,load5,4.82,dbms,clickbench,postgresql-plain-indexed-load,1,ip-172-31-24-15,olap,benchANT
2026-05-17 08:45:30+00:00,system,load5,4.83,dbms,clickbench,postgresql-plain-indexed-load,1,ip-172-31-24-15,olap,benchANT
2026-05-17 08:45:40+00:00,system,load5,4.84,dbms,clickbench,postgresql-plain-indexed-load,1,ip-172-31-24-15,olap,benchANT
2026-05-17 08:45:50+00:00,system,load5,4.84,dbms,clickbench,postgresql-plain-indexed-load,1,ip-172-31-24-15,olap,benchANT
2026-05-17 08:46:00+00:00,system,load5,4.85,dbms,clickbench,postgresql-plain-indexed-load,1,ip-172-31-24-15,olap,benchANT
2026-05-17 08:46:10+00:00,system,load5,4.85,dbms,clickbench,postgresql-plain-indexed-load,1,ip-172-31-24-15,olap,benchANT
2026-05-17 08:46:20+00:00,system,load5,4.88,dbms,clickbench,postgresql-plain-indexed-load,1,ip-172-31-24-15,olap,benchANT
2026-05-17 08:46:30+00:00,system,load5,4.88,dbms,clickbench,postgresql-plain-indexed-load,1,ip-172-31-24-15,olap,benchANT
2026-05-17 08:46:40+00:00,system,load5,4.88,dbms,clickbench,postgresql-plain-indexed-load,1,ip-172-31-24-15,olap,benchANT
2026-05-17 08:46:50+00:00,system,load5,4.89,dbms,clickbench,postgresql-plain-indexed-load,1,ip-172-31-24-15,olap,benchANT
2026-05-17 08:47:00+00:00,system,load5,4.89,dbms,clickbench,postgresql-plain-indexed-load,1,ip-172-31-24-15,olap,benchANT
2026-05-17 08:47:10+00:00,system,load5,4.9,dbms,clickbench,postgresql-plain-indexed-load,1,ip-172-31-24-15,olap,benchANT
2026-05-17 08:47:20+00:00,system,load5,4.9,dbms,clickbench,postgresql-plain-indexed-load,1,ip-172-31-24-15,olap,benchANT
2026-05-17 08:47:30+00:00,system,load5,4.9,dbms,clickbench,postgresql-plain-indexed-load,1,ip-172-31-24-15,olap,benchANT
2026-05-17 08:47:40+00:00,system,load5,4.91,dbms,clickbench,postgresql-plain-indexed-load,1,ip-172-31-24-15,olap,benchANT
2026-05-17 08:47:50+00:00,system,load5,4.91,dbms,clickbench,postgresql-plain-indexed-load,1,ip-172-31-24-15,olap,benchANT
2026-05-17 08:48:00+00:00,system,load5,4.91,dbms,clickbench,postgresql-plain-indexed-load,1,ip-172-31-24-15,olap,benchANT
2026-05-17 08:48:10+00:00,system,load5,4.92,dbms,clickbench,postgresql-plain-indexed-load,1,ip-172-31-24-15,olap,benchANT
2026-05-17 08:48:20+00:00,system,load5,4.92,dbms,clickbench,postgresql-plain-indexed-load,1,ip-172-31-24-15,olap,benchANT
2026-05-17 08:48:30+00:00,system,load5,4.92,dbms,clickbench,postgresql-plain-indexed-load,1,ip-172-31-24-15,olap,benchANT
2026-05-17 08:48:40+00:00,system,load5,4.93,dbms,clickbench,postgresql-plain-indexed-load,1,ip-172-31-24-15,olap,benchANT
2026-05-17 08:48:50+00:00,system,load5,4.93,dbms,clickbench,postgresql-plain-indexed-load,1,ip-172-31-24-15,olap,benchANT
2026-05-17 08:49:00+00:00,system,load5,4.93,dbms,clickbench,postgresql-plain-indexed-load,1,ip-172-31-24-15,olap,benchANT
2026-05-17 08:49:10+00:00,system,load5,4.94,dbms,clickbench,postgresql-plain-indexed-load,1,ip-172-31-24-15,olap,benchANT
2026-05-17 08:49:20+00:00,system,load5,4.94,dbms,clickbench,postgresql-plain-indexed-load,1,ip-172-31-24-15,olap,benchANT
2026-05-17 08:49:30+00:00,system,load5,4.94,dbms,clickbench,postgresql-plain-indexed-load,1,ip-172-31-24-15,olap,benchANT
2026-05-17 08:49:40+00:00,system,load5,4.94,dbms,clickbench,postgresql-plain-indexed-load,1,ip-172-31-24-15,olap,benchANT
2026-05-17 08:49:50+00:00,system,load5,4.95,dbms,clickbench,postgresql-plain-indexed-load,1,ip-172-31-24-15,olap,benchANT
2026-05-17 08:50:00+00:00,system,load5,4.95,dbms,clickbench,postgresql-plain-indexed-load,1,ip-172-31-24-15,olap,benchANT
2026-05-17 08:50:10+00:00,system,load5,4.95,dbms,clickbench,postgresql-plain-indexed-load,1,ip-172-31-24-15,olap,benchANT
2026-05-17 08:50:20+00:00,system,load5,4.95,dbms,clickbench,postgresql-plain-indexed-load,1,ip-172-31-24-15,olap,benchANT
2026-05-17 08:50:30+00:00,system,load5,4.95,dbms,clickbench,postgresql-plain-indexed-load,1,ip-172-31-24-15,olap,benchANT
2026-05-17 08:50:40+00:00,system,load5,4.95,dbms,clickbench,postgresql-plain-indexed-load,1,ip-172-31-24-15,olap,benchANT
2026-05-17 08:50:50+00:00,system,load5,4.96,dbms,clickbench,postgresql-plain-indexed-load,1,ip-172-31-24-15,olap,benchANT
2026-05-17 08:51:00+00:00,system,load5,4.96,dbms,clickbench,postgresql-plain-indexed-load,1,ip-172-31-24-15,olap,benchANT
2026-05-17 08:51:10+00:00,system,load5,4.96,dbms,clickbench,postgresql-plain-indexed-load,1,ip-172-31-24-15,olap,benchANT
2026-05-17 08:51:20+00:00,system,load5,4.98,dbms,clickbench,postgresql-plain-indexed-load,1,ip-172-31-24-15,olap,benchANT
2026-05-17 08:51:30+00:00,system,load5,5.0,dbms,clickbench,postgresql-plain-indexed-load,1,ip-172-31-24-15,olap,benchANT
2026-05-17 08:51:40+00:00,system,load5,5.0,dbms,clickbench,postgresql-plain-indexed-load,1,ip-172-31-24-15,olap,benchANT
2026-05-17 08:51:50+00:00,system,load5,5.0,dbms,clickbench,postgresql-plain-indexed-load,1,ip-172-31-24-15,olap,benchANT
2026-05-17 08:52:00+00:00,system,load5,5.0,dbms,clickbench,postgresql-plain-indexed-load,1,ip-172-31-24-15,olap,benchANT
2026-05-17 08:52:10+00:00,system,load5,5.02,dbms,clickbench,postgresql-plain-indexed-load,1,ip-172-31-24-15,olap,benchANT
2026-05-17 08:52:20+00:00,system,load5,5.03,dbms,clickbench,postgresql-plain-indexed-load,1,ip-172-31-24-15,olap,benchANT
2026-05-17 08:52:30+00:00,system,load5,5.03,dbms,clickbench,postgresql-plain-indexed-load,1,ip-172-31-24-15,olap,benchANT
2026-05-17 08:52:40+00:00,system,load5,5.05,dbms,clickbench,postgresql-plain-indexed-load,1,ip-172-31-24-15,olap,benchANT
2026-05-17 08:52:50+00:00,system,load5,5.04,dbms,clickbench,postgresql-plain-indexed-load,1,ip-172-31-24-15,olap,benchANT
2026-05-17 08:53:00+00:00,system,load5,5.04,dbms,clickbench,postgresql-plain-indexed-load,1,ip-172-31-24-15,olap,benchANT
2026-05-17 08:53:10+00:00,system,load5,5.04,dbms,clickbench,postgresql-plain-indexed-load,1,ip-172-31-24-15,olap,benchANT
2026-05-17 08:53:20+00:00,system,load5,5.05,dbms,clickbench,postgresql-plain-indexed-load,1,ip-172-31-24-15,olap,benchANT
2026-05-17 08:53:30+00:00,system,load5,5.05,dbms,clickbench,postgresql-plain-indexed-load,1,ip-172-31-24-15,olap,benchANT
2026-05-17 08:53:40+00:00,system,load5,5.07,dbms,clickbench,postgresql-plain-indexed-load,1,ip-172-31-24-15,olap,benchANT
2026-05-17 08:53:50+00:00,system,load5,5.08,dbms,clickbench,postgresql-plain-indexed-load,1,ip-172-31-24-15,olap,benchANT
2026-05-17 08:54:00+00:00,system,load5,5.08,dbms,clickbench,postgresql-plain-indexed-load,1,ip-172-31-24-15,olap,benchANT
2026-05-17 08:54:10+00:00,system,load5,5.09,dbms,clickbench,postgresql-plain-indexed-load,1,ip-172-31-24-15,olap,benchANT
2026-05-17 08:54:20+00:00,system,load5,5.09,dbms,clickbench,postgresql-plain-indexed-load,1,ip-172-31-24-15,olap,benchANT
2026-05-17 08:54:30+00:00,system,load5,5.09,dbms,clickbench,postgresql-plain-indexed-load,1,ip-172-31-24-15,olap,benchANT
2026-05-17 08:54:40+00:00,system,load5,5.1,dbms,clickbench,postgresql-plain-indexed-load,1,ip-172-31-24-15,olap,benchANT
2026-05-17 08:54:50+00:00,system,load5,5.1,dbms,clickbench,postgresql-plain-indexed-load,1,ip-172-31-24-15,olap,benchANT
2026-05-17 08:55:00+00:00,system,load5,5.09,dbms,clickbench,postgresql-plain-indexed-load,1,ip-172-31-24-15,olap,benchANT
2026-05-17 08:55:10+00:00,system,load5,5.1,dbms,clickbench,postgresql-plain-indexed-load,1,ip-172-31-24-15,olap,benchANT
2026-05-17 08:55:20+00:00,system,load5,5.1,dbms,clickbench,postgresql-plain-indexed-load,1,ip-172-31-24-15,olap,benchANT
2026-05-17 08:55:30+00:00,system,load5,5.1,dbms,clickbench,postgresql-plain-indexed-load,1,ip-172-31-24-15,olap,benchANT
2026-05-17 08:55:40+00:00,system,load5,5.11,dbms,clickbench,postgresql-plain-indexed-load,1,ip-172-31-24-15,olap,benchANT
2026-05-17 08:55:50+00:00,system,load5,5.14,dbms,clickbench,postgresql-plain-indexed-load,1,ip-172-31-24-15,olap,benchANT
2026-05-17 08:56:00+00:00,system,load5,5.15,dbms,clickbench,postgresql-plain-indexed-load,1,ip-172-31-24-15,olap,benchANT
2026-05-17 08:56:10+00:00,system,load5,5.15,dbms,clickbench,postgresql-plain-indexed-load,1,ip-172-31-24-15,olap,benchANT
2026-05-17 08:56:20+00:00,system,load5,5.16,dbms,clickbench,postgresql-plain-indexed-load,1,ip-172-31-24-15,olap,benchANT
2026-05-17 08:56:30+00:00,system,load5,5.19,dbms,clickbench,postgresql-plain-indexed-load,1,ip-172-31-24-15,olap,benchANT
2026-05-17 08:56:40+00:00,system,load5,5.2,dbms,clickbench,postgresql-plain-indexed-load,1,ip-172-31-24-15,olap,benchANT
2026-05-17 08:56:50+00:00,system,load5,5.19,dbms,clickbench,postgresql-plain-indexed-load,1,ip-172-31-24-15,olap,benchANT
2026-05-17 08:57:00+00:00,system,load5,5.18,dbms,clickbench,postgresql-plain-indexed-load,1,ip-172-31-24-15,olap,benchANT
2026-05-17 08:57:10+00:00,system,load5,5.19,dbms,clickbench,postgresql-plain-indexed-load,1,ip-172-31-24-15,olap,benchANT
2026-05-17 08:57:20+00:00,system,load5,5.19,dbms,clickbench,postgresql-plain-indexed-load,1,ip-172-31-24-15,olap,benchANT
2026-05-17 08:57:30+00:00,system,load5,5.18,dbms,clickbench,postgresql-plain-indexed-load,1,ip-172-31-24-15,olap,benchANT
2026-05-17 08:57:40+00:00,system,load5,5.17,dbms,clickbench,postgresql-plain-indexed-load,1,ip-172-31-24-15,olap,benchANT
2026-05-17 08:57:50+00:00,system,load5,5.1,dbms,clickbench,postgresql-plain-indexed-load,1,ip-172-31-24-15,olap,benchANT
2026-05-17 08:58:00+00:00,system,load5,4.98,dbms,clickbench,postgresql-plain-indexed-load,1,ip-172-31-24-15,olap,benchANT
2026-05-17 08:58:10+00:00,system,load5,4.85,dbms,clickbench,postgresql-plain-indexed-load,1,ip-172-31-24-15,olap,benchANT
2026-05-17 08:58:20+00:00,system,load5,4.72,dbms,clickbench,postgresql-plain-indexed-load,1,ip-172-31-24-15,olap,benchANT
2026-05-17 08:58:30+00:00,system,load5,4.63,dbms,clickbench,postgresql-plain-indexed-load,1,ip-172-31-24-15,olap,benchANT
2026-05-17 08:58:40+00:00,system,load5,4.58,dbms,clickbench,postgresql-plain-indexed-load,1,ip-172-31-24-15,olap,benchANT
2026-05-17 08:58:50+00:00,system,load5,4.46,dbms,clickbench,postgresql-plain-indexed-load,1,ip-172-31-24-15,olap,benchANT
2026-05-17 08:59:00+00:00,system,load5,4.35,dbms,clickbench,postgresql-plain-indexed-load,1,ip-172-31-24-15,olap,benchANT
2026-05-17 08:59:10+00:00,system,load5,4.24,dbms,clickbench,postgresql-plain-indexed-load,1,ip-172-31-24-15,olap,benchANT
2026-05-17 08:59:20+00:00,system,load5,4.13,dbms,clickbench,postgresql-plain-indexed-load,1,ip-172-31-24-15,olap,benchANT
2026-05-17 08:59:30+00:00,system,load5,4.03,dbms,clickbench,postgresql-plain-indexed-load,1,ip-172-31-24-15,olap,benchANT
2026-05-17 08:59:40+00:00,system,load5,3.93,dbms,clickbench,postgresql-plain-indexed-load,1,ip-172-31-24-15,olap,benchANT
2026-05-17 08:59:50+00:00,system,load5,3.83,dbms,clickbench,postgresql-plain-indexed-load,1,ip-172-31-24-15,olap,benchANT
2026-05-17 09:00:00+00:00,system,load5,3.74,dbms,clickbench,postgresql-plain-indexed-load,1,ip-172-31-24-15,olap,benchANT
2026-05-17 09:00:10+00:00,system,load5,3.64,dbms,clickbench,postgresql-plain-indexed-load,1,ip-172-31-24-15,olap,benchANT
2026-05-17 09:00:20+00:00,system,load5,3.56,dbms,clickbench,postgresql-plain-indexed-load,1,ip-172-31-24-15,olap,benchANT
2026-05-17 09:00:30+00:00,system,load5,3.47,dbms,clickbench,postgresql-plain-indexed-load,1,ip-172-31-24-15,olap,benchANT
2026-05-17 09:00:40+00:00,system,load5,3.39,dbms,clickbench,postgresql-plain-indexed-load,1,ip-172-31-24-15,olap,benchANT
2026-05-17 09:00:50+00:00,system,load5,3.31,dbms,clickbench,postgresql-plain-indexed-load,1,ip-172-31-24-15,olap,benchANT
2026-05-17 09:01:00+00:00,system,load5,3.23,dbms,clickbench,postgresql-plain-indexed-load,1,ip-172-31-24-15,olap,benchANT
2026-05-17 09:01:10+00:00,system,load5,3.16,dbms,clickbench,postgresql-plain-indexed-load,1,ip-172-31-24-15,olap,benchANT
2026-05-17 09:01:20+00:00,system,load5,3.09,dbms,clickbench,postgresql-plain-indexed-load,1,ip-172-31-24-15,olap,benchANT
2026-05-17 09:01:30+00:00,system,load5,3.02,dbms,clickbench,postgresql-plain-indexed-load,1,ip-172-31-24-15,olap,benchANT
2026-05-17 09:01:40+00:00,system,load5,2.95,dbms,clickbench,postgresql-plain-indexed-load,1,ip-172-31-24-15,olap,benchANT
2026-05-17 09:01:50+00:00,system,load5,2.9,dbms,clickbench,postgresql-plain-indexed-load,1,ip-172-31-24-15,olap,benchANT
2026-05-17 09:02:00+00:00,system,load5,2.84,dbms,clickbench,postgresql-plain-indexed-load,1,ip-172-31-24-15,olap,benchANT
2026-05-17 09:02:10+00:00,system,load5,2.78,dbms,clickbench,postgresql-plain-indexed-load,1,ip-172-31-24-15,olap,benchANT
2026-05-17 09:02:20+00:00,system,load5,2.74,dbms,clickbench,postgresql-plain-indexed-load,1,ip-172-31-24-15,olap,benchANT
2026-05-17 09:02:30+00:00,system,load5,2.68,dbms,clickbench,postgresql-plain-indexed-load,1,ip-172-31-24-15,olap,benchANT
2026-05-17 09:02:40+00:00,system,load5,2.62,dbms,clickbench,postgresql-plain-indexed-load,1,ip-172-31-24-15,olap,benchANT
2026-05-17 09:02:50+00:00,system,load5,2.57,dbms,clickbench,postgresql-plain-indexed-load,1,ip-172-31-24-15,olap,benchANT
2026-05-17 09:03:00+00:00,system,load5,2.52,dbms,clickbench,postgresql-plain-indexed-load,1,ip-172-31-24-15,olap,benchANT
2026-05-17 09:03:10+00:00,system,load5,2.47,dbms,clickbench,postgresql-plain-indexed-load,1,ip-172-31-24-15,olap,benchANT
2026-05-17 09:03:20+00:00,system,load5,2.42,dbms,clickbench,postgresql-plain-indexed-load,1,ip-172-31-24-15,olap,benchANT
2026-05-17 09:03:30+00:00,system,load5,2.37,dbms,clickbench,postgresql-plain-indexed-load,1,ip-172-31-24-15,olap,benchANT
2026-05-17 09:03:40+00:00,system,load5,2.33,dbms,clickbench,postgresql-plain-indexed-load,1,ip-172-31-24-15,olap,benchANT
2026-05-17 09:03:50+00:00,system,load5,2.28,dbms,clickbench,postgresql-plain-indexed-load,1,ip-172-31-24-15,olap,benchANT
2026-05-17 09:04:00+00:00,system,load5,2.24,dbms,clickbench,postgresql-plain-indexed-load,1,ip-172-31-24-15,olap,benchANT
2026-05-17 09:04:10+00:00,system,load5,2.2,dbms,clickbench,postgresql-plain-indexed-load,1,ip-172-31-24-15,olap,benchANT
2026-05-17 09:04:20+00:00,system,load5,2.16,dbms,clickbench,postgresql-plain-indexed-load,1,ip-172-31-24-15,olap,benchANT
2026-05-17 09:04:30+00:00,system,load5,2.13,dbms,clickbench,postgresql-plain-indexed-load,1,ip-172-31-24-15,olap,benchANT
2026-05-17 09:04:40+00:00,system,load5,2.11,dbms,clickbench,postgresql-plain-indexed-load,1,ip-172-31-24-15,olap,benchANT
2026-05-17 09:04:50+00:00,system,load5,2.08,dbms,clickbench,postgresql-plain-indexed-load,1,ip-172-31-24-15,olap,benchANT
2026-05-17 09:05:00+00:00,system,load5,2.04,dbms,clickbench,postgresql-plain-indexed-load,1,ip-172-31-24-15,olap,benchANT
2026-05-17 09:05:10+00:00,system,load5,2.01,dbms,clickbench,postgresql-plain-indexed-load,1,ip-172-31-24-15,olap,benchANT
2026-05-17 09:05:20+00:00,system,load5,1.97,dbms,clickbench,postgresql-plain-indexed-load,1,ip-172-31-24-15,olap,benchANT
2026-05-17 09:05:30+00:00,system,load5,1.94,dbms,clickbench,postgresql-plain-indexed-load,1,ip-172-31-24-15,olap,benchANT
2026-05-17 09:05:40+00:00,system,load5,1.91,dbms,clickbench,postgresql-plain-indexed-load,1,ip-172-31-24-15,olap,benchANT
2026-05-17 09:05:50+00:00,system,load5,1.88,dbms,clickbench,postgresql-plain-indexed-load,1,ip-172-31-24-15,olap,benchANT
2026-05-17 09:06:00+00:00,system,load5,1.85,dbms,clickbench,postgresql-plain-indexed-load,1,ip-172-31-24-15,olap,benchANT
2026-05-17 09:06:10+00:00,system,load5,1.82,dbms,clickbench,postgresql-plain-indexed-load,1,ip-172-31-24-15,olap,benchANT
2026-05-17 09:06:20+00:00,system,load5,1.79,dbms,clickbench,postgresql-plain-indexed-load,1,ip-172-31-24-15,olap,benchANT
2026-05-17 09:06:30+00:00,system,load5,1.77,dbms,clickbench,postgresql-plain-indexed-load,1,ip-172-31-24-15,olap,benchANT
2026-05-17 09:06:40+00:00,system,load5,1.74,dbms,clickbench,postgresql-plain-indexed-load,1,ip-172-31-24-15,olap,benchANT
2026-05-17 09:06:50+00:00,system,load5,1.72,dbms,clickbench,postgresql-plain-indexed-load,1,ip-172-31-24-15,olap,benchANT
2026-05-17 09:07:00+00:00,system,load5,1.69,dbms,clickbench,postgresql-plain-indexed-load,1,ip-172-31-24-15,olap,benchANT
2026-05-17 09:07:10+00:00,system,load5,1.67,dbms,clickbench,postgresql-plain-indexed-load,1,ip-172-31-24-15,olap,benchANT
2026-05-17 09:07:20+00:00,system,load5,1.65,dbms,clickbench,postgresql-plain-indexed-load,1,ip-172-31-24-15,olap,benchANT
2026-05-17 09:07:30+00:00,system,load5,1.62,dbms,clickbench,postgresql-plain-indexed-load,1,ip-172-31-24-15,olap,benchANT
2026-05-17 09:07:40+00:00,system,load5,1.6,dbms,clickbench,postgresql-plain-indexed-load,1,ip-172-31-24-15,olap,benchANT
2026-05-17 09:07:50+00:00,system,load5,1.58,dbms,clickbench,postgresql-plain-indexed-load,1,ip-172-31-24-15,olap,benchANT
2026-05-17 09:08:00+00:00,system,load5,1.56,dbms,clickbench,postgresql-plain-indexed-load,1,ip-172-31-24-15,olap,benchANT
2026-05-17 09:08:10+00:00,system,load5,1.56,dbms,clickbench,postgresql-plain-indexed-load,1,ip-172-31-24-15,olap,benchANT
2026-05-17 09:08:20+00:00,system,load5,1.54,dbms,clickbench,postgresql-plain-indexed-load,1,ip-172-31-24-15,olap,benchANT
2026-05-17 09:08:30+00:00,system,load5,1.52,dbms,clickbench,postgresql-plain-indexed-load,1,ip-172-31-24-15,olap,benchANT
2026-05-17 09:08:40+00:00,system,load5,1.51,dbms,clickbench,postgresql-plain-indexed-load,1,ip-172-31-24-15,olap,benchANT
2026-05-17 09:08:50+00:00,system,load5,1.49,dbms,clickbench,postgresql-plain-indexed-load,1,ip-172-31-24-15,olap,benchANT
2026-05-17 09:09:00+00:00,system,load5,1.47,dbms,clickbench,postgresql-plain-indexed-load,1,ip-172-31-24-15,olap,benchANT
2026-05-17 09:09:10+00:00,system,load5,1.46,dbms,clickbench,postgresql-plain-indexed-load,1,ip-172-31-24-15,olap,benchANT
2026-05-17 09:09:20+00:00,system,load5,1.44,dbms,clickbench,postgresql-plain-indexed-load,1,ip-172-31-24-15,olap,benchANT
2026-05-17 09:09:30+00:00,system,load5,1.43,dbms,clickbench,postgresql-plain-indexed-load,1,ip-172-31-24-15,olap,benchANT
2026-05-17 09:09:40+00:00,system,load5,1.41,dbms,clickbench,postgresql-plain-indexed-load,1,ip-172-31-24-15,olap,benchANT
2026-05-17 09:09:50+00:00,system,load5,1.41,dbms,clickbench,postgresql-plain-indexed-load,1,ip-172-31-24-15,olap,benchANT
2026-05-17 09:10:00+00:00,system,load5,1.4,dbms,clickbench,postgresql-plain-indexed-load,1,ip-172-31-24-15,olap,benchANT
2026-05-17 09:10:10+00:00,system,load5,1.39,dbms,clickbench,postgresql-plain-indexed-load,1,ip-172-31-24-15,olap,benchANT
2026-05-17 09:10:20+00:00,system,load5,1.37,dbms,clickbench,postgresql-plain-indexed-load,1,ip-172-31-24-15,olap,benchANT
2026-05-17 09:10:30+00:00,system,load5,1.36,dbms,clickbench,postgresql-plain-indexed-load,1,ip-172-31-24-15,olap,benchANT
2026-05-17 09:10:40+00:00,system,load5,1.35,dbms,clickbench,postgresql-plain-indexed-load,1,ip-172-31-24-15,olap,benchANT
2026-05-17 09:10:50+00:00,system,load5,1.34,dbms,clickbench,postgresql-plain-indexed-load,1,ip-172-31-24-15,olap,benchANT
2026-05-17 09:11:00+00:00,system,load5,1.32,dbms,clickbench,postgresql-plain-indexed-load,1,ip-172-31-24-15,olap,benchANT
2026-05-17 09:11:10+00:00,system,load5,1.31,dbms,clickbench,postgresql-plain-indexed-load,1,ip-172-31-24-15,olap,benchANT
2026-05-17 09:11:20+00:00,system,load5,1.3,dbms,clickbench,postgresql-plain-indexed-load,1,ip-172-31-24-15,olap,benchANT
2026-05-17 09:11:30+00:00,system,load5,1.29,dbms,clickbench,postgresql-plain-indexed-load,1,ip-172-31-24-15,olap,benchANT
2026-05-17 09:11:40+00:00,system,load5,1.28,dbms,clickbench,postgresql-plain-indexed-load,1,ip-172-31-24-15,olap,benchANT
2026-05-17 09:11:50+00:00,system,load5,1.27,dbms,clickbench,postgresql-plain-indexed-load,1,ip-172-31-24-15,olap,benchANT
2026-05-17 09:12:00+00:00,system,load5,1.26,dbms,clickbench,postgresql-plain-indexed-load,1,ip-172-31-24-15,olap,benchANT
2026-05-17 09:12:10+00:00,system,load5,1.25,dbms,clickbench,postgresql-plain-indexed-load,1,ip-172-31-24-15,olap,benchANT
2026-05-17 09:12:20+00:00,system,load5,1.24,dbms,clickbench,postgresql-plain-indexed-load,1,ip-172-31-24-15,olap,benchANT
2026-05-17 09:12:30+00:00,system,load5,1.24,dbms,clickbench,postgresql-plain-indexed-load,1,ip-172-31-24-15,olap,benchANT
2026-05-17 09:12:40+00:00,system,load5,1.23,dbms,clickbench,postgresql-plain-indexed-load,1,ip-172-31-24-15,olap,benchANT
2026-05-17 09:12:50+00:00,system,load5,1.22,dbms,clickbench,postgresql-plain-indexed-load,1,ip-172-31-24-15,olap,benchANT
2026-05-17 09:13:00+00:00,system,load5,1.21,dbms,clickbench,postgresql-plain-indexed-load,1,ip-172-31-24-15,olap,benchANT
2026-05-17 09:13:10+00:00,system,load5,1.2,dbms,clickbench,postgresql-plain-indexed-load,1,ip-172-31-24-15,olap,benchANT
2026-05-17 09:13:20+00:00,system,load5,1.2,dbms,clickbench,postgresql-plain-indexed-load,1,ip-172-31-24-15,olap,benchANT
2026-05-17 09:13:30+00:00,system,load5,1.19,dbms,clickbench,postgresql-plain-indexed-load,1,ip-172-31-24-15,olap,benchANT
2026-05-17 09:13:40+00:00,system,load5,1.18,dbms,clickbench,postgresql-plain-indexed-load,1,ip-172-31-24-15,olap,benchANT
2026-05-17 09:13:50+00:00,system,load5,1.18,dbms,clickbench,postgresql-plain-indexed-load,1,ip-172-31-24-15,olap,benchANT
2026-05-17 09:14:00+00:00,system,load5,1.17,dbms,clickbench,postgresql-plain-indexed-load,1,ip-172-31-24-15,olap,benchANT
2026-05-17 09:14:10+00:00,system,load5,1.16,dbms,clickbench,postgresql-plain-indexed-load,1,ip-172-31-24-15,olap,benchANT
2026-05-17 09:14:20+00:00,system,load5,1.16,dbms,clickbench,postgresql-plain-indexed-load,1,ip-172-31-24-15,olap,benchANT
2026-05-17 09:14:30+00:00,system,load5,1.15,dbms,clickbench,postgresql-plain-indexed-load,1,ip-172-31-24-15,olap,benchANT
2026-05-17 09:14:40+00:00,system,load5,1.15,dbms,clickbench,postgresql-plain-indexed-load,1,ip-172-31-24-15,olap,benchANT
2026-05-17 09:14:50+00:00,system,load5,1.14,dbms,clickbench,postgresql-plain-indexed-load,1,ip-172-31-24-15,olap,benchANT
2026-05-17 09:15:00+00:00,system,load5,1.14,dbms,clickbench,postgresql-plain-indexed-load,1,ip-172-31-24-15,olap,benchANT
2026-05-17 09:15:10+00:00,system,load5,1.13,dbms,clickbench,postgresql-plain-indexed-load,1,ip-172-31-24-15,olap,benchANT
2026-05-17 09:15:20+00:00,system,load5,1.13,dbms,clickbench,postgresql-plain-indexed-load,1,ip-172-31-24-15,olap,benchANT
2026-05-17 09:15:30+00:00,system,load5,1.12,dbms,clickbench,postgresql-plain-indexed-load,1,ip-172-31-24-15,olap,benchANT
2026-05-17 09:15:40+00:00,system,load5,1.12,dbms,clickbench,postgresql-plain-indexed-load,1,ip-172-31-24-15,olap,benchANT
2026-05-17 09:15:50+00:00,system,load5,1.11,dbms,clickbench,postgresql-plain-indexed-load,1,ip-172-31-24-15,olap,benchANT
2026-05-17 09:16:00+00:00,system,load5,1.11,dbms,clickbench,postgresql-plain-indexed-load,1,ip-172-31-24-15,olap,benchANT
2026-05-17 09:16:10+00:00,system,load5,1.14,dbms,clickbench,postgresql-plain-indexed-load,1,ip-172-31-24-15,olap,benchANT
2026-05-17 09:16:20+00:00,system,load5,1.13,dbms,clickbench,postgresql-plain-indexed-load,1,ip-172-31-24-15,olap,benchANT
2026-05-17 09:16:30+00:00,system,load5,1.13,dbms,clickbench,postgresql-plain-indexed-load,1,ip-172-31-24-15,olap,benchANT
2026-05-17 09:16:40+00:00,system,load5,1.12,dbms,clickbench,postgresql-plain-indexed-load,1,ip-172-31-24-15,olap,benchANT
2026-05-17 09:16:50+00:00,system,load5,1.12,dbms,clickbench,postgresql-plain-indexed-load,1,ip-172-31-24-15,olap,benchANT
2026-05-17 09:17:00+00:00,system,load5,1.12,dbms,clickbench,postgresql-plain-indexed-load,1,ip-172-31-24-15,olap,benchANT
2026-05-17 09:17:10+00:00,system,load5,1.13,dbms,clickbench,postgresql-plain-indexed-load,1,ip-172-31-24-15,olap,benchANT
2026-05-17 09:17:20+00:00,system,load5,1.12,dbms,clickbench,postgresql-plain-indexed-load,1,ip-172-31-24-15,olap,benchANT
2026-05-17 09:17:30+00:00,system,load5,1.12,dbms,clickbench,postgresql-plain-indexed-load,1,ip-172-31-24-15,olap,benchANT
2026-05-17 09:17:40+00:00,system,load5,1.11,dbms,clickbench,postgresql-plain-indexed-load,1,ip-172-31-24-15,olap,benchANT
2026-05-17 09:17:50+00:00,system,load5,1.14,dbms,clickbench,postgresql-plain-indexed-load,1,ip-172-31-24-15,olap,benchANT
2026-05-17 09:18:00+00:00,system,load5,1.14,dbms,clickbench,postgresql-plain-indexed-load,1,ip-172-31-24-15,olap,benchANT
2026-05-17 09:18:10+00:00,system,load5,1.13,dbms,clickbench,postgresql-plain-indexed-load,1,ip-172-31-24-15,olap,benchANT
2026-05-17 09:18:20+00:00,system,load5,1.13,dbms,clickbench,postgresql-plain-indexed-load,1,ip-172-31-24-15,olap,benchANT
2026-05-17 09:18:30+00:00,system,load5,1.14,dbms,clickbench,postgresql-plain-indexed-load,1,ip-172-31-24-15,olap,benchANT
2026-05-17 09:18:40+00:00,system,load5,1.14,dbms,clickbench,postgresql-plain-indexed-load,1,ip-172-31-24-15,olap,benchANT
2026-05-17 09:18:50+00:00,system,load5,1.15,dbms,clickbench,postgresql-plain-indexed-load,1,ip-172-31-24-15,olap,benchANT
2026-05-17 09:19:00+00:00,system,load5,1.14,dbms,clickbench,postgresql-plain-indexed-load,1,ip-172-31-24-15,olap,benchANT
2026-05-17 09:19:10+00:00,system,load5,1.16,dbms,clickbench,postgresql-plain-indexed-load,1,ip-172-31-24-15,olap,benchANT
2026-05-17 09:19:20+00:00,system,load5,1.15,dbms,clickbench,postgresql-plain-indexed-load,1,ip-172-31-24-15,olap,benchANT
2026-05-17 09:19:30+00:00,system,load5,1.14,dbms,clickbench,postgresql-plain-indexed-load,1,ip-172-31-24-15,olap,benchANT
2026-05-17 09:19:40+00:00,system,load5,1.14,dbms,clickbench,postgresql-plain-indexed-load,1,ip-172-31-24-15,olap,benchANT
2026-05-17 09:19:50+00:00,system,load5,1.17,dbms,clickbench,postgresql-plain-indexed-load,1,ip-172-31-24-15,olap,benchANT
2026-05-17 09:20:00+00:00,system,load5,1.18,dbms,clickbench,postgresql-plain-indexed-load,1,ip-172-31-24-15,olap,benchANT
2026-05-17 09:20:10+00:00,system,load5,1.17,dbms,clickbench,postgresql-plain-indexed-load,1,ip-172-31-24-15,olap,benchANT
2026-05-17 09:20:20+00:00,system,load5,1.18,dbms,clickbench,postgresql-plain-indexed-load,1,ip-172-31-24-15,olap,benchANT
2026-05-17 09:20:30+00:00,system,load5,1.18,dbms,clickbench,postgresql-plain-indexed-load,1,ip-172-31-24-15,olap,benchANT
2026-05-17 09:20:40+00:00,system,load5,1.19,dbms,clickbench,postgresql-plain-indexed-load,1,ip-172-31-24-15,olap,benchANT
2026-05-17 09:20:50+00:00,system,load5,1.18,dbms,clickbench,postgresql-plain-indexed-load,1,ip-172-31-24-15,olap,benchANT
2026-05-17 09:21:00+00:00,system,load5,1.17,dbms,clickbench,postgresql-plain-indexed-load,1,ip-172-31-24-15,olap,benchANT
2026-05-17 09:21:10+00:00,system,load5,1.18,dbms,clickbench,postgresql-plain-indexed-load,1,ip-172-31-24-15,olap,benchANT
2026-05-17 09:21:20+00:00,system,load5,1.18,dbms,clickbench,postgresql-plain-indexed-load,1,ip-172-31-24-15,olap,benchANT
2026-05-17 09:21:30+00:00,system,load5,1.17,dbms,clickbench,postgresql-plain-indexed-load,1,ip-172-31-24-15,olap,benchANT
2026-05-17 09:21:40+00:00,system,load5,1.17,dbms,clickbench,postgresql-plain-indexed-load,1,ip-172-31-24-15,olap,benchANT
2026-05-17 09:21:50+00:00,system,load5,1.16,dbms,clickbench,postgresql-plain-indexed-load,1,ip-172-31-24-15,olap,benchANT
2026-05-17 09:22:00+00:00,system,load5,1.15,dbms,clickbench,postgresql-plain-indexed-load,1,ip-172-31-24-15,olap,benchANT
2026-05-17 09:22:10+00:00,system,load5,1.15,dbms,clickbench,postgresql-plain-indexed-load,1,ip-172-31-24-15,olap,benchANT
2026-05-17 09:22:20+00:00,system,load5,1.18,dbms,clickbench,postgresql-plain-indexed-load,1,ip-172-31-24-15,olap,benchANT
2026-05-17 09:22:30+00:00,system,load5,1.17,dbms,clickbench,postgresql-plain-indexed-load,1,ip-172-31-24-15,olap,benchANT
2026-05-17 09:22:40+00:00,system,load5,1.16,dbms,clickbench,postgresql-plain-indexed-load,1,ip-172-31-24-15,olap,benchANT
2026-05-17 09:22:50+00:00,system,load5,1.16,dbms,clickbench,postgresql-plain-indexed-load,1,ip-172-31-24-15,olap,benchANT
2026-05-17 09:23:00+00:00,system,load5,1.15,dbms,clickbench,postgresql-plain-indexed-load,1,ip-172-31-24-15,olap,benchANT
2026-05-17 09:23:10+00:00,system,load5,1.15,dbms,clickbench,postgresql-plain-indexed-load,1,ip-172-31-24-15,olap,benchANT
2026-05-17 09:23:20+00:00,system,load5,1.14,dbms,clickbench,postgresql-plain-indexed-load,1,ip-172-31-24-15,olap,benchANT
2026-05-17 09:23:30+00:00,system,load5,1.15,dbms,clickbench,postgresql-plain-indexed-load,1,ip-172-31-24-15,olap,benchANT
2026-05-17 09:23:40+00:00,system,load5,1.15,dbms,clickbench,postgresql-plain-indexed-load,1,ip-172-31-24-15,olap,benchANT
2026-05-17 09:23:50+00:00,system,load5,1.16,dbms,clickbench,postgresql-plain-indexed-load,1,ip-172-31-24-15,olap,benchANT
2026-05-17 09:24:00+00:00,system,load5,1.19,dbms,clickbench,postgresql-plain-indexed-load,1,ip-172-31-24-15,olap,benchANT
2026-05-17 09:24:10+00:00,system,load5,1.18,dbms,clickbench,postgresql-plain-indexed-load,1,ip-172-31-24-15,olap,benchANT
2026-05-17 09:24:20+00:00,system,load5,1.17,dbms,clickbench,postgresql-plain-indexed-load,1,ip-172-31-24-15,olap,benchANT
2026-05-17 09:24:30+00:00,system,load5,1.17,dbms,clickbench,postgresql-plain-indexed-load,1,ip-172-31-24-15,olap,benchANT
2026-05-17 09:24:40+00:00,system,load5,1.2,dbms,clickbench,postgresql-plain-indexed-load,1,ip-172-31-24-15,olap,benchANT
2026-05-17 09:24:50+00:00,system,load5,1.19,dbms,clickbench,postgresql-plain-indexed-load,1,ip-172-31-24-15,olap,benchANT
2026-05-17 09:25:00+00:00,system,load5,1.18,dbms,clickbench,postgresql-plain-indexed-load,1,ip-172-31-24-15,olap,benchANT
2026-05-17 09:25:10+00:00,system,load5,1.18,dbms,clickbench,postgresql-plain-indexed-load,1,ip-172-31-24-15,olap,benchANT
2026-05-17 09:25:20+00:00,system,load5,1.19,dbms,clickbench,postgresql-plain-indexed-load,1,ip-172-31-24-15,olap,benchANT
2026-05-17 09:25:30+00:00,system,load5,1.18,dbms,clickbench,postgresql-plain-indexed-load,1,ip-172-31-24-15,olap,benchANT
2026-05-17 09:25:40+00:00,system,load5,1.17,dbms,clickbench,postgresql-plain-indexed-load,1,ip-172-31-24-15,olap,benchANT
2026-05-17 09:25:50+00:00,system,load5,1.17,dbms,clickbench,postgresql-plain-indexed-load,1,ip-172-31-24-15,olap,benchANT
2026-05-17 09:26:00+00:00,system,load5,1.18,dbms,clickbench,postgresql-plain-indexed-load,1,ip-172-31-24-15,olap,benchANT
2026-05-17 09:26:10+00:00,system,load5,1.17,dbms,clickbench,postgresql-plain-indexed-load,1,ip-172-31-24-15,olap,benchANT
2026-05-17 09:26:20+00:00,system,load5,1.17,dbms,clickbench,postgresql-plain-indexed-load,1,ip-172-31-24-15,olap,benchANT
2026-05-17 09:26:30+00:00,system,load5,1.18,dbms,clickbench,postgresql-plain-indexed-load,1,ip-172-31-24-15,olap,benchANT
2026-05-17 09:26:40+00:00,system,load5,1.17,dbms,clickbench,postgresql-plain-indexed-load,1,ip-172-31-24-15,olap,benchANT
2026-05-17 09:26:50+00:00,system,load5,1.16,dbms,clickbench,postgresql-plain-indexed-load,1,ip-172-31-24-15,olap,benchANT
2026-05-17 09:27:00+00:00,system,load5,1.16,dbms,clickbench,postgresql-plain-indexed-load,1,ip-172-31-24-15,olap,benchANT
2026-05-17 09:27:10+00:00,system,load5,1.15,dbms,clickbench,postgresql-plain-indexed-load,1,ip-172-31-24-15,olap,benchANT
2026-05-17 09:27:20+00:00,system,load5,1.15,dbms,clickbench,postgresql-plain-indexed-load,1,ip-172-31-24-15,olap,benchANT
2026-05-17 09:27:30+00:00,system,load5,1.14,dbms,clickbench,postgresql-plain-indexed-load,1,ip-172-31-24-15,olap,benchANT
2026-05-17 09:27:40+00:00,system,load5,1.14,dbms,clickbench,postgresql-plain-indexed-load,1,ip-172-31-24-15,olap,benchANT
2026-05-17 09:27:50+00:00,system,load5,1.27,dbms,clickbench,postgresql-plain-indexed-load,1,ip-172-31-24-15,olap,benchANT
2026-05-17 09:28:00+00:00,system,load5,1.39,dbms,clickbench,postgresql-plain-indexed-load,1,ip-172-31-24-15,olap,benchANT
2026-05-17 09:28:10+00:00,system,load5,1.51,dbms,clickbench,postgresql-plain-indexed-load,1,ip-172-31-24-15,olap,benchANT
2026-05-17 09:28:20+00:00,system,load5,1.62,dbms,clickbench,postgresql-plain-indexed-load,1,ip-172-31-24-15,olap,benchANT
2026-05-17 09:28:30+00:00,system,load5,1.73,dbms,clickbench,postgresql-plain-indexed-load,1,ip-172-31-24-15,olap,benchANT
2026-05-17 09:28:40+00:00,system,load5,1.87,dbms,clickbench,postgresql-plain-indexed-load,1,ip-172-31-24-15,olap,benchANT
2026-05-17 09:28:50+00:00,system,load5,2.01,dbms,clickbench,postgresql-plain-indexed-load,1,ip-172-31-24-15,olap,benchANT
2026-05-17 09:29:00+00:00,system,load5,2.14,dbms,clickbench,postgresql-plain-indexed-load,1,ip-172-31-24-15,olap,benchANT
2026-05-17 09:29:10+00:00,system,load5,2.27,dbms,clickbench,postgresql-plain-indexed-load,1,ip-172-31-24-15,olap,benchANT
2026-05-17 09:29:20+00:00,system,load5,2.39,dbms,clickbench,postgresql-plain-indexed-load,1,ip-172-31-24-15,olap,benchANT
2026-05-17 09:29:30+00:00,system,load5,2.5,dbms,clickbench,postgresql-plain-indexed-load,1,ip-172-31-24-15,olap,benchANT
2026-05-17 09:29:40+00:00,system,load5,2.61,dbms,clickbench,postgresql-plain-indexed-load,1,ip-172-31-24-15,olap,benchANT
2026-05-17 09:29:50+00:00,system,load5,2.72,dbms,clickbench,postgresql-plain-indexed-load,1,ip-172-31-24-15,olap,benchANT
2026-05-17 09:30:00+00:00,system,load5,2.83,dbms,clickbench,postgresql-plain-indexed-load,1,ip-172-31-24-15,olap,benchANT
2026-05-17 09:30:10+00:00,system,load5,2.92,dbms,clickbench,postgresql-plain-indexed-load,1,ip-172-31-24-15,olap,benchANT
2026-05-17 09:30:20+00:00,system,load5,3.02,dbms,clickbench,postgresql-plain-indexed-load,1,ip-172-31-24-15,olap,benchANT
2026-05-17 09:30:30+00:00,system,load5,3.12,dbms,clickbench,postgresql-plain-indexed-load,1,ip-172-31-24-15,olap,benchANT
2026-05-17 09:30:40+00:00,system,load5,3.2,dbms,clickbench,postgresql-plain-indexed-load,1,ip-172-31-24-15,olap,benchANT
2026-05-17 09:30:50+00:00,system,load5,3.29,dbms,clickbench,postgresql-plain-indexed-load,1,ip-172-31-24-15,olap,benchANT
2026-05-17 09:31:00+00:00,system,load5,3.35,dbms,clickbench,postgresql-plain-indexed-load,1,ip-172-31-24-15,olap,benchANT
2026-05-17 09:31:10+00:00,system,load5,3.41,dbms,clickbench,postgresql-plain-indexed-load,1,ip-172-31-24-15,olap,benchANT
2026-05-17 09:31:20+00:00,system,load5,3.46,dbms,clickbench,postgresql-plain-indexed-load,1,ip-172-31-24-15,olap,benchANT
2026-05-17 09:31:30+00:00,system,load5,3.54,dbms,clickbench,postgresql-plain-indexed-load,1,ip-172-31-24-15,olap,benchANT
2026-05-17 09:31:40+00:00,system,load5,3.62,dbms,clickbench,postgresql-plain-indexed-load,1,ip-172-31-24-15,olap,benchANT
2026-05-17 09:31:50+00:00,system,load5,3.69,dbms,clickbench,postgresql-plain-indexed-load,1,ip-172-31-24-15,olap,benchANT
2026-05-17 09:32:00+00:00,system,load5,3.76,dbms,clickbench,postgresql-plain-indexed-load,1,ip-172-31-24-15,olap,benchANT
2026-05-17 09:32:10+00:00,system,load5,3.8,dbms,clickbench,postgresql-plain-indexed-load,1,ip-172-31-24-15,olap,benchANT
2026-05-17 09:32:20+00:00,system,load5,3.84,dbms,clickbench,postgresql-plain-indexed-load,1,ip-172-31-24-15,olap,benchANT
2026-05-17 09:32:30+00:00,system,load5,3.9,dbms,clickbench,postgresql-plain-indexed-load,1,ip-172-31-24-15,olap,benchANT
2026-05-17 09:32:40+00:00,system,load5,3.95,dbms,clickbench,postgresql-plain-indexed-load,1,ip-172-31-24-15,olap,benchANT
2026-05-17 09:32:50+00:00,system,load5,4.0,dbms,clickbench,postgresql-plain-indexed-load,1,ip-172-31-24-15,olap,benchANT
2026-05-17 09:33:00+00:00,system,load5,4.07,dbms,clickbench,postgresql-plain-indexed-load,1,ip-172-31-24-15,olap,benchANT
2026-05-17 09:33:10+00:00,system,load5,4.13,dbms,clickbench,postgresql-plain-indexed-load,1,ip-172-31-24-15,olap,benchANT
2026-05-17 09:33:20+00:00,system,load5,4.2,dbms,clickbench,postgresql-plain-indexed-load,1,ip-172-31-24-15,olap,benchANT
2026-05-17 09:33:30+00:00,system,load5,4.24,dbms,clickbench,postgresql-plain-indexed-load,1,ip-172-31-24-15,olap,benchANT
2026-05-17 09:33:40+00:00,system,load5,4.3,dbms,clickbench,postgresql-plain-indexed-load,1,ip-172-31-24-15,olap,benchANT
2026-05-17 09:33:50+00:00,system,load5,4.35,dbms,clickbench,postgresql-plain-indexed-load,1,ip-172-31-24-15,olap,benchANT
2026-05-17 09:34:00+00:00,system,load5,4.41,dbms,clickbench,postgresql-plain-indexed-load,1,ip-172-31-24-15,olap,benchANT
2026-05-17 09:34:10+00:00,system,load5,4.45,dbms,clickbench,postgresql-plain-indexed-load,1,ip-172-31-24-15,olap,benchANT
2026-05-17 09:34:20+00:00,system,load5,4.5,dbms,clickbench,postgresql-plain-indexed-load,1,ip-172-31-24-15,olap,benchANT
2026-05-17 09:34:30+00:00,system,load5,4.53,dbms,clickbench,postgresql-plain-indexed-load,1,ip-172-31-24-15,olap,benchANT
2026-05-17 09:34:40+00:00,system,load5,4.58,dbms,clickbench,postgresql-plain-indexed-load,1,ip-172-31-24-15,olap,benchANT
2026-05-17 09:34:50+00:00,system,load5,4.63,dbms,clickbench,postgresql-plain-indexed-load,1,ip-172-31-24-15,olap,benchANT
2026-05-17 09:35:00+00:00,system,load5,4.66,dbms,clickbench,postgresql-plain-indexed-load,1,ip-172-31-24-15,olap,benchANT
2026-05-17 09:35:10+00:00,system,load5,4.7,dbms,clickbench,postgresql-plain-indexed-load,1,ip-172-31-24-15,olap,benchANT
2026-05-17 09:35:20+00:00,system,load5,4.73,dbms,clickbench,postgresql-plain-indexed-load,1,ip-172-31-24-15,olap,benchANT
2026-05-17 09:35:30+00:00,system,load5,4.77,dbms,clickbench,postgresql-plain-indexed-load,1,ip-172-31-24-15,olap,benchANT
2026-05-17 09:35:40+00:00,system,load5,4.81,dbms,clickbench,postgresql-plain-indexed-load,1,ip-172-31-24-15,olap,benchANT
2026-05-17 09:35:50+00:00,system,load5,4.85,dbms,clickbench,postgresql-plain-indexed-load,1,ip-172-31-24-15,olap,benchANT
2026-05-17 09:36:00+00:00,system,load5,4.87,dbms,clickbench,postgresql-plain-indexed-load,1,ip-172-31-24-15,olap,benchANT
2026-05-17 09:36:10+00:00,system,load5,4.93,dbms,clickbench,postgresql-plain-indexed-load,1,ip-172-31-24-15,olap,benchANT
2026-05-17 09:36:20+00:00,system,load5,4.96,dbms,clickbench,postgresql-plain-indexed-load,1,ip-172-31-24-15,olap,benchANT
2026-05-17 09:36:30+00:00,system,load5,5.0,dbms,clickbench,postgresql-plain-indexed-load,1,ip-172-31-24-15,olap,benchANT
2026-05-17 09:36:40+00:00,system,load5,5.03,dbms,clickbench,postgresql-plain-indexed-load,1,ip-172-31-24-15,olap,benchANT
2026-05-17 09:36:50+00:00,system,load5,5.06,dbms,clickbench,postgresql-plain-indexed-load,1,ip-172-31-24-15,olap,benchANT
2026-05-17 09:37:00+00:00,system,load5,5.08,dbms,clickbench,postgresql-plain-indexed-load,1,ip-172-31-24-15,olap,benchANT
2026-05-17 09:37:10+00:00,system,load5,5.09,dbms,clickbench,postgresql-plain-indexed-load,1,ip-172-31-24-15,olap,benchANT
2026-05-17 09:37:20+00:00,system,load5,5.09,dbms,clickbench,postgresql-plain-indexed-load,1,ip-172-31-24-15,olap,benchANT
2026-05-17 09:37:30+00:00,system,load5,5.1,dbms,clickbench,postgresql-plain-indexed-load,1,ip-172-31-24-15,olap,benchANT
2026-05-17 09:37:40+00:00,system,load5,5.13,dbms,clickbench,postgresql-plain-indexed-load,1,ip-172-31-24-15,olap,benchANT
2026-05-17 09:37:50+00:00,system,load5,5.13,dbms,clickbench,postgresql-plain-indexed-load,1,ip-172-31-24-15,olap,benchANT
2026-05-17 09:38:00+00:00,system,load5,5.15,dbms,clickbench,postgresql-plain-indexed-load,1,ip-172-31-24-15,olap,benchANT
2026-05-17 09:38:10+00:00,system,load5,5.18,dbms,clickbench,postgresql-plain-indexed-load,1,ip-172-31-24-15,olap,benchANT
2026-05-17 09:38:20+00:00,system,load5,5.21,dbms,clickbench,postgresql-plain-indexed-load,1,ip-172-31-24-15,olap,benchANT
2026-05-17 09:38:30+00:00,system,load5,5.24,dbms,clickbench,postgresql-plain-indexed-load,1,ip-172-31-24-15,olap,benchANT
2026-05-17 09:38:40+00:00,system,load5,5.26,dbms,clickbench,postgresql-plain-indexed-load,1,ip-172-31-24-15,olap,benchANT
2026-05-17 09:38:50+00:00,system,load5,5.29,dbms,clickbench,postgresql-plain-indexed-load,1,ip-172-31-24-15,olap,benchANT
2026-05-17 09:39:00+00:00,system,load5,5.31,dbms,clickbench,postgresql-plain-indexed-load,1,ip-172-31-24-15,olap,benchANT
2026-05-17 09:39:10+00:00,system,load5,5.33,dbms,clickbench,postgresql-plain-indexed-load,1,ip-172-31-24-15,olap,benchANT
2026-05-17 09:39:20+00:00,system,load5,5.36,dbms,clickbench,postgresql-plain-indexed-load,1,ip-172-31-24-15,olap,benchANT
2026-05-17 09:39:30+00:00,system,load5,5.34,dbms,clickbench,postgresql-plain-indexed-load,1,ip-172-31-24-15,olap,benchANT
2026-05-17 09:39:40+00:00,system,load5,5.23,dbms,clickbench,postgresql-plain-indexed-load,1,ip-172-31-24-15,olap,benchANT
2026-05-17 09:39:50+00:00,system,load5,5.16,dbms,clickbench,postgresql-plain-indexed-load,1,ip-172-31-24-15,olap,benchANT
2026-05-17 09:40:00+00:00,system,load5,5.09,dbms,clickbench,postgresql-plain-indexed-load,1,ip-172-31-24-15,olap,benchANT
2026-05-17 09:40:10+00:00,system,load5,5.02,dbms,clickbench,postgresql-plain-indexed-load,1,ip-172-31-24-15,olap,benchANT
2026-05-17 09:40:20+00:00,system,load5,4.98,dbms,clickbench,postgresql-plain-indexed-load,1,ip-172-31-24-15,olap,benchANT
2026-05-17 09:40:30+00:00,system,load5,4.94,dbms,clickbench,postgresql-plain-indexed-load,1,ip-172-31-24-15,olap,benchANT
2026-05-17 09:40:40+00:00,system,load5,4.86,dbms,clickbench,postgresql-plain-indexed-load,1,ip-172-31-24-15,olap,benchANT
2026-05-17 09:40:50+00:00,system,load5,4.78,dbms,clickbench,postgresql-plain-indexed-load,1,ip-172-31-24-15,olap,benchANT
2026-05-17 09:41:00+00:00,system,load5,4.75,dbms,clickbench,postgresql-plain-indexed-load,1,ip-172-31-24-15,olap,benchANT
2026-05-17 09:41:10+00:00,system,load5,4.76,dbms,clickbench,postgresql-plain-indexed-load,1,ip-172-31-24-15,olap,benchANT
2026-05-17 09:41:20+00:00,system,load5,4.79,dbms,clickbench,postgresql-plain-indexed-load,1,ip-172-31-24-15,olap,benchANT
2026-05-17 09:41:30+00:00,system,load5,4.81,dbms,clickbench,postgresql-plain-indexed-load,1,ip-172-31-24-15,olap,benchANT
2026-05-17 09:41:40+00:00,system,load5,4.85,dbms,clickbench,postgresql-plain-indexed-load,1,ip-172-31-24-15,olap,benchANT
2026-05-17 09:41:50+00:00,system,load5,4.87,dbms,clickbench,postgresql-plain-indexed-load,1,ip-172-31-24-15,olap,benchANT
2026-05-17 09:42:00+00:00,system,load5,4.91,dbms,clickbench,postgresql-plain-indexed-load,1,ip-172-31-24-15,olap,benchANT
2026-05-17 09:42:10+00:00,system,load5,4.95,dbms,clickbench,postgresql-plain-indexed-load,1,ip-172-31-24-15,olap,benchANT
2026-05-17 09:42:20+00:00,system,load5,4.96,dbms,clickbench,postgresql-plain-indexed-load,1,ip-172-31-24-15,olap,benchANT
2026-05-17 09:42:30+00:00,system,load5,4.98,dbms,clickbench,postgresql-plain-indexed-load,1,ip-172-31-24-15,olap,benchANT
2026-05-17 09:42:40+00:00,system,load5,5.02,dbms,clickbench,postgresql-plain-indexed-load,1,ip-172-31-24-15,olap,benchANT
2026-05-17 09:42:50+00:00,system,load5,5.05,dbms,clickbench,postgresql-plain-indexed-load,1,ip-172-31-24-15,olap,benchANT
2026-05-17 09:43:00+00:00,system,load5,5.1,dbms,clickbench,postgresql-plain-indexed-load,1,ip-172-31-24-15,olap,benchANT
2026-05-17 09:43:10+00:00,system,load5,5.13,dbms,clickbench,postgresql-plain-indexed-load,1,ip-172-31-24-15,olap,benchANT
2026-05-17 09:43:20+00:00,system,load5,5.14,dbms,clickbench,postgresql-plain-indexed-load,1,ip-172-31-24-15,olap,benchANT
2026-05-17 09:43:30+00:00,system,load5,5.17,dbms,clickbench,postgresql-plain-indexed-load,1,ip-172-31-24-15,olap,benchANT
2026-05-17 09:43:40+00:00,system,load5,5.2,dbms,clickbench,postgresql-plain-indexed-load,1,ip-172-31-24-15,olap,benchANT
2026-05-17 09:43:50+00:00,system,load5,5.21,dbms,clickbench,postgresql-plain-indexed-load,1,ip-172-31-24-15,olap,benchANT
2026-05-17 09:44:00+00:00,system,load5,5.23,dbms,clickbench,postgresql-plain-indexed-load,1,ip-172-31-24-15,olap,benchANT
2026-05-17 09:44:10+00:00,system,load5,5.24,dbms,clickbench,postgresql-plain-indexed-load,1,ip-172-31-24-15,olap,benchANT
2026-05-17 09:44:20+00:00,system,load5,5.23,dbms,clickbench,postgresql-plain-indexed-load,1,ip-172-31-24-15,olap,benchANT
2026-05-17 09:44:30+00:00,system,load5,5.23,dbms,clickbench,postgresql-plain-indexed-load,1,ip-172-31-24-15,olap,benchANT
2026-05-17 09:44:40+00:00,system,load5,5.23,dbms,clickbench,postgresql-plain-indexed-load,1,ip-172-31-24-15,olap,benchANT
2026-05-17 09:44:50+00:00,system,load5,5.26,dbms,clickbench,postgresql-plain-indexed-load,1,ip-172-31-24-15,olap,benchANT
2026-05-17 09:45:00+00:00,system,load5,5.27,dbms,clickbench,postgresql-plain-indexed-load,1,ip-172-31-24-15,olap,benchANT
2026-05-17 09:45:10+00:00,system,load5,5.29,dbms,clickbench,postgresql-plain-indexed-load,1,ip-172-31-24-15,olap,benchANT
2026-05-17 09:45:20+00:00,system,load5,5.3,dbms,clickbench,postgresql-plain-indexed-load,1,ip-172-31-24-15,olap,benchANT
2026-05-17 09:45:30+00:00,system,load5,5.29,dbms,clickbench,postgresql-plain-indexed-load,1,ip-172-31-24-15,olap,benchANT
2026-05-17 09:45:40+00:00,system,load5,5.28,dbms,clickbench,postgresql-plain-indexed-load,1,ip-172-31-24-15,olap,benchANT
2026-05-17 09:45:50+00:00,system,load5,5.3,dbms,clickbench,postgresql-plain-indexed-load,1,ip-172-31-24-15,olap,benchANT
2026-05-17 09:46:00+00:00,system,load5,5.33,dbms,clickbench,postgresql-plain-indexed-load,1,ip-172-31-24-15,olap,benchANT
2026-05-17 09:46:10+00:00,system,load5,5.35,dbms,clickbench,postgresql-plain-indexed-load,1,ip-172-31-24-15,olap,benchANT
2026-05-17 09:46:20+00:00,system,load5,5.35,dbms,clickbench,postgresql-plain-indexed-load,1,ip-172-31-24-15,olap,benchANT
2026-05-17 09:46:30+00:00,system,load5,5.38,dbms,clickbench,postgresql-plain-indexed-load,1,ip-172-31-24-15,olap,benchANT
2026-05-17 09:46:40+00:00,system,load5,5.4,dbms,clickbench,postgresql-plain-indexed-load,1,ip-172-31-24-15,olap,benchANT
2026-05-17 09:46:50+00:00,system,load5,5.42,dbms,clickbench,postgresql-plain-indexed-load,1,ip-172-31-24-15,olap,benchANT
2026-05-17 09:47:00+00:00,system,load5,5.42,dbms,clickbench,postgresql-plain-indexed-load,1,ip-172-31-24-15,olap,benchANT
2026-05-17 09:47:10+00:00,system,load5,5.44,dbms,clickbench,postgresql-plain-indexed-load,1,ip-172-31-24-15,olap,benchANT
2026-05-17 09:47:20+00:00,system,load5,5.46,dbms,clickbench,postgresql-plain-indexed-load,1,ip-172-31-24-15,olap,benchANT
2026-05-17 09:47:30+00:00,system,load5,5.46,dbms,clickbench,postgresql-plain-indexed-load,1,ip-172-31-24-15,olap,benchANT
2026-05-17 09:47:40+00:00,system,load5,5.48,dbms,clickbench,postgresql-plain-indexed-load,1,ip-172-31-24-15,olap,benchANT
2026-05-17 09:47:50+00:00,system,load5,5.5,dbms,clickbench,postgresql-plain-indexed-load,1,ip-172-31-24-15,olap,benchANT
2026-05-17 09:48:00+00:00,system,load5,5.5,dbms,clickbench,postgresql-plain-indexed-load,1,ip-172-31-24-15,olap,benchANT
2026-05-17 09:48:10+00:00,system,load5,5.51,dbms,clickbench,postgresql-plain-indexed-load,1,ip-172-31-24-15,olap,benchANT
2026-05-17 09:48:20+00:00,system,load5,5.53,dbms,clickbench,postgresql-plain-indexed-load,1,ip-172-31-24-15,olap,benchANT
2026-05-17 09:48:30+00:00,system,load5,5.51,dbms,clickbench,postgresql-plain-indexed-load,1,ip-172-31-24-15,olap,benchANT
2026-05-17 09:48:40+00:00,system,load5,5.53,dbms,clickbench,postgresql-plain-indexed-load,1,ip-172-31-24-15,olap,benchANT
2026-05-17 09:48:50+00:00,system,load5,5.54,dbms,clickbench,postgresql-plain-indexed-load,1,ip-172-31-24-15,olap,benchANT
2026-05-17 09:49:00+00:00,system,load5,5.54,dbms,clickbench,postgresql-plain-indexed-load,1,ip-172-31-24-15,olap,benchANT
2026-05-17 09:49:10+00:00,system,load5,5.56,dbms,clickbench,postgresql-plain-indexed-load,1,ip-172-31-24-15,olap,benchANT
2026-05-17 09:49:20+00:00,system,load5,5.57,dbms,clickbench,postgresql-plain-indexed-load,1,ip-172-31-24-15,olap,benchANT
2026-05-17 09:49:30+00:00,system,load5,5.59,dbms,clickbench,postgresql-plain-indexed-load,1,ip-172-31-24-15,olap,benchANT
2026-05-17 09:49:40+00:00,system,load5,5.59,dbms,clickbench,postgresql-plain-indexed-load,1,ip-172-31-24-15,olap,benchANT
2026-05-17 09:49:50+00:00,system,load5,5.6,dbms,clickbench,postgresql-plain-indexed-load,1,ip-172-31-24-15,olap,benchANT
2026-05-17 09:50:00+00:00,system,load5,5.63,dbms,clickbench,postgresql-plain-indexed-load,1,ip-172-31-24-15,olap,benchANT
2026-05-17 09:50:10+00:00,system,load5,5.62,dbms,clickbench,postgresql-plain-indexed-load,1,ip-172-31-24-15,olap,benchANT
2026-05-17 09:50:20+00:00,system,load5,5.64,dbms,clickbench,postgresql-plain-indexed-load,1,ip-172-31-24-15,olap,benchANT
2026-05-17 09:50:30+00:00,system,load5,5.62,dbms,clickbench,postgresql-plain-indexed-load,1,ip-172-31-24-15,olap,benchANT
2026-05-17 09:50:40+00:00,system,load5,5.6,dbms,clickbench,postgresql-plain-indexed-load,1,ip-172-31-24-15,olap,benchANT
2026-05-17 09:50:50+00:00,system,load5,5.59,dbms,clickbench,postgresql-plain-indexed-load,1,ip-172-31-24-15,olap,benchANT
2026-05-17 09:51:00+00:00,system,load5,5.59,dbms,clickbench,postgresql-plain-indexed-load,1,ip-172-31-24-15,olap,benchANT
2026-05-17 09:51:10+00:00,system,load5,5.59,dbms,clickbench,postgresql-plain-indexed-load,1,ip-172-31-24-15,olap,benchANT
2026-05-17 09:51:20+00:00,system,load5,5.6,dbms,clickbench,postgresql-plain-indexed-load,1,ip-172-31-24-15,olap,benchANT
2026-05-17 09:51:30+00:00,system,load5,5.61,dbms,clickbench,postgresql-plain-indexed-load,1,ip-172-31-24-15,olap,benchANT
2026-05-17 09:51:40+00:00,system,load5,5.63,dbms,clickbench,postgresql-plain-indexed-load,1,ip-172-31-24-15,olap,benchANT
2026-05-17 09:51:50+00:00,system,load5,5.64,dbms,clickbench,postgresql-plain-indexed-load,1,ip-172-31-24-15,olap,benchANT
2026-05-17 09:52:00+00:00,system,load5,5.65,dbms,clickbench,postgresql-plain-indexed-load,1,ip-172-31-24-15,olap,benchANT
2026-05-17 09:52:10+00:00,system,load5,5.66,dbms,clickbench,postgresql-plain-indexed-load,1,ip-172-31-24-15,olap,benchANT
2026-05-17 09:52:20+00:00,system,load5,5.68,dbms,clickbench,postgresql-plain-indexed-load,1,ip-172-31-24-15,olap,benchANT
2026-05-17 09:52:30+00:00,system,load5,5.67,dbms,clickbench,postgresql-plain-indexed-load,1,ip-172-31-24-15,olap,benchANT
2026-05-17 09:52:40+00:00,system,load5,5.63,dbms,clickbench,postgresql-plain-indexed-load,1,ip-172-31-24-15,olap,benchANT
2026-05-17 09:52:50+00:00,system,load5,5.56,dbms,clickbench,postgresql-plain-indexed-load,1,ip-172-31-24-15,olap,benchANT
2026-05-17 09:53:00+00:00,system,load5,5.44,dbms,clickbench,postgresql-plain-indexed-load,1,ip-172-31-24-15,olap,benchANT
2026-05-17 09:53:10+00:00,system,load5,5.36,dbms,clickbench,postgresql-plain-indexed-load,1,ip-172-31-24-15,olap,benchANT
2026-05-17 09:53:20+00:00,system,load5,5.25,dbms,clickbench,postgresql-plain-indexed-load,1,ip-172-31-24-15,olap,benchANT
2026-05-17 09:53:30+00:00,system,load5,5.16,dbms,clickbench,postgresql-plain-indexed-load,1,ip-172-31-24-15,olap,benchANT
2026-05-17 09:53:40+00:00,system,load5,5.09,dbms,clickbench,postgresql-plain-indexed-load,1,ip-172-31-24-15,olap,benchANT
2026-05-17 09:53:50+00:00,system,load5,5.02,dbms,clickbench,postgresql-plain-indexed-load,1,ip-172-31-24-15,olap,benchANT
2026-05-17 09:54:00+00:00,system,load5,4.9,dbms,clickbench,postgresql-plain-indexed-load,1,ip-172-31-24-15,olap,benchANT
2026-05-17 09:54:10+00:00,system,load5,4.79,dbms,clickbench,postgresql-plain-indexed-load,1,ip-172-31-24-15,olap,benchANT
2026-05-17 09:54:20+00:00,system,load5,4.66,dbms,clickbench,postgresql-plain-indexed-load,1,ip-172-31-24-15,olap,benchANT
2026-05-17 09:54:30+00:00,system,load5,4.54,dbms,clickbench,postgresql-plain-indexed-load,1,ip-172-31-24-15,olap,benchANT
2026-05-17 09:54:40+00:00,system,load5,4.43,dbms,clickbench,postgresql-plain-indexed-load,1,ip-172-31-24-15,olap,benchANT
2026-05-17 09:54:50+00:00,system,load5,4.31,dbms,clickbench,postgresql-plain-indexed-load,1,ip-172-31-24-15,olap,benchANT
2026-05-17 09:55:00+00:00,system,load5,4.2,dbms,clickbench,postgresql-plain-indexed-load,1,ip-172-31-24-15,olap,benchANT
2026-05-17 09:55:10+00:00,system,load5,4.11,dbms,clickbench,postgresql-plain-indexed-load,1,ip-172-31-24-15,olap,benchANT
2026-05-17 09:55:20+00:00,system,load5,4.01,dbms,clickbench,postgresql-plain-indexed-load,1,ip-172-31-24-15,olap,benchANT
2026-05-17 09:55:30+00:00,system,load5,3.91,dbms,clickbench,postgresql-plain-indexed-load,1,ip-172-31-24-15,olap,benchANT
2026-05-17 09:55:40+00:00,system,load5,3.82,dbms,clickbench,postgresql-plain-indexed-load,1,ip-172-31-24-15,olap,benchANT
2026-05-17 09:55:50+00:00,system,load5,3.72,dbms,clickbench,postgresql-plain-indexed-load,1,ip-172-31-24-15,olap,benchANT
2026-05-17 09:56:00+00:00,system,load5,3.72,dbms,clickbench,postgresql-plain-indexed-load,1,ip-172-31-24-15,olap,benchANT
2026-05-17 09:56:10+00:00,system,load5,3.63,dbms,clickbench,postgresql-plain-indexed-load,1,ip-172-31-24-15,olap,benchANT
2026-05-17 09:56:20+00:00,system,load5,3.56,dbms,clickbench,postgresql-plain-indexed-load,1,ip-172-31-24-15,olap,benchANT
2026-05-17 09:56:30+00:00,system,load5,3.47,dbms,clickbench,postgresql-plain-indexed-load,1,ip-172-31-24-15,olap,benchANT
2026-05-17 09:56:40+00:00,system,load5,3.39,dbms,clickbench,postgresql-plain-indexed-load,1,ip-172-31-24-15,olap,benchANT
2026-05-17 09:56:50+00:00,system,load5,3.31,dbms,clickbench,postgresql-plain-indexed-load,1,ip-172-31-24-15,olap,benchANT
2026-05-17 09:57:00+00:00,system,load5,3.28,dbms,clickbench,postgresql-plain-indexed-load,1,ip-172-31-24-15,olap,benchANT
2026-05-17 09:57:10+00:00,system,load5,3.24,dbms,clickbench,postgresql-plain-indexed-load,1,ip-172-31-24-15,olap,benchANT
2026-05-17 09:57:20+00:00,system,load5,3.23,dbms,clickbench,postgresql-plain-indexed-load,1,ip-172-31-24-15,olap,benchANT
2026-05-17 09:57:30+00:00,system,load5,3.16,dbms,clickbench,postgresql-plain-indexed-load,1,ip-172-31-24-15,olap,benchANT
2026-05-17 09:57:40+00:00,system,load5,3.14,dbms,clickbench,postgresql-plain-indexed-load,1,ip-172-31-24-15,olap,benchANT
2026-05-17 09:57:50+00:00,system,load5,3.03,dbms,clickbench,postgresql-plain-indexed-load,1,ip-172-31-24-15,olap,benchANT
2026-05-17 07:24:00+00:00,system,n_cpus,8,dbms,clickbench,postgresql-plain-indexed-load,1,ip-172-31-24-15,olap,benchANT
2026-05-17 07:24:10+00:00,system,n_cpus,8,dbms,clickbench,postgresql-plain-indexed-load,1,ip-172-31-24-15,olap,benchANT
2026-05-17 07:24:20+00:00,system,n_cpus,8,dbms,clickbench,postgresql-plain-indexed-load,1,ip-172-31-24-15,olap,benchANT
2026-05-17 07:24:30+00:00,system,n_cpus,8,dbms,clickbench,postgresql-plain-indexed-load,1,ip-172-31-24-15,olap,benchANT
2026-05-17 07:24:40+00:00,system,n_cpus,8,dbms,clickbench,postgresql-plain-indexed-load,1,ip-172-31-24-15,olap,benchANT
2026-05-17 07:24:50+00:00,system,n_cpus,8,dbms,clickbench,postgresql-plain-indexed-load,1,ip-172-31-24-15,olap,benchANT
2026-05-17 07:25:00+00:00,system,n_cpus,8,dbms,clickbench,postgresql-plain-indexed-load,1,ip-172-31-24-15,olap,benchANT
2026-05-17 07:25:10+00:00,system,n_cpus,8,dbms,clickbench,postgresql-plain-indexed-load,1,ip-172-31-24-15,olap,benchANT
2026-05-17 07:25:20+00:00,system,n_cpus,8,dbms,clickbench,postgresql-plain-indexed-load,1,ip-172-31-24-15,olap,benchANT
2026-05-17 07:25:30+00:00,system,n_cpus,8,dbms,clickbench,postgresql-plain-indexed-load,1,ip-172-31-24-15,olap,benchANT
2026-05-17 07:25:40+00:00,system,n_cpus,8,dbms,clickbench,postgresql-plain-indexed-load,1,ip-172-31-24-15,olap,benchANT
2026-05-17 07:25:50+00:00,system,n_cpus,8,dbms,clickbench,postgresql-plain-indexed-load,1,ip-172-31-24-15,olap,benchANT
2026-05-17 07:26:00+00:00,system,n_cpus,8,dbms,clickbench,postgresql-plain-indexed-load,1,ip-172-31-24-15,olap,benchANT
2026-05-17 07:26:10+00:00,system,n_cpus,8,dbms,clickbench,postgresql-plain-indexed-load,1,ip-172-31-24-15,olap,benchANT
2026-05-17 07:26:20+00:00,system,n_cpus,8,dbms,clickbench,postgresql-plain-indexed-load,1,ip-172-31-24-15,olap,benchANT
2026-05-17 07:26:30+00:00,system,n_cpus,8,dbms,clickbench,postgresql-plain-indexed-load,1,ip-172-31-24-15,olap,benchANT
2026-05-17 07:26:40+00:00,system,n_cpus,8,dbms,clickbench,postgresql-plain-indexed-load,1,ip-172-31-24-15,olap,benchANT
2026-05-17 07:26:50+00:00,system,n_cpus,8,dbms,clickbench,postgresql-plain-indexed-load,1,ip-172-31-24-15,olap,benchANT
2026-05-17 07:27:00+00:00,system,n_cpus,8,dbms,clickbench,postgresql-plain-indexed-load,1,ip-172-31-24-15,olap,benchANT
2026-05-17 07:27:10+00:00,system,n_cpus,8,dbms,clickbench,postgresql-plain-indexed-load,1,ip-172-31-24-15,olap,benchANT
2026-05-17 07:27:20+00:00,system,n_cpus,8,dbms,clickbench,postgresql-plain-indexed-load,1,ip-172-31-24-15,olap,benchANT
2026-05-17 07:27:30+00:00,system,n_cpus,8,dbms,clickbench,postgresql-plain-indexed-load,1,ip-172-31-24-15,olap,benchANT
2026-05-17 07:27:40+00:00,system,n_cpus,8,dbms,clickbench,postgresql-plain-indexed-load,1,ip-172-31-24-15,olap,benchANT
2026-05-17 07:27:50+00:00,system,n_cpus,8,dbms,clickbench,postgresql-plain-indexed-load,1,ip-172-31-24-15,olap,benchANT
2026-05-17 07:28:00+00:00,system,n_cpus,8,dbms,clickbench,postgresql-plain-indexed-load,1,ip-172-31-24-15,olap,benchANT
2026-05-17 07:28:10+00:00,system,n_cpus,8,dbms,clickbench,postgresql-plain-indexed-load,1,ip-172-31-24-15,olap,benchANT
2026-05-17 07:28:20+00:00,system,n_cpus,8,dbms,clickbench,postgresql-plain-indexed-load,1,ip-172-31-24-15,olap,benchANT
2026-05-17 07:28:30+00:00,system,n_cpus,8,dbms,clickbench,postgresql-plain-indexed-load,1,ip-172-31-24-15,olap,benchANT
2026-05-17 07:28:40+00:00,system,n_cpus,8,dbms,clickbench,postgresql-plain-indexed-load,1,ip-172-31-24-15,olap,benchANT
2026-05-17 07:28:50+00:00,system,n_cpus,8,dbms,clickbench,postgresql-plain-indexed-load,1,ip-172-31-24-15,olap,benchANT
2026-05-17 07:29:00+00:00,system,n_cpus,8,dbms,clickbench,postgresql-plain-indexed-load,1,ip-172-31-24-15,olap,benchANT
2026-05-17 07:29:10+00:00,system,n_cpus,8,dbms,clickbench,postgresql-plain-indexed-load,1,ip-172-31-24-15,olap,benchANT
2026-05-17 07:29:20+00:00,system,n_cpus,8,dbms,clickbench,postgresql-plain-indexed-load,1,ip-172-31-24-15,olap,benchANT
2026-05-17 07:29:30+00:00,system,n_cpus,8,dbms,clickbench,postgresql-plain-indexed-load,1,ip-172-31-24-15,olap,benchANT
2026-05-17 07:29:40+00:00,system,n_cpus,8,dbms,clickbench,postgresql-plain-indexed-load,1,ip-172-31-24-15,olap,benchANT
2026-05-17 07:29:50+00:00,system,n_cpus,8,dbms,clickbench,postgresql-plain-indexed-load,1,ip-172-31-24-15,olap,benchANT
2026-05-17 07:30:00+00:00,system,n_cpus,8,dbms,clickbench,postgresql-plain-indexed-load,1,ip-172-31-24-15,olap,benchANT
2026-05-17 07:30:10+00:00,system,n_cpus,8,dbms,clickbench,postgresql-plain-indexed-load,1,ip-172-31-24-15,olap,benchANT
2026-05-17 07:30:20+00:00,system,n_cpus,8,dbms,clickbench,postgresql-plain-indexed-load,1,ip-172-31-24-15,olap,benchANT
2026-05-17 07:30:30+00:00,system,n_cpus,8,dbms,clickbench,postgresql-plain-indexed-load,1,ip-172-31-24-15,olap,benchANT
2026-05-17 07:30:40+00:00,system,n_cpus,8,dbms,clickbench,postgresql-plain-indexed-load,1,ip-172-31-24-15,olap,benchANT
2026-05-17 07:30:50+00:00,system,n_cpus,8,dbms,clickbench,postgresql-plain-indexed-load,1,ip-172-31-24-15,olap,benchANT
2026-05-17 07:31:00+00:00,system,n_cpus,8,dbms,clickbench,postgresql-plain-indexed-load,1,ip-172-31-24-15,olap,benchANT
2026-05-17 07:31:10+00:00,system,n_cpus,8,dbms,clickbench,postgresql-plain-indexed-load,1,ip-172-31-24-15,olap,benchANT
2026-05-17 07:31:20+00:00,system,n_cpus,8,dbms,clickbench,postgresql-plain-indexed-load,1,ip-172-31-24-15,olap,benchANT
2026-05-17 07:31:30+00:00,system,n_cpus,8,dbms,clickbench,postgresql-plain-indexed-load,1,ip-172-31-24-15,olap,benchANT
2026-05-17 07:31:40+00:00,system,n_cpus,8,dbms,clickbench,postgresql-plain-indexed-load,1,ip-172-31-24-15,olap,benchANT
2026-05-17 07:31:50+00:00,system,n_cpus,8,dbms,clickbench,postgresql-plain-indexed-load,1,ip-172-31-24-15,olap,benchANT
2026-05-17 07:32:00+00:00,system,n_cpus,8,dbms,clickbench,postgresql-plain-indexed-load,1,ip-172-31-24-15,olap,benchANT
2026-05-17 07:32:10+00:00,system,n_cpus,8,dbms,clickbench,postgresql-plain-indexed-load,1,ip-172-31-24-15,olap,benchANT
2026-05-17 07:32:20+00:00,system,n_cpus,8,dbms,clickbench,postgresql-plain-indexed-load,1,ip-172-31-24-15,olap,benchANT
2026-05-17 07:32:30+00:00,system,n_cpus,8,dbms,clickbench,postgresql-plain-indexed-load,1,ip-172-31-24-15,olap,benchANT
2026-05-17 07:32:40+00:00,system,n_cpus,8,dbms,clickbench,postgresql-plain-indexed-load,1,ip-172-31-24-15,olap,benchANT
2026-05-17 07:32:50+00:00,system,n_cpus,8,dbms,clickbench,postgresql-plain-indexed-load,1,ip-172-31-24-15,olap,benchANT
2026-05-17 07:33:00+00:00,system,n_cpus,8,dbms,clickbench,postgresql-plain-indexed-load,1,ip-172-31-24-15,olap,benchANT
2026-05-17 07:33:10+00:00,system,n_cpus,8,dbms,clickbench,postgresql-plain-indexed-load,1,ip-172-31-24-15,olap,benchANT
2026-05-17 07:33:20+00:00,system,n_cpus,8,dbms,clickbench,postgresql-plain-indexed-load,1,ip-172-31-24-15,olap,benchANT
2026-05-17 07:33:30+00:00,system,n_cpus,8,dbms,clickbench,postgresql-plain-indexed-load,1,ip-172-31-24-15,olap,benchANT
2026-05-17 07:33:40+00:00,system,n_cpus,8,dbms,clickbench,postgresql-plain-indexed-load,1,ip-172-31-24-15,olap,benchANT
2026-05-17 07:33:50+00:00,system,n_cpus,8,dbms,clickbench,postgresql-plain-indexed-load,1,ip-172-31-24-15,olap,benchANT
2026-05-17 07:34:00+00:00,system,n_cpus,8,dbms,clickbench,postgresql-plain-indexed-load,1,ip-172-31-24-15,olap,benchANT
2026-05-17 07:34:10+00:00,system,n_cpus,8,dbms,clickbench,postgresql-plain-indexed-load,1,ip-172-31-24-15,olap,benchANT
2026-05-17 07:34:20+00:00,system,n_cpus,8,dbms,clickbench,postgresql-plain-indexed-load,1,ip-172-31-24-15,olap,benchANT
2026-05-17 07:34:30+00:00,system,n_cpus,8,dbms,clickbench,postgresql-plain-indexed-load,1,ip-172-31-24-15,olap,benchANT
2026-05-17 07:34:40+00:00,system,n_cpus,8,dbms,clickbench,postgresql-plain-indexed-load,1,ip-172-31-24-15,olap,benchANT
2026-05-17 07:34:50+00:00,system,n_cpus,8,dbms,clickbench,postgresql-plain-indexed-load,1,ip-172-31-24-15,olap,benchANT
2026-05-17 07:35:00+00:00,system,n_cpus,8,dbms,clickbench,postgresql-plain-indexed-load,1,ip-172-31-24-15,olap,benchANT
2026-05-17 07:35:10+00:00,system,n_cpus,8,dbms,clickbench,postgresql-plain-indexed-load,1,ip-172-31-24-15,olap,benchANT
2026-05-17 07:35:20+00:00,system,n_cpus,8,dbms,clickbench,postgresql-plain-indexed-load,1,ip-172-31-24-15,olap,benchANT
2026-05-17 07:35:30+00:00,system,n_cpus,8,dbms,clickbench,postgresql-plain-indexed-load,1,ip-172-31-24-15,olap,benchANT
2026-05-17 07:35:40+00:00,system,n_cpus,8,dbms,clickbench,postgresql-plain-indexed-load,1,ip-172-31-24-15,olap,benchANT
2026-05-17 07:35:50+00:00,system,n_cpus,8,dbms,clickbench,postgresql-plain-indexed-load,1,ip-172-31-24-15,olap,benchANT
2026-05-17 07:36:00+00:00,system,n_cpus,8,dbms,clickbench,postgresql-plain-indexed-load,1,ip-172-31-24-15,olap,benchANT
2026-05-17 07:36:10+00:00,system,n_cpus,8,dbms,clickbench,postgresql-plain-indexed-load,1,ip-172-31-24-15,olap,benchANT
2026-05-17 07:36:20+00:00,system,n_cpus,8,dbms,clickbench,postgresql-plain-indexed-load,1,ip-172-31-24-15,olap,benchANT
2026-05-17 07:36:30+00:00,system,n_cpus,8,dbms,clickbench,postgresql-plain-indexed-load,1,ip-172-31-24-15,olap,benchANT
2026-05-17 07:36:40+00:00,system,n_cpus,8,dbms,clickbench,postgresql-plain-indexed-load,1,ip-172-31-24-15,olap,benchANT
2026-05-17 07:36:50+00:00,system,n_cpus,8,dbms,clickbench,postgresql-plain-indexed-load,1,ip-172-31-24-15,olap,benchANT
2026-05-17 07:37:00+00:00,system,n_cpus,8,dbms,clickbench,postgresql-plain-indexed-load,1,ip-172-31-24-15,olap,benchANT
2026-05-17 07:37:10+00:00,system,n_cpus,8,dbms,clickbench,postgresql-plain-indexed-load,1,ip-172-31-24-15,olap,benchANT
2026-05-17 07:37:20+00:00,system,n_cpus,8,dbms,clickbench,postgresql-plain-indexed-load,1,ip-172-31-24-15,olap,benchANT
2026-05-17 07:37:30+00:00,system,n_cpus,8,dbms,clickbench,postgresql-plain-indexed-load,1,ip-172-31-24-15,olap,benchANT
2026-05-17 07:37:40+00:00,system,n_cpus,8,dbms,clickbench,postgresql-plain-indexed-load,1,ip-172-31-24-15,olap,benchANT
2026-05-17 07:37:50+00:00,system,n_cpus,8,dbms,clickbench,postgresql-plain-indexed-load,1,ip-172-31-24-15,olap,benchANT
2026-05-17 07:38:00+00:00,system,n_cpus,8,dbms,clickbench,postgresql-plain-indexed-load,1,ip-172-31-24-15,olap,benchANT
2026-05-17 07:38:10+00:00,system,n_cpus,8,dbms,clickbench,postgresql-plain-indexed-load,1,ip-172-31-24-15,olap,benchANT
2026-05-17 07:38:20+00:00,system,n_cpus,8,dbms,clickbench,postgresql-plain-indexed-load,1,ip-172-31-24-15,olap,benchANT
2026-05-17 07:38:30+00:00,system,n_cpus,8,dbms,clickbench,postgresql-plain-indexed-load,1,ip-172-31-24-15,olap,benchANT
2026-05-17 07:38:40+00:00,system,n_cpus,8,dbms,clickbench,postgresql-plain-indexed-load,1,ip-172-31-24-15,olap,benchANT
2026-05-17 07:38:50+00:00,system,n_cpus,8,dbms,clickbench,postgresql-plain-indexed-load,1,ip-172-31-24-15,olap,benchANT
2026-05-17 07:39:00+00:00,system,n_cpus,8,dbms,clickbench,postgresql-plain-indexed-load,1,ip-172-31-24-15,olap,benchANT
2026-05-17 07:39:10+00:00,system,n_cpus,8,dbms,clickbench,postgresql-plain-indexed-load,1,ip-172-31-24-15,olap,benchANT
2026-05-17 07:39:20+00:00,system,n_cpus,8,dbms,clickbench,postgresql-plain-indexed-load,1,ip-172-31-24-15,olap,benchANT
2026-05-17 07:39:30+00:00,system,n_cpus,8,dbms,clickbench,postgresql-plain-indexed-load,1,ip-172-31-24-15,olap,benchANT
2026-05-17 07:39:40+00:00,system,n_cpus,8,dbms,clickbench,postgresql-plain-indexed-load,1,ip-172-31-24-15,olap,benchANT
2026-05-17 07:39:50+00:00,system,n_cpus,8,dbms,clickbench,postgresql-plain-indexed-load,1,ip-172-31-24-15,olap,benchANT
2026-05-17 07:40:00+00:00,system,n_cpus,8,dbms,clickbench,postgresql-plain-indexed-load,1,ip-172-31-24-15,olap,benchANT
2026-05-17 07:40:10+00:00,system,n_cpus,8,dbms,clickbench,postgresql-plain-indexed-load,1,ip-172-31-24-15,olap,benchANT
2026-05-17 07:40:20+00:00,system,n_cpus,8,dbms,clickbench,postgresql-plain-indexed-load,1,ip-172-31-24-15,olap,benchANT
2026-05-17 07:40:30+00:00,system,n_cpus,8,dbms,clickbench,postgresql-plain-indexed-load,1,ip-172-31-24-15,olap,benchANT
2026-05-17 07:40:40+00:00,system,n_cpus,8,dbms,clickbench,postgresql-plain-indexed-load,1,ip-172-31-24-15,olap,benchANT
2026-05-17 07:40:50+00:00,system,n_cpus,8,dbms,clickbench,postgresql-plain-indexed-load,1,ip-172-31-24-15,olap,benchANT
2026-05-17 07:41:00+00:00,system,n_cpus,8,dbms,clickbench,postgresql-plain-indexed-load,1,ip-172-31-24-15,olap,benchANT
2026-05-17 07:41:10+00:00,system,n_cpus,8,dbms,clickbench,postgresql-plain-indexed-load,1,ip-172-31-24-15,olap,benchANT
2026-05-17 07:41:20+00:00,system,n_cpus,8,dbms,clickbench,postgresql-plain-indexed-load,1,ip-172-31-24-15,olap,benchANT
2026-05-17 07:41:30+00:00,system,n_cpus,8,dbms,clickbench,postgresql-plain-indexed-load,1,ip-172-31-24-15,olap,benchANT
2026-05-17 07:41:40+00:00,system,n_cpus,8,dbms,clickbench,postgresql-plain-indexed-load,1,ip-172-31-24-15,olap,benchANT
2026-05-17 07:41:50+00:00,system,n_cpus,8,dbms,clickbench,postgresql-plain-indexed-load,1,ip-172-31-24-15,olap,benchANT
2026-05-17 07:42:00+00:00,system,n_cpus,8,dbms,clickbench,postgresql-plain-indexed-load,1,ip-172-31-24-15,olap,benchANT
2026-05-17 07:42:10+00:00,system,n_cpus,8,dbms,clickbench,postgresql-plain-indexed-load,1,ip-172-31-24-15,olap,benchANT
2026-05-17 07:42:20+00:00,system,n_cpus,8,dbms,clickbench,postgresql-plain-indexed-load,1,ip-172-31-24-15,olap,benchANT
2026-05-17 07:42:30+00:00,system,n_cpus,8,dbms,clickbench,postgresql-plain-indexed-load,1,ip-172-31-24-15,olap,benchANT
2026-05-17 07:42:40+00:00,system,n_cpus,8,dbms,clickbench,postgresql-plain-indexed-load,1,ip-172-31-24-15,olap,benchANT
2026-05-17 07:42:50+00:00,system,n_cpus,8,dbms,clickbench,postgresql-plain-indexed-load,1,ip-172-31-24-15,olap,benchANT
2026-05-17 07:43:00+00:00,system,n_cpus,8,dbms,clickbench,postgresql-plain-indexed-load,1,ip-172-31-24-15,olap,benchANT
2026-05-17 07:43:10+00:00,system,n_cpus,8,dbms,clickbench,postgresql-plain-indexed-load,1,ip-172-31-24-15,olap,benchANT
2026-05-17 07:43:20+00:00,system,n_cpus,8,dbms,clickbench,postgresql-plain-indexed-load,1,ip-172-31-24-15,olap,benchANT
2026-05-17 07:43:30+00:00,system,n_cpus,8,dbms,clickbench,postgresql-plain-indexed-load,1,ip-172-31-24-15,olap,benchANT
2026-05-17 07:43:40+00:00,system,n_cpus,8,dbms,clickbench,postgresql-plain-indexed-load,1,ip-172-31-24-15,olap,benchANT
2026-05-17 07:43:50+00:00,system,n_cpus,8,dbms,clickbench,postgresql-plain-indexed-load,1,ip-172-31-24-15,olap,benchANT
2026-05-17 07:44:00+00:00,system,n_cpus,8,dbms,clickbench,postgresql-plain-indexed-load,1,ip-172-31-24-15,olap,benchANT
2026-05-17 07:44:10+00:00,system,n_cpus,8,dbms,clickbench,postgresql-plain-indexed-load,1,ip-172-31-24-15,olap,benchANT
2026-05-17 07:44:20+00:00,system,n_cpus,8,dbms,clickbench,postgresql-plain-indexed-load,1,ip-172-31-24-15,olap,benchANT
2026-05-17 07:44:30+00:00,system,n_cpus,8,dbms,clickbench,postgresql-plain-indexed-load,1,ip-172-31-24-15,olap,benchANT
2026-05-17 07:44:40+00:00,system,n_cpus,8,dbms,clickbench,postgresql-plain-indexed-load,1,ip-172-31-24-15,olap,benchANT
2026-05-17 07:44:50+00:00,system,n_cpus,8,dbms,clickbench,postgresql-plain-indexed-load,1,ip-172-31-24-15,olap,benchANT
2026-05-17 07:45:00+00:00,system,n_cpus,8,dbms,clickbench,postgresql-plain-indexed-load,1,ip-172-31-24-15,olap,benchANT
2026-05-17 07:45:10+00:00,system,n_cpus,8,dbms,clickbench,postgresql-plain-indexed-load,1,ip-172-31-24-15,olap,benchANT
2026-05-17 07:45:20+00:00,system,n_cpus,8,dbms,clickbench,postgresql-plain-indexed-load,1,ip-172-31-24-15,olap,benchANT
2026-05-17 07:45:30+00:00,system,n_cpus,8,dbms,clickbench,postgresql-plain-indexed-load,1,ip-172-31-24-15,olap,benchANT
2026-05-17 07:45:40+00:00,system,n_cpus,8,dbms,clickbench,postgresql-plain-indexed-load,1,ip-172-31-24-15,olap,benchANT
2026-05-17 07:45:50+00:00,system,n_cpus,8,dbms,clickbench,postgresql-plain-indexed-load,1,ip-172-31-24-15,olap,benchANT
2026-05-17 07:46:00+00:00,system,n_cpus,8,dbms,clickbench,postgresql-plain-indexed-load,1,ip-172-31-24-15,olap,benchANT
2026-05-17 07:46:10+00:00,system,n_cpus,8,dbms,clickbench,postgresql-plain-indexed-load,1,ip-172-31-24-15,olap,benchANT
2026-05-17 07:46:20+00:00,system,n_cpus,8,dbms,clickbench,postgresql-plain-indexed-load,1,ip-172-31-24-15,olap,benchANT
2026-05-17 07:46:30+00:00,system,n_cpus,8,dbms,clickbench,postgresql-plain-indexed-load,1,ip-172-31-24-15,olap,benchANT
2026-05-17 07:46:40+00:00,system,n_cpus,8,dbms,clickbench,postgresql-plain-indexed-load,1,ip-172-31-24-15,olap,benchANT
2026-05-17 07:46:50+00:00,system,n_cpus,8,dbms,clickbench,postgresql-plain-indexed-load,1,ip-172-31-24-15,olap,benchANT
2026-05-17 07:47:00+00:00,system,n_cpus,8,dbms,clickbench,postgresql-plain-indexed-load,1,ip-172-31-24-15,olap,benchANT
2026-05-17 07:47:10+00:00,system,n_cpus,8,dbms,clickbench,postgresql-plain-indexed-load,1,ip-172-31-24-15,olap,benchANT
2026-05-17 07:47:20+00:00,system,n_cpus,8,dbms,clickbench,postgresql-plain-indexed-load,1,ip-172-31-24-15,olap,benchANT
2026-05-17 07:47:30+00:00,system,n_cpus,8,dbms,clickbench,postgresql-plain-indexed-load,1,ip-172-31-24-15,olap,benchANT
2026-05-17 07:47:40+00:00,system,n_cpus,8,dbms,clickbench,postgresql-plain-indexed-load,1,ip-172-31-24-15,olap,benchANT
2026-05-17 07:47:50+00:00,system,n_cpus,8,dbms,clickbench,postgresql-plain-indexed-load,1,ip-172-31-24-15,olap,benchANT
2026-05-17 07:48:00+00:00,system,n_cpus,8,dbms,clickbench,postgresql-plain-indexed-load,1,ip-172-31-24-15,olap,benchANT
2026-05-17 07:48:10+00:00,system,n_cpus,8,dbms,clickbench,postgresql-plain-indexed-load,1,ip-172-31-24-15,olap,benchANT
2026-05-17 07:48:20+00:00,system,n_cpus,8,dbms,clickbench,postgresql-plain-indexed-load,1,ip-172-31-24-15,olap,benchANT
2026-05-17 07:48:30+00:00,system,n_cpus,8,dbms,clickbench,postgresql-plain-indexed-load,1,ip-172-31-24-15,olap,benchANT
2026-05-17 07:48:40+00:00,system,n_cpus,8,dbms,clickbench,postgresql-plain-indexed-load,1,ip-172-31-24-15,olap,benchANT
2026-05-17 07:48:50+00:00,system,n_cpus,8,dbms,clickbench,postgresql-plain-indexed-load,1,ip-172-31-24-15,olap,benchANT
2026-05-17 07:49:00+00:00,system,n_cpus,8,dbms,clickbench,postgresql-plain-indexed-load,1,ip-172-31-24-15,olap,benchANT
2026-05-17 07:49:10+00:00,system,n_cpus,8,dbms,clickbench,postgresql-plain-indexed-load,1,ip-172-31-24-15,olap,benchANT
2026-05-17 07:49:20+00:00,system,n_cpus,8,dbms,clickbench,postgresql-plain-indexed-load,1,ip-172-31-24-15,olap,benchANT
2026-05-17 07:49:30+00:00,system,n_cpus,8,dbms,clickbench,postgresql-plain-indexed-load,1,ip-172-31-24-15,olap,benchANT
2026-05-17 07:49:40+00:00,system,n_cpus,8,dbms,clickbench,postgresql-plain-indexed-load,1,ip-172-31-24-15,olap,benchANT
2026-05-17 07:49:50+00:00,system,n_cpus,8,dbms,clickbench,postgresql-plain-indexed-load,1,ip-172-31-24-15,olap,benchANT
2026-05-17 07:50:00+00:00,system,n_cpus,8,dbms,clickbench,postgresql-plain-indexed-load,1,ip-172-31-24-15,olap,benchANT
2026-05-17 07:50:10+00:00,system,n_cpus,8,dbms,clickbench,postgresql-plain-indexed-load,1,ip-172-31-24-15,olap,benchANT
2026-05-17 07:50:20+00:00,system,n_cpus,8,dbms,clickbench,postgresql-plain-indexed-load,1,ip-172-31-24-15,olap,benchANT
2026-05-17 07:50:30+00:00,system,n_cpus,8,dbms,clickbench,postgresql-plain-indexed-load,1,ip-172-31-24-15,olap,benchANT
2026-05-17 07:50:40+00:00,system,n_cpus,8,dbms,clickbench,postgresql-plain-indexed-load,1,ip-172-31-24-15,olap,benchANT
2026-05-17 07:50:50+00:00,system,n_cpus,8,dbms,clickbench,postgresql-plain-indexed-load,1,ip-172-31-24-15,olap,benchANT
2026-05-17 07:51:00+00:00,system,n_cpus,8,dbms,clickbench,postgresql-plain-indexed-load,1,ip-172-31-24-15,olap,benchANT
2026-05-17 07:51:10+00:00,system,n_cpus,8,dbms,clickbench,postgresql-plain-indexed-load,1,ip-172-31-24-15,olap,benchANT
2026-05-17 07:51:20+00:00,system,n_cpus,8,dbms,clickbench,postgresql-plain-indexed-load,1,ip-172-31-24-15,olap,benchANT
2026-05-17 07:51:30+00:00,system,n_cpus,8,dbms,clickbench,postgresql-plain-indexed-load,1,ip-172-31-24-15,olap,benchANT
2026-05-17 07:51:40+00:00,system,n_cpus,8,dbms,clickbench,postgresql-plain-indexed-load,1,ip-172-31-24-15,olap,benchANT
2026-05-17 07:51:50+00:00,system,n_cpus,8,dbms,clickbench,postgresql-plain-indexed-load,1,ip-172-31-24-15,olap,benchANT
2026-05-17 07:52:00+00:00,system,n_cpus,8,dbms,clickbench,postgresql-plain-indexed-load,1,ip-172-31-24-15,olap,benchANT
2026-05-17 07:52:10+00:00,system,n_cpus,8,dbms,clickbench,postgresql-plain-indexed-load,1,ip-172-31-24-15,olap,benchANT
2026-05-17 07:52:20+00:00,system,n_cpus,8,dbms,clickbench,postgresql-plain-indexed-load,1,ip-172-31-24-15,olap,benchANT
2026-05-17 07:52:30+00:00,system,n_cpus,8,dbms,clickbench,postgresql-plain-indexed-load,1,ip-172-31-24-15,olap,benchANT
2026-05-17 07:52:40+00:00,system,n_cpus,8,dbms,clickbench,postgresql-plain-indexed-load,1,ip-172-31-24-15,olap,benchANT
2026-05-17 07:52:50+00:00,system,n_cpus,8,dbms,clickbench,postgresql-plain-indexed-load,1,ip-172-31-24-15,olap,benchANT
2026-05-17 07:53:00+00:00,system,n_cpus,8,dbms,clickbench,postgresql-plain-indexed-load,1,ip-172-31-24-15,olap,benchANT
2026-05-17 07:53:10+00:00,system,n_cpus,8,dbms,clickbench,postgresql-plain-indexed-load,1,ip-172-31-24-15,olap,benchANT
2026-05-17 07:53:20+00:00,system,n_cpus,8,dbms,clickbench,postgresql-plain-indexed-load,1,ip-172-31-24-15,olap,benchANT
2026-05-17 07:53:30+00:00,system,n_cpus,8,dbms,clickbench,postgresql-plain-indexed-load,1,ip-172-31-24-15,olap,benchANT
2026-05-17 07:53:40+00:00,system,n_cpus,8,dbms,clickbench,postgresql-plain-indexed-load,1,ip-172-31-24-15,olap,benchANT
2026-05-17 07:53:50+00:00,system,n_cpus,8,dbms,clickbench,postgresql-plain-indexed-load,1,ip-172-31-24-15,olap,benchANT
2026-05-17 07:54:00+00:00,system,n_cpus,8,dbms,clickbench,postgresql-plain-indexed-load,1,ip-172-31-24-15,olap,benchANT
2026-05-17 07:54:10+00:00,system,n_cpus,8,dbms,clickbench,postgresql-plain-indexed-load,1,ip-172-31-24-15,olap,benchANT
2026-05-17 07:54:20+00:00,system,n_cpus,8,dbms,clickbench,postgresql-plain-indexed-load,1,ip-172-31-24-15,olap,benchANT
2026-05-17 07:54:30+00:00,system,n_cpus,8,dbms,clickbench,postgresql-plain-indexed-load,1,ip-172-31-24-15,olap,benchANT
2026-05-17 07:54:40+00:00,system,n_cpus,8,dbms,clickbench,postgresql-plain-indexed-load,1,ip-172-31-24-15,olap,benchANT
2026-05-17 07:54:50+00:00,system,n_cpus,8,dbms,clickbench,postgresql-plain-indexed-load,1,ip-172-31-24-15,olap,benchANT
2026-05-17 07:55:00+00:00,system,n_cpus,8,dbms,clickbench,postgresql-plain-indexed-load,1,ip-172-31-24-15,olap,benchANT
2026-05-17 07:55:10+00:00,system,n_cpus,8,dbms,clickbench,postgresql-plain-indexed-load,1,ip-172-31-24-15,olap,benchANT
2026-05-17 07:55:20+00:00,system,n_cpus,8,dbms,clickbench,postgresql-plain-indexed-load,1,ip-172-31-24-15,olap,benchANT
2026-05-17 07:55:30+00:00,system,n_cpus,8,dbms,clickbench,postgresql-plain-indexed-load,1,ip-172-31-24-15,olap,benchANT
2026-05-17 07:55:40+00:00,system,n_cpus,8,dbms,clickbench,postgresql-plain-indexed-load,1,ip-172-31-24-15,olap,benchANT
2026-05-17 07:55:50+00:00,system,n_cpus,8,dbms,clickbench,postgresql-plain-indexed-load,1,ip-172-31-24-15,olap,benchANT
2026-05-17 07:56:00+00:00,system,n_cpus,8,dbms,clickbench,postgresql-plain-indexed-load,1,ip-172-31-24-15,olap,benchANT
2026-05-17 07:56:10+00:00,system,n_cpus,8,dbms,clickbench,postgresql-plain-indexed-load,1,ip-172-31-24-15,olap,benchANT
2026-05-17 07:56:20+00:00,system,n_cpus,8,dbms,clickbench,postgresql-plain-indexed-load,1,ip-172-31-24-15,olap,benchANT
2026-05-17 07:56:30+00:00,system,n_cpus,8,dbms,clickbench,postgresql-plain-indexed-load,1,ip-172-31-24-15,olap,benchANT
2026-05-17 07:56:40+00:00,system,n_cpus,8,dbms,clickbench,postgresql-plain-indexed-load,1,ip-172-31-24-15,olap,benchANT
2026-05-17 07:56:50+00:00,system,n_cpus,8,dbms,clickbench,postgresql-plain-indexed-load,1,ip-172-31-24-15,olap,benchANT
2026-05-17 07:57:00+00:00,system,n_cpus,8,dbms,clickbench,postgresql-plain-indexed-load,1,ip-172-31-24-15,olap,benchANT
2026-05-17 07:57:10+00:00,system,n_cpus,8,dbms,clickbench,postgresql-plain-indexed-load,1,ip-172-31-24-15,olap,benchANT
2026-05-17 07:57:20+00:00,system,n_cpus,8,dbms,clickbench,postgresql-plain-indexed-load,1,ip-172-31-24-15,olap,benchANT
2026-05-17 07:57:30+00:00,system,n_cpus,8,dbms,clickbench,postgresql-plain-indexed-load,1,ip-172-31-24-15,olap,benchANT
2026-05-17 07:57:40+00:00,system,n_cpus,8,dbms,clickbench,postgresql-plain-indexed-load,1,ip-172-31-24-15,olap,benchANT
2026-05-17 07:57:50+00:00,system,n_cpus,8,dbms,clickbench,postgresql-plain-indexed-load,1,ip-172-31-24-15,olap,benchANT
2026-05-17 07:58:00+00:00,system,n_cpus,8,dbms,clickbench,postgresql-plain-indexed-load,1,ip-172-31-24-15,olap,benchANT
2026-05-17 07:58:10+00:00,system,n_cpus,8,dbms,clickbench,postgresql-plain-indexed-load,1,ip-172-31-24-15,olap,benchANT
2026-05-17 07:58:20+00:00,system,n_cpus,8,dbms,clickbench,postgresql-plain-indexed-load,1,ip-172-31-24-15,olap,benchANT
2026-05-17 07:58:30+00:00,system,n_cpus,8,dbms,clickbench,postgresql-plain-indexed-load,1,ip-172-31-24-15,olap,benchANT
2026-05-17 07:58:40+00:00,system,n_cpus,8,dbms,clickbench,postgresql-plain-indexed-load,1,ip-172-31-24-15,olap,benchANT
2026-05-17 07:58:50+00:00,system,n_cpus,8,dbms,clickbench,postgresql-plain-indexed-load,1,ip-172-31-24-15,olap,benchANT
2026-05-17 07:59:00+00:00,system,n_cpus,8,dbms,clickbench,postgresql-plain-indexed-load,1,ip-172-31-24-15,olap,benchANT
2026-05-17 07:59:10+00:00,system,n_cpus,8,dbms,clickbench,postgresql-plain-indexed-load,1,ip-172-31-24-15,olap,benchANT
2026-05-17 07:59:20+00:00,system,n_cpus,8,dbms,clickbench,postgresql-plain-indexed-load,1,ip-172-31-24-15,olap,benchANT
2026-05-17 07:59:30+00:00,system,n_cpus,8,dbms,clickbench,postgresql-plain-indexed-load,1,ip-172-31-24-15,olap,benchANT
2026-05-17 07:59:40+00:00,system,n_cpus,8,dbms,clickbench,postgresql-plain-indexed-load,1,ip-172-31-24-15,olap,benchANT
2026-05-17 07:59:50+00:00,system,n_cpus,8,dbms,clickbench,postgresql-plain-indexed-load,1,ip-172-31-24-15,olap,benchANT
2026-05-17 08:00:00+00:00,system,n_cpus,8,dbms,clickbench,postgresql-plain-indexed-load,1,ip-172-31-24-15,olap,benchANT
2026-05-17 08:00:10+00:00,system,n_cpus,8,dbms,clickbench,postgresql-plain-indexed-load,1,ip-172-31-24-15,olap,benchANT
2026-05-17 08:00:20+00:00,system,n_cpus,8,dbms,clickbench,postgresql-plain-indexed-load,1,ip-172-31-24-15,olap,benchANT
2026-05-17 08:00:30+00:00,system,n_cpus,8,dbms,clickbench,postgresql-plain-indexed-load,1,ip-172-31-24-15,olap,benchANT
2026-05-17 08:00:40+00:00,system,n_cpus,8,dbms,clickbench,postgresql-plain-indexed-load,1,ip-172-31-24-15,olap,benchANT
2026-05-17 08:00:50+00:00,system,n_cpus,8,dbms,clickbench,postgresql-plain-indexed-load,1,ip-172-31-24-15,olap,benchANT
2026-05-17 08:01:00+00:00,system,n_cpus,8,dbms,clickbench,postgresql-plain-indexed-load,1,ip-172-31-24-15,olap,benchANT
2026-05-17 08:01:10+00:00,system,n_cpus,8,dbms,clickbench,postgresql-plain-indexed-load,1,ip-172-31-24-15,olap,benchANT
2026-05-17 08:01:20+00:00,system,n_cpus,8,dbms,clickbench,postgresql-plain-indexed-load,1,ip-172-31-24-15,olap,benchANT
2026-05-17 08:01:30+00:00,system,n_cpus,8,dbms,clickbench,postgresql-plain-indexed-load,1,ip-172-31-24-15,olap,benchANT
2026-05-17 08:01:40+00:00,system,n_cpus,8,dbms,clickbench,postgresql-plain-indexed-load,1,ip-172-31-24-15,olap,benchANT
2026-05-17 08:01:50+00:00,system,n_cpus,8,dbms,clickbench,postgresql-plain-indexed-load,1,ip-172-31-24-15,olap,benchANT
2026-05-17 08:02:00+00:00,system,n_cpus,8,dbms,clickbench,postgresql-plain-indexed-load,1,ip-172-31-24-15,olap,benchANT
2026-05-17 08:02:10+00:00,system,n_cpus,8,dbms,clickbench,postgresql-plain-indexed-load,1,ip-172-31-24-15,olap,benchANT
2026-05-17 08:02:20+00:00,system,n_cpus,8,dbms,clickbench,postgresql-plain-indexed-load,1,ip-172-31-24-15,olap,benchANT
2026-05-17 08:02:30+00:00,system,n_cpus,8,dbms,clickbench,postgresql-plain-indexed-load,1,ip-172-31-24-15,olap,benchANT
2026-05-17 08:02:40+00:00,system,n_cpus,8,dbms,clickbench,postgresql-plain-indexed-load,1,ip-172-31-24-15,olap,benchANT
2026-05-17 08:02:50+00:00,system,n_cpus,8,dbms,clickbench,postgresql-plain-indexed-load,1,ip-172-31-24-15,olap,benchANT
2026-05-17 08:03:00+00:00,system,n_cpus,8,dbms,clickbench,postgresql-plain-indexed-load,1,ip-172-31-24-15,olap,benchANT
2026-05-17 08:03:10+00:00,system,n_cpus,8,dbms,clickbench,postgresql-plain-indexed-load,1,ip-172-31-24-15,olap,benchANT
2026-05-17 08:03:20+00:00,system,n_cpus,8,dbms,clickbench,postgresql-plain-indexed-load,1,ip-172-31-24-15,olap,benchANT
2026-05-17 08:03:30+00:00,system,n_cpus,8,dbms,clickbench,postgresql-plain-indexed-load,1,ip-172-31-24-15,olap,benchANT
2026-05-17 08:03:40+00:00,system,n_cpus,8,dbms,clickbench,postgresql-plain-indexed-load,1,ip-172-31-24-15,olap,benchANT
2026-05-17 08:03:50+00:00,system,n_cpus,8,dbms,clickbench,postgresql-plain-indexed-load,1,ip-172-31-24-15,olap,benchANT
2026-05-17 08:04:00+00:00,system,n_cpus,8,dbms,clickbench,postgresql-plain-indexed-load,1,ip-172-31-24-15,olap,benchANT
2026-05-17 08:04:10+00:00,system,n_cpus,8,dbms,clickbench,postgresql-plain-indexed-load,1,ip-172-31-24-15,olap,benchANT
2026-05-17 08:04:20+00:00,system,n_cpus,8,dbms,clickbench,postgresql-plain-indexed-load,1,ip-172-31-24-15,olap,benchANT
2026-05-17 08:04:30+00:00,system,n_cpus,8,dbms,clickbench,postgresql-plain-indexed-load,1,ip-172-31-24-15,olap,benchANT
2026-05-17 08:04:40+00:00,system,n_cpus,8,dbms,clickbench,postgresql-plain-indexed-load,1,ip-172-31-24-15,olap,benchANT
2026-05-17 08:04:50+00:00,system,n_cpus,8,dbms,clickbench,postgresql-plain-indexed-load,1,ip-172-31-24-15,olap,benchANT
2026-05-17 08:05:00+00:00,system,n_cpus,8,dbms,clickbench,postgresql-plain-indexed-load,1,ip-172-31-24-15,olap,benchANT
2026-05-17 08:05:10+00:00,system,n_cpus,8,dbms,clickbench,postgresql-plain-indexed-load,1,ip-172-31-24-15,olap,benchANT
2026-05-17 08:05:20+00:00,system,n_cpus,8,dbms,clickbench,postgresql-plain-indexed-load,1,ip-172-31-24-15,olap,benchANT
2026-05-17 08:05:30+00:00,system,n_cpus,8,dbms,clickbench,postgresql-plain-indexed-load,1,ip-172-31-24-15,olap,benchANT
2026-05-17 08:05:40+00:00,system,n_cpus,8,dbms,clickbench,postgresql-plain-indexed-load,1,ip-172-31-24-15,olap,benchANT
2026-05-17 08:05:50+00:00,system,n_cpus,8,dbms,clickbench,postgresql-plain-indexed-load,1,ip-172-31-24-15,olap,benchANT
2026-05-17 08:06:00+00:00,system,n_cpus,8,dbms,clickbench,postgresql-plain-indexed-load,1,ip-172-31-24-15,olap,benchANT
2026-05-17 08:06:10+00:00,system,n_cpus,8,dbms,clickbench,postgresql-plain-indexed-load,1,ip-172-31-24-15,olap,benchANT
2026-05-17 08:06:20+00:00,system,n_cpus,8,dbms,clickbench,postgresql-plain-indexed-load,1,ip-172-31-24-15,olap,benchANT
2026-05-17 08:06:30+00:00,system,n_cpus,8,dbms,clickbench,postgresql-plain-indexed-load,1,ip-172-31-24-15,olap,benchANT
2026-05-17 08:06:40+00:00,system,n_cpus,8,dbms,clickbench,postgresql-plain-indexed-load,1,ip-172-31-24-15,olap,benchANT
2026-05-17 08:06:50+00:00,system,n_cpus,8,dbms,clickbench,postgresql-plain-indexed-load,1,ip-172-31-24-15,olap,benchANT
2026-05-17 08:07:00+00:00,system,n_cpus,8,dbms,clickbench,postgresql-plain-indexed-load,1,ip-172-31-24-15,olap,benchANT
2026-05-17 08:07:10+00:00,system,n_cpus,8,dbms,clickbench,postgresql-plain-indexed-load,1,ip-172-31-24-15,olap,benchANT
2026-05-17 08:07:20+00:00,system,n_cpus,8,dbms,clickbench,postgresql-plain-indexed-load,1,ip-172-31-24-15,olap,benchANT
2026-05-17 08:07:30+00:00,system,n_cpus,8,dbms,clickbench,postgresql-plain-indexed-load,1,ip-172-31-24-15,olap,benchANT
2026-05-17 08:07:40+00:00,system,n_cpus,8,dbms,clickbench,postgresql-plain-indexed-load,1,ip-172-31-24-15,olap,benchANT
2026-05-17 08:07:50+00:00,system,n_cpus,8,dbms,clickbench,postgresql-plain-indexed-load,1,ip-172-31-24-15,olap,benchANT
2026-05-17 08:08:00+00:00,system,n_cpus,8,dbms,clickbench,postgresql-plain-indexed-load,1,ip-172-31-24-15,olap,benchANT
2026-05-17 08:08:10+00:00,system,n_cpus,8,dbms,clickbench,postgresql-plain-indexed-load,1,ip-172-31-24-15,olap,benchANT
2026-05-17 08:08:20+00:00,system,n_cpus,8,dbms,clickbench,postgresql-plain-indexed-load,1,ip-172-31-24-15,olap,benchANT
2026-05-17 08:08:30+00:00,system,n_cpus,8,dbms,clickbench,postgresql-plain-indexed-load,1,ip-172-31-24-15,olap,benchANT
2026-05-17 08:08:40+00:00,system,n_cpus,8,dbms,clickbench,postgresql-plain-indexed-load,1,ip-172-31-24-15,olap,benchANT
2026-05-17 08:08:50+00:00,system,n_cpus,8,dbms,clickbench,postgresql-plain-indexed-load,1,ip-172-31-24-15,olap,benchANT
2026-05-17 08:09:00+00:00,system,n_cpus,8,dbms,clickbench,postgresql-plain-indexed-load,1,ip-172-31-24-15,olap,benchANT
2026-05-17 08:09:10+00:00,system,n_cpus,8,dbms,clickbench,postgresql-plain-indexed-load,1,ip-172-31-24-15,olap,benchANT
2026-05-17 08:09:20+00:00,system,n_cpus,8,dbms,clickbench,postgresql-plain-indexed-load,1,ip-172-31-24-15,olap,benchANT
2026-05-17 08:09:30+00:00,system,n_cpus,8,dbms,clickbench,postgresql-plain-indexed-load,1,ip-172-31-24-15,olap,benchANT
2026-05-17 08:09:40+00:00,system,n_cpus,8,dbms,clickbench,postgresql-plain-indexed-load,1,ip-172-31-24-15,olap,benchANT
2026-05-17 08:09:50+00:00,system,n_cpus,8,dbms,clickbench,postgresql-plain-indexed-load,1,ip-172-31-24-15,olap,benchANT
2026-05-17 08:10:00+00:00,system,n_cpus,8,dbms,clickbench,postgresql-plain-indexed-load,1,ip-172-31-24-15,olap,benchANT
2026-05-17 08:10:10+00:00,system,n_cpus,8,dbms,clickbench,postgresql-plain-indexed-load,1,ip-172-31-24-15,olap,benchANT
2026-05-17 08:10:20+00:00,system,n_cpus,8,dbms,clickbench,postgresql-plain-indexed-load,1,ip-172-31-24-15,olap,benchANT
2026-05-17 08:10:30+00:00,system,n_cpus,8,dbms,clickbench,postgresql-plain-indexed-load,1,ip-172-31-24-15,olap,benchANT
2026-05-17 08:10:40+00:00,system,n_cpus,8,dbms,clickbench,postgresql-plain-indexed-load,1,ip-172-31-24-15,olap,benchANT
2026-05-17 08:10:50+00:00,system,n_cpus,8,dbms,clickbench,postgresql-plain-indexed-load,1,ip-172-31-24-15,olap,benchANT
2026-05-17 08:11:00+00:00,system,n_cpus,8,dbms,clickbench,postgresql-plain-indexed-load,1,ip-172-31-24-15,olap,benchANT
2026-05-17 08:11:10+00:00,system,n_cpus,8,dbms,clickbench,postgresql-plain-indexed-load,1,ip-172-31-24-15,olap,benchANT
2026-05-17 08:11:20+00:00,system,n_cpus,8,dbms,clickbench,postgresql-plain-indexed-load,1,ip-172-31-24-15,olap,benchANT
2026-05-17 08:11:30+00:00,system,n_cpus,8,dbms,clickbench,postgresql-plain-indexed-load,1,ip-172-31-24-15,olap,benchANT
2026-05-17 08:11:40+00:00,system,n_cpus,8,dbms,clickbench,postgresql-plain-indexed-load,1,ip-172-31-24-15,olap,benchANT
2026-05-17 08:11:50+00:00,system,n_cpus,8,dbms,clickbench,postgresql-plain-indexed-load,1,ip-172-31-24-15,olap,benchANT
2026-05-17 08:12:00+00:00,system,n_cpus,8,dbms,clickbench,postgresql-plain-indexed-load,1,ip-172-31-24-15,olap,benchANT
2026-05-17 08:12:10+00:00,system,n_cpus,8,dbms,clickbench,postgresql-plain-indexed-load,1,ip-172-31-24-15,olap,benchANT
2026-05-17 08:12:20+00:00,system,n_cpus,8,dbms,clickbench,postgresql-plain-indexed-load,1,ip-172-31-24-15,olap,benchANT
2026-05-17 08:12:30+00:00,system,n_cpus,8,dbms,clickbench,postgresql-plain-indexed-load,1,ip-172-31-24-15,olap,benchANT
2026-05-17 08:12:40+00:00,system,n_cpus,8,dbms,clickbench,postgresql-plain-indexed-load,1,ip-172-31-24-15,olap,benchANT
2026-05-17 08:12:50+00:00,system,n_cpus,8,dbms,clickbench,postgresql-plain-indexed-load,1,ip-172-31-24-15,olap,benchANT
2026-05-17 08:13:00+00:00,system,n_cpus,8,dbms,clickbench,postgresql-plain-indexed-load,1,ip-172-31-24-15,olap,benchANT
2026-05-17 08:13:10+00:00,system,n_cpus,8,dbms,clickbench,postgresql-plain-indexed-load,1,ip-172-31-24-15,olap,benchANT
2026-05-17 08:13:20+00:00,system,n_cpus,8,dbms,clickbench,postgresql-plain-indexed-load,1,ip-172-31-24-15,olap,benchANT
2026-05-17 08:13:30+00:00,system,n_cpus,8,dbms,clickbench,postgresql-plain-indexed-load,1,ip-172-31-24-15,olap,benchANT
2026-05-17 08:13:40+00:00,system,n_cpus,8,dbms,clickbench,postgresql-plain-indexed-load,1,ip-172-31-24-15,olap,benchANT
2026-05-17 08:13:50+00:00,system,n_cpus,8,dbms,clickbench,postgresql-plain-indexed-load,1,ip-172-31-24-15,olap,benchANT
2026-05-17 08:14:00+00:00,system,n_cpus,8,dbms,clickbench,postgresql-plain-indexed-load,1,ip-172-31-24-15,olap,benchANT
2026-05-17 08:14:10+00:00,system,n_cpus,8,dbms,clickbench,postgresql-plain-indexed-load,1,ip-172-31-24-15,olap,benchANT
2026-05-17 08:14:20+00:00,system,n_cpus,8,dbms,clickbench,postgresql-plain-indexed-load,1,ip-172-31-24-15,olap,benchANT
2026-05-17 08:14:30+00:00,system,n_cpus,8,dbms,clickbench,postgresql-plain-indexed-load,1,ip-172-31-24-15,olap,benchANT
2026-05-17 08:14:40+00:00,system,n_cpus,8,dbms,clickbench,postgresql-plain-indexed-load,1,ip-172-31-24-15,olap,benchANT
2026-05-17 08:14:50+00:00,system,n_cpus,8,dbms,clickbench,postgresql-plain-indexed-load,1,ip-172-31-24-15,olap,benchANT
2026-05-17 08:15:00+00:00,system,n_cpus,8,dbms,clickbench,postgresql-plain-indexed-load,1,ip-172-31-24-15,olap,benchANT
2026-05-17 08:15:10+00:00,system,n_cpus,8,dbms,clickbench,postgresql-plain-indexed-load,1,ip-172-31-24-15,olap,benchANT
2026-05-17 08:15:20+00:00,system,n_cpus,8,dbms,clickbench,postgresql-plain-indexed-load,1,ip-172-31-24-15,olap,benchANT
2026-05-17 08:15:30+00:00,system,n_cpus,8,dbms,clickbench,postgresql-plain-indexed-load,1,ip-172-31-24-15,olap,benchANT
2026-05-17 08:15:40+00:00,system,n_cpus,8,dbms,clickbench,postgresql-plain-indexed-load,1,ip-172-31-24-15,olap,benchANT
2026-05-17 08:15:50+00:00,system,n_cpus,8,dbms,clickbench,postgresql-plain-indexed-load,1,ip-172-31-24-15,olap,benchANT
2026-05-17 08:16:00+00:00,system,n_cpus,8,dbms,clickbench,postgresql-plain-indexed-load,1,ip-172-31-24-15,olap,benchANT
2026-05-17 08:16:10+00:00,system,n_cpus,8,dbms,clickbench,postgresql-plain-indexed-load,1,ip-172-31-24-15,olap,benchANT
2026-05-17 08:16:20+00:00,system,n_cpus,8,dbms,clickbench,postgresql-plain-indexed-load,1,ip-172-31-24-15,olap,benchANT
2026-05-17 08:16:30+00:00,system,n_cpus,8,dbms,clickbench,postgresql-plain-indexed-load,1,ip-172-31-24-15,olap,benchANT
2026-05-17 08:16:40+00:00,system,n_cpus,8,dbms,clickbench,postgresql-plain-indexed-load,1,ip-172-31-24-15,olap,benchANT
2026-05-17 08:16:50+00:00,system,n_cpus,8,dbms,clickbench,postgresql-plain-indexed-load,1,ip-172-31-24-15,olap,benchANT
2026-05-17 08:17:00+00:00,system,n_cpus,8,dbms,clickbench,postgresql-plain-indexed-load,1,ip-172-31-24-15,olap,benchANT
2026-05-17 08:17:10+00:00,system,n_cpus,8,dbms,clickbench,postgresql-plain-indexed-load,1,ip-172-31-24-15,olap,benchANT
2026-05-17 08:17:20+00:00,system,n_cpus,8,dbms,clickbench,postgresql-plain-indexed-load,1,ip-172-31-24-15,olap,benchANT
2026-05-17 08:17:30+00:00,system,n_cpus,8,dbms,clickbench,postgresql-plain-indexed-load,1,ip-172-31-24-15,olap,benchANT
2026-05-17 08:17:40+00:00,system,n_cpus,8,dbms,clickbench,postgresql-plain-indexed-load,1,ip-172-31-24-15,olap,benchANT
2026-05-17 08:17:50+00:00,system,n_cpus,8,dbms,clickbench,postgresql-plain-indexed-load,1,ip-172-31-24-15,olap,benchANT
2026-05-17 08:18:00+00:00,system,n_cpus,8,dbms,clickbench,postgresql-plain-indexed-load,1,ip-172-31-24-15,olap,benchANT
2026-05-17 08:18:10+00:00,system,n_cpus,8,dbms,clickbench,postgresql-plain-indexed-load,1,ip-172-31-24-15,olap,benchANT
2026-05-17 08:18:20+00:00,system,n_cpus,8,dbms,clickbench,postgresql-plain-indexed-load,1,ip-172-31-24-15,olap,benchANT
2026-05-17 08:18:30+00:00,system,n_cpus,8,dbms,clickbench,postgresql-plain-indexed-load,1,ip-172-31-24-15,olap,benchANT
2026-05-17 08:18:40+00:00,system,n_cpus,8,dbms,clickbench,postgresql-plain-indexed-load,1,ip-172-31-24-15,olap,benchANT
2026-05-17 08:18:50+00:00,system,n_cpus,8,dbms,clickbench,postgresql-plain-indexed-load,1,ip-172-31-24-15,olap,benchANT
2026-05-17 08:19:00+00:00,system,n_cpus,8,dbms,clickbench,postgresql-plain-indexed-load,1,ip-172-31-24-15,olap,benchANT
2026-05-17 08:19:10+00:00,system,n_cpus,8,dbms,clickbench,postgresql-plain-indexed-load,1,ip-172-31-24-15,olap,benchANT
2026-05-17 08:19:20+00:00,system,n_cpus,8,dbms,clickbench,postgresql-plain-indexed-load,1,ip-172-31-24-15,olap,benchANT
2026-05-17 08:19:30+00:00,system,n_cpus,8,dbms,clickbench,postgresql-plain-indexed-load,1,ip-172-31-24-15,olap,benchANT
2026-05-17 08:19:40+00:00,system,n_cpus,8,dbms,clickbench,postgresql-plain-indexed-load,1,ip-172-31-24-15,olap,benchANT
2026-05-17 08:19:50+00:00,system,n_cpus,8,dbms,clickbench,postgresql-plain-indexed-load,1,ip-172-31-24-15,olap,benchANT
2026-05-17 08:20:00+00:00,system,n_cpus,8,dbms,clickbench,postgresql-plain-indexed-load,1,ip-172-31-24-15,olap,benchANT
2026-05-17 08:20:10+00:00,system,n_cpus,8,dbms,clickbench,postgresql-plain-indexed-load,1,ip-172-31-24-15,olap,benchANT
2026-05-17 08:20:20+00:00,system,n_cpus,8,dbms,clickbench,postgresql-plain-indexed-load,1,ip-172-31-24-15,olap,benchANT
2026-05-17 08:20:30+00:00,system,n_cpus,8,dbms,clickbench,postgresql-plain-indexed-load,1,ip-172-31-24-15,olap,benchANT
2026-05-17 08:20:40+00:00,system,n_cpus,8,dbms,clickbench,postgresql-plain-indexed-load,1,ip-172-31-24-15,olap,benchANT
2026-05-17 08:20:50+00:00,system,n_cpus,8,dbms,clickbench,postgresql-plain-indexed-load,1,ip-172-31-24-15,olap,benchANT
2026-05-17 08:21:00+00:00,system,n_cpus,8,dbms,clickbench,postgresql-plain-indexed-load,1,ip-172-31-24-15,olap,benchANT
2026-05-17 08:21:10+00:00,system,n_cpus,8,dbms,clickbench,postgresql-plain-indexed-load,1,ip-172-31-24-15,olap,benchANT
2026-05-17 08:21:20+00:00,system,n_cpus,8,dbms,clickbench,postgresql-plain-indexed-load,1,ip-172-31-24-15,olap,benchANT
2026-05-17 08:21:30+00:00,system,n_cpus,8,dbms,clickbench,postgresql-plain-indexed-load,1,ip-172-31-24-15,olap,benchANT
2026-05-17 08:21:40+00:00,system,n_cpus,8,dbms,clickbench,postgresql-plain-indexed-load,1,ip-172-31-24-15,olap,benchANT
2026-05-17 08:21:50+00:00,system,n_cpus,8,dbms,clickbench,postgresql-plain-indexed-load,1,ip-172-31-24-15,olap,benchANT
2026-05-17 08:22:00+00:00,system,n_cpus,8,dbms,clickbench,postgresql-plain-indexed-load,1,ip-172-31-24-15,olap,benchANT
2026-05-17 08:22:10+00:00,system,n_cpus,8,dbms,clickbench,postgresql-plain-indexed-load,1,ip-172-31-24-15,olap,benchANT
2026-05-17 08:22:20+00:00,system,n_cpus,8,dbms,clickbench,postgresql-plain-indexed-load,1,ip-172-31-24-15,olap,benchANT
2026-05-17 08:22:30+00:00,system,n_cpus,8,dbms,clickbench,postgresql-plain-indexed-load,1,ip-172-31-24-15,olap,benchANT
2026-05-17 08:22:40+00:00,system,n_cpus,8,dbms,clickbench,postgresql-plain-indexed-load,1,ip-172-31-24-15,olap,benchANT
2026-05-17 08:22:50+00:00,system,n_cpus,8,dbms,clickbench,postgresql-plain-indexed-load,1,ip-172-31-24-15,olap,benchANT
2026-05-17 08:23:00+00:00,system,n_cpus,8,dbms,clickbench,postgresql-plain-indexed-load,1,ip-172-31-24-15,olap,benchANT
2026-05-17 08:23:10+00:00,system,n_cpus,8,dbms,clickbench,postgresql-plain-indexed-load,1,ip-172-31-24-15,olap,benchANT
2026-05-17 08:23:20+00:00,system,n_cpus,8,dbms,clickbench,postgresql-plain-indexed-load,1,ip-172-31-24-15,olap,benchANT
2026-05-17 08:23:30+00:00,system,n_cpus,8,dbms,clickbench,postgresql-plain-indexed-load,1,ip-172-31-24-15,olap,benchANT
2026-05-17 08:23:40+00:00,system,n_cpus,8,dbms,clickbench,postgresql-plain-indexed-load,1,ip-172-31-24-15,olap,benchANT
2026-05-17 08:23:50+00:00,system,n_cpus,8,dbms,clickbench,postgresql-plain-indexed-load,1,ip-172-31-24-15,olap,benchANT
2026-05-17 08:24:00+00:00,system,n_cpus,8,dbms,clickbench,postgresql-plain-indexed-load,1,ip-172-31-24-15,olap,benchANT
2026-05-17 08:24:10+00:00,system,n_cpus,8,dbms,clickbench,postgresql-plain-indexed-load,1,ip-172-31-24-15,olap,benchANT
2026-05-17 08:24:20+00:00,system,n_cpus,8,dbms,clickbench,postgresql-plain-indexed-load,1,ip-172-31-24-15,olap,benchANT
2026-05-17 08:24:30+00:00,system,n_cpus,8,dbms,clickbench,postgresql-plain-indexed-load,1,ip-172-31-24-15,olap,benchANT
2026-05-17 08:24:40+00:00,system,n_cpus,8,dbms,clickbench,postgresql-plain-indexed-load,1,ip-172-31-24-15,olap,benchANT
2026-05-17 08:24:50+00:00,system,n_cpus,8,dbms,clickbench,postgresql-plain-indexed-load,1,ip-172-31-24-15,olap,benchANT
2026-05-17 08:25:00+00:00,system,n_cpus,8,dbms,clickbench,postgresql-plain-indexed-load,1,ip-172-31-24-15,olap,benchANT
2026-05-17 08:25:10+00:00,system,n_cpus,8,dbms,clickbench,postgresql-plain-indexed-load,1,ip-172-31-24-15,olap,benchANT
2026-05-17 08:25:20+00:00,system,n_cpus,8,dbms,clickbench,postgresql-plain-indexed-load,1,ip-172-31-24-15,olap,benchANT
2026-05-17 08:25:30+00:00,system,n_cpus,8,dbms,clickbench,postgresql-plain-indexed-load,1,ip-172-31-24-15,olap,benchANT
2026-05-17 08:25:40+00:00,system,n_cpus,8,dbms,clickbench,postgresql-plain-indexed-load,1,ip-172-31-24-15,olap,benchANT
2026-05-17 08:25:50+00:00,system,n_cpus,8,dbms,clickbench,postgresql-plain-indexed-load,1,ip-172-31-24-15,olap,benchANT
2026-05-17 08:26:00+00:00,system,n_cpus,8,dbms,clickbench,postgresql-plain-indexed-load,1,ip-172-31-24-15,olap,benchANT
2026-05-17 08:26:10+00:00,system,n_cpus,8,dbms,clickbench,postgresql-plain-indexed-load,1,ip-172-31-24-15,olap,benchANT
2026-05-17 08:26:20+00:00,system,n_cpus,8,dbms,clickbench,postgresql-plain-indexed-load,1,ip-172-31-24-15,olap,benchANT
2026-05-17 08:26:30+00:00,system,n_cpus,8,dbms,clickbench,postgresql-plain-indexed-load,1,ip-172-31-24-15,olap,benchANT
2026-05-17 08:26:40+00:00,system,n_cpus,8,dbms,clickbench,postgresql-plain-indexed-load,1,ip-172-31-24-15,olap,benchANT
2026-05-17 08:26:50+00:00,system,n_cpus,8,dbms,clickbench,postgresql-plain-indexed-load,1,ip-172-31-24-15,olap,benchANT
2026-05-17 08:27:00+00:00,system,n_cpus,8,dbms,clickbench,postgresql-plain-indexed-load,1,ip-172-31-24-15,olap,benchANT
2026-05-17 08:27:10+00:00,system,n_cpus,8,dbms,clickbench,postgresql-plain-indexed-load,1,ip-172-31-24-15,olap,benchANT
2026-05-17 08:27:20+00:00,system,n_cpus,8,dbms,clickbench,postgresql-plain-indexed-load,1,ip-172-31-24-15,olap,benchANT
2026-05-17 08:27:30+00:00,system,n_cpus,8,dbms,clickbench,postgresql-plain-indexed-load,1,ip-172-31-24-15,olap,benchANT
2026-05-17 08:27:40+00:00,system,n_cpus,8,dbms,clickbench,postgresql-plain-indexed-load,1,ip-172-31-24-15,olap,benchANT
2026-05-17 08:27:50+00:00,system,n_cpus,8,dbms,clickbench,postgresql-plain-indexed-load,1,ip-172-31-24-15,olap,benchANT
2026-05-17 08:28:00+00:00,system,n_cpus,8,dbms,clickbench,postgresql-plain-indexed-load,1,ip-172-31-24-15,olap,benchANT
2026-05-17 08:28:10+00:00,system,n_cpus,8,dbms,clickbench,postgresql-plain-indexed-load,1,ip-172-31-24-15,olap,benchANT
2026-05-17 08:28:20+00:00,system,n_cpus,8,dbms,clickbench,postgresql-plain-indexed-load,1,ip-172-31-24-15,olap,benchANT
2026-05-17 08:28:30+00:00,system,n_cpus,8,dbms,clickbench,postgresql-plain-indexed-load,1,ip-172-31-24-15,olap,benchANT
2026-05-17 08:28:40+00:00,system,n_cpus,8,dbms,clickbench,postgresql-plain-indexed-load,1,ip-172-31-24-15,olap,benchANT
2026-05-17 08:28:50+00:00,system,n_cpus,8,dbms,clickbench,postgresql-plain-indexed-load,1,ip-172-31-24-15,olap,benchANT
2026-05-17 08:29:00+00:00,system,n_cpus,8,dbms,clickbench,postgresql-plain-indexed-load,1,ip-172-31-24-15,olap,benchANT
2026-05-17 08:29:10+00:00,system,n_cpus,8,dbms,clickbench,postgresql-plain-indexed-load,1,ip-172-31-24-15,olap,benchANT
2026-05-17 08:29:20+00:00,system,n_cpus,8,dbms,clickbench,postgresql-plain-indexed-load,1,ip-172-31-24-15,olap,benchANT
2026-05-17 08:29:30+00:00,system,n_cpus,8,dbms,clickbench,postgresql-plain-indexed-load,1,ip-172-31-24-15,olap,benchANT
2026-05-17 08:29:40+00:00,system,n_cpus,8,dbms,clickbench,postgresql-plain-indexed-load,1,ip-172-31-24-15,olap,benchANT
2026-05-17 08:29:50+00:00,system,n_cpus,8,dbms,clickbench,postgresql-plain-indexed-load,1,ip-172-31-24-15,olap,benchANT
2026-05-17 08:30:00+00:00,system,n_cpus,8,dbms,clickbench,postgresql-plain-indexed-load,1,ip-172-31-24-15,olap,benchANT
2026-05-17 08:30:10+00:00,system,n_cpus,8,dbms,clickbench,postgresql-plain-indexed-load,1,ip-172-31-24-15,olap,benchANT
2026-05-17 08:30:20+00:00,system,n_cpus,8,dbms,clickbench,postgresql-plain-indexed-load,1,ip-172-31-24-15,olap,benchANT
2026-05-17 08:30:30+00:00,system,n_cpus,8,dbms,clickbench,postgresql-plain-indexed-load,1,ip-172-31-24-15,olap,benchANT
2026-05-17 08:30:40+00:00,system,n_cpus,8,dbms,clickbench,postgresql-plain-indexed-load,1,ip-172-31-24-15,olap,benchANT
2026-05-17 08:30:50+00:00,system,n_cpus,8,dbms,clickbench,postgresql-plain-indexed-load,1,ip-172-31-24-15,olap,benchANT
2026-05-17 08:31:00+00:00,system,n_cpus,8,dbms,clickbench,postgresql-plain-indexed-load,1,ip-172-31-24-15,olap,benchANT
2026-05-17 08:31:10+00:00,system,n_cpus,8,dbms,clickbench,postgresql-plain-indexed-load,1,ip-172-31-24-15,olap,benchANT
2026-05-17 08:31:20+00:00,system,n_cpus,8,dbms,clickbench,postgresql-plain-indexed-load,1,ip-172-31-24-15,olap,benchANT
2026-05-17 08:31:30+00:00,system,n_cpus,8,dbms,clickbench,postgresql-plain-indexed-load,1,ip-172-31-24-15,olap,benchANT
2026-05-17 08:31:40+00:00,system,n_cpus,8,dbms,clickbench,postgresql-plain-indexed-load,1,ip-172-31-24-15,olap,benchANT
2026-05-17 08:31:50+00:00,system,n_cpus,8,dbms,clickbench,postgresql-plain-indexed-load,1,ip-172-31-24-15,olap,benchANT
2026-05-17 08:32:00+00:00,system,n_cpus,8,dbms,clickbench,postgresql-plain-indexed-load,1,ip-172-31-24-15,olap,benchANT
2026-05-17 08:32:10+00:00,system,n_cpus,8,dbms,clickbench,postgresql-plain-indexed-load,1,ip-172-31-24-15,olap,benchANT
2026-05-17 08:32:20+00:00,system,n_cpus,8,dbms,clickbench,postgresql-plain-indexed-load,1,ip-172-31-24-15,olap,benchANT
2026-05-17 08:32:30+00:00,system,n_cpus,8,dbms,clickbench,postgresql-plain-indexed-load,1,ip-172-31-24-15,olap,benchANT
2026-05-17 08:32:40+00:00,system,n_cpus,8,dbms,clickbench,postgresql-plain-indexed-load,1,ip-172-31-24-15,olap,benchANT
2026-05-17 08:32:50+00:00,system,n_cpus,8,dbms,clickbench,postgresql-plain-indexed-load,1,ip-172-31-24-15,olap,benchANT
2026-05-17 08:33:00+00:00,system,n_cpus,8,dbms,clickbench,postgresql-plain-indexed-load,1,ip-172-31-24-15,olap,benchANT
2026-05-17 08:33:10+00:00,system,n_cpus,8,dbms,clickbench,postgresql-plain-indexed-load,1,ip-172-31-24-15,olap,benchANT
2026-05-17 08:33:20+00:00,system,n_cpus,8,dbms,clickbench,postgresql-plain-indexed-load,1,ip-172-31-24-15,olap,benchANT
2026-05-17 08:33:30+00:00,system,n_cpus,8,dbms,clickbench,postgresql-plain-indexed-load,1,ip-172-31-24-15,olap,benchANT
2026-05-17 08:33:40+00:00,system,n_cpus,8,dbms,clickbench,postgresql-plain-indexed-load,1,ip-172-31-24-15,olap,benchANT
2026-05-17 08:33:50+00:00,system,n_cpus,8,dbms,clickbench,postgresql-plain-indexed-load,1,ip-172-31-24-15,olap,benchANT
2026-05-17 08:34:00+00:00,system,n_cpus,8,dbms,clickbench,postgresql-plain-indexed-load,1,ip-172-31-24-15,olap,benchANT
2026-05-17 08:34:10+00:00,system,n_cpus,8,dbms,clickbench,postgresql-plain-indexed-load,1,ip-172-31-24-15,olap,benchANT
2026-05-17 08:34:20+00:00,system,n_cpus,8,dbms,clickbench,postgresql-plain-indexed-load,1,ip-172-31-24-15,olap,benchANT
2026-05-17 08:34:30+00:00,system,n_cpus,8,dbms,clickbench,postgresql-plain-indexed-load,1,ip-172-31-24-15,olap,benchANT
2026-05-17 08:34:40+00:00,system,n_cpus,8,dbms,clickbench,postgresql-plain-indexed-load,1,ip-172-31-24-15,olap,benchANT
2026-05-17 08:34:50+00:00,system,n_cpus,8,dbms,clickbench,postgresql-plain-indexed-load,1,ip-172-31-24-15,olap,benchANT
2026-05-17 08:35:00+00:00,system,n_cpus,8,dbms,clickbench,postgresql-plain-indexed-load,1,ip-172-31-24-15,olap,benchANT
2026-05-17 08:35:10+00:00,system,n_cpus,8,dbms,clickbench,postgresql-plain-indexed-load,1,ip-172-31-24-15,olap,benchANT
2026-05-17 08:35:20+00:00,system,n_cpus,8,dbms,clickbench,postgresql-plain-indexed-load,1,ip-172-31-24-15,olap,benchANT
2026-05-17 08:35:30+00:00,system,n_cpus,8,dbms,clickbench,postgresql-plain-indexed-load,1,ip-172-31-24-15,olap,benchANT
2026-05-17 08:35:40+00:00,system,n_cpus,8,dbms,clickbench,postgresql-plain-indexed-load,1,ip-172-31-24-15,olap,benchANT
2026-05-17 08:35:50+00:00,system,n_cpus,8,dbms,clickbench,postgresql-plain-indexed-load,1,ip-172-31-24-15,olap,benchANT
2026-05-17 08:36:00+00:00,system,n_cpus,8,dbms,clickbench,postgresql-plain-indexed-load,1,ip-172-31-24-15,olap,benchANT
2026-05-17 08:36:10+00:00,system,n_cpus,8,dbms,clickbench,postgresql-plain-indexed-load,1,ip-172-31-24-15,olap,benchANT
2026-05-17 08:36:20+00:00,system,n_cpus,8,dbms,clickbench,postgresql-plain-indexed-load,1,ip-172-31-24-15,olap,benchANT
2026-05-17 08:36:30+00:00,system,n_cpus,8,dbms,clickbench,postgresql-plain-indexed-load,1,ip-172-31-24-15,olap,benchANT
2026-05-17 08:36:40+00:00,system,n_cpus,8,dbms,clickbench,postgresql-plain-indexed-load,1,ip-172-31-24-15,olap,benchANT
2026-05-17 08:36:50+00:00,system,n_cpus,8,dbms,clickbench,postgresql-plain-indexed-load,1,ip-172-31-24-15,olap,benchANT
2026-05-17 08:37:00+00:00,system,n_cpus,8,dbms,clickbench,postgresql-plain-indexed-load,1,ip-172-31-24-15,olap,benchANT
2026-05-17 08:37:10+00:00,system,n_cpus,8,dbms,clickbench,postgresql-plain-indexed-load,1,ip-172-31-24-15,olap,benchANT
2026-05-17 08:37:20+00:00,system,n_cpus,8,dbms,clickbench,postgresql-plain-indexed-load,1,ip-172-31-24-15,olap,benchANT
2026-05-17 08:37:30+00:00,system,n_cpus,8,dbms,clickbench,postgresql-plain-indexed-load,1,ip-172-31-24-15,olap,benchANT
2026-05-17 08:37:40+00:00,system,n_cpus,8,dbms,clickbench,postgresql-plain-indexed-load,1,ip-172-31-24-15,olap,benchANT
2026-05-17 08:37:50+00:00,system,n_cpus,8,dbms,clickbench,postgresql-plain-indexed-load,1,ip-172-31-24-15,olap,benchANT
2026-05-17 08:38:00+00:00,system,n_cpus,8,dbms,clickbench,postgresql-plain-indexed-load,1,ip-172-31-24-15,olap,benchANT
2026-05-17 08:38:10+00:00,system,n_cpus,8,dbms,clickbench,postgresql-plain-indexed-load,1,ip-172-31-24-15,olap,benchANT
2026-05-17 08:38:20+00:00,system,n_cpus,8,dbms,clickbench,postgresql-plain-indexed-load,1,ip-172-31-24-15,olap,benchANT
2026-05-17 08:38:30+00:00,system,n_cpus,8,dbms,clickbench,postgresql-plain-indexed-load,1,ip-172-31-24-15,olap,benchANT
2026-05-17 08:38:40+00:00,system,n_cpus,8,dbms,clickbench,postgresql-plain-indexed-load,1,ip-172-31-24-15,olap,benchANT
2026-05-17 08:38:50+00:00,system,n_cpus,8,dbms,clickbench,postgresql-plain-indexed-load,1,ip-172-31-24-15,olap,benchANT
2026-05-17 08:39:00+00:00,system,n_cpus,8,dbms,clickbench,postgresql-plain-indexed-load,1,ip-172-31-24-15,olap,benchANT
2026-05-17 08:39:10+00:00,system,n_cpus,8,dbms,clickbench,postgresql-plain-indexed-load,1,ip-172-31-24-15,olap,benchANT
2026-05-17 08:39:20+00:00,system,n_cpus,8,dbms,clickbench,postgresql-plain-indexed-load,1,ip-172-31-24-15,olap,benchANT
2026-05-17 08:39:30+00:00,system,n_cpus,8,dbms,clickbench,postgresql-plain-indexed-load,1,ip-172-31-24-15,olap,benchANT
2026-05-17 08:39:40+00:00,system,n_cpus,8,dbms,clickbench,postgresql-plain-indexed-load,1,ip-172-31-24-15,olap,benchANT
2026-05-17 08:39:50+00:00,system,n_cpus,8,dbms,clickbench,postgresql-plain-indexed-load,1,ip-172-31-24-15,olap,benchANT
2026-05-17 08:40:00+00:00,system,n_cpus,8,dbms,clickbench,postgresql-plain-indexed-load,1,ip-172-31-24-15,olap,benchANT
2026-05-17 08:40:10+00:00,system,n_cpus,8,dbms,clickbench,postgresql-plain-indexed-load,1,ip-172-31-24-15,olap,benchANT
2026-05-17 08:40:20+00:00,system,n_cpus,8,dbms,clickbench,postgresql-plain-indexed-load,1,ip-172-31-24-15,olap,benchANT
2026-05-17 08:40:30+00:00,system,n_cpus,8,dbms,clickbench,postgresql-plain-indexed-load,1,ip-172-31-24-15,olap,benchANT
2026-05-17 08:40:40+00:00,system,n_cpus,8,dbms,clickbench,postgresql-plain-indexed-load,1,ip-172-31-24-15,olap,benchANT
2026-05-17 08:40:50+00:00,system,n_cpus,8,dbms,clickbench,postgresql-plain-indexed-load,1,ip-172-31-24-15,olap,benchANT
2026-05-17 08:41:00+00:00,system,n_cpus,8,dbms,clickbench,postgresql-plain-indexed-load,1,ip-172-31-24-15,olap,benchANT
2026-05-17 08:41:10+00:00,system,n_cpus,8,dbms,clickbench,postgresql-plain-indexed-load,1,ip-172-31-24-15,olap,benchANT
2026-05-17 08:41:20+00:00,system,n_cpus,8,dbms,clickbench,postgresql-plain-indexed-load,1,ip-172-31-24-15,olap,benchANT
2026-05-17 08:41:30+00:00,system,n_cpus,8,dbms,clickbench,postgresql-plain-indexed-load,1,ip-172-31-24-15,olap,benchANT
2026-05-17 08:41:40+00:00,system,n_cpus,8,dbms,clickbench,postgresql-plain-indexed-load,1,ip-172-31-24-15,olap,benchANT
2026-05-17 08:41:50+00:00,system,n_cpus,8,dbms,clickbench,postgresql-plain-indexed-load,1,ip-172-31-24-15,olap,benchANT
2026-05-17 08:42:00+00:00,system,n_cpus,8,dbms,clickbench,postgresql-plain-indexed-load,1,ip-172-31-24-15,olap,benchANT
2026-05-17 08:42:10+00:00,system,n_cpus,8,dbms,clickbench,postgresql-plain-indexed-load,1,ip-172-31-24-15,olap,benchANT
2026-05-17 08:42:20+00:00,system,n_cpus,8,dbms,clickbench,postgresql-plain-indexed-load,1,ip-172-31-24-15,olap,benchANT
2026-05-17 08:42:30+00:00,system,n_cpus,8,dbms,clickbench,postgresql-plain-indexed-load,1,ip-172-31-24-15,olap,benchANT
2026-05-17 08:42:40+00:00,system,n_cpus,8,dbms,clickbench,postgresql-plain-indexed-load,1,ip-172-31-24-15,olap,benchANT
2026-05-17 08:42:50+00:00,system,n_cpus,8,dbms,clickbench,postgresql-plain-indexed-load,1,ip-172-31-24-15,olap,benchANT
2026-05-17 08:43:00+00:00,system,n_cpus,8,dbms,clickbench,postgresql-plain-indexed-load,1,ip-172-31-24-15,olap,benchANT
2026-05-17 08:43:10+00:00,system,n_cpus,8,dbms,clickbench,postgresql-plain-indexed-load,1,ip-172-31-24-15,olap,benchANT
2026-05-17 08:43:20+00:00,system,n_cpus,8,dbms,clickbench,postgresql-plain-indexed-load,1,ip-172-31-24-15,olap,benchANT
2026-05-17 08:43:30+00:00,system,n_cpus,8,dbms,clickbench,postgresql-plain-indexed-load,1,ip-172-31-24-15,olap,benchANT
2026-05-17 08:43:40+00:00,system,n_cpus,8,dbms,clickbench,postgresql-plain-indexed-load,1,ip-172-31-24-15,olap,benchANT
2026-05-17 08:43:50+00:00,system,n_cpus,8,dbms,clickbench,postgresql-plain-indexed-load,1,ip-172-31-24-15,olap,benchANT
2026-05-17 08:44:00+00:00,system,n_cpus,8,dbms,clickbench,postgresql-plain-indexed-load,1,ip-172-31-24-15,olap,benchANT
2026-05-17 08:44:10+00:00,system,n_cpus,8,dbms,clickbench,postgresql-plain-indexed-load,1,ip-172-31-24-15,olap,benchANT
2026-05-17 08:44:20+00:00,system,n_cpus,8,dbms,clickbench,postgresql-plain-indexed-load,1,ip-172-31-24-15,olap,benchANT
2026-05-17 08:44:30+00:00,system,n_cpus,8,dbms,clickbench,postgresql-plain-indexed-load,1,ip-172-31-24-15,olap,benchANT
2026-05-17 08:44:40+00:00,system,n_cpus,8,dbms,clickbench,postgresql-plain-indexed-load,1,ip-172-31-24-15,olap,benchANT
2026-05-17 08:44:50+00:00,system,n_cpus,8,dbms,clickbench,postgresql-plain-indexed-load,1,ip-172-31-24-15,olap,benchANT
2026-05-17 08:45:00+00:00,system,n_cpus,8,dbms,clickbench,postgresql-plain-indexed-load,1,ip-172-31-24-15,olap,benchANT
2026-05-17 08:45:10+00:00,system,n_cpus,8,dbms,clickbench,postgresql-plain-indexed-load,1,ip-172-31-24-15,olap,benchANT
2026-05-17 08:45:20+00:00,system,n_cpus,8,dbms,clickbench,postgresql-plain-indexed-load,1,ip-172-31-24-15,olap,benchANT
2026-05-17 08:45:30+00:00,system,n_cpus,8,dbms,clickbench,postgresql-plain-indexed-load,1,ip-172-31-24-15,olap,benchANT
2026-05-17 08:45:40+00:00,system,n_cpus,8,dbms,clickbench,postgresql-plain-indexed-load,1,ip-172-31-24-15,olap,benchANT
2026-05-17 08:45:50+00:00,system,n_cpus,8,dbms,clickbench,postgresql-plain-indexed-load,1,ip-172-31-24-15,olap,benchANT
2026-05-17 08:46:00+00:00,system,n_cpus,8,dbms,clickbench,postgresql-plain-indexed-load,1,ip-172-31-24-15,olap,benchANT
2026-05-17 08:46:10+00:00,system,n_cpus,8,dbms,clickbench,postgresql-plain-indexed-load,1,ip-172-31-24-15,olap,benchANT
2026-05-17 08:46:20+00:00,system,n_cpus,8,dbms,clickbench,postgresql-plain-indexed-load,1,ip-172-31-24-15,olap,benchANT
2026-05-17 08:46:30+00:00,system,n_cpus,8,dbms,clickbench,postgresql-plain-indexed-load,1,ip-172-31-24-15,olap,benchANT
2026-05-17 08:46:40+00:00,system,n_cpus,8,dbms,clickbench,postgresql-plain-indexed-load,1,ip-172-31-24-15,olap,benchANT
2026-05-17 08:46:50+00:00,system,n_cpus,8,dbms,clickbench,postgresql-plain-indexed-load,1,ip-172-31-24-15,olap,benchANT
2026-05-17 08:47:00+00:00,system,n_cpus,8,dbms,clickbench,postgresql-plain-indexed-load,1,ip-172-31-24-15,olap,benchANT
2026-05-17 08:47:10+00:00,system,n_cpus,8,dbms,clickbench,postgresql-plain-indexed-load,1,ip-172-31-24-15,olap,benchANT
2026-05-17 08:47:20+00:00,system,n_cpus,8,dbms,clickbench,postgresql-plain-indexed-load,1,ip-172-31-24-15,olap,benchANT
2026-05-17 08:47:30+00:00,system,n_cpus,8,dbms,clickbench,postgresql-plain-indexed-load,1,ip-172-31-24-15,olap,benchANT
2026-05-17 08:47:40+00:00,system,n_cpus,8,dbms,clickbench,postgresql-plain-indexed-load,1,ip-172-31-24-15,olap,benchANT
2026-05-17 08:47:50+00:00,system,n_cpus,8,dbms,clickbench,postgresql-plain-indexed-load,1,ip-172-31-24-15,olap,benchANT
2026-05-17 08:48:00+00:00,system,n_cpus,8,dbms,clickbench,postgresql-plain-indexed-load,1,ip-172-31-24-15,olap,benchANT
2026-05-17 08:48:10+00:00,system,n_cpus,8,dbms,clickbench,postgresql-plain-indexed-load,1,ip-172-31-24-15,olap,benchANT
2026-05-17 08:48:20+00:00,system,n_cpus,8,dbms,clickbench,postgresql-plain-indexed-load,1,ip-172-31-24-15,olap,benchANT
2026-05-17 08:48:30+00:00,system,n_cpus,8,dbms,clickbench,postgresql-plain-indexed-load,1,ip-172-31-24-15,olap,benchANT
2026-05-17 08:48:40+00:00,system,n_cpus,8,dbms,clickbench,postgresql-plain-indexed-load,1,ip-172-31-24-15,olap,benchANT
2026-05-17 08:48:50+00:00,system,n_cpus,8,dbms,clickbench,postgresql-plain-indexed-load,1,ip-172-31-24-15,olap,benchANT
2026-05-17 08:49:00+00:00,system,n_cpus,8,dbms,clickbench,postgresql-plain-indexed-load,1,ip-172-31-24-15,olap,benchANT
2026-05-17 08:49:10+00:00,system,n_cpus,8,dbms,clickbench,postgresql-plain-indexed-load,1,ip-172-31-24-15,olap,benchANT
2026-05-17 08:49:20+00:00,system,n_cpus,8,dbms,clickbench,postgresql-plain-indexed-load,1,ip-172-31-24-15,olap,benchANT
2026-05-17 08:49:30+00:00,system,n_cpus,8,dbms,clickbench,postgresql-plain-indexed-load,1,ip-172-31-24-15,olap,benchANT
2026-05-17 08:49:40+00:00,system,n_cpus,8,dbms,clickbench,postgresql-plain-indexed-load,1,ip-172-31-24-15,olap,benchANT
2026-05-17 08:49:50+00:00,system,n_cpus,8,dbms,clickbench,postgresql-plain-indexed-load,1,ip-172-31-24-15,olap,benchANT
2026-05-17 08:50:00+00:00,system,n_cpus,8,dbms,clickbench,postgresql-plain-indexed-load,1,ip-172-31-24-15,olap,benchANT
2026-05-17 08:50:10+00:00,system,n_cpus,8,dbms,clickbench,postgresql-plain-indexed-load,1,ip-172-31-24-15,olap,benchANT
2026-05-17 08:50:20+00:00,system,n_cpus,8,dbms,clickbench,postgresql-plain-indexed-load,1,ip-172-31-24-15,olap,benchANT
2026-05-17 08:50:30+00:00,system,n_cpus,8,dbms,clickbench,postgresql-plain-indexed-load,1,ip-172-31-24-15,olap,benchANT
2026-05-17 08:50:40+00:00,system,n_cpus,8,dbms,clickbench,postgresql-plain-indexed-load,1,ip-172-31-24-15,olap,benchANT
2026-05-17 08:50:50+00:00,system,n_cpus,8,dbms,clickbench,postgresql-plain-indexed-load,1,ip-172-31-24-15,olap,benchANT
2026-05-17 08:51:00+00:00,system,n_cpus,8,dbms,clickbench,postgresql-plain-indexed-load,1,ip-172-31-24-15,olap,benchANT
2026-05-17 08:51:10+00:00,system,n_cpus,8,dbms,clickbench,postgresql-plain-indexed-load,1,ip-172-31-24-15,olap,benchANT
2026-05-17 08:51:20+00:00,system,n_cpus,8,dbms,clickbench,postgresql-plain-indexed-load,1,ip-172-31-24-15,olap,benchANT
2026-05-17 08:51:30+00:00,system,n_cpus,8,dbms,clickbench,postgresql-plain-indexed-load,1,ip-172-31-24-15,olap,benchANT
2026-05-17 08:51:40+00:00,system,n_cpus,8,dbms,clickbench,postgresql-plain-indexed-load,1,ip-172-31-24-15,olap,benchANT
2026-05-17 08:51:50+00:00,system,n_cpus,8,dbms,clickbench,postgresql-plain-indexed-load,1,ip-172-31-24-15,olap,benchANT
2026-05-17 08:52:00+00:00,system,n_cpus,8,dbms,clickbench,postgresql-plain-indexed-load,1,ip-172-31-24-15,olap,benchANT
2026-05-17 08:52:10+00:00,system,n_cpus,8,dbms,clickbench,postgresql-plain-indexed-load,1,ip-172-31-24-15,olap,benchANT
2026-05-17 08:52:20+00:00,system,n_cpus,8,dbms,clickbench,postgresql-plain-indexed-load,1,ip-172-31-24-15,olap,benchANT
2026-05-17 08:52:30+00:00,system,n_cpus,8,dbms,clickbench,postgresql-plain-indexed-load,1,ip-172-31-24-15,olap,benchANT
2026-05-17 08:52:40+00:00,system,n_cpus,8,dbms,clickbench,postgresql-plain-indexed-load,1,ip-172-31-24-15,olap,benchANT
2026-05-17 08:52:50+00:00,system,n_cpus,8,dbms,clickbench,postgresql-plain-indexed-load,1,ip-172-31-24-15,olap,benchANT
2026-05-17 08:53:00+00:00,system,n_cpus,8,dbms,clickbench,postgresql-plain-indexed-load,1,ip-172-31-24-15,olap,benchANT
2026-05-17 08:53:10+00:00,system,n_cpus,8,dbms,clickbench,postgresql-plain-indexed-load,1,ip-172-31-24-15,olap,benchANT
2026-05-17 08:53:20+00:00,system,n_cpus,8,dbms,clickbench,postgresql-plain-indexed-load,1,ip-172-31-24-15,olap,benchANT
2026-05-17 08:53:30+00:00,system,n_cpus,8,dbms,clickbench,postgresql-plain-indexed-load,1,ip-172-31-24-15,olap,benchANT
2026-05-17 08:53:40+00:00,system,n_cpus,8,dbms,clickbench,postgresql-plain-indexed-load,1,ip-172-31-24-15,olap,benchANT
2026-05-17 08:53:50+00:00,system,n_cpus,8,dbms,clickbench,postgresql-plain-indexed-load,1,ip-172-31-24-15,olap,benchANT
2026-05-17 08:54:00+00:00,system,n_cpus,8,dbms,clickbench,postgresql-plain-indexed-load,1,ip-172-31-24-15,olap,benchANT
2026-05-17 08:54:10+00:00,system,n_cpus,8,dbms,clickbench,postgresql-plain-indexed-load,1,ip-172-31-24-15,olap,benchANT
2026-05-17 08:54:20+00:00,system,n_cpus,8,dbms,clickbench,postgresql-plain-indexed-load,1,ip-172-31-24-15,olap,benchANT
2026-05-17 08:54:30+00:00,system,n_cpus,8,dbms,clickbench,postgresql-plain-indexed-load,1,ip-172-31-24-15,olap,benchANT
2026-05-17 08:54:40+00:00,system,n_cpus,8,dbms,clickbench,postgresql-plain-indexed-load,1,ip-172-31-24-15,olap,benchANT
2026-05-17 08:54:50+00:00,system,n_cpus,8,dbms,clickbench,postgresql-plain-indexed-load,1,ip-172-31-24-15,olap,benchANT
2026-05-17 08:55:00+00:00,system,n_cpus,8,dbms,clickbench,postgresql-plain-indexed-load,1,ip-172-31-24-15,olap,benchANT
2026-05-17 08:55:10+00:00,system,n_cpus,8,dbms,clickbench,postgresql-plain-indexed-load,1,ip-172-31-24-15,olap,benchANT
2026-05-17 08:55:20+00:00,system,n_cpus,8,dbms,clickbench,postgresql-plain-indexed-load,1,ip-172-31-24-15,olap,benchANT
2026-05-17 08:55:30+00:00,system,n_cpus,8,dbms,clickbench,postgresql-plain-indexed-load,1,ip-172-31-24-15,olap,benchANT
2026-05-17 08:55:40+00:00,system,n_cpus,8,dbms,clickbench,postgresql-plain-indexed-load,1,ip-172-31-24-15,olap,benchANT
2026-05-17 08:55:50+00:00,system,n_cpus,8,dbms,clickbench,postgresql-plain-indexed-load,1,ip-172-31-24-15,olap,benchANT
2026-05-17 08:56:00+00:00,system,n_cpus,8,dbms,clickbench,postgresql-plain-indexed-load,1,ip-172-31-24-15,olap,benchANT
2026-05-17 08:56:10+00:00,system,n_cpus,8,dbms,clickbench,postgresql-plain-indexed-load,1,ip-172-31-24-15,olap,benchANT
2026-05-17 08:56:20+00:00,system,n_cpus,8,dbms,clickbench,postgresql-plain-indexed-load,1,ip-172-31-24-15,olap,benchANT
2026-05-17 08:56:30+00:00,system,n_cpus,8,dbms,clickbench,postgresql-plain-indexed-load,1,ip-172-31-24-15,olap,benchANT
2026-05-17 08:56:40+00:00,system,n_cpus,8,dbms,clickbench,postgresql-plain-indexed-load,1,ip-172-31-24-15,olap,benchANT
2026-05-17 08:56:50+00:00,system,n_cpus,8,dbms,clickbench,postgresql-plain-indexed-load,1,ip-172-31-24-15,olap,benchANT
2026-05-17 08:57:00+00:00,system,n_cpus,8,dbms,clickbench,postgresql-plain-indexed-load,1,ip-172-31-24-15,olap,benchANT
2026-05-17 08:57:10+00:00,system,n_cpus,8,dbms,clickbench,postgresql-plain-indexed-load,1,ip-172-31-24-15,olap,benchANT
2026-05-17 08:57:20+00:00,system,n_cpus,8,dbms,clickbench,postgresql-plain-indexed-load,1,ip-172-31-24-15,olap,benchANT
2026-05-17 08:57:30+00:00,system,n_cpus,8,dbms,clickbench,postgresql-plain-indexed-load,1,ip-172-31-24-15,olap,benchANT
2026-05-17 08:57:40+00:00,system,n_cpus,8,dbms,clickbench,postgresql-plain-indexed-load,1,ip-172-31-24-15,olap,benchANT
2026-05-17 08:57:50+00:00,system,n_cpus,8,dbms,clickbench,postgresql-plain-indexed-load,1,ip-172-31-24-15,olap,benchANT
2026-05-17 08:58:00+00:00,system,n_cpus,8,dbms,clickbench,postgresql-plain-indexed-load,1,ip-172-31-24-15,olap,benchANT
2026-05-17 08:58:10+00:00,system,n_cpus,8,dbms,clickbench,postgresql-plain-indexed-load,1,ip-172-31-24-15,olap,benchANT
2026-05-17 08:58:20+00:00,system,n_cpus,8,dbms,clickbench,postgresql-plain-indexed-load,1,ip-172-31-24-15,olap,benchANT
2026-05-17 08:58:30+00:00,system,n_cpus,8,dbms,clickbench,postgresql-plain-indexed-load,1,ip-172-31-24-15,olap,benchANT
2026-05-17 08:58:40+00:00,system,n_cpus,8,dbms,clickbench,postgresql-plain-indexed-load,1,ip-172-31-24-15,olap,benchANT
2026-05-17 08:58:50+00:00,system,n_cpus,8,dbms,clickbench,postgresql-plain-indexed-load,1,ip-172-31-24-15,olap,benchANT
2026-05-17 08:59:00+00:00,system,n_cpus,8,dbms,clickbench,postgresql-plain-indexed-load,1,ip-172-31-24-15,olap,benchANT
2026-05-17 08:59:10+00:00,system,n_cpus,8,dbms,clickbench,postgresql-plain-indexed-load,1,ip-172-31-24-15,olap,benchANT
2026-05-17 08:59:20+00:00,system,n_cpus,8,dbms,clickbench,postgresql-plain-indexed-load,1,ip-172-31-24-15,olap,benchANT
2026-05-17 08:59:30+00:00,system,n_cpus,8,dbms,clickbench,postgresql-plain-indexed-load,1,ip-172-31-24-15,olap,benchANT
2026-05-17 08:59:40+00:00,system,n_cpus,8,dbms,clickbench,postgresql-plain-indexed-load,1,ip-172-31-24-15,olap,benchANT
2026-05-17 08:59:50+00:00,system,n_cpus,8,dbms,clickbench,postgresql-plain-indexed-load,1,ip-172-31-24-15,olap,benchANT
2026-05-17 09:00:00+00:00,system,n_cpus,8,dbms,clickbench,postgresql-plain-indexed-load,1,ip-172-31-24-15,olap,benchANT
2026-05-17 09:00:10+00:00,system,n_cpus,8,dbms,clickbench,postgresql-plain-indexed-load,1,ip-172-31-24-15,olap,benchANT
2026-05-17 09:00:20+00:00,system,n_cpus,8,dbms,clickbench,postgresql-plain-indexed-load,1,ip-172-31-24-15,olap,benchANT
2026-05-17 09:00:30+00:00,system,n_cpus,8,dbms,clickbench,postgresql-plain-indexed-load,1,ip-172-31-24-15,olap,benchANT
2026-05-17 09:00:40+00:00,system,n_cpus,8,dbms,clickbench,postgresql-plain-indexed-load,1,ip-172-31-24-15,olap,benchANT
2026-05-17 09:00:50+00:00,system,n_cpus,8,dbms,clickbench,postgresql-plain-indexed-load,1,ip-172-31-24-15,olap,benchANT
2026-05-17 09:01:00+00:00,system,n_cpus,8,dbms,clickbench,postgresql-plain-indexed-load,1,ip-172-31-24-15,olap,benchANT
2026-05-17 09:01:10+00:00,system,n_cpus,8,dbms,clickbench,postgresql-plain-indexed-load,1,ip-172-31-24-15,olap,benchANT
2026-05-17 09:01:20+00:00,system,n_cpus,8,dbms,clickbench,postgresql-plain-indexed-load,1,ip-172-31-24-15,olap,benchANT
2026-05-17 09:01:30+00:00,system,n_cpus,8,dbms,clickbench,postgresql-plain-indexed-load,1,ip-172-31-24-15,olap,benchANT
2026-05-17 09:01:40+00:00,system,n_cpus,8,dbms,clickbench,postgresql-plain-indexed-load,1,ip-172-31-24-15,olap,benchANT
2026-05-17 09:01:50+00:00,system,n_cpus,8,dbms,clickbench,postgresql-plain-indexed-load,1,ip-172-31-24-15,olap,benchANT
2026-05-17 09:02:00+00:00,system,n_cpus,8,dbms,clickbench,postgresql-plain-indexed-load,1,ip-172-31-24-15,olap,benchANT
2026-05-17 09:02:10+00:00,system,n_cpus,8,dbms,clickbench,postgresql-plain-indexed-load,1,ip-172-31-24-15,olap,benchANT
2026-05-17 09:02:20+00:00,system,n_cpus,8,dbms,clickbench,postgresql-plain-indexed-load,1,ip-172-31-24-15,olap,benchANT
2026-05-17 09:02:30+00:00,system,n_cpus,8,dbms,clickbench,postgresql-plain-indexed-load,1,ip-172-31-24-15,olap,benchANT
2026-05-17 09:02:40+00:00,system,n_cpus,8,dbms,clickbench,postgresql-plain-indexed-load,1,ip-172-31-24-15,olap,benchANT
2026-05-17 09:02:50+00:00,system,n_cpus,8,dbms,clickbench,postgresql-plain-indexed-load,1,ip-172-31-24-15,olap,benchANT
2026-05-17 09:03:00+00:00,system,n_cpus,8,dbms,clickbench,postgresql-plain-indexed-load,1,ip-172-31-24-15,olap,benchANT
2026-05-17 09:03:10+00:00,system,n_cpus,8,dbms,clickbench,postgresql-plain-indexed-load,1,ip-172-31-24-15,olap,benchANT
2026-05-17 09:03:20+00:00,system,n_cpus,8,dbms,clickbench,postgresql-plain-indexed-load,1,ip-172-31-24-15,olap,benchANT
2026-05-17 09:03:30+00:00,system,n_cpus,8,dbms,clickbench,postgresql-plain-indexed-load,1,ip-172-31-24-15,olap,benchANT
2026-05-17 09:03:40+00:00,system,n_cpus,8,dbms,clickbench,postgresql-plain-indexed-load,1,ip-172-31-24-15,olap,benchANT
2026-05-17 09:03:50+00:00,system,n_cpus,8,dbms,clickbench,postgresql-plain-indexed-load,1,ip-172-31-24-15,olap,benchANT
2026-05-17 09:04:00+00:00,system,n_cpus,8,dbms,clickbench,postgresql-plain-indexed-load,1,ip-172-31-24-15,olap,benchANT
2026-05-17 09:04:10+00:00,system,n_cpus,8,dbms,clickbench,postgresql-plain-indexed-load,1,ip-172-31-24-15,olap,benchANT
2026-05-17 09:04:20+00:00,system,n_cpus,8,dbms,clickbench,postgresql-plain-indexed-load,1,ip-172-31-24-15,olap,benchANT
2026-05-17 09:04:30+00:00,system,n_cpus,8,dbms,clickbench,postgresql-plain-indexed-load,1,ip-172-31-24-15,olap,benchANT
2026-05-17 09:04:40+00:00,system,n_cpus,8,dbms,clickbench,postgresql-plain-indexed-load,1,ip-172-31-24-15,olap,benchANT
2026-05-17 09:04:50+00:00,system,n_cpus,8,dbms,clickbench,postgresql-plain-indexed-load,1,ip-172-31-24-15,olap,benchANT
2026-05-17 09:05:00+00:00,system,n_cpus,8,dbms,clickbench,postgresql-plain-indexed-load,1,ip-172-31-24-15,olap,benchANT
2026-05-17 09:05:10+00:00,system,n_cpus,8,dbms,clickbench,postgresql-plain-indexed-load,1,ip-172-31-24-15,olap,benchANT
2026-05-17 09:05:20+00:00,system,n_cpus,8,dbms,clickbench,postgresql-plain-indexed-load,1,ip-172-31-24-15,olap,benchANT
2026-05-17 09:05:30+00:00,system,n_cpus,8,dbms,clickbench,postgresql-plain-indexed-load,1,ip-172-31-24-15,olap,benchANT
2026-05-17 09:05:40+00:00,system,n_cpus,8,dbms,clickbench,postgresql-plain-indexed-load,1,ip-172-31-24-15,olap,benchANT
2026-05-17 09:05:50+00:00,system,n_cpus,8,dbms,clickbench,postgresql-plain-indexed-load,1,ip-172-31-24-15,olap,benchANT
2026-05-17 09:06:00+00:00,system,n_cpus,8,dbms,clickbench,postgresql-plain-indexed-load,1,ip-172-31-24-15,olap,benchANT
2026-05-17 09:06:10+00:00,system,n_cpus,8,dbms,clickbench,postgresql-plain-indexed-load,1,ip-172-31-24-15,olap,benchANT
2026-05-17 09:06:20+00:00,system,n_cpus,8,dbms,clickbench,postgresql-plain-indexed-load,1,ip-172-31-24-15,olap,benchANT
2026-05-17 09:06:30+00:00,system,n_cpus,8,dbms,clickbench,postgresql-plain-indexed-load,1,ip-172-31-24-15,olap,benchANT
2026-05-17 09:06:40+00:00,system,n_cpus,8,dbms,clickbench,postgresql-plain-indexed-load,1,ip-172-31-24-15,olap,benchANT
2026-05-17 09:06:50+00:00,system,n_cpus,8,dbms,clickbench,postgresql-plain-indexed-load,1,ip-172-31-24-15,olap,benchANT
2026-05-17 09:07:00+00:00,system,n_cpus,8,dbms,clickbench,postgresql-plain-indexed-load,1,ip-172-31-24-15,olap,benchANT
2026-05-17 09:07:10+00:00,system,n_cpus,8,dbms,clickbench,postgresql-plain-indexed-load,1,ip-172-31-24-15,olap,benchANT
2026-05-17 09:07:20+00:00,system,n_cpus,8,dbms,clickbench,postgresql-plain-indexed-load,1,ip-172-31-24-15,olap,benchANT
2026-05-17 09:07:30+00:00,system,n_cpus,8,dbms,clickbench,postgresql-plain-indexed-load,1,ip-172-31-24-15,olap,benchANT
2026-05-17 09:07:40+00:00,system,n_cpus,8,dbms,clickbench,postgresql-plain-indexed-load,1,ip-172-31-24-15,olap,benchANT
2026-05-17 09:07:50+00:00,system,n_cpus,8,dbms,clickbench,postgresql-plain-indexed-load,1,ip-172-31-24-15,olap,benchANT
2026-05-17 09:08:00+00:00,system,n_cpus,8,dbms,clickbench,postgresql-plain-indexed-load,1,ip-172-31-24-15,olap,benchANT
2026-05-17 09:08:10+00:00,system,n_cpus,8,dbms,clickbench,postgresql-plain-indexed-load,1,ip-172-31-24-15,olap,benchANT
2026-05-17 09:08:20+00:00,system,n_cpus,8,dbms,clickbench,postgresql-plain-indexed-load,1,ip-172-31-24-15,olap,benchANT
2026-05-17 09:08:30+00:00,system,n_cpus,8,dbms,clickbench,postgresql-plain-indexed-load,1,ip-172-31-24-15,olap,benchANT
2026-05-17 09:08:40+00:00,system,n_cpus,8,dbms,clickbench,postgresql-plain-indexed-load,1,ip-172-31-24-15,olap,benchANT
2026-05-17 09:08:50+00:00,system,n_cpus,8,dbms,clickbench,postgresql-plain-indexed-load,1,ip-172-31-24-15,olap,benchANT
2026-05-17 09:09:00+00:00,system,n_cpus,8,dbms,clickbench,postgresql-plain-indexed-load,1,ip-172-31-24-15,olap,benchANT
2026-05-17 09:09:10+00:00,system,n_cpus,8,dbms,clickbench,postgresql-plain-indexed-load,1,ip-172-31-24-15,olap,benchANT
2026-05-17 09:09:20+00:00,system,n_cpus,8,dbms,clickbench,postgresql-plain-indexed-load,1,ip-172-31-24-15,olap,benchANT
2026-05-17 09:09:30+00:00,system,n_cpus,8,dbms,clickbench,postgresql-plain-indexed-load,1,ip-172-31-24-15,olap,benchANT
2026-05-17 09:09:40+00:00,system,n_cpus,8,dbms,clickbench,postgresql-plain-indexed-load,1,ip-172-31-24-15,olap,benchANT
2026-05-17 09:09:50+00:00,system,n_cpus,8,dbms,clickbench,postgresql-plain-indexed-load,1,ip-172-31-24-15,olap,benchANT
2026-05-17 09:10:00+00:00,system,n_cpus,8,dbms,clickbench,postgresql-plain-indexed-load,1,ip-172-31-24-15,olap,benchANT
2026-05-17 09:10:10+00:00,system,n_cpus,8,dbms,clickbench,postgresql-plain-indexed-load,1,ip-172-31-24-15,olap,benchANT
2026-05-17 09:10:20+00:00,system,n_cpus,8,dbms,clickbench,postgresql-plain-indexed-load,1,ip-172-31-24-15,olap,benchANT
2026-05-17 09:10:30+00:00,system,n_cpus,8,dbms,clickbench,postgresql-plain-indexed-load,1,ip-172-31-24-15,olap,benchANT
2026-05-17 09:10:40+00:00,system,n_cpus,8,dbms,clickbench,postgresql-plain-indexed-load,1,ip-172-31-24-15,olap,benchANT
2026-05-17 09:10:50+00:00,system,n_cpus,8,dbms,clickbench,postgresql-plain-indexed-load,1,ip-172-31-24-15,olap,benchANT
2026-05-17 09:11:00+00:00,system,n_cpus,8,dbms,clickbench,postgresql-plain-indexed-load,1,ip-172-31-24-15,olap,benchANT
2026-05-17 09:11:10+00:00,system,n_cpus,8,dbms,clickbench,postgresql-plain-indexed-load,1,ip-172-31-24-15,olap,benchANT
2026-05-17 09:11:20+00:00,system,n_cpus,8,dbms,clickbench,postgresql-plain-indexed-load,1,ip-172-31-24-15,olap,benchANT
2026-05-17 09:11:30+00:00,system,n_cpus,8,dbms,clickbench,postgresql-plain-indexed-load,1,ip-172-31-24-15,olap,benchANT
2026-05-17 09:11:40+00:00,system,n_cpus,8,dbms,clickbench,postgresql-plain-indexed-load,1,ip-172-31-24-15,olap,benchANT
2026-05-17 09:11:50+00:00,system,n_cpus,8,dbms,clickbench,postgresql-plain-indexed-load,1,ip-172-31-24-15,olap,benchANT
2026-05-17 09:12:00+00:00,system,n_cpus,8,dbms,clickbench,postgresql-plain-indexed-load,1,ip-172-31-24-15,olap,benchANT
2026-05-17 09:12:10+00:00,system,n_cpus,8,dbms,clickbench,postgresql-plain-indexed-load,1,ip-172-31-24-15,olap,benchANT
2026-05-17 09:12:20+00:00,system,n_cpus,8,dbms,clickbench,postgresql-plain-indexed-load,1,ip-172-31-24-15,olap,benchANT
2026-05-17 09:12:30+00:00,system,n_cpus,8,dbms,clickbench,postgresql-plain-indexed-load,1,ip-172-31-24-15,olap,benchANT
2026-05-17 09:12:40+00:00,system,n_cpus,8,dbms,clickbench,postgresql-plain-indexed-load,1,ip-172-31-24-15,olap,benchANT
2026-05-17 09:12:50+00:00,system,n_cpus,8,dbms,clickbench,postgresql-plain-indexed-load,1,ip-172-31-24-15,olap,benchANT
2026-05-17 09:13:00+00:00,system,n_cpus,8,dbms,clickbench,postgresql-plain-indexed-load,1,ip-172-31-24-15,olap,benchANT
2026-05-17 09:13:10+00:00,system,n_cpus,8,dbms,clickbench,postgresql-plain-indexed-load,1,ip-172-31-24-15,olap,benchANT
2026-05-17 09:13:20+00:00,system,n_cpus,8,dbms,clickbench,postgresql-plain-indexed-load,1,ip-172-31-24-15,olap,benchANT
2026-05-17 09:13:30+00:00,system,n_cpus,8,dbms,clickbench,postgresql-plain-indexed-load,1,ip-172-31-24-15,olap,benchANT
2026-05-17 09:13:40+00:00,system,n_cpus,8,dbms,clickbench,postgresql-plain-indexed-load,1,ip-172-31-24-15,olap,benchANT
2026-05-17 09:13:50+00:00,system,n_cpus,8,dbms,clickbench,postgresql-plain-indexed-load,1,ip-172-31-24-15,olap,benchANT
2026-05-17 09:14:00+00:00,system,n_cpus,8,dbms,clickbench,postgresql-plain-indexed-load,1,ip-172-31-24-15,olap,benchANT
2026-05-17 09:14:10+00:00,system,n_cpus,8,dbms,clickbench,postgresql-plain-indexed-load,1,ip-172-31-24-15,olap,benchANT
2026-05-17 09:14:20+00:00,system,n_cpus,8,dbms,clickbench,postgresql-plain-indexed-load,1,ip-172-31-24-15,olap,benchANT
2026-05-17 09:14:30+00:00,system,n_cpus,8,dbms,clickbench,postgresql-plain-indexed-load,1,ip-172-31-24-15,olap,benchANT
2026-05-17 09:14:40+00:00,system,n_cpus,8,dbms,clickbench,postgresql-plain-indexed-load,1,ip-172-31-24-15,olap,benchANT
2026-05-17 09:14:50+00:00,system,n_cpus,8,dbms,clickbench,postgresql-plain-indexed-load,1,ip-172-31-24-15,olap,benchANT
2026-05-17 09:15:00+00:00,system,n_cpus,8,dbms,clickbench,postgresql-plain-indexed-load,1,ip-172-31-24-15,olap,benchANT
2026-05-17 09:15:10+00:00,system,n_cpus,8,dbms,clickbench,postgresql-plain-indexed-load,1,ip-172-31-24-15,olap,benchANT
2026-05-17 09:15:20+00:00,system,n_cpus,8,dbms,clickbench,postgresql-plain-indexed-load,1,ip-172-31-24-15,olap,benchANT
2026-05-17 09:15:30+00:00,system,n_cpus,8,dbms,clickbench,postgresql-plain-indexed-load,1,ip-172-31-24-15,olap,benchANT
2026-05-17 09:15:40+00:00,system,n_cpus,8,dbms,clickbench,postgresql-plain-indexed-load,1,ip-172-31-24-15,olap,benchANT
2026-05-17 09:15:50+00:00,system,n_cpus,8,dbms,clickbench,postgresql-plain-indexed-load,1,ip-172-31-24-15,olap,benchANT
2026-05-17 09:16:00+00:00,system,n_cpus,8,dbms,clickbench,postgresql-plain-indexed-load,1,ip-172-31-24-15,olap,benchANT
2026-05-17 09:16:10+00:00,system,n_cpus,8,dbms,clickbench,postgresql-plain-indexed-load,1,ip-172-31-24-15,olap,benchANT
2026-05-17 09:16:20+00:00,system,n_cpus,8,dbms,clickbench,postgresql-plain-indexed-load,1,ip-172-31-24-15,olap,benchANT
2026-05-17 09:16:30+00:00,system,n_cpus,8,dbms,clickbench,postgresql-plain-indexed-load,1,ip-172-31-24-15,olap,benchANT
2026-05-17 09:16:40+00:00,system,n_cpus,8,dbms,clickbench,postgresql-plain-indexed-load,1,ip-172-31-24-15,olap,benchANT
2026-05-17 09:16:50+00:00,system,n_cpus,8,dbms,clickbench,postgresql-plain-indexed-load,1,ip-172-31-24-15,olap,benchANT
2026-05-17 09:17:00+00:00,system,n_cpus,8,dbms,clickbench,postgresql-plain-indexed-load,1,ip-172-31-24-15,olap,benchANT
2026-05-17 09:17:10+00:00,system,n_cpus,8,dbms,clickbench,postgresql-plain-indexed-load,1,ip-172-31-24-15,olap,benchANT
2026-05-17 09:17:20+00:00,system,n_cpus,8,dbms,clickbench,postgresql-plain-indexed-load,1,ip-172-31-24-15,olap,benchANT
2026-05-17 09:17:30+00:00,system,n_cpus,8,dbms,clickbench,postgresql-plain-indexed-load,1,ip-172-31-24-15,olap,benchANT
2026-05-17 09:17:40+00:00,system,n_cpus,8,dbms,clickbench,postgresql-plain-indexed-load,1,ip-172-31-24-15,olap,benchANT
2026-05-17 09:17:50+00:00,system,n_cpus,8,dbms,clickbench,postgresql-plain-indexed-load,1,ip-172-31-24-15,olap,benchANT
2026-05-17 09:18:00+00:00,system,n_cpus,8,dbms,clickbench,postgresql-plain-indexed-load,1,ip-172-31-24-15,olap,benchANT
2026-05-17 09:18:10+00:00,system,n_cpus,8,dbms,clickbench,postgresql-plain-indexed-load,1,ip-172-31-24-15,olap,benchANT
2026-05-17 09:18:20+00:00,system,n_cpus,8,dbms,clickbench,postgresql-plain-indexed-load,1,ip-172-31-24-15,olap,benchANT
2026-05-17 09:18:30+00:00,system,n_cpus,8,dbms,clickbench,postgresql-plain-indexed-load,1,ip-172-31-24-15,olap,benchANT
2026-05-17 09:18:40+00:00,system,n_cpus,8,dbms,clickbench,postgresql-plain-indexed-load,1,ip-172-31-24-15,olap,benchANT
2026-05-17 09:18:50+00:00,system,n_cpus,8,dbms,clickbench,postgresql-plain-indexed-load,1,ip-172-31-24-15,olap,benchANT
2026-05-17 09:19:00+00:00,system,n_cpus,8,dbms,clickbench,postgresql-plain-indexed-load,1,ip-172-31-24-15,olap,benchANT
2026-05-17 09:19:10+00:00,system,n_cpus,8,dbms,clickbench,postgresql-plain-indexed-load,1,ip-172-31-24-15,olap,benchANT
2026-05-17 09:19:20+00:00,system,n_cpus,8,dbms,clickbench,postgresql-plain-indexed-load,1,ip-172-31-24-15,olap,benchANT
2026-05-17 09:19:30+00:00,system,n_cpus,8,dbms,clickbench,postgresql-plain-indexed-load,1,ip-172-31-24-15,olap,benchANT
2026-05-17 09:19:40+00:00,system,n_cpus,8,dbms,clickbench,postgresql-plain-indexed-load,1,ip-172-31-24-15,olap,benchANT
2026-05-17 09:19:50+00:00,system,n_cpus,8,dbms,clickbench,postgresql-plain-indexed-load,1,ip-172-31-24-15,olap,benchANT
2026-05-17 09:20:00+00:00,system,n_cpus,8,dbms,clickbench,postgresql-plain-indexed-load,1,ip-172-31-24-15,olap,benchANT
2026-05-17 09:20:10+00:00,system,n_cpus,8,dbms,clickbench,postgresql-plain-indexed-load,1,ip-172-31-24-15,olap,benchANT
2026-05-17 09:20:20+00:00,system,n_cpus,8,dbms,clickbench,postgresql-plain-indexed-load,1,ip-172-31-24-15,olap,benchANT
2026-05-17 09:20:30+00:00,system,n_cpus,8,dbms,clickbench,postgresql-plain-indexed-load,1,ip-172-31-24-15,olap,benchANT
2026-05-17 09:20:40+00:00,system,n_cpus,8,dbms,clickbench,postgresql-plain-indexed-load,1,ip-172-31-24-15,olap,benchANT
2026-05-17 09:20:50+00:00,system,n_cpus,8,dbms,clickbench,postgresql-plain-indexed-load,1,ip-172-31-24-15,olap,benchANT
2026-05-17 09:21:00+00:00,system,n_cpus,8,dbms,clickbench,postgresql-plain-indexed-load,1,ip-172-31-24-15,olap,benchANT
2026-05-17 09:21:10+00:00,system,n_cpus,8,dbms,clickbench,postgresql-plain-indexed-load,1,ip-172-31-24-15,olap,benchANT
2026-05-17 09:21:20+00:00,system,n_cpus,8,dbms,clickbench,postgresql-plain-indexed-load,1,ip-172-31-24-15,olap,benchANT
2026-05-17 09:21:30+00:00,system,n_cpus,8,dbms,clickbench,postgresql-plain-indexed-load,1,ip-172-31-24-15,olap,benchANT
2026-05-17 09:21:40+00:00,system,n_cpus,8,dbms,clickbench,postgresql-plain-indexed-load,1,ip-172-31-24-15,olap,benchANT
2026-05-17 09:21:50+00:00,system,n_cpus,8,dbms,clickbench,postgresql-plain-indexed-load,1,ip-172-31-24-15,olap,benchANT
2026-05-17 09:22:00+00:00,system,n_cpus,8,dbms,clickbench,postgresql-plain-indexed-load,1,ip-172-31-24-15,olap,benchANT
2026-05-17 09:22:10+00:00,system,n_cpus,8,dbms,clickbench,postgresql-plain-indexed-load,1,ip-172-31-24-15,olap,benchANT
2026-05-17 09:22:20+00:00,system,n_cpus,8,dbms,clickbench,postgresql-plain-indexed-load,1,ip-172-31-24-15,olap,benchANT
2026-05-17 09:22:30+00:00,system,n_cpus,8,dbms,clickbench,postgresql-plain-indexed-load,1,ip-172-31-24-15,olap,benchANT
2026-05-17 09:22:40+00:00,system,n_cpus,8,dbms,clickbench,postgresql-plain-indexed-load,1,ip-172-31-24-15,olap,benchANT
2026-05-17 09:22:50+00:00,system,n_cpus,8,dbms,clickbench,postgresql-plain-indexed-load,1,ip-172-31-24-15,olap,benchANT
2026-05-17 09:23:00+00:00,system,n_cpus,8,dbms,clickbench,postgresql-plain-indexed-load,1,ip-172-31-24-15,olap,benchANT
2026-05-17 09:23:10+00:00,system,n_cpus,8,dbms,clickbench,postgresql-plain-indexed-load,1,ip-172-31-24-15,olap,benchANT
2026-05-17 09:23:20+00:00,system,n_cpus,8,dbms,clickbench,postgresql-plain-indexed-load,1,ip-172-31-24-15,olap,benchANT
2026-05-17 09:23:30+00:00,system,n_cpus,8,dbms,clickbench,postgresql-plain-indexed-load,1,ip-172-31-24-15,olap,benchANT
2026-05-17 09:23:40+00:00,system,n_cpus,8,dbms,clickbench,postgresql-plain-indexed-load,1,ip-172-31-24-15,olap,benchANT
2026-05-17 09:23:50+00:00,system,n_cpus,8,dbms,clickbench,postgresql-plain-indexed-load,1,ip-172-31-24-15,olap,benchANT
2026-05-17 09:24:00+00:00,system,n_cpus,8,dbms,clickbench,postgresql-plain-indexed-load,1,ip-172-31-24-15,olap,benchANT
2026-05-17 09:24:10+00:00,system,n_cpus,8,dbms,clickbench,postgresql-plain-indexed-load,1,ip-172-31-24-15,olap,benchANT
2026-05-17 09:24:20+00:00,system,n_cpus,8,dbms,clickbench,postgresql-plain-indexed-load,1,ip-172-31-24-15,olap,benchANT
2026-05-17 09:24:30+00:00,system,n_cpus,8,dbms,clickbench,postgresql-plain-indexed-load,1,ip-172-31-24-15,olap,benchANT
2026-05-17 09:24:40+00:00,system,n_cpus,8,dbms,clickbench,postgresql-plain-indexed-load,1,ip-172-31-24-15,olap,benchANT
2026-05-17 09:24:50+00:00,system,n_cpus,8,dbms,clickbench,postgresql-plain-indexed-load,1,ip-172-31-24-15,olap,benchANT
2026-05-17 09:25:00+00:00,system,n_cpus,8,dbms,clickbench,postgresql-plain-indexed-load,1,ip-172-31-24-15,olap,benchANT
2026-05-17 09:25:10+00:00,system,n_cpus,8,dbms,clickbench,postgresql-plain-indexed-load,1,ip-172-31-24-15,olap,benchANT
2026-05-17 09:25:20+00:00,system,n_cpus,8,dbms,clickbench,postgresql-plain-indexed-load,1,ip-172-31-24-15,olap,benchANT
2026-05-17 09:25:30+00:00,system,n_cpus,8,dbms,clickbench,postgresql-plain-indexed-load,1,ip-172-31-24-15,olap,benchANT
2026-05-17 09:25:40+00:00,system,n_cpus,8,dbms,clickbench,postgresql-plain-indexed-load,1,ip-172-31-24-15,olap,benchANT
2026-05-17 09:25:50+00:00,system,n_cpus,8,dbms,clickbench,postgresql-plain-indexed-load,1,ip-172-31-24-15,olap,benchANT
2026-05-17 09:26:00+00:00,system,n_cpus,8,dbms,clickbench,postgresql-plain-indexed-load,1,ip-172-31-24-15,olap,benchANT
2026-05-17 09:26:10+00:00,system,n_cpus,8,dbms,clickbench,postgresql-plain-indexed-load,1,ip-172-31-24-15,olap,benchANT
2026-05-17 09:26:20+00:00,system,n_cpus,8,dbms,clickbench,postgresql-plain-indexed-load,1,ip-172-31-24-15,olap,benchANT
2026-05-17 09:26:30+00:00,system,n_cpus,8,dbms,clickbench,postgresql-plain-indexed-load,1,ip-172-31-24-15,olap,benchANT
2026-05-17 09:26:40+00:00,system,n_cpus,8,dbms,clickbench,postgresql-plain-indexed-load,1,ip-172-31-24-15,olap,benchANT
2026-05-17 09:26:50+00:00,system,n_cpus,8,dbms,clickbench,postgresql-plain-indexed-load,1,ip-172-31-24-15,olap,benchANT
2026-05-17 09:27:00+00:00,system,n_cpus,8,dbms,clickbench,postgresql-plain-indexed-load,1,ip-172-31-24-15,olap,benchANT
2026-05-17 09:27:10+00:00,system,n_cpus,8,dbms,clickbench,postgresql-plain-indexed-load,1,ip-172-31-24-15,olap,benchANT
2026-05-17 09:27:20+00:00,system,n_cpus,8,dbms,clickbench,postgresql-plain-indexed-load,1,ip-172-31-24-15,olap,benchANT
2026-05-17 09:27:30+00:00,system,n_cpus,8,dbms,clickbench,postgresql-plain-indexed-load,1,ip-172-31-24-15,olap,benchANT
2026-05-17 09:27:40+00:00,system,n_cpus,8,dbms,clickbench,postgresql-plain-indexed-load,1,ip-172-31-24-15,olap,benchANT
2026-05-17 09:27:50+00:00,system,n_cpus,8,dbms,clickbench,postgresql-plain-indexed-load,1,ip-172-31-24-15,olap,benchANT
2026-05-17 09:28:00+00:00,system,n_cpus,8,dbms,clickbench,postgresql-plain-indexed-load,1,ip-172-31-24-15,olap,benchANT
2026-05-17 09:28:10+00:00,system,n_cpus,8,dbms,clickbench,postgresql-plain-indexed-load,1,ip-172-31-24-15,olap,benchANT
2026-05-17 09:28:20+00:00,system,n_cpus,8,dbms,clickbench,postgresql-plain-indexed-load,1,ip-172-31-24-15,olap,benchANT
2026-05-17 09:28:30+00:00,system,n_cpus,8,dbms,clickbench,postgresql-plain-indexed-load,1,ip-172-31-24-15,olap,benchANT
2026-05-17 09:28:40+00:00,system,n_cpus,8,dbms,clickbench,postgresql-plain-indexed-load,1,ip-172-31-24-15,olap,benchANT
2026-05-17 09:28:50+00:00,system,n_cpus,8,dbms,clickbench,postgresql-plain-indexed-load,1,ip-172-31-24-15,olap,benchANT
2026-05-17 09:29:00+00:00,system,n_cpus,8,dbms,clickbench,postgresql-plain-indexed-load,1,ip-172-31-24-15,olap,benchANT
2026-05-17 09:29:10+00:00,system,n_cpus,8,dbms,clickbench,postgresql-plain-indexed-load,1,ip-172-31-24-15,olap,benchANT
2026-05-17 09:29:20+00:00,system,n_cpus,8,dbms,clickbench,postgresql-plain-indexed-load,1,ip-172-31-24-15,olap,benchANT
2026-05-17 09:29:30+00:00,system,n_cpus,8,dbms,clickbench,postgresql-plain-indexed-load,1,ip-172-31-24-15,olap,benchANT
2026-05-17 09:29:40+00:00,system,n_cpus,8,dbms,clickbench,postgresql-plain-indexed-load,1,ip-172-31-24-15,olap,benchANT
2026-05-17 09:29:50+00:00,system,n_cpus,8,dbms,clickbench,postgresql-plain-indexed-load,1,ip-172-31-24-15,olap,benchANT
2026-05-17 09:30:00+00:00,system,n_cpus,8,dbms,clickbench,postgresql-plain-indexed-load,1,ip-172-31-24-15,olap,benchANT
2026-05-17 09:30:10+00:00,system,n_cpus,8,dbms,clickbench,postgresql-plain-indexed-load,1,ip-172-31-24-15,olap,benchANT
2026-05-17 09:30:20+00:00,system,n_cpus,8,dbms,clickbench,postgresql-plain-indexed-load,1,ip-172-31-24-15,olap,benchANT
2026-05-17 09:30:30+00:00,system,n_cpus,8,dbms,clickbench,postgresql-plain-indexed-load,1,ip-172-31-24-15,olap,benchANT
2026-05-17 09:30:40+00:00,system,n_cpus,8,dbms,clickbench,postgresql-plain-indexed-load,1,ip-172-31-24-15,olap,benchANT
2026-05-17 09:30:50+00:00,system,n_cpus,8,dbms,clickbench,postgresql-plain-indexed-load,1,ip-172-31-24-15,olap,benchANT
2026-05-17 09:31:00+00:00,system,n_cpus,8,dbms,clickbench,postgresql-plain-indexed-load,1,ip-172-31-24-15,olap,benchANT
2026-05-17 09:31:10+00:00,system,n_cpus,8,dbms,clickbench,postgresql-plain-indexed-load,1,ip-172-31-24-15,olap,benchANT
2026-05-17 09:31:20+00:00,system,n_cpus,8,dbms,clickbench,postgresql-plain-indexed-load,1,ip-172-31-24-15,olap,benchANT
2026-05-17 09:31:30+00:00,system,n_cpus,8,dbms,clickbench,postgresql-plain-indexed-load,1,ip-172-31-24-15,olap,benchANT
2026-05-17 09:31:40+00:00,system,n_cpus,8,dbms,clickbench,postgresql-plain-indexed-load,1,ip-172-31-24-15,olap,benchANT
2026-05-17 09:31:50+00:00,system,n_cpus,8,dbms,clickbench,postgresql-plain-indexed-load,1,ip-172-31-24-15,olap,benchANT
2026-05-17 09:32:00+00:00,system,n_cpus,8,dbms,clickbench,postgresql-plain-indexed-load,1,ip-172-31-24-15,olap,benchANT
2026-05-17 09:32:10+00:00,system,n_cpus,8,dbms,clickbench,postgresql-plain-indexed-load,1,ip-172-31-24-15,olap,benchANT
2026-05-17 09:32:20+00:00,system,n_cpus,8,dbms,clickbench,postgresql-plain-indexed-load,1,ip-172-31-24-15,olap,benchANT
2026-05-17 09:32:30+00:00,system,n_cpus,8,dbms,clickbench,postgresql-plain-indexed-load,1,ip-172-31-24-15,olap,benchANT
2026-05-17 09:32:40+00:00,system,n_cpus,8,dbms,clickbench,postgresql-plain-indexed-load,1,ip-172-31-24-15,olap,benchANT
2026-05-17 09:32:50+00:00,system,n_cpus,8,dbms,clickbench,postgresql-plain-indexed-load,1,ip-172-31-24-15,olap,benchANT
2026-05-17 09:33:00+00:00,system,n_cpus,8,dbms,clickbench,postgresql-plain-indexed-load,1,ip-172-31-24-15,olap,benchANT
2026-05-17 09:33:10+00:00,system,n_cpus,8,dbms,clickbench,postgresql-plain-indexed-load,1,ip-172-31-24-15,olap,benchANT
2026-05-17 09:33:20+00:00,system,n_cpus,8,dbms,clickbench,postgresql-plain-indexed-load,1,ip-172-31-24-15,olap,benchANT
2026-05-17 09:33:30+00:00,system,n_cpus,8,dbms,clickbench,postgresql-plain-indexed-load,1,ip-172-31-24-15,olap,benchANT
2026-05-17 09:33:40+00:00,system,n_cpus,8,dbms,clickbench,postgresql-plain-indexed-load,1,ip-172-31-24-15,olap,benchANT
2026-05-17 09:33:50+00:00,system,n_cpus,8,dbms,clickbench,postgresql-plain-indexed-load,1,ip-172-31-24-15,olap,benchANT
2026-05-17 09:34:00+00:00,system,n_cpus,8,dbms,clickbench,postgresql-plain-indexed-load,1,ip-172-31-24-15,olap,benchANT
2026-05-17 09:34:10+00:00,system,n_cpus,8,dbms,clickbench,postgresql-plain-indexed-load,1,ip-172-31-24-15,olap,benchANT
2026-05-17 09:34:20+00:00,system,n_cpus,8,dbms,clickbench,postgresql-plain-indexed-load,1,ip-172-31-24-15,olap,benchANT
2026-05-17 09:34:30+00:00,system,n_cpus,8,dbms,clickbench,postgresql-plain-indexed-load,1,ip-172-31-24-15,olap,benchANT
2026-05-17 09:34:40+00:00,system,n_cpus,8,dbms,clickbench,postgresql-plain-indexed-load,1,ip-172-31-24-15,olap,benchANT
2026-05-17 09:34:50+00:00,system,n_cpus,8,dbms,clickbench,postgresql-plain-indexed-load,1,ip-172-31-24-15,olap,benchANT
2026-05-17 09:35:00+00:00,system,n_cpus,8,dbms,clickbench,postgresql-plain-indexed-load,1,ip-172-31-24-15,olap,benchANT
2026-05-17 09:35:10+00:00,system,n_cpus,8,dbms,clickbench,postgresql-plain-indexed-load,1,ip-172-31-24-15,olap,benchANT
2026-05-17 09:35:20+00:00,system,n_cpus,8,dbms,clickbench,postgresql-plain-indexed-load,1,ip-172-31-24-15,olap,benchANT
2026-05-17 09:35:30+00:00,system,n_cpus,8,dbms,clickbench,postgresql-plain-indexed-load,1,ip-172-31-24-15,olap,benchANT
2026-05-17 09:35:40+00:00,system,n_cpus,8,dbms,clickbench,postgresql-plain-indexed-load,1,ip-172-31-24-15,olap,benchANT
2026-05-17 09:35:50+00:00,system,n_cpus,8,dbms,clickbench,postgresql-plain-indexed-load,1,ip-172-31-24-15,olap,benchANT
2026-05-17 09:36:00+00:00,system,n_cpus,8,dbms,clickbench,postgresql-plain-indexed-load,1,ip-172-31-24-15,olap,benchANT
2026-05-17 09:36:10+00:00,system,n_cpus,8,dbms,clickbench,postgresql-plain-indexed-load,1,ip-172-31-24-15,olap,benchANT
2026-05-17 09:36:20+00:00,system,n_cpus,8,dbms,clickbench,postgresql-plain-indexed-load,1,ip-172-31-24-15,olap,benchANT
2026-05-17 09:36:30+00:00,system,n_cpus,8,dbms,clickbench,postgresql-plain-indexed-load,1,ip-172-31-24-15,olap,benchANT
2026-05-17 09:36:40+00:00,system,n_cpus,8,dbms,clickbench,postgresql-plain-indexed-load,1,ip-172-31-24-15,olap,benchANT
2026-05-17 09:36:50+00:00,system,n_cpus,8,dbms,clickbench,postgresql-plain-indexed-load,1,ip-172-31-24-15,olap,benchANT
2026-05-17 09:37:00+00:00,system,n_cpus,8,dbms,clickbench,postgresql-plain-indexed-load,1,ip-172-31-24-15,olap,benchANT
2026-05-17 09:37:10+00:00,system,n_cpus,8,dbms,clickbench,postgresql-plain-indexed-load,1,ip-172-31-24-15,olap,benchANT
2026-05-17 09:37:20+00:00,system,n_cpus,8,dbms,clickbench,postgresql-plain-indexed-load,1,ip-172-31-24-15,olap,benchANT
2026-05-17 09:37:30+00:00,system,n_cpus,8,dbms,clickbench,postgresql-plain-indexed-load,1,ip-172-31-24-15,olap,benchANT
2026-05-17 09:37:40+00:00,system,n_cpus,8,dbms,clickbench,postgresql-plain-indexed-load,1,ip-172-31-24-15,olap,benchANT
2026-05-17 09:37:50+00:00,system,n_cpus,8,dbms,clickbench,postgresql-plain-indexed-load,1,ip-172-31-24-15,olap,benchANT
2026-05-17 09:38:00+00:00,system,n_cpus,8,dbms,clickbench,postgresql-plain-indexed-load,1,ip-172-31-24-15,olap,benchANT
2026-05-17 09:38:10+00:00,system,n_cpus,8,dbms,clickbench,postgresql-plain-indexed-load,1,ip-172-31-24-15,olap,benchANT
2026-05-17 09:38:20+00:00,system,n_cpus,8,dbms,clickbench,postgresql-plain-indexed-load,1,ip-172-31-24-15,olap,benchANT
2026-05-17 09:38:30+00:00,system,n_cpus,8,dbms,clickbench,postgresql-plain-indexed-load,1,ip-172-31-24-15,olap,benchANT
2026-05-17 09:38:40+00:00,system,n_cpus,8,dbms,clickbench,postgresql-plain-indexed-load,1,ip-172-31-24-15,olap,benchANT
2026-05-17 09:38:50+00:00,system,n_cpus,8,dbms,clickbench,postgresql-plain-indexed-load,1,ip-172-31-24-15,olap,benchANT
2026-05-17 09:39:00+00:00,system,n_cpus,8,dbms,clickbench,postgresql-plain-indexed-load,1,ip-172-31-24-15,olap,benchANT
2026-05-17 09:39:10+00:00,system,n_cpus,8,dbms,clickbench,postgresql-plain-indexed-load,1,ip-172-31-24-15,olap,benchANT
2026-05-17 09:39:20+00:00,system,n_cpus,8,dbms,clickbench,postgresql-plain-indexed-load,1,ip-172-31-24-15,olap,benchANT
2026-05-17 09:39:30+00:00,system,n_cpus,8,dbms,clickbench,postgresql-plain-indexed-load,1,ip-172-31-24-15,olap,benchANT
2026-05-17 09:39:40+00:00,system,n_cpus,8,dbms,clickbench,postgresql-plain-indexed-load,1,ip-172-31-24-15,olap,benchANT
2026-05-17 09:39:50+00:00,system,n_cpus,8,dbms,clickbench,postgresql-plain-indexed-load,1,ip-172-31-24-15,olap,benchANT
2026-05-17 09:40:00+00:00,system,n_cpus,8,dbms,clickbench,postgresql-plain-indexed-load,1,ip-172-31-24-15,olap,benchANT
2026-05-17 09:40:10+00:00,system,n_cpus,8,dbms,clickbench,postgresql-plain-indexed-load,1,ip-172-31-24-15,olap,benchANT
2026-05-17 09:40:20+00:00,system,n_cpus,8,dbms,clickbench,postgresql-plain-indexed-load,1,ip-172-31-24-15,olap,benchANT
2026-05-17 09:40:30+00:00,system,n_cpus,8,dbms,clickbench,postgresql-plain-indexed-load,1,ip-172-31-24-15,olap,benchANT
2026-05-17 09:40:40+00:00,system,n_cpus,8,dbms,clickbench,postgresql-plain-indexed-load,1,ip-172-31-24-15,olap,benchANT
2026-05-17 09:40:50+00:00,system,n_cpus,8,dbms,clickbench,postgresql-plain-indexed-load,1,ip-172-31-24-15,olap,benchANT
2026-05-17 09:41:00+00:00,system,n_cpus,8,dbms,clickbench,postgresql-plain-indexed-load,1,ip-172-31-24-15,olap,benchANT
2026-05-17 09:41:10+00:00,system,n_cpus,8,dbms,clickbench,postgresql-plain-indexed-load,1,ip-172-31-24-15,olap,benchANT
2026-05-17 09:41:20+00:00,system,n_cpus,8,dbms,clickbench,postgresql-plain-indexed-load,1,ip-172-31-24-15,olap,benchANT
2026-05-17 09:41:30+00:00,system,n_cpus,8,dbms,clickbench,postgresql-plain-indexed-load,1,ip-172-31-24-15,olap,benchANT
2026-05-17 09:41:40+00:00,system,n_cpus,8,dbms,clickbench,postgresql-plain-indexed-load,1,ip-172-31-24-15,olap,benchANT
2026-05-17 09:41:50+00:00,system,n_cpus,8,dbms,clickbench,postgresql-plain-indexed-load,1,ip-172-31-24-15,olap,benchANT
2026-05-17 09:42:00+00:00,system,n_cpus,8,dbms,clickbench,postgresql-plain-indexed-load,1,ip-172-31-24-15,olap,benchANT
2026-05-17 09:42:10+00:00,system,n_cpus,8,dbms,clickbench,postgresql-plain-indexed-load,1,ip-172-31-24-15,olap,benchANT
2026-05-17 09:42:20+00:00,system,n_cpus,8,dbms,clickbench,postgresql-plain-indexed-load,1,ip-172-31-24-15,olap,benchANT
2026-05-17 09:42:30+00:00,system,n_cpus,8,dbms,clickbench,postgresql-plain-indexed-load,1,ip-172-31-24-15,olap,benchANT
2026-05-17 09:42:40+00:00,system,n_cpus,8,dbms,clickbench,postgresql-plain-indexed-load,1,ip-172-31-24-15,olap,benchANT
2026-05-17 09:42:50+00:00,system,n_cpus,8,dbms,clickbench,postgresql-plain-indexed-load,1,ip-172-31-24-15,olap,benchANT
2026-05-17 09:43:00+00:00,system,n_cpus,8,dbms,clickbench,postgresql-plain-indexed-load,1,ip-172-31-24-15,olap,benchANT
2026-05-17 09:43:10+00:00,system,n_cpus,8,dbms,clickbench,postgresql-plain-indexed-load,1,ip-172-31-24-15,olap,benchANT
2026-05-17 09:43:20+00:00,system,n_cpus,8,dbms,clickbench,postgresql-plain-indexed-load,1,ip-172-31-24-15,olap,benchANT
2026-05-17 09:43:30+00:00,system,n_cpus,8,dbms,clickbench,postgresql-plain-indexed-load,1,ip-172-31-24-15,olap,benchANT
2026-05-17 09:43:40+00:00,system,n_cpus,8,dbms,clickbench,postgresql-plain-indexed-load,1,ip-172-31-24-15,olap,benchANT
2026-05-17 09:43:50+00:00,system,n_cpus,8,dbms,clickbench,postgresql-plain-indexed-load,1,ip-172-31-24-15,olap,benchANT
2026-05-17 09:44:00+00:00,system,n_cpus,8,dbms,clickbench,postgresql-plain-indexed-load,1,ip-172-31-24-15,olap,benchANT
2026-05-17 09:44:10+00:00,system,n_cpus,8,dbms,clickbench,postgresql-plain-indexed-load,1,ip-172-31-24-15,olap,benchANT
2026-05-17 09:44:20+00:00,system,n_cpus,8,dbms,clickbench,postgresql-plain-indexed-load,1,ip-172-31-24-15,olap,benchANT
2026-05-17 09:44:30+00:00,system,n_cpus,8,dbms,clickbench,postgresql-plain-indexed-load,1,ip-172-31-24-15,olap,benchANT
2026-05-17 09:44:40+00:00,system,n_cpus,8,dbms,clickbench,postgresql-plain-indexed-load,1,ip-172-31-24-15,olap,benchANT
2026-05-17 09:44:50+00:00,system,n_cpus,8,dbms,clickbench,postgresql-plain-indexed-load,1,ip-172-31-24-15,olap,benchANT
2026-05-17 09:45:00+00:00,system,n_cpus,8,dbms,clickbench,postgresql-plain-indexed-load,1,ip-172-31-24-15,olap,benchANT
2026-05-17 09:45:10+00:00,system,n_cpus,8,dbms,clickbench,postgresql-plain-indexed-load,1,ip-172-31-24-15,olap,benchANT
2026-05-17 09:45:20+00:00,system,n_cpus,8,dbms,clickbench,postgresql-plain-indexed-load,1,ip-172-31-24-15,olap,benchANT
2026-05-17 09:45:30+00:00,system,n_cpus,8,dbms,clickbench,postgresql-plain-indexed-load,1,ip-172-31-24-15,olap,benchANT
2026-05-17 09:45:40+00:00,system,n_cpus,8,dbms,clickbench,postgresql-plain-indexed-load,1,ip-172-31-24-15,olap,benchANT
2026-05-17 09:45:50+00:00,system,n_cpus,8,dbms,clickbench,postgresql-plain-indexed-load,1,ip-172-31-24-15,olap,benchANT
2026-05-17 09:46:00+00:00,system,n_cpus,8,dbms,clickbench,postgresql-plain-indexed-load,1,ip-172-31-24-15,olap,benchANT
2026-05-17 09:46:10+00:00,system,n_cpus,8,dbms,clickbench,postgresql-plain-indexed-load,1,ip-172-31-24-15,olap,benchANT
2026-05-17 09:46:20+00:00,system,n_cpus,8,dbms,clickbench,postgresql-plain-indexed-load,1,ip-172-31-24-15,olap,benchANT
2026-05-17 09:46:30+00:00,system,n_cpus,8,dbms,clickbench,postgresql-plain-indexed-load,1,ip-172-31-24-15,olap,benchANT
2026-05-17 09:46:40+00:00,system,n_cpus,8,dbms,clickbench,postgresql-plain-indexed-load,1,ip-172-31-24-15,olap,benchANT
2026-05-17 09:46:50+00:00,system,n_cpus,8,dbms,clickbench,postgresql-plain-indexed-load,1,ip-172-31-24-15,olap,benchANT
2026-05-17 09:47:00+00:00,system,n_cpus,8,dbms,clickbench,postgresql-plain-indexed-load,1,ip-172-31-24-15,olap,benchANT
2026-05-17 09:47:10+00:00,system,n_cpus,8,dbms,clickbench,postgresql-plain-indexed-load,1,ip-172-31-24-15,olap,benchANT
2026-05-17 09:47:20+00:00,system,n_cpus,8,dbms,clickbench,postgresql-plain-indexed-load,1,ip-172-31-24-15,olap,benchANT
2026-05-17 09:47:30+00:00,system,n_cpus,8,dbms,clickbench,postgresql-plain-indexed-load,1,ip-172-31-24-15,olap,benchANT
2026-05-17 09:47:40+00:00,system,n_cpus,8,dbms,clickbench,postgresql-plain-indexed-load,1,ip-172-31-24-15,olap,benchANT
2026-05-17 09:47:50+00:00,system,n_cpus,8,dbms,clickbench,postgresql-plain-indexed-load,1,ip-172-31-24-15,olap,benchANT
2026-05-17 09:48:00+00:00,system,n_cpus,8,dbms,clickbench,postgresql-plain-indexed-load,1,ip-172-31-24-15,olap,benchANT
2026-05-17 09:48:10+00:00,system,n_cpus,8,dbms,clickbench,postgresql-plain-indexed-load,1,ip-172-31-24-15,olap,benchANT
2026-05-17 09:48:20+00:00,system,n_cpus,8,dbms,clickbench,postgresql-plain-indexed-load,1,ip-172-31-24-15,olap,benchANT
2026-05-17 09:48:30+00:00,system,n_cpus,8,dbms,clickbench,postgresql-plain-indexed-load,1,ip-172-31-24-15,olap,benchANT
2026-05-17 09:48:40+00:00,system,n_cpus,8,dbms,clickbench,postgresql-plain-indexed-load,1,ip-172-31-24-15,olap,benchANT
2026-05-17 09:48:50+00:00,system,n_cpus,8,dbms,clickbench,postgresql-plain-indexed-load,1,ip-172-31-24-15,olap,benchANT
2026-05-17 09:49:00+00:00,system,n_cpus,8,dbms,clickbench,postgresql-plain-indexed-load,1,ip-172-31-24-15,olap,benchANT
2026-05-17 09:49:10+00:00,system,n_cpus,8,dbms,clickbench,postgresql-plain-indexed-load,1,ip-172-31-24-15,olap,benchANT
2026-05-17 09:49:20+00:00,system,n_cpus,8,dbms,clickbench,postgresql-plain-indexed-load,1,ip-172-31-24-15,olap,benchANT
2026-05-17 09:49:30+00:00,system,n_cpus,8,dbms,clickbench,postgresql-plain-indexed-load,1,ip-172-31-24-15,olap,benchANT
2026-05-17 09:49:40+00:00,system,n_cpus,8,dbms,clickbench,postgresql-plain-indexed-load,1,ip-172-31-24-15,olap,benchANT
2026-05-17 09:49:50+00:00,system,n_cpus,8,dbms,clickbench,postgresql-plain-indexed-load,1,ip-172-31-24-15,olap,benchANT
2026-05-17 09:50:00+00:00,system,n_cpus,8,dbms,clickbench,postgresql-plain-indexed-load,1,ip-172-31-24-15,olap,benchANT
2026-05-17 09:50:10+00:00,system,n_cpus,8,dbms,clickbench,postgresql-plain-indexed-load,1,ip-172-31-24-15,olap,benchANT
2026-05-17 09:50:20+00:00,system,n_cpus,8,dbms,clickbench,postgresql-plain-indexed-load,1,ip-172-31-24-15,olap,benchANT
2026-05-17 09:50:30+00:00,system,n_cpus,8,dbms,clickbench,postgresql-plain-indexed-load,1,ip-172-31-24-15,olap,benchANT
2026-05-17 09:50:40+00:00,system,n_cpus,8,dbms,clickbench,postgresql-plain-indexed-load,1,ip-172-31-24-15,olap,benchANT
2026-05-17 09:50:50+00:00,system,n_cpus,8,dbms,clickbench,postgresql-plain-indexed-load,1,ip-172-31-24-15,olap,benchANT
2026-05-17 09:51:00+00:00,system,n_cpus,8,dbms,clickbench,postgresql-plain-indexed-load,1,ip-172-31-24-15,olap,benchANT
2026-05-17 09:51:10+00:00,system,n_cpus,8,dbms,clickbench,postgresql-plain-indexed-load,1,ip-172-31-24-15,olap,benchANT
2026-05-17 09:51:20+00:00,system,n_cpus,8,dbms,clickbench,postgresql-plain-indexed-load,1,ip-172-31-24-15,olap,benchANT
2026-05-17 09:51:30+00:00,system,n_cpus,8,dbms,clickbench,postgresql-plain-indexed-load,1,ip-172-31-24-15,olap,benchANT
2026-05-17 09:51:40+00:00,system,n_cpus,8,dbms,clickbench,postgresql-plain-indexed-load,1,ip-172-31-24-15,olap,benchANT
2026-05-17 09:51:50+00:00,system,n_cpus,8,dbms,clickbench,postgresql-plain-indexed-load,1,ip-172-31-24-15,olap,benchANT
2026-05-17 09:52:00+00:00,system,n_cpus,8,dbms,clickbench,postgresql-plain-indexed-load,1,ip-172-31-24-15,olap,benchANT
2026-05-17 09:52:10+00:00,system,n_cpus,8,dbms,clickbench,postgresql-plain-indexed-load,1,ip-172-31-24-15,olap,benchANT
2026-05-17 09:52:20+00:00,system,n_cpus,8,dbms,clickbench,postgresql-plain-indexed-load,1,ip-172-31-24-15,olap,benchANT
2026-05-17 09:52:30+00:00,system,n_cpus,8,dbms,clickbench,postgresql-plain-indexed-load,1,ip-172-31-24-15,olap,benchANT
2026-05-17 09:52:40+00:00,system,n_cpus,8,dbms,clickbench,postgresql-plain-indexed-load,1,ip-172-31-24-15,olap,benchANT
2026-05-17 09:52:50+00:00,system,n_cpus,8,dbms,clickbench,postgresql-plain-indexed-load,1,ip-172-31-24-15,olap,benchANT
2026-05-17 09:53:00+00:00,system,n_cpus,8,dbms,clickbench,postgresql-plain-indexed-load,1,ip-172-31-24-15,olap,benchANT
2026-05-17 09:53:10+00:00,system,n_cpus,8,dbms,clickbench,postgresql-plain-indexed-load,1,ip-172-31-24-15,olap,benchANT
2026-05-17 09:53:20+00:00,system,n_cpus,8,dbms,clickbench,postgresql-plain-indexed-load,1,ip-172-31-24-15,olap,benchANT
2026-05-17 09:53:30+00:00,system,n_cpus,8,dbms,clickbench,postgresql-plain-indexed-load,1,ip-172-31-24-15,olap,benchANT
2026-05-17 09:53:40+00:00,system,n_cpus,8,dbms,clickbench,postgresql-plain-indexed-load,1,ip-172-31-24-15,olap,benchANT
2026-05-17 09:53:50+00:00,system,n_cpus,8,dbms,clickbench,postgresql-plain-indexed-load,1,ip-172-31-24-15,olap,benchANT
2026-05-17 09:54:00+00:00,system,n_cpus,8,dbms,clickbench,postgresql-plain-indexed-load,1,ip-172-31-24-15,olap,benchANT
2026-05-17 09:54:10+00:00,system,n_cpus,8,dbms,clickbench,postgresql-plain-indexed-load,1,ip-172-31-24-15,olap,benchANT
2026-05-17 09:54:20+00:00,system,n_cpus,8,dbms,clickbench,postgresql-plain-indexed-load,1,ip-172-31-24-15,olap,benchANT
2026-05-17 09:54:30+00:00,system,n_cpus,8,dbms,clickbench,postgresql-plain-indexed-load,1,ip-172-31-24-15,olap,benchANT
2026-05-17 09:54:40+00:00,system,n_cpus,8,dbms,clickbench,postgresql-plain-indexed-load,1,ip-172-31-24-15,olap,benchANT
2026-05-17 09:54:50+00:00,system,n_cpus,8,dbms,clickbench,postgresql-plain-indexed-load,1,ip-172-31-24-15,olap,benchANT
2026-05-17 09:55:00+00:00,system,n_cpus,8,dbms,clickbench,postgresql-plain-indexed-load,1,ip-172-31-24-15,olap,benchANT
2026-05-17 09:55:10+00:00,system,n_cpus,8,dbms,clickbench,postgresql-plain-indexed-load,1,ip-172-31-24-15,olap,benchANT
2026-05-17 09:55:20+00:00,system,n_cpus,8,dbms,clickbench,postgresql-plain-indexed-load,1,ip-172-31-24-15,olap,benchANT
2026-05-17 09:55:30+00:00,system,n_cpus,8,dbms,clickbench,postgresql-plain-indexed-load,1,ip-172-31-24-15,olap,benchANT
2026-05-17 09:55:40+00:00,system,n_cpus,8,dbms,clickbench,postgresql-plain-indexed-load,1,ip-172-31-24-15,olap,benchANT
2026-05-17 09:55:50+00:00,system,n_cpus,8,dbms,clickbench,postgresql-plain-indexed-load,1,ip-172-31-24-15,olap,benchANT
2026-05-17 09:56:00+00:00,system,n_cpus,8,dbms,clickbench,postgresql-plain-indexed-load,1,ip-172-31-24-15,olap,benchANT
2026-05-17 09:56:10+00:00,system,n_cpus,8,dbms,clickbench,postgresql-plain-indexed-load,1,ip-172-31-24-15,olap,benchANT
2026-05-17 09:56:20+00:00,system,n_cpus,8,dbms,clickbench,postgresql-plain-indexed-load,1,ip-172-31-24-15,olap,benchANT
2026-05-17 09:56:30+00:00,system,n_cpus,8,dbms,clickbench,postgresql-plain-indexed-load,1,ip-172-31-24-15,olap,benchANT
2026-05-17 09:56:40+00:00,system,n_cpus,8,dbms,clickbench,postgresql-plain-indexed-load,1,ip-172-31-24-15,olap,benchANT
2026-05-17 09:56:50+00:00,system,n_cpus,8,dbms,clickbench,postgresql-plain-indexed-load,1,ip-172-31-24-15,olap,benchANT
2026-05-17 09:57:00+00:00,system,n_cpus,8,dbms,clickbench,postgresql-plain-indexed-load,1,ip-172-31-24-15,olap,benchANT
2026-05-17 09:57:10+00:00,system,n_cpus,8,dbms,clickbench,postgresql-plain-indexed-load,1,ip-172-31-24-15,olap,benchANT
2026-05-17 09:57:20+00:00,system,n_cpus,8,dbms,clickbench,postgresql-plain-indexed-load,1,ip-172-31-24-15,olap,benchANT
2026-05-17 09:57:30+00:00,system,n_cpus,8,dbms,clickbench,postgresql-plain-indexed-load,1,ip-172-31-24-15,olap,benchANT
2026-05-17 09:57:40+00:00,system,n_cpus,8,dbms,clickbench,postgresql-plain-indexed-load,1,ip-172-31-24-15,olap,benchANT
2026-05-17 09:57:50+00:00,system,n_cpus,8,dbms,clickbench,postgresql-plain-indexed-load,1,ip-172-31-24-15,olap,benchANT
2026-05-17 07:24:00+00:00,system,n_users,0,dbms,clickbench,postgresql-plain-indexed-load,1,ip-172-31-24-15,olap,benchANT
2026-05-17 07:24:10+00:00,system,n_users,0,dbms,clickbench,postgresql-plain-indexed-load,1,ip-172-31-24-15,olap,benchANT
2026-05-17 07:24:20+00:00,system,n_users,0,dbms,clickbench,postgresql-plain-indexed-load,1,ip-172-31-24-15,olap,benchANT
2026-05-17 07:24:30+00:00,system,n_users,0,dbms,clickbench,postgresql-plain-indexed-load,1,ip-172-31-24-15,olap,benchANT
2026-05-17 07:24:40+00:00,system,n_users,0,dbms,clickbench,postgresql-plain-indexed-load,1,ip-172-31-24-15,olap,benchANT
2026-05-17 07:24:50+00:00,system,n_users,0,dbms,clickbench,postgresql-plain-indexed-load,1,ip-172-31-24-15,olap,benchANT
2026-05-17 07:25:00+00:00,system,n_users,0,dbms,clickbench,postgresql-plain-indexed-load,1,ip-172-31-24-15,olap,benchANT
2026-05-17 07:25:10+00:00,system,n_users,0,dbms,clickbench,postgresql-plain-indexed-load,1,ip-172-31-24-15,olap,benchANT
2026-05-17 07:25:20+00:00,system,n_users,0,dbms,clickbench,postgresql-plain-indexed-load,1,ip-172-31-24-15,olap,benchANT
2026-05-17 07:25:30+00:00,system,n_users,0,dbms,clickbench,postgresql-plain-indexed-load,1,ip-172-31-24-15,olap,benchANT
2026-05-17 07:25:40+00:00,system,n_users,0,dbms,clickbench,postgresql-plain-indexed-load,1,ip-172-31-24-15,olap,benchANT
2026-05-17 07:25:50+00:00,system,n_users,0,dbms,clickbench,postgresql-plain-indexed-load,1,ip-172-31-24-15,olap,benchANT
2026-05-17 07:26:00+00:00,system,n_users,0,dbms,clickbench,postgresql-plain-indexed-load,1,ip-172-31-24-15,olap,benchANT
2026-05-17 07:26:10+00:00,system,n_users,0,dbms,clickbench,postgresql-plain-indexed-load,1,ip-172-31-24-15,olap,benchANT
2026-05-17 07:26:20+00:00,system,n_users,0,dbms,clickbench,postgresql-plain-indexed-load,1,ip-172-31-24-15,olap,benchANT
2026-05-17 07:26:30+00:00,system,n_users,0,dbms,clickbench,postgresql-plain-indexed-load,1,ip-172-31-24-15,olap,benchANT
2026-05-17 07:26:40+00:00,system,n_users,0,dbms,clickbench,postgresql-plain-indexed-load,1,ip-172-31-24-15,olap,benchANT
2026-05-17 07:26:50+00:00,system,n_users,0,dbms,clickbench,postgresql-plain-indexed-load,1,ip-172-31-24-15,olap,benchANT
2026-05-17 07:27:00+00:00,system,n_users,0,dbms,clickbench,postgresql-plain-indexed-load,1,ip-172-31-24-15,olap,benchANT
2026-05-17 07:27:10+00:00,system,n_users,0,dbms,clickbench,postgresql-plain-indexed-load,1,ip-172-31-24-15,olap,benchANT
2026-05-17 07:27:20+00:00,system,n_users,0,dbms,clickbench,postgresql-plain-indexed-load,1,ip-172-31-24-15,olap,benchANT
2026-05-17 07:27:30+00:00,system,n_users,0,dbms,clickbench,postgresql-plain-indexed-load,1,ip-172-31-24-15,olap,benchANT
2026-05-17 07:27:40+00:00,system,n_users,0,dbms,clickbench,postgresql-plain-indexed-load,1,ip-172-31-24-15,olap,benchANT
2026-05-17 07:27:50+00:00,system,n_users,0,dbms,clickbench,postgresql-plain-indexed-load,1,ip-172-31-24-15,olap,benchANT
2026-05-17 07:28:00+00:00,system,n_users,0,dbms,clickbench,postgresql-plain-indexed-load,1,ip-172-31-24-15,olap,benchANT
2026-05-17 07:28:10+00:00,system,n_users,0,dbms,clickbench,postgresql-plain-indexed-load,1,ip-172-31-24-15,olap,benchANT
2026-05-17 07:28:20+00:00,system,n_users,0,dbms,clickbench,postgresql-plain-indexed-load,1,ip-172-31-24-15,olap,benchANT
2026-05-17 07:28:30+00:00,system,n_users,0,dbms,clickbench,postgresql-plain-indexed-load,1,ip-172-31-24-15,olap,benchANT
2026-05-17 07:28:40+00:00,system,n_users,0,dbms,clickbench,postgresql-plain-indexed-load,1,ip-172-31-24-15,olap,benchANT
2026-05-17 07:28:50+00:00,system,n_users,0,dbms,clickbench,postgresql-plain-indexed-load,1,ip-172-31-24-15,olap,benchANT
2026-05-17 07:29:00+00:00,system,n_users,0,dbms,clickbench,postgresql-plain-indexed-load,1,ip-172-31-24-15,olap,benchANT
2026-05-17 07:29:10+00:00,system,n_users,0,dbms,clickbench,postgresql-plain-indexed-load,1,ip-172-31-24-15,olap,benchANT
2026-05-17 07:29:20+00:00,system,n_users,0,dbms,clickbench,postgresql-plain-indexed-load,1,ip-172-31-24-15,olap,benchANT
2026-05-17 07:29:30+00:00,system,n_users,0,dbms,clickbench,postgresql-plain-indexed-load,1,ip-172-31-24-15,olap,benchANT
2026-05-17 07:29:40+00:00,system,n_users,0,dbms,clickbench,postgresql-plain-indexed-load,1,ip-172-31-24-15,olap,benchANT
2026-05-17 07:29:50+00:00,system,n_users,0,dbms,clickbench,postgresql-plain-indexed-load,1,ip-172-31-24-15,olap,benchANT
2026-05-17 07:30:00+00:00,system,n_users,0,dbms,clickbench,postgresql-plain-indexed-load,1,ip-172-31-24-15,olap,benchANT
2026-05-17 07:30:10+00:00,system,n_users,0,dbms,clickbench,postgresql-plain-indexed-load,1,ip-172-31-24-15,olap,benchANT
2026-05-17 07:30:20+00:00,system,n_users,0,dbms,clickbench,postgresql-plain-indexed-load,1,ip-172-31-24-15,olap,benchANT
2026-05-17 07:30:30+00:00,system,n_users,0,dbms,clickbench,postgresql-plain-indexed-load,1,ip-172-31-24-15,olap,benchANT
2026-05-17 07:30:40+00:00,system,n_users,0,dbms,clickbench,postgresql-plain-indexed-load,1,ip-172-31-24-15,olap,benchANT
2026-05-17 07:30:50+00:00,system,n_users,0,dbms,clickbench,postgresql-plain-indexed-load,1,ip-172-31-24-15,olap,benchANT
2026-05-17 07:31:00+00:00,system,n_users,0,dbms,clickbench,postgresql-plain-indexed-load,1,ip-172-31-24-15,olap,benchANT
2026-05-17 07:31:10+00:00,system,n_users,0,dbms,clickbench,postgresql-plain-indexed-load,1,ip-172-31-24-15,olap,benchANT
2026-05-17 07:31:20+00:00,system,n_users,0,dbms,clickbench,postgresql-plain-indexed-load,1,ip-172-31-24-15,olap,benchANT
2026-05-17 07:31:30+00:00,system,n_users,0,dbms,clickbench,postgresql-plain-indexed-load,1,ip-172-31-24-15,olap,benchANT
2026-05-17 07:31:40+00:00,system,n_users,0,dbms,clickbench,postgresql-plain-indexed-load,1,ip-172-31-24-15,olap,benchANT
2026-05-17 07:31:50+00:00,system,n_users,0,dbms,clickbench,postgresql-plain-indexed-load,1,ip-172-31-24-15,olap,benchANT
2026-05-17 07:32:00+00:00,system,n_users,0,dbms,clickbench,postgresql-plain-indexed-load,1,ip-172-31-24-15,olap,benchANT
2026-05-17 07:32:10+00:00,system,n_users,0,dbms,clickbench,postgresql-plain-indexed-load,1,ip-172-31-24-15,olap,benchANT
2026-05-17 07:32:20+00:00,system,n_users,0,dbms,clickbench,postgresql-plain-indexed-load,1,ip-172-31-24-15,olap,benchANT
2026-05-17 07:32:30+00:00,system,n_users,0,dbms,clickbench,postgresql-plain-indexed-load,1,ip-172-31-24-15,olap,benchANT
2026-05-17 07:32:40+00:00,system,n_users,0,dbms,clickbench,postgresql-plain-indexed-load,1,ip-172-31-24-15,olap,benchANT
2026-05-17 07:32:50+00:00,system,n_users,0,dbms,clickbench,postgresql-plain-indexed-load,1,ip-172-31-24-15,olap,benchANT
2026-05-17 07:33:00+00:00,system,n_users,0,dbms,clickbench,postgresql-plain-indexed-load,1,ip-172-31-24-15,olap,benchANT
2026-05-17 07:33:10+00:00,system,n_users,0,dbms,clickbench,postgresql-plain-indexed-load,1,ip-172-31-24-15,olap,benchANT
2026-05-17 07:33:20+00:00,system,n_users,0,dbms,clickbench,postgresql-plain-indexed-load,1,ip-172-31-24-15,olap,benchANT
2026-05-17 07:33:30+00:00,system,n_users,0,dbms,clickbench,postgresql-plain-indexed-load,1,ip-172-31-24-15,olap,benchANT
2026-05-17 07:33:40+00:00,system,n_users,0,dbms,clickbench,postgresql-plain-indexed-load,1,ip-172-31-24-15,olap,benchANT
2026-05-17 07:33:50+00:00,system,n_users,0,dbms,clickbench,postgresql-plain-indexed-load,1,ip-172-31-24-15,olap,benchANT
2026-05-17 07:34:00+00:00,system,n_users,0,dbms,clickbench,postgresql-plain-indexed-load,1,ip-172-31-24-15,olap,benchANT
2026-05-17 07:34:10+00:00,system,n_users,0,dbms,clickbench,postgresql-plain-indexed-load,1,ip-172-31-24-15,olap,benchANT
2026-05-17 07:34:20+00:00,system,n_users,0,dbms,clickbench,postgresql-plain-indexed-load,1,ip-172-31-24-15,olap,benchANT
2026-05-17 07:34:30+00:00,system,n_users,0,dbms,clickbench,postgresql-plain-indexed-load,1,ip-172-31-24-15,olap,benchANT
2026-05-17 07:34:40+00:00,system,n_users,0,dbms,clickbench,postgresql-plain-indexed-load,1,ip-172-31-24-15,olap,benchANT
2026-05-17 07:34:50+00:00,system,n_users,0,dbms,clickbench,postgresql-plain-indexed-load,1,ip-172-31-24-15,olap,benchANT
2026-05-17 07:35:00+00:00,system,n_users,0,dbms,clickbench,postgresql-plain-indexed-load,1,ip-172-31-24-15,olap,benchANT
2026-05-17 07:35:10+00:00,system,n_users,0,dbms,clickbench,postgresql-plain-indexed-load,1,ip-172-31-24-15,olap,benchANT
2026-05-17 07:35:20+00:00,system,n_users,0,dbms,clickbench,postgresql-plain-indexed-load,1,ip-172-31-24-15,olap,benchANT
2026-05-17 07:35:30+00:00,system,n_users,0,dbms,clickbench,postgresql-plain-indexed-load,1,ip-172-31-24-15,olap,benchANT
2026-05-17 07:35:40+00:00,system,n_users,0,dbms,clickbench,postgresql-plain-indexed-load,1,ip-172-31-24-15,olap,benchANT
2026-05-17 07:35:50+00:00,system,n_users,0,dbms,clickbench,postgresql-plain-indexed-load,1,ip-172-31-24-15,olap,benchANT
2026-05-17 07:36:00+00:00,system,n_users,0,dbms,clickbench,postgresql-plain-indexed-load,1,ip-172-31-24-15,olap,benchANT
2026-05-17 07:36:10+00:00,system,n_users,0,dbms,clickbench,postgresql-plain-indexed-load,1,ip-172-31-24-15,olap,benchANT
2026-05-17 07:36:20+00:00,system,n_users,0,dbms,clickbench,postgresql-plain-indexed-load,1,ip-172-31-24-15,olap,benchANT
2026-05-17 07:36:30+00:00,system,n_users,0,dbms,clickbench,postgresql-plain-indexed-load,1,ip-172-31-24-15,olap,benchANT
2026-05-17 07:36:40+00:00,system,n_users,0,dbms,clickbench,postgresql-plain-indexed-load,1,ip-172-31-24-15,olap,benchANT
2026-05-17 07:36:50+00:00,system,n_users,0,dbms,clickbench,postgresql-plain-indexed-load,1,ip-172-31-24-15,olap,benchANT
2026-05-17 07:37:00+00:00,system,n_users,0,dbms,clickbench,postgresql-plain-indexed-load,1,ip-172-31-24-15,olap,benchANT
2026-05-17 07:37:10+00:00,system,n_users,0,dbms,clickbench,postgresql-plain-indexed-load,1,ip-172-31-24-15,olap,benchANT
2026-05-17 07:37:20+00:00,system,n_users,0,dbms,clickbench,postgresql-plain-indexed-load,1,ip-172-31-24-15,olap,benchANT
2026-05-17 07:37:30+00:00,system,n_users,0,dbms,clickbench,postgresql-plain-indexed-load,1,ip-172-31-24-15,olap,benchANT
2026-05-17 07:37:40+00:00,system,n_users,0,dbms,clickbench,postgresql-plain-indexed-load,1,ip-172-31-24-15,olap,benchANT
2026-05-17 07:37:50+00:00,system,n_users,0,dbms,clickbench,postgresql-plain-indexed-load,1,ip-172-31-24-15,olap,benchANT
2026-05-17 07:38:00+00:00,system,n_users,0,dbms,clickbench,postgresql-plain-indexed-load,1,ip-172-31-24-15,olap,benchANT
2026-05-17 07:38:10+00:00,system,n_users,0,dbms,clickbench,postgresql-plain-indexed-load,1,ip-172-31-24-15,olap,benchANT
2026-05-17 07:38:20+00:00,system,n_users,0,dbms,clickbench,postgresql-plain-indexed-load,1,ip-172-31-24-15,olap,benchANT
2026-05-17 07:38:30+00:00,system,n_users,0,dbms,clickbench,postgresql-plain-indexed-load,1,ip-172-31-24-15,olap,benchANT
2026-05-17 07:38:40+00:00,system,n_users,0,dbms,clickbench,postgresql-plain-indexed-load,1,ip-172-31-24-15,olap,benchANT
2026-05-17 07:38:50+00:00,system,n_users,0,dbms,clickbench,postgresql-plain-indexed-load,1,ip-172-31-24-15,olap,benchANT
2026-05-17 07:39:00+00:00,system,n_users,0,dbms,clickbench,postgresql-plain-indexed-load,1,ip-172-31-24-15,olap,benchANT
2026-05-17 07:39:10+00:00,system,n_users,0,dbms,clickbench,postgresql-plain-indexed-load,1,ip-172-31-24-15,olap,benchANT
2026-05-17 07:39:20+00:00,system,n_users,0,dbms,clickbench,postgresql-plain-indexed-load,1,ip-172-31-24-15,olap,benchANT
2026-05-17 07:39:30+00:00,system,n_users,0,dbms,clickbench,postgresql-plain-indexed-load,1,ip-172-31-24-15,olap,benchANT
2026-05-17 07:39:40+00:00,system,n_users,0,dbms,clickbench,postgresql-plain-indexed-load,1,ip-172-31-24-15,olap,benchANT
2026-05-17 07:39:50+00:00,system,n_users,0,dbms,clickbench,postgresql-plain-indexed-load,1,ip-172-31-24-15,olap,benchANT
2026-05-17 07:40:00+00:00,system,n_users,0,dbms,clickbench,postgresql-plain-indexed-load,1,ip-172-31-24-15,olap,benchANT
2026-05-17 07:40:10+00:00,system,n_users,0,dbms,clickbench,postgresql-plain-indexed-load,1,ip-172-31-24-15,olap,benchANT
2026-05-17 07:40:20+00:00,system,n_users,0,dbms,clickbench,postgresql-plain-indexed-load,1,ip-172-31-24-15,olap,benchANT
2026-05-17 07:40:30+00:00,system,n_users,0,dbms,clickbench,postgresql-plain-indexed-load,1,ip-172-31-24-15,olap,benchANT
2026-05-17 07:40:40+00:00,system,n_users,0,dbms,clickbench,postgresql-plain-indexed-load,1,ip-172-31-24-15,olap,benchANT
2026-05-17 07:40:50+00:00,system,n_users,0,dbms,clickbench,postgresql-plain-indexed-load,1,ip-172-31-24-15,olap,benchANT
2026-05-17 07:41:00+00:00,system,n_users,0,dbms,clickbench,postgresql-plain-indexed-load,1,ip-172-31-24-15,olap,benchANT
2026-05-17 07:41:10+00:00,system,n_users,0,dbms,clickbench,postgresql-plain-indexed-load,1,ip-172-31-24-15,olap,benchANT
2026-05-17 07:41:20+00:00,system,n_users,0,dbms,clickbench,postgresql-plain-indexed-load,1,ip-172-31-24-15,olap,benchANT
2026-05-17 07:41:30+00:00,system,n_users,0,dbms,clickbench,postgresql-plain-indexed-load,1,ip-172-31-24-15,olap,benchANT
2026-05-17 07:41:40+00:00,system,n_users,0,dbms,clickbench,postgresql-plain-indexed-load,1,ip-172-31-24-15,olap,benchANT
2026-05-17 07:41:50+00:00,system,n_users,0,dbms,clickbench,postgresql-plain-indexed-load,1,ip-172-31-24-15,olap,benchANT
2026-05-17 07:42:00+00:00,system,n_users,0,dbms,clickbench,postgresql-plain-indexed-load,1,ip-172-31-24-15,olap,benchANT
2026-05-17 07:42:10+00:00,system,n_users,0,dbms,clickbench,postgresql-plain-indexed-load,1,ip-172-31-24-15,olap,benchANT
2026-05-17 07:42:20+00:00,system,n_users,0,dbms,clickbench,postgresql-plain-indexed-load,1,ip-172-31-24-15,olap,benchANT
2026-05-17 07:42:30+00:00,system,n_users,0,dbms,clickbench,postgresql-plain-indexed-load,1,ip-172-31-24-15,olap,benchANT
2026-05-17 07:42:40+00:00,system,n_users,0,dbms,clickbench,postgresql-plain-indexed-load,1,ip-172-31-24-15,olap,benchANT
2026-05-17 07:42:50+00:00,system,n_users,0,dbms,clickbench,postgresql-plain-indexed-load,1,ip-172-31-24-15,olap,benchANT
2026-05-17 07:43:00+00:00,system,n_users,0,dbms,clickbench,postgresql-plain-indexed-load,1,ip-172-31-24-15,olap,benchANT
2026-05-17 07:43:10+00:00,system,n_users,0,dbms,clickbench,postgresql-plain-indexed-load,1,ip-172-31-24-15,olap,benchANT
2026-05-17 07:43:20+00:00,system,n_users,0,dbms,clickbench,postgresql-plain-indexed-load,1,ip-172-31-24-15,olap,benchANT
2026-05-17 07:43:30+00:00,system,n_users,0,dbms,clickbench,postgresql-plain-indexed-load,1,ip-172-31-24-15,olap,benchANT
2026-05-17 07:43:40+00:00,system,n_users,0,dbms,clickbench,postgresql-plain-indexed-load,1,ip-172-31-24-15,olap,benchANT
2026-05-17 07:43:50+00:00,system,n_users,0,dbms,clickbench,postgresql-plain-indexed-load,1,ip-172-31-24-15,olap,benchANT
2026-05-17 07:44:00+00:00,system,n_users,0,dbms,clickbench,postgresql-plain-indexed-load,1,ip-172-31-24-15,olap,benchANT
2026-05-17 07:44:10+00:00,system,n_users,0,dbms,clickbench,postgresql-plain-indexed-load,1,ip-172-31-24-15,olap,benchANT
2026-05-17 07:44:20+00:00,system,n_users,0,dbms,clickbench,postgresql-plain-indexed-load,1,ip-172-31-24-15,olap,benchANT
2026-05-17 07:44:30+00:00,system,n_users,0,dbms,clickbench,postgresql-plain-indexed-load,1,ip-172-31-24-15,olap,benchANT
2026-05-17 07:44:40+00:00,system,n_users,0,dbms,clickbench,postgresql-plain-indexed-load,1,ip-172-31-24-15,olap,benchANT
2026-05-17 07:44:50+00:00,system,n_users,0,dbms,clickbench,postgresql-plain-indexed-load,1,ip-172-31-24-15,olap,benchANT
2026-05-17 07:45:00+00:00,system,n_users,0,dbms,clickbench,postgresql-plain-indexed-load,1,ip-172-31-24-15,olap,benchANT
2026-05-17 07:45:10+00:00,system,n_users,0,dbms,clickbench,postgresql-plain-indexed-load,1,ip-172-31-24-15,olap,benchANT
2026-05-17 07:45:20+00:00,system,n_users,0,dbms,clickbench,postgresql-plain-indexed-load,1,ip-172-31-24-15,olap,benchANT
2026-05-17 07:45:30+00:00,system,n_users,0,dbms,clickbench,postgresql-plain-indexed-load,1,ip-172-31-24-15,olap,benchANT
2026-05-17 07:45:40+00:00,system,n_users,0,dbms,clickbench,postgresql-plain-indexed-load,1,ip-172-31-24-15,olap,benchANT
2026-05-17 07:45:50+00:00,system,n_users,0,dbms,clickbench,postgresql-plain-indexed-load,1,ip-172-31-24-15,olap,benchANT
2026-05-17 07:46:00+00:00,system,n_users,0,dbms,clickbench,postgresql-plain-indexed-load,1,ip-172-31-24-15,olap,benchANT
2026-05-17 07:46:10+00:00,system,n_users,0,dbms,clickbench,postgresql-plain-indexed-load,1,ip-172-31-24-15,olap,benchANT
2026-05-17 07:46:20+00:00,system,n_users,0,dbms,clickbench,postgresql-plain-indexed-load,1,ip-172-31-24-15,olap,benchANT
2026-05-17 07:46:30+00:00,system,n_users,0,dbms,clickbench,postgresql-plain-indexed-load,1,ip-172-31-24-15,olap,benchANT
2026-05-17 07:46:40+00:00,system,n_users,0,dbms,clickbench,postgresql-plain-indexed-load,1,ip-172-31-24-15,olap,benchANT
2026-05-17 07:46:50+00:00,system,n_users,0,dbms,clickbench,postgresql-plain-indexed-load,1,ip-172-31-24-15,olap,benchANT
2026-05-17 07:47:00+00:00,system,n_users,0,dbms,clickbench,postgresql-plain-indexed-load,1,ip-172-31-24-15,olap,benchANT
2026-05-17 07:47:10+00:00,system,n_users,0,dbms,clickbench,postgresql-plain-indexed-load,1,ip-172-31-24-15,olap,benchANT
2026-05-17 07:47:20+00:00,system,n_users,0,dbms,clickbench,postgresql-plain-indexed-load,1,ip-172-31-24-15,olap,benchANT
2026-05-17 07:47:30+00:00,system,n_users,0,dbms,clickbench,postgresql-plain-indexed-load,1,ip-172-31-24-15,olap,benchANT
2026-05-17 07:47:40+00:00,system,n_users,0,dbms,clickbench,postgresql-plain-indexed-load,1,ip-172-31-24-15,olap,benchANT
2026-05-17 07:47:50+00:00,system,n_users,0,dbms,clickbench,postgresql-plain-indexed-load,1,ip-172-31-24-15,olap,benchANT
2026-05-17 07:48:00+00:00,system,n_users,0,dbms,clickbench,postgresql-plain-indexed-load,1,ip-172-31-24-15,olap,benchANT
2026-05-17 07:48:10+00:00,system,n_users,0,dbms,clickbench,postgresql-plain-indexed-load,1,ip-172-31-24-15,olap,benchANT
2026-05-17 07:48:20+00:00,system,n_users,0,dbms,clickbench,postgresql-plain-indexed-load,1,ip-172-31-24-15,olap,benchANT
2026-05-17 07:48:30+00:00,system,n_users,0,dbms,clickbench,postgresql-plain-indexed-load,1,ip-172-31-24-15,olap,benchANT
2026-05-17 07:48:40+00:00,system,n_users,0,dbms,clickbench,postgresql-plain-indexed-load,1,ip-172-31-24-15,olap,benchANT
2026-05-17 07:48:50+00:00,system,n_users,0,dbms,clickbench,postgresql-plain-indexed-load,1,ip-172-31-24-15,olap,benchANT
2026-05-17 07:49:00+00:00,system,n_users,0,dbms,clickbench,postgresql-plain-indexed-load,1,ip-172-31-24-15,olap,benchANT
2026-05-17 07:49:10+00:00,system,n_users,0,dbms,clickbench,postgresql-plain-indexed-load,1,ip-172-31-24-15,olap,benchANT
2026-05-17 07:49:20+00:00,system,n_users,0,dbms,clickbench,postgresql-plain-indexed-load,1,ip-172-31-24-15,olap,benchANT
2026-05-17 07:49:30+00:00,system,n_users,0,dbms,clickbench,postgresql-plain-indexed-load,1,ip-172-31-24-15,olap,benchANT
2026-05-17 07:49:40+00:00,system,n_users,0,dbms,clickbench,postgresql-plain-indexed-load,1,ip-172-31-24-15,olap,benchANT
2026-05-17 07:49:50+00:00,system,n_users,0,dbms,clickbench,postgresql-plain-indexed-load,1,ip-172-31-24-15,olap,benchANT
2026-05-17 07:50:00+00:00,system,n_users,0,dbms,clickbench,postgresql-plain-indexed-load,1,ip-172-31-24-15,olap,benchANT
2026-05-17 07:50:10+00:00,system,n_users,0,dbms,clickbench,postgresql-plain-indexed-load,1,ip-172-31-24-15,olap,benchANT
2026-05-17 07:50:20+00:00,system,n_users,0,dbms,clickbench,postgresql-plain-indexed-load,1,ip-172-31-24-15,olap,benchANT
2026-05-17 07:50:30+00:00,system,n_users,0,dbms,clickbench,postgresql-plain-indexed-load,1,ip-172-31-24-15,olap,benchANT
2026-05-17 07:50:40+00:00,system,n_users,0,dbms,clickbench,postgresql-plain-indexed-load,1,ip-172-31-24-15,olap,benchANT
2026-05-17 07:50:50+00:00,system,n_users,0,dbms,clickbench,postgresql-plain-indexed-load,1,ip-172-31-24-15,olap,benchANT
2026-05-17 07:51:00+00:00,system,n_users,0,dbms,clickbench,postgresql-plain-indexed-load,1,ip-172-31-24-15,olap,benchANT
2026-05-17 07:51:10+00:00,system,n_users,0,dbms,clickbench,postgresql-plain-indexed-load,1,ip-172-31-24-15,olap,benchANT
2026-05-17 07:51:20+00:00,system,n_users,0,dbms,clickbench,postgresql-plain-indexed-load,1,ip-172-31-24-15,olap,benchANT
2026-05-17 07:51:30+00:00,system,n_users,0,dbms,clickbench,postgresql-plain-indexed-load,1,ip-172-31-24-15,olap,benchANT
2026-05-17 07:51:40+00:00,system,n_users,0,dbms,clickbench,postgresql-plain-indexed-load,1,ip-172-31-24-15,olap,benchANT
2026-05-17 07:51:50+00:00,system,n_users,0,dbms,clickbench,postgresql-plain-indexed-load,1,ip-172-31-24-15,olap,benchANT
2026-05-17 07:52:00+00:00,system,n_users,0,dbms,clickbench,postgresql-plain-indexed-load,1,ip-172-31-24-15,olap,benchANT
2026-05-17 07:52:10+00:00,system,n_users,0,dbms,clickbench,postgresql-plain-indexed-load,1,ip-172-31-24-15,olap,benchANT
2026-05-17 07:52:20+00:00,system,n_users,0,dbms,clickbench,postgresql-plain-indexed-load,1,ip-172-31-24-15,olap,benchANT
2026-05-17 07:52:30+00:00,system,n_users,0,dbms,clickbench,postgresql-plain-indexed-load,1,ip-172-31-24-15,olap,benchANT
2026-05-17 07:52:40+00:00,system,n_users,0,dbms,clickbench,postgresql-plain-indexed-load,1,ip-172-31-24-15,olap,benchANT
2026-05-17 07:52:50+00:00,system,n_users,0,dbms,clickbench,postgresql-plain-indexed-load,1,ip-172-31-24-15,olap,benchANT
2026-05-17 07:53:00+00:00,system,n_users,0,dbms,clickbench,postgresql-plain-indexed-load,1,ip-172-31-24-15,olap,benchANT
2026-05-17 07:53:10+00:00,system,n_users,0,dbms,clickbench,postgresql-plain-indexed-load,1,ip-172-31-24-15,olap,benchANT
2026-05-17 07:53:20+00:00,system,n_users,0,dbms,clickbench,postgresql-plain-indexed-load,1,ip-172-31-24-15,olap,benchANT
2026-05-17 07:53:30+00:00,system,n_users,0,dbms,clickbench,postgresql-plain-indexed-load,1,ip-172-31-24-15,olap,benchANT
2026-05-17 07:53:40+00:00,system,n_users,0,dbms,clickbench,postgresql-plain-indexed-load,1,ip-172-31-24-15,olap,benchANT
2026-05-17 07:53:50+00:00,system,n_users,0,dbms,clickbench,postgresql-plain-indexed-load,1,ip-172-31-24-15,olap,benchANT
2026-05-17 07:54:00+00:00,system,n_users,0,dbms,clickbench,postgresql-plain-indexed-load,1,ip-172-31-24-15,olap,benchANT
2026-05-17 07:54:10+00:00,system,n_users,0,dbms,clickbench,postgresql-plain-indexed-load,1,ip-172-31-24-15,olap,benchANT
2026-05-17 07:54:20+00:00,system,n_users,0,dbms,clickbench,postgresql-plain-indexed-load,1,ip-172-31-24-15,olap,benchANT
2026-05-17 07:54:30+00:00,system,n_users,0,dbms,clickbench,postgresql-plain-indexed-load,1,ip-172-31-24-15,olap,benchANT
2026-05-17 07:54:40+00:00,system,n_users,0,dbms,clickbench,postgresql-plain-indexed-load,1,ip-172-31-24-15,olap,benchANT
2026-05-17 07:54:50+00:00,system,n_users,0,dbms,clickbench,postgresql-plain-indexed-load,1,ip-172-31-24-15,olap,benchANT
2026-05-17 07:55:00+00:00,system,n_users,0,dbms,clickbench,postgresql-plain-indexed-load,1,ip-172-31-24-15,olap,benchANT
2026-05-17 07:55:10+00:00,system,n_users,0,dbms,clickbench,postgresql-plain-indexed-load,1,ip-172-31-24-15,olap,benchANT
2026-05-17 07:55:20+00:00,system,n_users,0,dbms,clickbench,postgresql-plain-indexed-load,1,ip-172-31-24-15,olap,benchANT
2026-05-17 07:55:30+00:00,system,n_users,0,dbms,clickbench,postgresql-plain-indexed-load,1,ip-172-31-24-15,olap,benchANT
2026-05-17 07:55:40+00:00,system,n_users,0,dbms,clickbench,postgresql-plain-indexed-load,1,ip-172-31-24-15,olap,benchANT
2026-05-17 07:55:50+00:00,system,n_users,0,dbms,clickbench,postgresql-plain-indexed-load,1,ip-172-31-24-15,olap,benchANT
2026-05-17 07:56:00+00:00,system,n_users,0,dbms,clickbench,postgresql-plain-indexed-load,1,ip-172-31-24-15,olap,benchANT
2026-05-17 07:56:10+00:00,system,n_users,0,dbms,clickbench,postgresql-plain-indexed-load,1,ip-172-31-24-15,olap,benchANT
2026-05-17 07:56:20+00:00,system,n_users,0,dbms,clickbench,postgresql-plain-indexed-load,1,ip-172-31-24-15,olap,benchANT
2026-05-17 07:56:30+00:00,system,n_users,0,dbms,clickbench,postgresql-plain-indexed-load,1,ip-172-31-24-15,olap,benchANT
2026-05-17 07:56:40+00:00,system,n_users,0,dbms,clickbench,postgresql-plain-indexed-load,1,ip-172-31-24-15,olap,benchANT
2026-05-17 07:56:50+00:00,system,n_users,0,dbms,clickbench,postgresql-plain-indexed-load,1,ip-172-31-24-15,olap,benchANT
2026-05-17 07:57:00+00:00,system,n_users,0,dbms,clickbench,postgresql-plain-indexed-load,1,ip-172-31-24-15,olap,benchANT
2026-05-17 07:57:10+00:00,system,n_users,0,dbms,clickbench,postgresql-plain-indexed-load,1,ip-172-31-24-15,olap,benchANT
2026-05-17 07:57:20+00:00,system,n_users,0,dbms,clickbench,postgresql-plain-indexed-load,1,ip-172-31-24-15,olap,benchANT
2026-05-17 07:57:30+00:00,system,n_users,0,dbms,clickbench,postgresql-plain-indexed-load,1,ip-172-31-24-15,olap,benchANT
2026-05-17 07:57:40+00:00,system,n_users,0,dbms,clickbench,postgresql-plain-indexed-load,1,ip-172-31-24-15,olap,benchANT
2026-05-17 07:57:50+00:00,system,n_users,0,dbms,clickbench,postgresql-plain-indexed-load,1,ip-172-31-24-15,olap,benchANT
2026-05-17 07:58:00+00:00,system,n_users,0,dbms,clickbench,postgresql-plain-indexed-load,1,ip-172-31-24-15,olap,benchANT
2026-05-17 07:58:10+00:00,system,n_users,0,dbms,clickbench,postgresql-plain-indexed-load,1,ip-172-31-24-15,olap,benchANT
2026-05-17 07:58:20+00:00,system,n_users,0,dbms,clickbench,postgresql-plain-indexed-load,1,ip-172-31-24-15,olap,benchANT
2026-05-17 07:58:30+00:00,system,n_users,0,dbms,clickbench,postgresql-plain-indexed-load,1,ip-172-31-24-15,olap,benchANT
2026-05-17 07:58:40+00:00,system,n_users,0,dbms,clickbench,postgresql-plain-indexed-load,1,ip-172-31-24-15,olap,benchANT
2026-05-17 07:58:50+00:00,system,n_users,0,dbms,clickbench,postgresql-plain-indexed-load,1,ip-172-31-24-15,olap,benchANT
2026-05-17 07:59:00+00:00,system,n_users,0,dbms,clickbench,postgresql-plain-indexed-load,1,ip-172-31-24-15,olap,benchANT
2026-05-17 07:59:10+00:00,system,n_users,0,dbms,clickbench,postgresql-plain-indexed-load,1,ip-172-31-24-15,olap,benchANT
2026-05-17 07:59:20+00:00,system,n_users,0,dbms,clickbench,postgresql-plain-indexed-load,1,ip-172-31-24-15,olap,benchANT
2026-05-17 07:59:30+00:00,system,n_users,0,dbms,clickbench,postgresql-plain-indexed-load,1,ip-172-31-24-15,olap,benchANT
2026-05-17 07:59:40+00:00,system,n_users,0,dbms,clickbench,postgresql-plain-indexed-load,1,ip-172-31-24-15,olap,benchANT
2026-05-17 07:59:50+00:00,system,n_users,0,dbms,clickbench,postgresql-plain-indexed-load,1,ip-172-31-24-15,olap,benchANT
2026-05-17 08:00:00+00:00,system,n_users,0,dbms,clickbench,postgresql-plain-indexed-load,1,ip-172-31-24-15,olap,benchANT
2026-05-17 08:00:10+00:00,system,n_users,0,dbms,clickbench,postgresql-plain-indexed-load,1,ip-172-31-24-15,olap,benchANT
2026-05-17 08:00:20+00:00,system,n_users,0,dbms,clickbench,postgresql-plain-indexed-load,1,ip-172-31-24-15,olap,benchANT
2026-05-17 08:00:30+00:00,system,n_users,0,dbms,clickbench,postgresql-plain-indexed-load,1,ip-172-31-24-15,olap,benchANT
2026-05-17 08:00:40+00:00,system,n_users,0,dbms,clickbench,postgresql-plain-indexed-load,1,ip-172-31-24-15,olap,benchANT
2026-05-17 08:00:50+00:00,system,n_users,0,dbms,clickbench,postgresql-plain-indexed-load,1,ip-172-31-24-15,olap,benchANT
2026-05-17 08:01:00+00:00,system,n_users,0,dbms,clickbench,postgresql-plain-indexed-load,1,ip-172-31-24-15,olap,benchANT
2026-05-17 08:01:10+00:00,system,n_users,0,dbms,clickbench,postgresql-plain-indexed-load,1,ip-172-31-24-15,olap,benchANT
2026-05-17 08:01:20+00:00,system,n_users,0,dbms,clickbench,postgresql-plain-indexed-load,1,ip-172-31-24-15,olap,benchANT
2026-05-17 08:01:30+00:00,system,n_users,0,dbms,clickbench,postgresql-plain-indexed-load,1,ip-172-31-24-15,olap,benchANT
2026-05-17 08:01:40+00:00,system,n_users,0,dbms,clickbench,postgresql-plain-indexed-load,1,ip-172-31-24-15,olap,benchANT
2026-05-17 08:01:50+00:00,system,n_users,0,dbms,clickbench,postgresql-plain-indexed-load,1,ip-172-31-24-15,olap,benchANT
2026-05-17 08:02:00+00:00,system,n_users,0,dbms,clickbench,postgresql-plain-indexed-load,1,ip-172-31-24-15,olap,benchANT
2026-05-17 08:02:10+00:00,system,n_users,0,dbms,clickbench,postgresql-plain-indexed-load,1,ip-172-31-24-15,olap,benchANT
2026-05-17 08:02:20+00:00,system,n_users,0,dbms,clickbench,postgresql-plain-indexed-load,1,ip-172-31-24-15,olap,benchANT
2026-05-17 08:02:30+00:00,system,n_users,0,dbms,clickbench,postgresql-plain-indexed-load,1,ip-172-31-24-15,olap,benchANT
2026-05-17 08:02:40+00:00,system,n_users,0,dbms,clickbench,postgresql-plain-indexed-load,1,ip-172-31-24-15,olap,benchANT
2026-05-17 08:02:50+00:00,system,n_users,0,dbms,clickbench,postgresql-plain-indexed-load,1,ip-172-31-24-15,olap,benchANT
2026-05-17 08:03:00+00:00,system,n_users,0,dbms,clickbench,postgresql-plain-indexed-load,1,ip-172-31-24-15,olap,benchANT
2026-05-17 08:03:10+00:00,system,n_users,0,dbms,clickbench,postgresql-plain-indexed-load,1,ip-172-31-24-15,olap,benchANT
2026-05-17 08:03:20+00:00,system,n_users,0,dbms,clickbench,postgresql-plain-indexed-load,1,ip-172-31-24-15,olap,benchANT
2026-05-17 08:03:30+00:00,system,n_users,0,dbms,clickbench,postgresql-plain-indexed-load,1,ip-172-31-24-15,olap,benchANT
2026-05-17 08:03:40+00:00,system,n_users,0,dbms,clickbench,postgresql-plain-indexed-load,1,ip-172-31-24-15,olap,benchANT
2026-05-17 08:03:50+00:00,system,n_users,0,dbms,clickbench,postgresql-plain-indexed-load,1,ip-172-31-24-15,olap,benchANT
2026-05-17 08:04:00+00:00,system,n_users,0,dbms,clickbench,postgresql-plain-indexed-load,1,ip-172-31-24-15,olap,benchANT
2026-05-17 08:04:10+00:00,system,n_users,0,dbms,clickbench,postgresql-plain-indexed-load,1,ip-172-31-24-15,olap,benchANT
2026-05-17 08:04:20+00:00,system,n_users,0,dbms,clickbench,postgresql-plain-indexed-load,1,ip-172-31-24-15,olap,benchANT
2026-05-17 08:04:30+00:00,system,n_users,0,dbms,clickbench,postgresql-plain-indexed-load,1,ip-172-31-24-15,olap,benchANT
2026-05-17 08:04:40+00:00,system,n_users,0,dbms,clickbench,postgresql-plain-indexed-load,1,ip-172-31-24-15,olap,benchANT
2026-05-17 08:04:50+00:00,system,n_users,0,dbms,clickbench,postgresql-plain-indexed-load,1,ip-172-31-24-15,olap,benchANT
2026-05-17 08:05:00+00:00,system,n_users,0,dbms,clickbench,postgresql-plain-indexed-load,1,ip-172-31-24-15,olap,benchANT
2026-05-17 08:05:10+00:00,system,n_users,0,dbms,clickbench,postgresql-plain-indexed-load,1,ip-172-31-24-15,olap,benchANT
2026-05-17 08:05:20+00:00,system,n_users,0,dbms,clickbench,postgresql-plain-indexed-load,1,ip-172-31-24-15,olap,benchANT
2026-05-17 08:05:30+00:00,system,n_users,0,dbms,clickbench,postgresql-plain-indexed-load,1,ip-172-31-24-15,olap,benchANT
2026-05-17 08:05:40+00:00,system,n_users,0,dbms,clickbench,postgresql-plain-indexed-load,1,ip-172-31-24-15,olap,benchANT
2026-05-17 08:05:50+00:00,system,n_users,0,dbms,clickbench,postgresql-plain-indexed-load,1,ip-172-31-24-15,olap,benchANT
2026-05-17 08:06:00+00:00,system,n_users,0,dbms,clickbench,postgresql-plain-indexed-load,1,ip-172-31-24-15,olap,benchANT
2026-05-17 08:06:10+00:00,system,n_users,0,dbms,clickbench,postgresql-plain-indexed-load,1,ip-172-31-24-15,olap,benchANT
2026-05-17 08:06:20+00:00,system,n_users,0,dbms,clickbench,postgresql-plain-indexed-load,1,ip-172-31-24-15,olap,benchANT
2026-05-17 08:06:30+00:00,system,n_users,0,dbms,clickbench,postgresql-plain-indexed-load,1,ip-172-31-24-15,olap,benchANT
2026-05-17 08:06:40+00:00,system,n_users,0,dbms,clickbench,postgresql-plain-indexed-load,1,ip-172-31-24-15,olap,benchANT
2026-05-17 08:06:50+00:00,system,n_users,0,dbms,clickbench,postgresql-plain-indexed-load,1,ip-172-31-24-15,olap,benchANT
2026-05-17 08:07:00+00:00,system,n_users,0,dbms,clickbench,postgresql-plain-indexed-load,1,ip-172-31-24-15,olap,benchANT
2026-05-17 08:07:10+00:00,system,n_users,0,dbms,clickbench,postgresql-plain-indexed-load,1,ip-172-31-24-15,olap,benchANT
2026-05-17 08:07:20+00:00,system,n_users,0,dbms,clickbench,postgresql-plain-indexed-load,1,ip-172-31-24-15,olap,benchANT
2026-05-17 08:07:30+00:00,system,n_users,0,dbms,clickbench,postgresql-plain-indexed-load,1,ip-172-31-24-15,olap,benchANT
2026-05-17 08:07:40+00:00,system,n_users,0,dbms,clickbench,postgresql-plain-indexed-load,1,ip-172-31-24-15,olap,benchANT
2026-05-17 08:07:50+00:00,system,n_users,0,dbms,clickbench,postgresql-plain-indexed-load,1,ip-172-31-24-15,olap,benchANT
2026-05-17 08:08:00+00:00,system,n_users,0,dbms,clickbench,postgresql-plain-indexed-load,1,ip-172-31-24-15,olap,benchANT
2026-05-17 08:08:10+00:00,system,n_users,0,dbms,clickbench,postgresql-plain-indexed-load,1,ip-172-31-24-15,olap,benchANT
2026-05-17 08:08:20+00:00,system,n_users,0,dbms,clickbench,postgresql-plain-indexed-load,1,ip-172-31-24-15,olap,benchANT
2026-05-17 08:08:30+00:00,system,n_users,0,dbms,clickbench,postgresql-plain-indexed-load,1,ip-172-31-24-15,olap,benchANT
2026-05-17 08:08:40+00:00,system,n_users,0,dbms,clickbench,postgresql-plain-indexed-load,1,ip-172-31-24-15,olap,benchANT
2026-05-17 08:08:50+00:00,system,n_users,0,dbms,clickbench,postgresql-plain-indexed-load,1,ip-172-31-24-15,olap,benchANT
2026-05-17 08:09:00+00:00,system,n_users,0,dbms,clickbench,postgresql-plain-indexed-load,1,ip-172-31-24-15,olap,benchANT
2026-05-17 08:09:10+00:00,system,n_users,0,dbms,clickbench,postgresql-plain-indexed-load,1,ip-172-31-24-15,olap,benchANT
2026-05-17 08:09:20+00:00,system,n_users,0,dbms,clickbench,postgresql-plain-indexed-load,1,ip-172-31-24-15,olap,benchANT
2026-05-17 08:09:30+00:00,system,n_users,0,dbms,clickbench,postgresql-plain-indexed-load,1,ip-172-31-24-15,olap,benchANT
2026-05-17 08:09:40+00:00,system,n_users,0,dbms,clickbench,postgresql-plain-indexed-load,1,ip-172-31-24-15,olap,benchANT
2026-05-17 08:09:50+00:00,system,n_users,0,dbms,clickbench,postgresql-plain-indexed-load,1,ip-172-31-24-15,olap,benchANT
2026-05-17 08:10:00+00:00,system,n_users,0,dbms,clickbench,postgresql-plain-indexed-load,1,ip-172-31-24-15,olap,benchANT
2026-05-17 08:10:10+00:00,system,n_users,0,dbms,clickbench,postgresql-plain-indexed-load,1,ip-172-31-24-15,olap,benchANT
2026-05-17 08:10:20+00:00,system,n_users,0,dbms,clickbench,postgresql-plain-indexed-load,1,ip-172-31-24-15,olap,benchANT
2026-05-17 08:10:30+00:00,system,n_users,0,dbms,clickbench,postgresql-plain-indexed-load,1,ip-172-31-24-15,olap,benchANT
2026-05-17 08:10:40+00:00,system,n_users,0,dbms,clickbench,postgresql-plain-indexed-load,1,ip-172-31-24-15,olap,benchANT
2026-05-17 08:10:50+00:00,system,n_users,0,dbms,clickbench,postgresql-plain-indexed-load,1,ip-172-31-24-15,olap,benchANT
2026-05-17 08:11:00+00:00,system,n_users,0,dbms,clickbench,postgresql-plain-indexed-load,1,ip-172-31-24-15,olap,benchANT
2026-05-17 08:11:10+00:00,system,n_users,0,dbms,clickbench,postgresql-plain-indexed-load,1,ip-172-31-24-15,olap,benchANT
2026-05-17 08:11:20+00:00,system,n_users,0,dbms,clickbench,postgresql-plain-indexed-load,1,ip-172-31-24-15,olap,benchANT
2026-05-17 08:11:30+00:00,system,n_users,0,dbms,clickbench,postgresql-plain-indexed-load,1,ip-172-31-24-15,olap,benchANT
2026-05-17 08:11:40+00:00,system,n_users,0,dbms,clickbench,postgresql-plain-indexed-load,1,ip-172-31-24-15,olap,benchANT
2026-05-17 08:11:50+00:00,system,n_users,0,dbms,clickbench,postgresql-plain-indexed-load,1,ip-172-31-24-15,olap,benchANT
2026-05-17 08:12:00+00:00,system,n_users,0,dbms,clickbench,postgresql-plain-indexed-load,1,ip-172-31-24-15,olap,benchANT
2026-05-17 08:12:10+00:00,system,n_users,0,dbms,clickbench,postgresql-plain-indexed-load,1,ip-172-31-24-15,olap,benchANT
2026-05-17 08:12:20+00:00,system,n_users,0,dbms,clickbench,postgresql-plain-indexed-load,1,ip-172-31-24-15,olap,benchANT
2026-05-17 08:12:30+00:00,system,n_users,0,dbms,clickbench,postgresql-plain-indexed-load,1,ip-172-31-24-15,olap,benchANT
2026-05-17 08:12:40+00:00,system,n_users,0,dbms,clickbench,postgresql-plain-indexed-load,1,ip-172-31-24-15,olap,benchANT
2026-05-17 08:12:50+00:00,system,n_users,0,dbms,clickbench,postgresql-plain-indexed-load,1,ip-172-31-24-15,olap,benchANT
2026-05-17 08:13:00+00:00,system,n_users,0,dbms,clickbench,postgresql-plain-indexed-load,1,ip-172-31-24-15,olap,benchANT
2026-05-17 08:13:10+00:00,system,n_users,0,dbms,clickbench,postgresql-plain-indexed-load,1,ip-172-31-24-15,olap,benchANT
2026-05-17 08:13:20+00:00,system,n_users,0,dbms,clickbench,postgresql-plain-indexed-load,1,ip-172-31-24-15,olap,benchANT
2026-05-17 08:13:30+00:00,system,n_users,0,dbms,clickbench,postgresql-plain-indexed-load,1,ip-172-31-24-15,olap,benchANT
2026-05-17 08:13:40+00:00,system,n_users,0,dbms,clickbench,postgresql-plain-indexed-load,1,ip-172-31-24-15,olap,benchANT
2026-05-17 08:13:50+00:00,system,n_users,0,dbms,clickbench,postgresql-plain-indexed-load,1,ip-172-31-24-15,olap,benchANT
2026-05-17 08:14:00+00:00,system,n_users,0,dbms,clickbench,postgresql-plain-indexed-load,1,ip-172-31-24-15,olap,benchANT
2026-05-17 08:14:10+00:00,system,n_users,0,dbms,clickbench,postgresql-plain-indexed-load,1,ip-172-31-24-15,olap,benchANT
2026-05-17 08:14:20+00:00,system,n_users,0,dbms,clickbench,postgresql-plain-indexed-load,1,ip-172-31-24-15,olap,benchANT
2026-05-17 08:14:30+00:00,system,n_users,0,dbms,clickbench,postgresql-plain-indexed-load,1,ip-172-31-24-15,olap,benchANT
2026-05-17 08:14:40+00:00,system,n_users,0,dbms,clickbench,postgresql-plain-indexed-load,1,ip-172-31-24-15,olap,benchANT
2026-05-17 08:14:50+00:00,system,n_users,0,dbms,clickbench,postgresql-plain-indexed-load,1,ip-172-31-24-15,olap,benchANT
2026-05-17 08:15:00+00:00,system,n_users,0,dbms,clickbench,postgresql-plain-indexed-load,1,ip-172-31-24-15,olap,benchANT
2026-05-17 08:15:10+00:00,system,n_users,0,dbms,clickbench,postgresql-plain-indexed-load,1,ip-172-31-24-15,olap,benchANT
2026-05-17 08:15:20+00:00,system,n_users,0,dbms,clickbench,postgresql-plain-indexed-load,1,ip-172-31-24-15,olap,benchANT
2026-05-17 08:15:30+00:00,system,n_users,0,dbms,clickbench,postgresql-plain-indexed-load,1,ip-172-31-24-15,olap,benchANT
2026-05-17 08:15:40+00:00,system,n_users,0,dbms,clickbench,postgresql-plain-indexed-load,1,ip-172-31-24-15,olap,benchANT
2026-05-17 08:15:50+00:00,system,n_users,0,dbms,clickbench,postgresql-plain-indexed-load,1,ip-172-31-24-15,olap,benchANT
2026-05-17 08:16:00+00:00,system,n_users,0,dbms,clickbench,postgresql-plain-indexed-load,1,ip-172-31-24-15,olap,benchANT
2026-05-17 08:16:10+00:00,system,n_users,0,dbms,clickbench,postgresql-plain-indexed-load,1,ip-172-31-24-15,olap,benchANT
2026-05-17 08:16:20+00:00,system,n_users,0,dbms,clickbench,postgresql-plain-indexed-load,1,ip-172-31-24-15,olap,benchANT
2026-05-17 08:16:30+00:00,system,n_users,0,dbms,clickbench,postgresql-plain-indexed-load,1,ip-172-31-24-15,olap,benchANT
2026-05-17 08:16:40+00:00,system,n_users,0,dbms,clickbench,postgresql-plain-indexed-load,1,ip-172-31-24-15,olap,benchANT
2026-05-17 08:16:50+00:00,system,n_users,0,dbms,clickbench,postgresql-plain-indexed-load,1,ip-172-31-24-15,olap,benchANT
2026-05-17 08:17:00+00:00,system,n_users,0,dbms,clickbench,postgresql-plain-indexed-load,1,ip-172-31-24-15,olap,benchANT
2026-05-17 08:17:10+00:00,system,n_users,0,dbms,clickbench,postgresql-plain-indexed-load,1,ip-172-31-24-15,olap,benchANT
2026-05-17 08:17:20+00:00,system,n_users,0,dbms,clickbench,postgresql-plain-indexed-load,1,ip-172-31-24-15,olap,benchANT
2026-05-17 08:17:30+00:00,system,n_users,0,dbms,clickbench,postgresql-plain-indexed-load,1,ip-172-31-24-15,olap,benchANT
2026-05-17 08:17:40+00:00,system,n_users,0,dbms,clickbench,postgresql-plain-indexed-load,1,ip-172-31-24-15,olap,benchANT
2026-05-17 08:17:50+00:00,system,n_users,0,dbms,clickbench,postgresql-plain-indexed-load,1,ip-172-31-24-15,olap,benchANT
2026-05-17 08:18:00+00:00,system,n_users,0,dbms,clickbench,postgresql-plain-indexed-load,1,ip-172-31-24-15,olap,benchANT
2026-05-17 08:18:10+00:00,system,n_users,0,dbms,clickbench,postgresql-plain-indexed-load,1,ip-172-31-24-15,olap,benchANT
2026-05-17 08:18:20+00:00,system,n_users,0,dbms,clickbench,postgresql-plain-indexed-load,1,ip-172-31-24-15,olap,benchANT
2026-05-17 08:18:30+00:00,system,n_users,0,dbms,clickbench,postgresql-plain-indexed-load,1,ip-172-31-24-15,olap,benchANT
2026-05-17 08:18:40+00:00,system,n_users,0,dbms,clickbench,postgresql-plain-indexed-load,1,ip-172-31-24-15,olap,benchANT
2026-05-17 08:18:50+00:00,system,n_users,0,dbms,clickbench,postgresql-plain-indexed-load,1,ip-172-31-24-15,olap,benchANT
2026-05-17 08:19:00+00:00,system,n_users,0,dbms,clickbench,postgresql-plain-indexed-load,1,ip-172-31-24-15,olap,benchANT
2026-05-17 08:19:10+00:00,system,n_users,0,dbms,clickbench,postgresql-plain-indexed-load,1,ip-172-31-24-15,olap,benchANT
2026-05-17 08:19:20+00:00,system,n_users,0,dbms,clickbench,postgresql-plain-indexed-load,1,ip-172-31-24-15,olap,benchANT
2026-05-17 08:19:30+00:00,system,n_users,0,dbms,clickbench,postgresql-plain-indexed-load,1,ip-172-31-24-15,olap,benchANT
2026-05-17 08:19:40+00:00,system,n_users,0,dbms,clickbench,postgresql-plain-indexed-load,1,ip-172-31-24-15,olap,benchANT
2026-05-17 08:19:50+00:00,system,n_users,0,dbms,clickbench,postgresql-plain-indexed-load,1,ip-172-31-24-15,olap,benchANT
2026-05-17 08:20:00+00:00,system,n_users,0,dbms,clickbench,postgresql-plain-indexed-load,1,ip-172-31-24-15,olap,benchANT
2026-05-17 08:20:10+00:00,system,n_users,0,dbms,clickbench,postgresql-plain-indexed-load,1,ip-172-31-24-15,olap,benchANT
2026-05-17 08:20:20+00:00,system,n_users,0,dbms,clickbench,postgresql-plain-indexed-load,1,ip-172-31-24-15,olap,benchANT
2026-05-17 08:20:30+00:00,system,n_users,0,dbms,clickbench,postgresql-plain-indexed-load,1,ip-172-31-24-15,olap,benchANT
2026-05-17 08:20:40+00:00,system,n_users,0,dbms,clickbench,postgresql-plain-indexed-load,1,ip-172-31-24-15,olap,benchANT
2026-05-17 08:20:50+00:00,system,n_users,0,dbms,clickbench,postgresql-plain-indexed-load,1,ip-172-31-24-15,olap,benchANT
2026-05-17 08:21:00+00:00,system,n_users,0,dbms,clickbench,postgresql-plain-indexed-load,1,ip-172-31-24-15,olap,benchANT
2026-05-17 08:21:10+00:00,system,n_users,0,dbms,clickbench,postgresql-plain-indexed-load,1,ip-172-31-24-15,olap,benchANT
2026-05-17 08:21:20+00:00,system,n_users,0,dbms,clickbench,postgresql-plain-indexed-load,1,ip-172-31-24-15,olap,benchANT
2026-05-17 08:21:30+00:00,system,n_users,0,dbms,clickbench,postgresql-plain-indexed-load,1,ip-172-31-24-15,olap,benchANT
2026-05-17 08:21:40+00:00,system,n_users,0,dbms,clickbench,postgresql-plain-indexed-load,1,ip-172-31-24-15,olap,benchANT
2026-05-17 08:21:50+00:00,system,n_users,0,dbms,clickbench,postgresql-plain-indexed-load,1,ip-172-31-24-15,olap,benchANT
2026-05-17 08:22:00+00:00,system,n_users,0,dbms,clickbench,postgresql-plain-indexed-load,1,ip-172-31-24-15,olap,benchANT
2026-05-17 08:22:10+00:00,system,n_users,0,dbms,clickbench,postgresql-plain-indexed-load,1,ip-172-31-24-15,olap,benchANT
2026-05-17 08:22:20+00:00,system,n_users,0,dbms,clickbench,postgresql-plain-indexed-load,1,ip-172-31-24-15,olap,benchANT
2026-05-17 08:22:30+00:00,system,n_users,0,dbms,clickbench,postgresql-plain-indexed-load,1,ip-172-31-24-15,olap,benchANT
2026-05-17 08:22:40+00:00,system,n_users,0,dbms,clickbench,postgresql-plain-indexed-load,1,ip-172-31-24-15,olap,benchANT
2026-05-17 08:22:50+00:00,system,n_users,0,dbms,clickbench,postgresql-plain-indexed-load,1,ip-172-31-24-15,olap,benchANT
2026-05-17 08:23:00+00:00,system,n_users,0,dbms,clickbench,postgresql-plain-indexed-load,1,ip-172-31-24-15,olap,benchANT
2026-05-17 08:23:10+00:00,system,n_users,0,dbms,clickbench,postgresql-plain-indexed-load,1,ip-172-31-24-15,olap,benchANT
2026-05-17 08:23:20+00:00,system,n_users,0,dbms,clickbench,postgresql-plain-indexed-load,1,ip-172-31-24-15,olap,benchANT
2026-05-17 08:23:30+00:00,system,n_users,0,dbms,clickbench,postgresql-plain-indexed-load,1,ip-172-31-24-15,olap,benchANT
2026-05-17 08:23:40+00:00,system,n_users,0,dbms,clickbench,postgresql-plain-indexed-load,1,ip-172-31-24-15,olap,benchANT
2026-05-17 08:23:50+00:00,system,n_users,0,dbms,clickbench,postgresql-plain-indexed-load,1,ip-172-31-24-15,olap,benchANT
2026-05-17 08:24:00+00:00,system,n_users,0,dbms,clickbench,postgresql-plain-indexed-load,1,ip-172-31-24-15,olap,benchANT
2026-05-17 08:24:10+00:00,system,n_users,0,dbms,clickbench,postgresql-plain-indexed-load,1,ip-172-31-24-15,olap,benchANT
2026-05-17 08:24:20+00:00,system,n_users,0,dbms,clickbench,postgresql-plain-indexed-load,1,ip-172-31-24-15,olap,benchANT
2026-05-17 08:24:30+00:00,system,n_users,0,dbms,clickbench,postgresql-plain-indexed-load,1,ip-172-31-24-15,olap,benchANT
2026-05-17 08:24:40+00:00,system,n_users,0,dbms,clickbench,postgresql-plain-indexed-load,1,ip-172-31-24-15,olap,benchANT
2026-05-17 08:24:50+00:00,system,n_users,0,dbms,clickbench,postgresql-plain-indexed-load,1,ip-172-31-24-15,olap,benchANT
2026-05-17 08:25:00+00:00,system,n_users,0,dbms,clickbench,postgresql-plain-indexed-load,1,ip-172-31-24-15,olap,benchANT
2026-05-17 08:25:10+00:00,system,n_users,0,dbms,clickbench,postgresql-plain-indexed-load,1,ip-172-31-24-15,olap,benchANT
2026-05-17 08:25:20+00:00,system,n_users,0,dbms,clickbench,postgresql-plain-indexed-load,1,ip-172-31-24-15,olap,benchANT
2026-05-17 08:25:30+00:00,system,n_users,0,dbms,clickbench,postgresql-plain-indexed-load,1,ip-172-31-24-15,olap,benchANT
2026-05-17 08:25:40+00:00,system,n_users,0,dbms,clickbench,postgresql-plain-indexed-load,1,ip-172-31-24-15,olap,benchANT
2026-05-17 08:25:50+00:00,system,n_users,0,dbms,clickbench,postgresql-plain-indexed-load,1,ip-172-31-24-15,olap,benchANT
2026-05-17 08:26:00+00:00,system,n_users,0,dbms,clickbench,postgresql-plain-indexed-load,1,ip-172-31-24-15,olap,benchANT
2026-05-17 08:26:10+00:00,system,n_users,0,dbms,clickbench,postgresql-plain-indexed-load,1,ip-172-31-24-15,olap,benchANT
2026-05-17 08:26:20+00:00,system,n_users,0,dbms,clickbench,postgresql-plain-indexed-load,1,ip-172-31-24-15,olap,benchANT
2026-05-17 08:26:30+00:00,system,n_users,0,dbms,clickbench,postgresql-plain-indexed-load,1,ip-172-31-24-15,olap,benchANT
2026-05-17 08:26:40+00:00,system,n_users,0,dbms,clickbench,postgresql-plain-indexed-load,1,ip-172-31-24-15,olap,benchANT
2026-05-17 08:26:50+00:00,system,n_users,0,dbms,clickbench,postgresql-plain-indexed-load,1,ip-172-31-24-15,olap,benchANT
2026-05-17 08:27:00+00:00,system,n_users,0,dbms,clickbench,postgresql-plain-indexed-load,1,ip-172-31-24-15,olap,benchANT
2026-05-17 08:27:10+00:00,system,n_users,0,dbms,clickbench,postgresql-plain-indexed-load,1,ip-172-31-24-15,olap,benchANT
2026-05-17 08:27:20+00:00,system,n_users,0,dbms,clickbench,postgresql-plain-indexed-load,1,ip-172-31-24-15,olap,benchANT
2026-05-17 08:27:30+00:00,system,n_users,0,dbms,clickbench,postgresql-plain-indexed-load,1,ip-172-31-24-15,olap,benchANT
2026-05-17 08:27:40+00:00,system,n_users,0,dbms,clickbench,postgresql-plain-indexed-load,1,ip-172-31-24-15,olap,benchANT
2026-05-17 08:27:50+00:00,system,n_users,0,dbms,clickbench,postgresql-plain-indexed-load,1,ip-172-31-24-15,olap,benchANT
2026-05-17 08:28:00+00:00,system,n_users,0,dbms,clickbench,postgresql-plain-indexed-load,1,ip-172-31-24-15,olap,benchANT
2026-05-17 08:28:10+00:00,system,n_users,0,dbms,clickbench,postgresql-plain-indexed-load,1,ip-172-31-24-15,olap,benchANT
2026-05-17 08:28:20+00:00,system,n_users,0,dbms,clickbench,postgresql-plain-indexed-load,1,ip-172-31-24-15,olap,benchANT
2026-05-17 08:28:30+00:00,system,n_users,0,dbms,clickbench,postgresql-plain-indexed-load,1,ip-172-31-24-15,olap,benchANT
2026-05-17 08:28:40+00:00,system,n_users,0,dbms,clickbench,postgresql-plain-indexed-load,1,ip-172-31-24-15,olap,benchANT
2026-05-17 08:28:50+00:00,system,n_users,0,dbms,clickbench,postgresql-plain-indexed-load,1,ip-172-31-24-15,olap,benchANT
2026-05-17 08:29:00+00:00,system,n_users,0,dbms,clickbench,postgresql-plain-indexed-load,1,ip-172-31-24-15,olap,benchANT
2026-05-17 08:29:10+00:00,system,n_users,0,dbms,clickbench,postgresql-plain-indexed-load,1,ip-172-31-24-15,olap,benchANT
2026-05-17 08:29:20+00:00,system,n_users,0,dbms,clickbench,postgresql-plain-indexed-load,1,ip-172-31-24-15,olap,benchANT
2026-05-17 08:29:30+00:00,system,n_users,0,dbms,clickbench,postgresql-plain-indexed-load,1,ip-172-31-24-15,olap,benchANT
2026-05-17 08:29:40+00:00,system,n_users,0,dbms,clickbench,postgresql-plain-indexed-load,1,ip-172-31-24-15,olap,benchANT
2026-05-17 08:29:50+00:00,system,n_users,0,dbms,clickbench,postgresql-plain-indexed-load,1,ip-172-31-24-15,olap,benchANT
2026-05-17 08:30:00+00:00,system,n_users,0,dbms,clickbench,postgresql-plain-indexed-load,1,ip-172-31-24-15,olap,benchANT
2026-05-17 08:30:10+00:00,system,n_users,0,dbms,clickbench,postgresql-plain-indexed-load,1,ip-172-31-24-15,olap,benchANT
2026-05-17 08:30:20+00:00,system,n_users,0,dbms,clickbench,postgresql-plain-indexed-load,1,ip-172-31-24-15,olap,benchANT
2026-05-17 08:30:30+00:00,system,n_users,0,dbms,clickbench,postgresql-plain-indexed-load,1,ip-172-31-24-15,olap,benchANT
2026-05-17 08:30:40+00:00,system,n_users,0,dbms,clickbench,postgresql-plain-indexed-load,1,ip-172-31-24-15,olap,benchANT
2026-05-17 08:30:50+00:00,system,n_users,0,dbms,clickbench,postgresql-plain-indexed-load,1,ip-172-31-24-15,olap,benchANT
2026-05-17 08:31:00+00:00,system,n_users,0,dbms,clickbench,postgresql-plain-indexed-load,1,ip-172-31-24-15,olap,benchANT
2026-05-17 08:31:10+00:00,system,n_users,0,dbms,clickbench,postgresql-plain-indexed-load,1,ip-172-31-24-15,olap,benchANT
2026-05-17 08:31:20+00:00,system,n_users,0,dbms,clickbench,postgresql-plain-indexed-load,1,ip-172-31-24-15,olap,benchANT
2026-05-17 08:31:30+00:00,system,n_users,0,dbms,clickbench,postgresql-plain-indexed-load,1,ip-172-31-24-15,olap,benchANT
2026-05-17 08:31:40+00:00,system,n_users,0,dbms,clickbench,postgresql-plain-indexed-load,1,ip-172-31-24-15,olap,benchANT
2026-05-17 08:31:50+00:00,system,n_users,0,dbms,clickbench,postgresql-plain-indexed-load,1,ip-172-31-24-15,olap,benchANT
2026-05-17 08:32:00+00:00,system,n_users,0,dbms,clickbench,postgresql-plain-indexed-load,1,ip-172-31-24-15,olap,benchANT
2026-05-17 08:32:10+00:00,system,n_users,0,dbms,clickbench,postgresql-plain-indexed-load,1,ip-172-31-24-15,olap,benchANT
2026-05-17 08:32:20+00:00,system,n_users,0,dbms,clickbench,postgresql-plain-indexed-load,1,ip-172-31-24-15,olap,benchANT
2026-05-17 08:32:30+00:00,system,n_users,0,dbms,clickbench,postgresql-plain-indexed-load,1,ip-172-31-24-15,olap,benchANT
2026-05-17 08:32:40+00:00,system,n_users,0,dbms,clickbench,postgresql-plain-indexed-load,1,ip-172-31-24-15,olap,benchANT
2026-05-17 08:32:50+00:00,system,n_users,0,dbms,clickbench,postgresql-plain-indexed-load,1,ip-172-31-24-15,olap,benchANT
2026-05-17 08:33:00+00:00,system,n_users,0,dbms,clickbench,postgresql-plain-indexed-load,1,ip-172-31-24-15,olap,benchANT
2026-05-17 08:33:10+00:00,system,n_users,0,dbms,clickbench,postgresql-plain-indexed-load,1,ip-172-31-24-15,olap,benchANT
2026-05-17 08:33:20+00:00,system,n_users,0,dbms,clickbench,postgresql-plain-indexed-load,1,ip-172-31-24-15,olap,benchANT
2026-05-17 08:33:30+00:00,system,n_users,0,dbms,clickbench,postgresql-plain-indexed-load,1,ip-172-31-24-15,olap,benchANT
2026-05-17 08:33:40+00:00,system,n_users,0,dbms,clickbench,postgresql-plain-indexed-load,1,ip-172-31-24-15,olap,benchANT
2026-05-17 08:33:50+00:00,system,n_users,0,dbms,clickbench,postgresql-plain-indexed-load,1,ip-172-31-24-15,olap,benchANT
2026-05-17 08:34:00+00:00,system,n_users,0,dbms,clickbench,postgresql-plain-indexed-load,1,ip-172-31-24-15,olap,benchANT
2026-05-17 08:34:10+00:00,system,n_users,0,dbms,clickbench,postgresql-plain-indexed-load,1,ip-172-31-24-15,olap,benchANT
2026-05-17 08:34:20+00:00,system,n_users,0,dbms,clickbench,postgresql-plain-indexed-load,1,ip-172-31-24-15,olap,benchANT
2026-05-17 08:34:30+00:00,system,n_users,0,dbms,clickbench,postgresql-plain-indexed-load,1,ip-172-31-24-15,olap,benchANT
2026-05-17 08:34:40+00:00,system,n_users,0,dbms,clickbench,postgresql-plain-indexed-load,1,ip-172-31-24-15,olap,benchANT
2026-05-17 08:34:50+00:00,system,n_users,0,dbms,clickbench,postgresql-plain-indexed-load,1,ip-172-31-24-15,olap,benchANT
2026-05-17 08:35:00+00:00,system,n_users,0,dbms,clickbench,postgresql-plain-indexed-load,1,ip-172-31-24-15,olap,benchANT
2026-05-17 08:35:10+00:00,system,n_users,0,dbms,clickbench,postgresql-plain-indexed-load,1,ip-172-31-24-15,olap,benchANT
2026-05-17 08:35:20+00:00,system,n_users,0,dbms,clickbench,postgresql-plain-indexed-load,1,ip-172-31-24-15,olap,benchANT
2026-05-17 08:35:30+00:00,system,n_users,0,dbms,clickbench,postgresql-plain-indexed-load,1,ip-172-31-24-15,olap,benchANT
2026-05-17 08:35:40+00:00,system,n_users,0,dbms,clickbench,postgresql-plain-indexed-load,1,ip-172-31-24-15,olap,benchANT
2026-05-17 08:35:50+00:00,system,n_users,0,dbms,clickbench,postgresql-plain-indexed-load,1,ip-172-31-24-15,olap,benchANT
2026-05-17 08:36:00+00:00,system,n_users,0,dbms,clickbench,postgresql-plain-indexed-load,1,ip-172-31-24-15,olap,benchANT
2026-05-17 08:36:10+00:00,system,n_users,0,dbms,clickbench,postgresql-plain-indexed-load,1,ip-172-31-24-15,olap,benchANT
2026-05-17 08:36:20+00:00,system,n_users,0,dbms,clickbench,postgresql-plain-indexed-load,1,ip-172-31-24-15,olap,benchANT
2026-05-17 08:36:30+00:00,system,n_users,0,dbms,clickbench,postgresql-plain-indexed-load,1,ip-172-31-24-15,olap,benchANT
2026-05-17 08:36:40+00:00,system,n_users,0,dbms,clickbench,postgresql-plain-indexed-load,1,ip-172-31-24-15,olap,benchANT
2026-05-17 08:36:50+00:00,system,n_users,0,dbms,clickbench,postgresql-plain-indexed-load,1,ip-172-31-24-15,olap,benchANT
2026-05-17 08:37:00+00:00,system,n_users,0,dbms,clickbench,postgresql-plain-indexed-load,1,ip-172-31-24-15,olap,benchANT
2026-05-17 08:37:10+00:00,system,n_users,0,dbms,clickbench,postgresql-plain-indexed-load,1,ip-172-31-24-15,olap,benchANT
2026-05-17 08:37:20+00:00,system,n_users,0,dbms,clickbench,postgresql-plain-indexed-load,1,ip-172-31-24-15,olap,benchANT
2026-05-17 08:37:30+00:00,system,n_users,0,dbms,clickbench,postgresql-plain-indexed-load,1,ip-172-31-24-15,olap,benchANT
2026-05-17 08:37:40+00:00,system,n_users,0,dbms,clickbench,postgresql-plain-indexed-load,1,ip-172-31-24-15,olap,benchANT
2026-05-17 08:37:50+00:00,system,n_users,0,dbms,clickbench,postgresql-plain-indexed-load,1,ip-172-31-24-15,olap,benchANT
2026-05-17 08:38:00+00:00,system,n_users,0,dbms,clickbench,postgresql-plain-indexed-load,1,ip-172-31-24-15,olap,benchANT
2026-05-17 08:38:10+00:00,system,n_users,0,dbms,clickbench,postgresql-plain-indexed-load,1,ip-172-31-24-15,olap,benchANT
2026-05-17 08:38:20+00:00,system,n_users,0,dbms,clickbench,postgresql-plain-indexed-load,1,ip-172-31-24-15,olap,benchANT
2026-05-17 08:38:30+00:00,system,n_users,0,dbms,clickbench,postgresql-plain-indexed-load,1,ip-172-31-24-15,olap,benchANT
2026-05-17 08:38:40+00:00,system,n_users,0,dbms,clickbench,postgresql-plain-indexed-load,1,ip-172-31-24-15,olap,benchANT
2026-05-17 08:38:50+00:00,system,n_users,0,dbms,clickbench,postgresql-plain-indexed-load,1,ip-172-31-24-15,olap,benchANT
2026-05-17 08:39:00+00:00,system,n_users,0,dbms,clickbench,postgresql-plain-indexed-load,1,ip-172-31-24-15,olap,benchANT
2026-05-17 08:39:10+00:00,system,n_users,0,dbms,clickbench,postgresql-plain-indexed-load,1,ip-172-31-24-15,olap,benchANT
2026-05-17 08:39:20+00:00,system,n_users,0,dbms,clickbench,postgresql-plain-indexed-load,1,ip-172-31-24-15,olap,benchANT
2026-05-17 08:39:30+00:00,system,n_users,0,dbms,clickbench,postgresql-plain-indexed-load,1,ip-172-31-24-15,olap,benchANT
2026-05-17 08:39:40+00:00,system,n_users,0,dbms,clickbench,postgresql-plain-indexed-load,1,ip-172-31-24-15,olap,benchANT
2026-05-17 08:39:50+00:00,system,n_users,0,dbms,clickbench,postgresql-plain-indexed-load,1,ip-172-31-24-15,olap,benchANT
2026-05-17 08:40:00+00:00,system,n_users,0,dbms,clickbench,postgresql-plain-indexed-load,1,ip-172-31-24-15,olap,benchANT
2026-05-17 08:40:10+00:00,system,n_users,0,dbms,clickbench,postgresql-plain-indexed-load,1,ip-172-31-24-15,olap,benchANT
2026-05-17 08:40:20+00:00,system,n_users,0,dbms,clickbench,postgresql-plain-indexed-load,1,ip-172-31-24-15,olap,benchANT
2026-05-17 08:40:30+00:00,system,n_users,0,dbms,clickbench,postgresql-plain-indexed-load,1,ip-172-31-24-15,olap,benchANT
2026-05-17 08:40:40+00:00,system,n_users,0,dbms,clickbench,postgresql-plain-indexed-load,1,ip-172-31-24-15,olap,benchANT
2026-05-17 08:40:50+00:00,system,n_users,0,dbms,clickbench,postgresql-plain-indexed-load,1,ip-172-31-24-15,olap,benchANT
2026-05-17 08:41:00+00:00,system,n_users,0,dbms,clickbench,postgresql-plain-indexed-load,1,ip-172-31-24-15,olap,benchANT
2026-05-17 08:41:10+00:00,system,n_users,0,dbms,clickbench,postgresql-plain-indexed-load,1,ip-172-31-24-15,olap,benchANT
2026-05-17 08:41:20+00:00,system,n_users,0,dbms,clickbench,postgresql-plain-indexed-load,1,ip-172-31-24-15,olap,benchANT
2026-05-17 08:41:30+00:00,system,n_users,0,dbms,clickbench,postgresql-plain-indexed-load,1,ip-172-31-24-15,olap,benchANT
2026-05-17 08:41:40+00:00,system,n_users,0,dbms,clickbench,postgresql-plain-indexed-load,1,ip-172-31-24-15,olap,benchANT
2026-05-17 08:41:50+00:00,system,n_users,0,dbms,clickbench,postgresql-plain-indexed-load,1,ip-172-31-24-15,olap,benchANT
2026-05-17 08:42:00+00:00,system,n_users,0,dbms,clickbench,postgresql-plain-indexed-load,1,ip-172-31-24-15,olap,benchANT
2026-05-17 08:42:10+00:00,system,n_users,0,dbms,clickbench,postgresql-plain-indexed-load,1,ip-172-31-24-15,olap,benchANT
2026-05-17 08:42:20+00:00,system,n_users,0,dbms,clickbench,postgresql-plain-indexed-load,1,ip-172-31-24-15,olap,benchANT
2026-05-17 08:42:30+00:00,system,n_users,0,dbms,clickbench,postgresql-plain-indexed-load,1,ip-172-31-24-15,olap,benchANT
2026-05-17 08:42:40+00:00,system,n_users,0,dbms,clickbench,postgresql-plain-indexed-load,1,ip-172-31-24-15,olap,benchANT
2026-05-17 08:42:50+00:00,system,n_users,0,dbms,clickbench,postgresql-plain-indexed-load,1,ip-172-31-24-15,olap,benchANT
2026-05-17 08:43:00+00:00,system,n_users,0,dbms,clickbench,postgresql-plain-indexed-load,1,ip-172-31-24-15,olap,benchANT
2026-05-17 08:43:10+00:00,system,n_users,0,dbms,clickbench,postgresql-plain-indexed-load,1,ip-172-31-24-15,olap,benchANT
2026-05-17 08:43:20+00:00,system,n_users,0,dbms,clickbench,postgresql-plain-indexed-load,1,ip-172-31-24-15,olap,benchANT
2026-05-17 08:43:30+00:00,system,n_users,0,dbms,clickbench,postgresql-plain-indexed-load,1,ip-172-31-24-15,olap,benchANT
2026-05-17 08:43:40+00:00,system,n_users,0,dbms,clickbench,postgresql-plain-indexed-load,1,ip-172-31-24-15,olap,benchANT
2026-05-17 08:43:50+00:00,system,n_users,0,dbms,clickbench,postgresql-plain-indexed-load,1,ip-172-31-24-15,olap,benchANT
2026-05-17 08:44:00+00:00,system,n_users,0,dbms,clickbench,postgresql-plain-indexed-load,1,ip-172-31-24-15,olap,benchANT
2026-05-17 08:44:10+00:00,system,n_users,0,dbms,clickbench,postgresql-plain-indexed-load,1,ip-172-31-24-15,olap,benchANT
2026-05-17 08:44:20+00:00,system,n_users,0,dbms,clickbench,postgresql-plain-indexed-load,1,ip-172-31-24-15,olap,benchANT
2026-05-17 08:44:30+00:00,system,n_users,0,dbms,clickbench,postgresql-plain-indexed-load,1,ip-172-31-24-15,olap,benchANT
2026-05-17 08:44:40+00:00,system,n_users,0,dbms,clickbench,postgresql-plain-indexed-load,1,ip-172-31-24-15,olap,benchANT
2026-05-17 08:44:50+00:00,system,n_users,0,dbms,clickbench,postgresql-plain-indexed-load,1,ip-172-31-24-15,olap,benchANT
2026-05-17 08:45:00+00:00,system,n_users,0,dbms,clickbench,postgresql-plain-indexed-load,1,ip-172-31-24-15,olap,benchANT
2026-05-17 08:45:10+00:00,system,n_users,0,dbms,clickbench,postgresql-plain-indexed-load,1,ip-172-31-24-15,olap,benchANT
2026-05-17 08:45:20+00:00,system,n_users,0,dbms,clickbench,postgresql-plain-indexed-load,1,ip-172-31-24-15,olap,benchANT
2026-05-17 08:45:30+00:00,system,n_users,0,dbms,clickbench,postgresql-plain-indexed-load,1,ip-172-31-24-15,olap,benchANT
2026-05-17 08:45:40+00:00,system,n_users,0,dbms,clickbench,postgresql-plain-indexed-load,1,ip-172-31-24-15,olap,benchANT
2026-05-17 08:45:50+00:00,system,n_users,0,dbms,clickbench,postgresql-plain-indexed-load,1,ip-172-31-24-15,olap,benchANT
2026-05-17 08:46:00+00:00,system,n_users,0,dbms,clickbench,postgresql-plain-indexed-load,1,ip-172-31-24-15,olap,benchANT
2026-05-17 08:46:10+00:00,system,n_users,0,dbms,clickbench,postgresql-plain-indexed-load,1,ip-172-31-24-15,olap,benchANT
2026-05-17 08:46:20+00:00,system,n_users,0,dbms,clickbench,postgresql-plain-indexed-load,1,ip-172-31-24-15,olap,benchANT
2026-05-17 08:46:30+00:00,system,n_users,0,dbms,clickbench,postgresql-plain-indexed-load,1,ip-172-31-24-15,olap,benchANT
2026-05-17 08:46:40+00:00,system,n_users,0,dbms,clickbench,postgresql-plain-indexed-load,1,ip-172-31-24-15,olap,benchANT
2026-05-17 08:46:50+00:00,system,n_users,0,dbms,clickbench,postgresql-plain-indexed-load,1,ip-172-31-24-15,olap,benchANT
2026-05-17 08:47:00+00:00,system,n_users,0,dbms,clickbench,postgresql-plain-indexed-load,1,ip-172-31-24-15,olap,benchANT
2026-05-17 08:47:10+00:00,system,n_users,0,dbms,clickbench,postgresql-plain-indexed-load,1,ip-172-31-24-15,olap,benchANT
2026-05-17 08:47:20+00:00,system,n_users,0,dbms,clickbench,postgresql-plain-indexed-load,1,ip-172-31-24-15,olap,benchANT
2026-05-17 08:47:30+00:00,system,n_users,0,dbms,clickbench,postgresql-plain-indexed-load,1,ip-172-31-24-15,olap,benchANT
2026-05-17 08:47:40+00:00,system,n_users,0,dbms,clickbench,postgresql-plain-indexed-load,1,ip-172-31-24-15,olap,benchANT
2026-05-17 08:47:50+00:00,system,n_users,0,dbms,clickbench,postgresql-plain-indexed-load,1,ip-172-31-24-15,olap,benchANT
2026-05-17 08:48:00+00:00,system,n_users,0,dbms,clickbench,postgresql-plain-indexed-load,1,ip-172-31-24-15,olap,benchANT
2026-05-17 08:48:10+00:00,system,n_users,0,dbms,clickbench,postgresql-plain-indexed-load,1,ip-172-31-24-15,olap,benchANT
2026-05-17 08:48:20+00:00,system,n_users,0,dbms,clickbench,postgresql-plain-indexed-load,1,ip-172-31-24-15,olap,benchANT
2026-05-17 08:48:30+00:00,system,n_users,0,dbms,clickbench,postgresql-plain-indexed-load,1,ip-172-31-24-15,olap,benchANT
2026-05-17 08:48:40+00:00,system,n_users,0,dbms,clickbench,postgresql-plain-indexed-load,1,ip-172-31-24-15,olap,benchANT
2026-05-17 08:48:50+00:00,system,n_users,0,dbms,clickbench,postgresql-plain-indexed-load,1,ip-172-31-24-15,olap,benchANT
2026-05-17 08:49:00+00:00,system,n_users,0,dbms,clickbench,postgresql-plain-indexed-load,1,ip-172-31-24-15,olap,benchANT
2026-05-17 08:49:10+00:00,system,n_users,0,dbms,clickbench,postgresql-plain-indexed-load,1,ip-172-31-24-15,olap,benchANT
2026-05-17 08:49:20+00:00,system,n_users,0,dbms,clickbench,postgresql-plain-indexed-load,1,ip-172-31-24-15,olap,benchANT
2026-05-17 08:49:30+00:00,system,n_users,0,dbms,clickbench,postgresql-plain-indexed-load,1,ip-172-31-24-15,olap,benchANT
2026-05-17 08:49:40+00:00,system,n_users,0,dbms,clickbench,postgresql-plain-indexed-load,1,ip-172-31-24-15,olap,benchANT
2026-05-17 08:49:50+00:00,system,n_users,0,dbms,clickbench,postgresql-plain-indexed-load,1,ip-172-31-24-15,olap,benchANT
2026-05-17 08:50:00+00:00,system,n_users,0,dbms,clickbench,postgresql-plain-indexed-load,1,ip-172-31-24-15,olap,benchANT
2026-05-17 08:50:10+00:00,system,n_users,0,dbms,clickbench,postgresql-plain-indexed-load,1,ip-172-31-24-15,olap,benchANT
2026-05-17 08:50:20+00:00,system,n_users,0,dbms,clickbench,postgresql-plain-indexed-load,1,ip-172-31-24-15,olap,benchANT
2026-05-17 08:50:30+00:00,system,n_users,0,dbms,clickbench,postgresql-plain-indexed-load,1,ip-172-31-24-15,olap,benchANT
2026-05-17 08:50:40+00:00,system,n_users,0,dbms,clickbench,postgresql-plain-indexed-load,1,ip-172-31-24-15,olap,benchANT
2026-05-17 08:50:50+00:00,system,n_users,0,dbms,clickbench,postgresql-plain-indexed-load,1,ip-172-31-24-15,olap,benchANT
2026-05-17 08:51:00+00:00,system,n_users,0,dbms,clickbench,postgresql-plain-indexed-load,1,ip-172-31-24-15,olap,benchANT
2026-05-17 08:51:10+00:00,system,n_users,0,dbms,clickbench,postgresql-plain-indexed-load,1,ip-172-31-24-15,olap,benchANT
2026-05-17 08:51:20+00:00,system,n_users,0,dbms,clickbench,postgresql-plain-indexed-load,1,ip-172-31-24-15,olap,benchANT
2026-05-17 08:51:30+00:00,system,n_users,0,dbms,clickbench,postgresql-plain-indexed-load,1,ip-172-31-24-15,olap,benchANT
2026-05-17 08:51:40+00:00,system,n_users,0,dbms,clickbench,postgresql-plain-indexed-load,1,ip-172-31-24-15,olap,benchANT
2026-05-17 08:51:50+00:00,system,n_users,0,dbms,clickbench,postgresql-plain-indexed-load,1,ip-172-31-24-15,olap,benchANT
2026-05-17 08:52:00+00:00,system,n_users,0,dbms,clickbench,postgresql-plain-indexed-load,1,ip-172-31-24-15,olap,benchANT
2026-05-17 08:52:10+00:00,system,n_users,0,dbms,clickbench,postgresql-plain-indexed-load,1,ip-172-31-24-15,olap,benchANT
2026-05-17 08:52:20+00:00,system,n_users,0,dbms,clickbench,postgresql-plain-indexed-load,1,ip-172-31-24-15,olap,benchANT
2026-05-17 08:52:30+00:00,system,n_users,0,dbms,clickbench,postgresql-plain-indexed-load,1,ip-172-31-24-15,olap,benchANT
2026-05-17 08:52:40+00:00,system,n_users,0,dbms,clickbench,postgresql-plain-indexed-load,1,ip-172-31-24-15,olap,benchANT
2026-05-17 08:52:50+00:00,system,n_users,0,dbms,clickbench,postgresql-plain-indexed-load,1,ip-172-31-24-15,olap,benchANT
2026-05-17 08:53:00+00:00,system,n_users,0,dbms,clickbench,postgresql-plain-indexed-load,1,ip-172-31-24-15,olap,benchANT
2026-05-17 08:53:10+00:00,system,n_users,0,dbms,clickbench,postgresql-plain-indexed-load,1,ip-172-31-24-15,olap,benchANT
2026-05-17 08:53:20+00:00,system,n_users,0,dbms,clickbench,postgresql-plain-indexed-load,1,ip-172-31-24-15,olap,benchANT
2026-05-17 08:53:30+00:00,system,n_users,0,dbms,clickbench,postgresql-plain-indexed-load,1,ip-172-31-24-15,olap,benchANT
2026-05-17 08:53:40+00:00,system,n_users,0,dbms,clickbench,postgresql-plain-indexed-load,1,ip-172-31-24-15,olap,benchANT
2026-05-17 08:53:50+00:00,system,n_users,0,dbms,clickbench,postgresql-plain-indexed-load,1,ip-172-31-24-15,olap,benchANT
2026-05-17 08:54:00+00:00,system,n_users,0,dbms,clickbench,postgresql-plain-indexed-load,1,ip-172-31-24-15,olap,benchANT
2026-05-17 08:54:10+00:00,system,n_users,0,dbms,clickbench,postgresql-plain-indexed-load,1,ip-172-31-24-15,olap,benchANT
2026-05-17 08:54:20+00:00,system,n_users,0,dbms,clickbench,postgresql-plain-indexed-load,1,ip-172-31-24-15,olap,benchANT
2026-05-17 08:54:30+00:00,system,n_users,0,dbms,clickbench,postgresql-plain-indexed-load,1,ip-172-31-24-15,olap,benchANT
2026-05-17 08:54:40+00:00,system,n_users,0,dbms,clickbench,postgresql-plain-indexed-load,1,ip-172-31-24-15,olap,benchANT
2026-05-17 08:54:50+00:00,system,n_users,0,dbms,clickbench,postgresql-plain-indexed-load,1,ip-172-31-24-15,olap,benchANT
2026-05-17 08:55:00+00:00,system,n_users,0,dbms,clickbench,postgresql-plain-indexed-load,1,ip-172-31-24-15,olap,benchANT
2026-05-17 08:55:10+00:00,system,n_users,0,dbms,clickbench,postgresql-plain-indexed-load,1,ip-172-31-24-15,olap,benchANT
2026-05-17 08:55:20+00:00,system,n_users,0,dbms,clickbench,postgresql-plain-indexed-load,1,ip-172-31-24-15,olap,benchANT
2026-05-17 08:55:30+00:00,system,n_users,0,dbms,clickbench,postgresql-plain-indexed-load,1,ip-172-31-24-15,olap,benchANT
2026-05-17 08:55:40+00:00,system,n_users,0,dbms,clickbench,postgresql-plain-indexed-load,1,ip-172-31-24-15,olap,benchANT
2026-05-17 08:55:50+00:00,system,n_users,0,dbms,clickbench,postgresql-plain-indexed-load,1,ip-172-31-24-15,olap,benchANT
2026-05-17 08:56:00+00:00,system,n_users,0,dbms,clickbench,postgresql-plain-indexed-load,1,ip-172-31-24-15,olap,benchANT
2026-05-17 08:56:10+00:00,system,n_users,0,dbms,clickbench,postgresql-plain-indexed-load,1,ip-172-31-24-15,olap,benchANT
2026-05-17 08:56:20+00:00,system,n_users,0,dbms,clickbench,postgresql-plain-indexed-load,1,ip-172-31-24-15,olap,benchANT
2026-05-17 08:56:30+00:00,system,n_users,0,dbms,clickbench,postgresql-plain-indexed-load,1,ip-172-31-24-15,olap,benchANT
2026-05-17 08:56:40+00:00,system,n_users,0,dbms,clickbench,postgresql-plain-indexed-load,1,ip-172-31-24-15,olap,benchANT
2026-05-17 08:56:50+00:00,system,n_users,0,dbms,clickbench,postgresql-plain-indexed-load,1,ip-172-31-24-15,olap,benchANT
2026-05-17 08:57:00+00:00,system,n_users,0,dbms,clickbench,postgresql-plain-indexed-load,1,ip-172-31-24-15,olap,benchANT
2026-05-17 08:57:10+00:00,system,n_users,0,dbms,clickbench,postgresql-plain-indexed-load,1,ip-172-31-24-15,olap,benchANT
2026-05-17 08:57:20+00:00,system,n_users,0,dbms,clickbench,postgresql-plain-indexed-load,1,ip-172-31-24-15,olap,benchANT
2026-05-17 08:57:30+00:00,system,n_users,0,dbms,clickbench,postgresql-plain-indexed-load,1,ip-172-31-24-15,olap,benchANT
2026-05-17 08:57:40+00:00,system,n_users,0,dbms,clickbench,postgresql-plain-indexed-load,1,ip-172-31-24-15,olap,benchANT
2026-05-17 08:57:50+00:00,system,n_users,0,dbms,clickbench,postgresql-plain-indexed-load,1,ip-172-31-24-15,olap,benchANT
2026-05-17 08:58:00+00:00,system,n_users,0,dbms,clickbench,postgresql-plain-indexed-load,1,ip-172-31-24-15,olap,benchANT
2026-05-17 08:58:10+00:00,system,n_users,0,dbms,clickbench,postgresql-plain-indexed-load,1,ip-172-31-24-15,olap,benchANT
2026-05-17 08:58:20+00:00,system,n_users,0,dbms,clickbench,postgresql-plain-indexed-load,1,ip-172-31-24-15,olap,benchANT
2026-05-17 08:58:30+00:00,system,n_users,0,dbms,clickbench,postgresql-plain-indexed-load,1,ip-172-31-24-15,olap,benchANT
2026-05-17 08:58:40+00:00,system,n_users,0,dbms,clickbench,postgresql-plain-indexed-load,1,ip-172-31-24-15,olap,benchANT
2026-05-17 08:58:50+00:00,system,n_users,0,dbms,clickbench,postgresql-plain-indexed-load,1,ip-172-31-24-15,olap,benchANT
2026-05-17 08:59:00+00:00,system,n_users,0,dbms,clickbench,postgresql-plain-indexed-load,1,ip-172-31-24-15,olap,benchANT
2026-05-17 08:59:10+00:00,system,n_users,0,dbms,clickbench,postgresql-plain-indexed-load,1,ip-172-31-24-15,olap,benchANT
2026-05-17 08:59:20+00:00,system,n_users,0,dbms,clickbench,postgresql-plain-indexed-load,1,ip-172-31-24-15,olap,benchANT
2026-05-17 08:59:30+00:00,system,n_users,0,dbms,clickbench,postgresql-plain-indexed-load,1,ip-172-31-24-15,olap,benchANT
2026-05-17 08:59:40+00:00,system,n_users,0,dbms,clickbench,postgresql-plain-indexed-load,1,ip-172-31-24-15,olap,benchANT
2026-05-17 08:59:50+00:00,system,n_users,0,dbms,clickbench,postgresql-plain-indexed-load,1,ip-172-31-24-15,olap,benchANT
2026-05-17 09:00:00+00:00,system,n_users,0,dbms,clickbench,postgresql-plain-indexed-load,1,ip-172-31-24-15,olap,benchANT
2026-05-17 09:00:10+00:00,system,n_users,0,dbms,clickbench,postgresql-plain-indexed-load,1,ip-172-31-24-15,olap,benchANT
2026-05-17 09:00:20+00:00,system,n_users,0,dbms,clickbench,postgresql-plain-indexed-load,1,ip-172-31-24-15,olap,benchANT
2026-05-17 09:00:30+00:00,system,n_users,0,dbms,clickbench,postgresql-plain-indexed-load,1,ip-172-31-24-15,olap,benchANT
2026-05-17 09:00:40+00:00,system,n_users,0,dbms,clickbench,postgresql-plain-indexed-load,1,ip-172-31-24-15,olap,benchANT
2026-05-17 09:00:50+00:00,system,n_users,0,dbms,clickbench,postgresql-plain-indexed-load,1,ip-172-31-24-15,olap,benchANT
2026-05-17 09:01:00+00:00,system,n_users,0,dbms,clickbench,postgresql-plain-indexed-load,1,ip-172-31-24-15,olap,benchANT
2026-05-17 09:01:10+00:00,system,n_users,0,dbms,clickbench,postgresql-plain-indexed-load,1,ip-172-31-24-15,olap,benchANT
2026-05-17 09:01:20+00:00,system,n_users,0,dbms,clickbench,postgresql-plain-indexed-load,1,ip-172-31-24-15,olap,benchANT
2026-05-17 09:01:30+00:00,system,n_users,0,dbms,clickbench,postgresql-plain-indexed-load,1,ip-172-31-24-15,olap,benchANT
2026-05-17 09:01:40+00:00,system,n_users,0,dbms,clickbench,postgresql-plain-indexed-load,1,ip-172-31-24-15,olap,benchANT
2026-05-17 09:01:50+00:00,system,n_users,0,dbms,clickbench,postgresql-plain-indexed-load,1,ip-172-31-24-15,olap,benchANT
2026-05-17 09:02:00+00:00,system,n_users,0,dbms,clickbench,postgresql-plain-indexed-load,1,ip-172-31-24-15,olap,benchANT
2026-05-17 09:02:10+00:00,system,n_users,0,dbms,clickbench,postgresql-plain-indexed-load,1,ip-172-31-24-15,olap,benchANT
2026-05-17 09:02:20+00:00,system,n_users,0,dbms,clickbench,postgresql-plain-indexed-load,1,ip-172-31-24-15,olap,benchANT
2026-05-17 09:02:30+00:00,system,n_users,0,dbms,clickbench,postgresql-plain-indexed-load,1,ip-172-31-24-15,olap,benchANT
2026-05-17 09:02:40+00:00,system,n_users,0,dbms,clickbench,postgresql-plain-indexed-load,1,ip-172-31-24-15,olap,benchANT
2026-05-17 09:02:50+00:00,system,n_users,0,dbms,clickbench,postgresql-plain-indexed-load,1,ip-172-31-24-15,olap,benchANT
2026-05-17 09:03:00+00:00,system,n_users,0,dbms,clickbench,postgresql-plain-indexed-load,1,ip-172-31-24-15,olap,benchANT
2026-05-17 09:03:10+00:00,system,n_users,0,dbms,clickbench,postgresql-plain-indexed-load,1,ip-172-31-24-15,olap,benchANT
2026-05-17 09:03:20+00:00,system,n_users,0,dbms,clickbench,postgresql-plain-indexed-load,1,ip-172-31-24-15,olap,benchANT
2026-05-17 09:03:30+00:00,system,n_users,0,dbms,clickbench,postgresql-plain-indexed-load,1,ip-172-31-24-15,olap,benchANT
2026-05-17 09:03:40+00:00,system,n_users,0,dbms,clickbench,postgresql-plain-indexed-load,1,ip-172-31-24-15,olap,benchANT
2026-05-17 09:03:50+00:00,system,n_users,0,dbms,clickbench,postgresql-plain-indexed-load,1,ip-172-31-24-15,olap,benchANT
2026-05-17 09:04:00+00:00,system,n_users,0,dbms,clickbench,postgresql-plain-indexed-load,1,ip-172-31-24-15,olap,benchANT
2026-05-17 09:04:10+00:00,system,n_users,0,dbms,clickbench,postgresql-plain-indexed-load,1,ip-172-31-24-15,olap,benchANT
2026-05-17 09:04:20+00:00,system,n_users,0,dbms,clickbench,postgresql-plain-indexed-load,1,ip-172-31-24-15,olap,benchANT
2026-05-17 09:04:30+00:00,system,n_users,0,dbms,clickbench,postgresql-plain-indexed-load,1,ip-172-31-24-15,olap,benchANT
2026-05-17 09:04:40+00:00,system,n_users,0,dbms,clickbench,postgresql-plain-indexed-load,1,ip-172-31-24-15,olap,benchANT
2026-05-17 09:04:50+00:00,system,n_users,0,dbms,clickbench,postgresql-plain-indexed-load,1,ip-172-31-24-15,olap,benchANT
2026-05-17 09:05:00+00:00,system,n_users,0,dbms,clickbench,postgresql-plain-indexed-load,1,ip-172-31-24-15,olap,benchANT
2026-05-17 09:05:10+00:00,system,n_users,0,dbms,clickbench,postgresql-plain-indexed-load,1,ip-172-31-24-15,olap,benchANT
2026-05-17 09:05:20+00:00,system,n_users,0,dbms,clickbench,postgresql-plain-indexed-load,1,ip-172-31-24-15,olap,benchANT
2026-05-17 09:05:30+00:00,system,n_users,0,dbms,clickbench,postgresql-plain-indexed-load,1,ip-172-31-24-15,olap,benchANT
2026-05-17 09:05:40+00:00,system,n_users,0,dbms,clickbench,postgresql-plain-indexed-load,1,ip-172-31-24-15,olap,benchANT
2026-05-17 09:05:50+00:00,system,n_users,0,dbms,clickbench,postgresql-plain-indexed-load,1,ip-172-31-24-15,olap,benchANT
2026-05-17 09:06:00+00:00,system,n_users,0,dbms,clickbench,postgresql-plain-indexed-load,1,ip-172-31-24-15,olap,benchANT
2026-05-17 09:06:10+00:00,system,n_users,0,dbms,clickbench,postgresql-plain-indexed-load,1,ip-172-31-24-15,olap,benchANT
2026-05-17 09:06:20+00:00,system,n_users,0,dbms,clickbench,postgresql-plain-indexed-load,1,ip-172-31-24-15,olap,benchANT
2026-05-17 09:06:30+00:00,system,n_users,0,dbms,clickbench,postgresql-plain-indexed-load,1,ip-172-31-24-15,olap,benchANT
2026-05-17 09:06:40+00:00,system,n_users,0,dbms,clickbench,postgresql-plain-indexed-load,1,ip-172-31-24-15,olap,benchANT
2026-05-17 09:06:50+00:00,system,n_users,0,dbms,clickbench,postgresql-plain-indexed-load,1,ip-172-31-24-15,olap,benchANT
2026-05-17 09:07:00+00:00,system,n_users,0,dbms,clickbench,postgresql-plain-indexed-load,1,ip-172-31-24-15,olap,benchANT
2026-05-17 09:07:10+00:00,system,n_users,0,dbms,clickbench,postgresql-plain-indexed-load,1,ip-172-31-24-15,olap,benchANT
2026-05-17 09:07:20+00:00,system,n_users,0,dbms,clickbench,postgresql-plain-indexed-load,1,ip-172-31-24-15,olap,benchANT
2026-05-17 09:07:30+00:00,system,n_users,0,dbms,clickbench,postgresql-plain-indexed-load,1,ip-172-31-24-15,olap,benchANT
2026-05-17 09:07:40+00:00,system,n_users,0,dbms,clickbench,postgresql-plain-indexed-load,1,ip-172-31-24-15,olap,benchANT
2026-05-17 09:07:50+00:00,system,n_users,0,dbms,clickbench,postgresql-plain-indexed-load,1,ip-172-31-24-15,olap,benchANT
2026-05-17 09:08:00+00:00,system,n_users,0,dbms,clickbench,postgresql-plain-indexed-load,1,ip-172-31-24-15,olap,benchANT
2026-05-17 09:08:10+00:00,system,n_users,0,dbms,clickbench,postgresql-plain-indexed-load,1,ip-172-31-24-15,olap,benchANT
2026-05-17 09:08:20+00:00,system,n_users,0,dbms,clickbench,postgresql-plain-indexed-load,1,ip-172-31-24-15,olap,benchANT
2026-05-17 09:08:30+00:00,system,n_users,0,dbms,clickbench,postgresql-plain-indexed-load,1,ip-172-31-24-15,olap,benchANT
2026-05-17 09:08:40+00:00,system,n_users,0,dbms,clickbench,postgresql-plain-indexed-load,1,ip-172-31-24-15,olap,benchANT
2026-05-17 09:08:50+00:00,system,n_users,0,dbms,clickbench,postgresql-plain-indexed-load,1,ip-172-31-24-15,olap,benchANT
2026-05-17 09:09:00+00:00,system,n_users,0,dbms,clickbench,postgresql-plain-indexed-load,1,ip-172-31-24-15,olap,benchANT
2026-05-17 09:09:10+00:00,system,n_users,0,dbms,clickbench,postgresql-plain-indexed-load,1,ip-172-31-24-15,olap,benchANT
2026-05-17 09:09:20+00:00,system,n_users,0,dbms,clickbench,postgresql-plain-indexed-load,1,ip-172-31-24-15,olap,benchANT
2026-05-17 09:09:30+00:00,system,n_users,0,dbms,clickbench,postgresql-plain-indexed-load,1,ip-172-31-24-15,olap,benchANT
2026-05-17 09:09:40+00:00,system,n_users,0,dbms,clickbench,postgresql-plain-indexed-load,1,ip-172-31-24-15,olap,benchANT
2026-05-17 09:09:50+00:00,system,n_users,0,dbms,clickbench,postgresql-plain-indexed-load,1,ip-172-31-24-15,olap,benchANT
2026-05-17 09:10:00+00:00,system,n_users,0,dbms,clickbench,postgresql-plain-indexed-load,1,ip-172-31-24-15,olap,benchANT
2026-05-17 09:10:10+00:00,system,n_users,0,dbms,clickbench,postgresql-plain-indexed-load,1,ip-172-31-24-15,olap,benchANT
2026-05-17 09:10:20+00:00,system,n_users,0,dbms,clickbench,postgresql-plain-indexed-load,1,ip-172-31-24-15,olap,benchANT
2026-05-17 09:10:30+00:00,system,n_users,0,dbms,clickbench,postgresql-plain-indexed-load,1,ip-172-31-24-15,olap,benchANT
2026-05-17 09:10:40+00:00,system,n_users,0,dbms,clickbench,postgresql-plain-indexed-load,1,ip-172-31-24-15,olap,benchANT
2026-05-17 09:10:50+00:00,system,n_users,0,dbms,clickbench,postgresql-plain-indexed-load,1,ip-172-31-24-15,olap,benchANT
2026-05-17 09:11:00+00:00,system,n_users,0,dbms,clickbench,postgresql-plain-indexed-load,1,ip-172-31-24-15,olap,benchANT
2026-05-17 09:11:10+00:00,system,n_users,0,dbms,clickbench,postgresql-plain-indexed-load,1,ip-172-31-24-15,olap,benchANT
2026-05-17 09:11:20+00:00,system,n_users,0,dbms,clickbench,postgresql-plain-indexed-load,1,ip-172-31-24-15,olap,benchANT
2026-05-17 09:11:30+00:00,system,n_users,0,dbms,clickbench,postgresql-plain-indexed-load,1,ip-172-31-24-15,olap,benchANT
2026-05-17 09:11:40+00:00,system,n_users,0,dbms,clickbench,postgresql-plain-indexed-load,1,ip-172-31-24-15,olap,benchANT
2026-05-17 09:11:50+00:00,system,n_users,0,dbms,clickbench,postgresql-plain-indexed-load,1,ip-172-31-24-15,olap,benchANT
2026-05-17 09:12:00+00:00,system,n_users,0,dbms,clickbench,postgresql-plain-indexed-load,1,ip-172-31-24-15,olap,benchANT
2026-05-17 09:12:10+00:00,system,n_users,0,dbms,clickbench,postgresql-plain-indexed-load,1,ip-172-31-24-15,olap,benchANT
2026-05-17 09:12:20+00:00,system,n_users,0,dbms,clickbench,postgresql-plain-indexed-load,1,ip-172-31-24-15,olap,benchANT
2026-05-17 09:12:30+00:00,system,n_users,0,dbms,clickbench,postgresql-plain-indexed-load,1,ip-172-31-24-15,olap,benchANT
2026-05-17 09:12:40+00:00,system,n_users,0,dbms,clickbench,postgresql-plain-indexed-load,1,ip-172-31-24-15,olap,benchANT
2026-05-17 09:12:50+00:00,system,n_users,0,dbms,clickbench,postgresql-plain-indexed-load,1,ip-172-31-24-15,olap,benchANT
2026-05-17 09:13:00+00:00,system,n_users,0,dbms,clickbench,postgresql-plain-indexed-load,1,ip-172-31-24-15,olap,benchANT
2026-05-17 09:13:10+00:00,system,n_users,0,dbms,clickbench,postgresql-plain-indexed-load,1,ip-172-31-24-15,olap,benchANT
2026-05-17 09:13:20+00:00,system,n_users,0,dbms,clickbench,postgresql-plain-indexed-load,1,ip-172-31-24-15,olap,benchANT
2026-05-17 09:13:30+00:00,system,n_users,0,dbms,clickbench,postgresql-plain-indexed-load,1,ip-172-31-24-15,olap,benchANT
2026-05-17 09:13:40+00:00,system,n_users,0,dbms,clickbench,postgresql-plain-indexed-load,1,ip-172-31-24-15,olap,benchANT
2026-05-17 09:13:50+00:00,system,n_users,0,dbms,clickbench,postgresql-plain-indexed-load,1,ip-172-31-24-15,olap,benchANT
2026-05-17 09:14:00+00:00,system,n_users,0,dbms,clickbench,postgresql-plain-indexed-load,1,ip-172-31-24-15,olap,benchANT
2026-05-17 09:14:10+00:00,system,n_users,0,dbms,clickbench,postgresql-plain-indexed-load,1,ip-172-31-24-15,olap,benchANT
2026-05-17 09:14:20+00:00,system,n_users,0,dbms,clickbench,postgresql-plain-indexed-load,1,ip-172-31-24-15,olap,benchANT
2026-05-17 09:14:30+00:00,system,n_users,0,dbms,clickbench,postgresql-plain-indexed-load,1,ip-172-31-24-15,olap,benchANT
2026-05-17 09:14:40+00:00,system,n_users,0,dbms,clickbench,postgresql-plain-indexed-load,1,ip-172-31-24-15,olap,benchANT
2026-05-17 09:14:50+00:00,system,n_users,0,dbms,clickbench,postgresql-plain-indexed-load,1,ip-172-31-24-15,olap,benchANT
2026-05-17 09:15:00+00:00,system,n_users,0,dbms,clickbench,postgresql-plain-indexed-load,1,ip-172-31-24-15,olap,benchANT
2026-05-17 09:15:10+00:00,system,n_users,0,dbms,clickbench,postgresql-plain-indexed-load,1,ip-172-31-24-15,olap,benchANT
2026-05-17 09:15:20+00:00,system,n_users,0,dbms,clickbench,postgresql-plain-indexed-load,1,ip-172-31-24-15,olap,benchANT
2026-05-17 09:15:30+00:00,system,n_users,0,dbms,clickbench,postgresql-plain-indexed-load,1,ip-172-31-24-15,olap,benchANT
2026-05-17 09:15:40+00:00,system,n_users,0,dbms,clickbench,postgresql-plain-indexed-load,1,ip-172-31-24-15,olap,benchANT
2026-05-17 09:15:50+00:00,system,n_users,0,dbms,clickbench,postgresql-plain-indexed-load,1,ip-172-31-24-15,olap,benchANT
2026-05-17 09:16:00+00:00,system,n_users,0,dbms,clickbench,postgresql-plain-indexed-load,1,ip-172-31-24-15,olap,benchANT
2026-05-17 09:16:10+00:00,system,n_users,0,dbms,clickbench,postgresql-plain-indexed-load,1,ip-172-31-24-15,olap,benchANT
2026-05-17 09:16:20+00:00,system,n_users,0,dbms,clickbench,postgresql-plain-indexed-load,1,ip-172-31-24-15,olap,benchANT
2026-05-17 09:16:30+00:00,system,n_users,0,dbms,clickbench,postgresql-plain-indexed-load,1,ip-172-31-24-15,olap,benchANT
2026-05-17 09:16:40+00:00,system,n_users,0,dbms,clickbench,postgresql-plain-indexed-load,1,ip-172-31-24-15,olap,benchANT
2026-05-17 09:16:50+00:00,system,n_users,0,dbms,clickbench,postgresql-plain-indexed-load,1,ip-172-31-24-15,olap,benchANT
2026-05-17 09:17:00+00:00,system,n_users,0,dbms,clickbench,postgresql-plain-indexed-load,1,ip-172-31-24-15,olap,benchANT
2026-05-17 09:17:10+00:00,system,n_users,0,dbms,clickbench,postgresql-plain-indexed-load,1,ip-172-31-24-15,olap,benchANT
2026-05-17 09:17:20+00:00,system,n_users,0,dbms,clickbench,postgresql-plain-indexed-load,1,ip-172-31-24-15,olap,benchANT
2026-05-17 09:17:30+00:00,system,n_users,0,dbms,clickbench,postgresql-plain-indexed-load,1,ip-172-31-24-15,olap,benchANT
2026-05-17 09:17:40+00:00,system,n_users,0,dbms,clickbench,postgresql-plain-indexed-load,1,ip-172-31-24-15,olap,benchANT
2026-05-17 09:17:50+00:00,system,n_users,0,dbms,clickbench,postgresql-plain-indexed-load,1,ip-172-31-24-15,olap,benchANT
2026-05-17 09:18:00+00:00,system,n_users,0,dbms,clickbench,postgresql-plain-indexed-load,1,ip-172-31-24-15,olap,benchANT
2026-05-17 09:18:10+00:00,system,n_users,0,dbms,clickbench,postgresql-plain-indexed-load,1,ip-172-31-24-15,olap,benchANT
2026-05-17 09:18:20+00:00,system,n_users,0,dbms,clickbench,postgresql-plain-indexed-load,1,ip-172-31-24-15,olap,benchANT
2026-05-17 09:18:30+00:00,system,n_users,0,dbms,clickbench,postgresql-plain-indexed-load,1,ip-172-31-24-15,olap,benchANT
2026-05-17 09:18:40+00:00,system,n_users,0,dbms,clickbench,postgresql-plain-indexed-load,1,ip-172-31-24-15,olap,benchANT
2026-05-17 09:18:50+00:00,system,n_users,0,dbms,clickbench,postgresql-plain-indexed-load,1,ip-172-31-24-15,olap,benchANT
2026-05-17 09:19:00+00:00,system,n_users,0,dbms,clickbench,postgresql-plain-indexed-load,1,ip-172-31-24-15,olap,benchANT
2026-05-17 09:19:10+00:00,system,n_users,0,dbms,clickbench,postgresql-plain-indexed-load,1,ip-172-31-24-15,olap,benchANT
2026-05-17 09:19:20+00:00,system,n_users,0,dbms,clickbench,postgresql-plain-indexed-load,1,ip-172-31-24-15,olap,benchANT
2026-05-17 09:19:30+00:00,system,n_users,0,dbms,clickbench,postgresql-plain-indexed-load,1,ip-172-31-24-15,olap,benchANT
2026-05-17 09:19:40+00:00,system,n_users,0,dbms,clickbench,postgresql-plain-indexed-load,1,ip-172-31-24-15,olap,benchANT
2026-05-17 09:19:50+00:00,system,n_users,0,dbms,clickbench,postgresql-plain-indexed-load,1,ip-172-31-24-15,olap,benchANT
2026-05-17 09:20:00+00:00,system,n_users,0,dbms,clickbench,postgresql-plain-indexed-load,1,ip-172-31-24-15,olap,benchANT
2026-05-17 09:20:10+00:00,system,n_users,0,dbms,clickbench,postgresql-plain-indexed-load,1,ip-172-31-24-15,olap,benchANT
2026-05-17 09:20:20+00:00,system,n_users,0,dbms,clickbench,postgresql-plain-indexed-load,1,ip-172-31-24-15,olap,benchANT
2026-05-17 09:20:30+00:00,system,n_users,0,dbms,clickbench,postgresql-plain-indexed-load,1,ip-172-31-24-15,olap,benchANT
2026-05-17 09:20:40+00:00,system,n_users,0,dbms,clickbench,postgresql-plain-indexed-load,1,ip-172-31-24-15,olap,benchANT
2026-05-17 09:20:50+00:00,system,n_users,0,dbms,clickbench,postgresql-plain-indexed-load,1,ip-172-31-24-15,olap,benchANT
2026-05-17 09:21:00+00:00,system,n_users,0,dbms,clickbench,postgresql-plain-indexed-load,1,ip-172-31-24-15,olap,benchANT
2026-05-17 09:21:10+00:00,system,n_users,0,dbms,clickbench,postgresql-plain-indexed-load,1,ip-172-31-24-15,olap,benchANT
2026-05-17 09:21:20+00:00,system,n_users,0,dbms,clickbench,postgresql-plain-indexed-load,1,ip-172-31-24-15,olap,benchANT
2026-05-17 09:21:30+00:00,system,n_users,0,dbms,clickbench,postgresql-plain-indexed-load,1,ip-172-31-24-15,olap,benchANT
2026-05-17 09:21:40+00:00,system,n_users,0,dbms,clickbench,postgresql-plain-indexed-load,1,ip-172-31-24-15,olap,benchANT
2026-05-17 09:21:50+00:00,system,n_users,0,dbms,clickbench,postgresql-plain-indexed-load,1,ip-172-31-24-15,olap,benchANT
2026-05-17 09:22:00+00:00,system,n_users,0,dbms,clickbench,postgresql-plain-indexed-load,1,ip-172-31-24-15,olap,benchANT
2026-05-17 09:22:10+00:00,system,n_users,0,dbms,clickbench,postgresql-plain-indexed-load,1,ip-172-31-24-15,olap,benchANT
2026-05-17 09:22:20+00:00,system,n_users,0,dbms,clickbench,postgresql-plain-indexed-load,1,ip-172-31-24-15,olap,benchANT
2026-05-17 09:22:30+00:00,system,n_users,0,dbms,clickbench,postgresql-plain-indexed-load,1,ip-172-31-24-15,olap,benchANT
2026-05-17 09:22:40+00:00,system,n_users,0,dbms,clickbench,postgresql-plain-indexed-load,1,ip-172-31-24-15,olap,benchANT
2026-05-17 09:22:50+00:00,system,n_users,0,dbms,clickbench,postgresql-plain-indexed-load,1,ip-172-31-24-15,olap,benchANT
2026-05-17 09:23:00+00:00,system,n_users,0,dbms,clickbench,postgresql-plain-indexed-load,1,ip-172-31-24-15,olap,benchANT
2026-05-17 09:23:10+00:00,system,n_users,0,dbms,clickbench,postgresql-plain-indexed-load,1,ip-172-31-24-15,olap,benchANT
2026-05-17 09:23:20+00:00,system,n_users,0,dbms,clickbench,postgresql-plain-indexed-load,1,ip-172-31-24-15,olap,benchANT
2026-05-17 09:23:30+00:00,system,n_users,0,dbms,clickbench,postgresql-plain-indexed-load,1,ip-172-31-24-15,olap,benchANT
2026-05-17 09:23:40+00:00,system,n_users,0,dbms,clickbench,postgresql-plain-indexed-load,1,ip-172-31-24-15,olap,benchANT
2026-05-17 09:23:50+00:00,system,n_users,0,dbms,clickbench,postgresql-plain-indexed-load,1,ip-172-31-24-15,olap,benchANT
2026-05-17 09:24:00+00:00,system,n_users,0,dbms,clickbench,postgresql-plain-indexed-load,1,ip-172-31-24-15,olap,benchANT
2026-05-17 09:24:10+00:00,system,n_users,0,dbms,clickbench,postgresql-plain-indexed-load,1,ip-172-31-24-15,olap,benchANT
2026-05-17 09:24:20+00:00,system,n_users,0,dbms,clickbench,postgresql-plain-indexed-load,1,ip-172-31-24-15,olap,benchANT
2026-05-17 09:24:30+00:00,system,n_users,0,dbms,clickbench,postgresql-plain-indexed-load,1,ip-172-31-24-15,olap,benchANT
2026-05-17 09:24:40+00:00,system,n_users,0,dbms,clickbench,postgresql-plain-indexed-load,1,ip-172-31-24-15,olap,benchANT
2026-05-17 09:24:50+00:00,system,n_users,0,dbms,clickbench,postgresql-plain-indexed-load,1,ip-172-31-24-15,olap,benchANT
2026-05-17 09:25:00+00:00,system,n_users,0,dbms,clickbench,postgresql-plain-indexed-load,1,ip-172-31-24-15,olap,benchANT
2026-05-17 09:25:10+00:00,system,n_users,0,dbms,clickbench,postgresql-plain-indexed-load,1,ip-172-31-24-15,olap,benchANT
2026-05-17 09:25:20+00:00,system,n_users,0,dbms,clickbench,postgresql-plain-indexed-load,1,ip-172-31-24-15,olap,benchANT
2026-05-17 09:25:30+00:00,system,n_users,0,dbms,clickbench,postgresql-plain-indexed-load,1,ip-172-31-24-15,olap,benchANT
2026-05-17 09:25:40+00:00,system,n_users,0,dbms,clickbench,postgresql-plain-indexed-load,1,ip-172-31-24-15,olap,benchANT
2026-05-17 09:25:50+00:00,system,n_users,0,dbms,clickbench,postgresql-plain-indexed-load,1,ip-172-31-24-15,olap,benchANT
2026-05-17 09:26:00+00:00,system,n_users,0,dbms,clickbench,postgresql-plain-indexed-load,1,ip-172-31-24-15,olap,benchANT
2026-05-17 09:26:10+00:00,system,n_users,0,dbms,clickbench,postgresql-plain-indexed-load,1,ip-172-31-24-15,olap,benchANT
2026-05-17 09:26:20+00:00,system,n_users,0,dbms,clickbench,postgresql-plain-indexed-load,1,ip-172-31-24-15,olap,benchANT
2026-05-17 09:26:30+00:00,system,n_users,0,dbms,clickbench,postgresql-plain-indexed-load,1,ip-172-31-24-15,olap,benchANT
2026-05-17 09:26:40+00:00,system,n_users,0,dbms,clickbench,postgresql-plain-indexed-load,1,ip-172-31-24-15,olap,benchANT
2026-05-17 09:26:50+00:00,system,n_users,0,dbms,clickbench,postgresql-plain-indexed-load,1,ip-172-31-24-15,olap,benchANT
2026-05-17 09:27:00+00:00,system,n_users,0,dbms,clickbench,postgresql-plain-indexed-load,1,ip-172-31-24-15,olap,benchANT
2026-05-17 09:27:10+00:00,system,n_users,0,dbms,clickbench,postgresql-plain-indexed-load,1,ip-172-31-24-15,olap,benchANT
2026-05-17 09:27:20+00:00,system,n_users,0,dbms,clickbench,postgresql-plain-indexed-load,1,ip-172-31-24-15,olap,benchANT
2026-05-17 09:27:30+00:00,system,n_users,0,dbms,clickbench,postgresql-plain-indexed-load,1,ip-172-31-24-15,olap,benchANT
2026-05-17 09:27:40+00:00,system,n_users,0,dbms,clickbench,postgresql-plain-indexed-load,1,ip-172-31-24-15,olap,benchANT
2026-05-17 09:27:50+00:00,system,n_users,0,dbms,clickbench,postgresql-plain-indexed-load,1,ip-172-31-24-15,olap,benchANT
2026-05-17 09:28:00+00:00,system,n_users,0,dbms,clickbench,postgresql-plain-indexed-load,1,ip-172-31-24-15,olap,benchANT
2026-05-17 09:28:10+00:00,system,n_users,0,dbms,clickbench,postgresql-plain-indexed-load,1,ip-172-31-24-15,olap,benchANT
2026-05-17 09:28:20+00:00,system,n_users,0,dbms,clickbench,postgresql-plain-indexed-load,1,ip-172-31-24-15,olap,benchANT
2026-05-17 09:28:30+00:00,system,n_users,0,dbms,clickbench,postgresql-plain-indexed-load,1,ip-172-31-24-15,olap,benchANT
2026-05-17 09:28:40+00:00,system,n_users,0,dbms,clickbench,postgresql-plain-indexed-load,1,ip-172-31-24-15,olap,benchANT
2026-05-17 09:28:50+00:00,system,n_users,0,dbms,clickbench,postgresql-plain-indexed-load,1,ip-172-31-24-15,olap,benchANT
2026-05-17 09:29:00+00:00,system,n_users,0,dbms,clickbench,postgresql-plain-indexed-load,1,ip-172-31-24-15,olap,benchANT
2026-05-17 09:29:10+00:00,system,n_users,0,dbms,clickbench,postgresql-plain-indexed-load,1,ip-172-31-24-15,olap,benchANT
2026-05-17 09:29:20+00:00,system,n_users,0,dbms,clickbench,postgresql-plain-indexed-load,1,ip-172-31-24-15,olap,benchANT
2026-05-17 09:29:30+00:00,system,n_users,0,dbms,clickbench,postgresql-plain-indexed-load,1,ip-172-31-24-15,olap,benchANT
2026-05-17 09:29:40+00:00,system,n_users,0,dbms,clickbench,postgresql-plain-indexed-load,1,ip-172-31-24-15,olap,benchANT
2026-05-17 09:29:50+00:00,system,n_users,0,dbms,clickbench,postgresql-plain-indexed-load,1,ip-172-31-24-15,olap,benchANT
2026-05-17 09:30:00+00:00,system,n_users,0,dbms,clickbench,postgresql-plain-indexed-load,1,ip-172-31-24-15,olap,benchANT
2026-05-17 09:30:10+00:00,system,n_users,0,dbms,clickbench,postgresql-plain-indexed-load,1,ip-172-31-24-15,olap,benchANT
2026-05-17 09:30:20+00:00,system,n_users,0,dbms,clickbench,postgresql-plain-indexed-load,1,ip-172-31-24-15,olap,benchANT
2026-05-17 09:30:30+00:00,system,n_users,0,dbms,clickbench,postgresql-plain-indexed-load,1,ip-172-31-24-15,olap,benchANT
2026-05-17 09:30:40+00:00,system,n_users,0,dbms,clickbench,postgresql-plain-indexed-load,1,ip-172-31-24-15,olap,benchANT
2026-05-17 09:30:50+00:00,system,n_users,0,dbms,clickbench,postgresql-plain-indexed-load,1,ip-172-31-24-15,olap,benchANT
2026-05-17 09:31:00+00:00,system,n_users,0,dbms,clickbench,postgresql-plain-indexed-load,1,ip-172-31-24-15,olap,benchANT
2026-05-17 09:31:10+00:00,system,n_users,0,dbms,clickbench,postgresql-plain-indexed-load,1,ip-172-31-24-15,olap,benchANT
2026-05-17 09:31:20+00:00,system,n_users,0,dbms,clickbench,postgresql-plain-indexed-load,1,ip-172-31-24-15,olap,benchANT
2026-05-17 09:31:30+00:00,system,n_users,0,dbms,clickbench,postgresql-plain-indexed-load,1,ip-172-31-24-15,olap,benchANT
2026-05-17 09:31:40+00:00,system,n_users,0,dbms,clickbench,postgresql-plain-indexed-load,1,ip-172-31-24-15,olap,benchANT
2026-05-17 09:31:50+00:00,system,n_users,0,dbms,clickbench,postgresql-plain-indexed-load,1,ip-172-31-24-15,olap,benchANT
2026-05-17 09:32:00+00:00,system,n_users,0,dbms,clickbench,postgresql-plain-indexed-load,1,ip-172-31-24-15,olap,benchANT
2026-05-17 09:32:10+00:00,system,n_users,0,dbms,clickbench,postgresql-plain-indexed-load,1,ip-172-31-24-15,olap,benchANT
2026-05-17 09:32:20+00:00,system,n_users,0,dbms,clickbench,postgresql-plain-indexed-load,1,ip-172-31-24-15,olap,benchANT
2026-05-17 09:32:30+00:00,system,n_users,0,dbms,clickbench,postgresql-plain-indexed-load,1,ip-172-31-24-15,olap,benchANT
2026-05-17 09:32:40+00:00,system,n_users,0,dbms,clickbench,postgresql-plain-indexed-load,1,ip-172-31-24-15,olap,benchANT
2026-05-17 09:32:50+00:00,system,n_users,0,dbms,clickbench,postgresql-plain-indexed-load,1,ip-172-31-24-15,olap,benchANT
2026-05-17 09:33:00+00:00,system,n_users,0,dbms,clickbench,postgresql-plain-indexed-load,1,ip-172-31-24-15,olap,benchANT
2026-05-17 09:33:10+00:00,system,n_users,0,dbms,clickbench,postgresql-plain-indexed-load,1,ip-172-31-24-15,olap,benchANT
2026-05-17 09:33:20+00:00,system,n_users,0,dbms,clickbench,postgresql-plain-indexed-load,1,ip-172-31-24-15,olap,benchANT
2026-05-17 09:33:30+00:00,system,n_users,0,dbms,clickbench,postgresql-plain-indexed-load,1,ip-172-31-24-15,olap,benchANT
2026-05-17 09:33:40+00:00,system,n_users,0,dbms,clickbench,postgresql-plain-indexed-load,1,ip-172-31-24-15,olap,benchANT
2026-05-17 09:33:50+00:00,system,n_users,0,dbms,clickbench,postgresql-plain-indexed-load,1,ip-172-31-24-15,olap,benchANT
2026-05-17 09:34:00+00:00,system,n_users,0,dbms,clickbench,postgresql-plain-indexed-load,1,ip-172-31-24-15,olap,benchANT
2026-05-17 09:34:10+00:00,system,n_users,0,dbms,clickbench,postgresql-plain-indexed-load,1,ip-172-31-24-15,olap,benchANT
2026-05-17 09:34:20+00:00,system,n_users,0,dbms,clickbench,postgresql-plain-indexed-load,1,ip-172-31-24-15,olap,benchANT
2026-05-17 09:34:30+00:00,system,n_users,0,dbms,clickbench,postgresql-plain-indexed-load,1,ip-172-31-24-15,olap,benchANT
2026-05-17 09:34:40+00:00,system,n_users,0,dbms,clickbench,postgresql-plain-indexed-load,1,ip-172-31-24-15,olap,benchANT
2026-05-17 09:34:50+00:00,system,n_users,0,dbms,clickbench,postgresql-plain-indexed-load,1,ip-172-31-24-15,olap,benchANT
2026-05-17 09:35:00+00:00,system,n_users,0,dbms,clickbench,postgresql-plain-indexed-load,1,ip-172-31-24-15,olap,benchANT
2026-05-17 09:35:10+00:00,system,n_users,0,dbms,clickbench,postgresql-plain-indexed-load,1,ip-172-31-24-15,olap,benchANT
2026-05-17 09:35:20+00:00,system,n_users,0,dbms,clickbench,postgresql-plain-indexed-load,1,ip-172-31-24-15,olap,benchANT
2026-05-17 09:35:30+00:00,system,n_users,0,dbms,clickbench,postgresql-plain-indexed-load,1,ip-172-31-24-15,olap,benchANT
2026-05-17 09:35:40+00:00,system,n_users,0,dbms,clickbench,postgresql-plain-indexed-load,1,ip-172-31-24-15,olap,benchANT
2026-05-17 09:35:50+00:00,system,n_users,0,dbms,clickbench,postgresql-plain-indexed-load,1,ip-172-31-24-15,olap,benchANT
2026-05-17 09:36:00+00:00,system,n_users,0,dbms,clickbench,postgresql-plain-indexed-load,1,ip-172-31-24-15,olap,benchANT
2026-05-17 09:36:10+00:00,system,n_users,0,dbms,clickbench,postgresql-plain-indexed-load,1,ip-172-31-24-15,olap,benchANT
2026-05-17 09:36:20+00:00,system,n_users,0,dbms,clickbench,postgresql-plain-indexed-load,1,ip-172-31-24-15,olap,benchANT
2026-05-17 09:36:30+00:00,system,n_users,0,dbms,clickbench,postgresql-plain-indexed-load,1,ip-172-31-24-15,olap,benchANT
2026-05-17 09:36:40+00:00,system,n_users,0,dbms,clickbench,postgresql-plain-indexed-load,1,ip-172-31-24-15,olap,benchANT
2026-05-17 09:36:50+00:00,system,n_users,0,dbms,clickbench,postgresql-plain-indexed-load,1,ip-172-31-24-15,olap,benchANT
2026-05-17 09:37:00+00:00,system,n_users,0,dbms,clickbench,postgresql-plain-indexed-load,1,ip-172-31-24-15,olap,benchANT
2026-05-17 09:37:10+00:00,system,n_users,0,dbms,clickbench,postgresql-plain-indexed-load,1,ip-172-31-24-15,olap,benchANT
2026-05-17 09:37:20+00:00,system,n_users,0,dbms,clickbench,postgresql-plain-indexed-load,1,ip-172-31-24-15,olap,benchANT
2026-05-17 09:37:30+00:00,system,n_users,0,dbms,clickbench,postgresql-plain-indexed-load,1,ip-172-31-24-15,olap,benchANT
2026-05-17 09:37:40+00:00,system,n_users,0,dbms,clickbench,postgresql-plain-indexed-load,1,ip-172-31-24-15,olap,benchANT
2026-05-17 09:37:50+00:00,system,n_users,0,dbms,clickbench,postgresql-plain-indexed-load,1,ip-172-31-24-15,olap,benchANT
2026-05-17 09:38:00+00:00,system,n_users,0,dbms,clickbench,postgresql-plain-indexed-load,1,ip-172-31-24-15,olap,benchANT
2026-05-17 09:38:10+00:00,system,n_users,0,dbms,clickbench,postgresql-plain-indexed-load,1,ip-172-31-24-15,olap,benchANT
2026-05-17 09:38:20+00:00,system,n_users,0,dbms,clickbench,postgresql-plain-indexed-load,1,ip-172-31-24-15,olap,benchANT
2026-05-17 09:38:30+00:00,system,n_users,0,dbms,clickbench,postgresql-plain-indexed-load,1,ip-172-31-24-15,olap,benchANT
2026-05-17 09:38:40+00:00,system,n_users,0,dbms,clickbench,postgresql-plain-indexed-load,1,ip-172-31-24-15,olap,benchANT
2026-05-17 09:38:50+00:00,system,n_users,0,dbms,clickbench,postgresql-plain-indexed-load,1,ip-172-31-24-15,olap,benchANT
2026-05-17 09:39:00+00:00,system,n_users,0,dbms,clickbench,postgresql-plain-indexed-load,1,ip-172-31-24-15,olap,benchANT
2026-05-17 09:39:10+00:00,system,n_users,0,dbms,clickbench,postgresql-plain-indexed-load,1,ip-172-31-24-15,olap,benchANT
2026-05-17 09:39:20+00:00,system,n_users,0,dbms,clickbench,postgresql-plain-indexed-load,1,ip-172-31-24-15,olap,benchANT
2026-05-17 09:39:30+00:00,system,n_users,0,dbms,clickbench,postgresql-plain-indexed-load,1,ip-172-31-24-15,olap,benchANT
2026-05-17 09:39:40+00:00,system,n_users,0,dbms,clickbench,postgresql-plain-indexed-load,1,ip-172-31-24-15,olap,benchANT
2026-05-17 09:39:50+00:00,system,n_users,0,dbms,clickbench,postgresql-plain-indexed-load,1,ip-172-31-24-15,olap,benchANT
2026-05-17 09:40:00+00:00,system,n_users,0,dbms,clickbench,postgresql-plain-indexed-load,1,ip-172-31-24-15,olap,benchANT
2026-05-17 09:40:10+00:00,system,n_users,0,dbms,clickbench,postgresql-plain-indexed-load,1,ip-172-31-24-15,olap,benchANT
2026-05-17 09:40:20+00:00,system,n_users,0,dbms,clickbench,postgresql-plain-indexed-load,1,ip-172-31-24-15,olap,benchANT
2026-05-17 09:40:30+00:00,system,n_users,0,dbms,clickbench,postgresql-plain-indexed-load,1,ip-172-31-24-15,olap,benchANT
2026-05-17 09:40:40+00:00,system,n_users,0,dbms,clickbench,postgresql-plain-indexed-load,1,ip-172-31-24-15,olap,benchANT
2026-05-17 09:40:50+00:00,system,n_users,0,dbms,clickbench,postgresql-plain-indexed-load,1,ip-172-31-24-15,olap,benchANT
2026-05-17 09:41:00+00:00,system,n_users,0,dbms,clickbench,postgresql-plain-indexed-load,1,ip-172-31-24-15,olap,benchANT
2026-05-17 09:41:10+00:00,system,n_users,0,dbms,clickbench,postgresql-plain-indexed-load,1,ip-172-31-24-15,olap,benchANT
2026-05-17 09:41:20+00:00,system,n_users,0,dbms,clickbench,postgresql-plain-indexed-load,1,ip-172-31-24-15,olap,benchANT
2026-05-17 09:41:30+00:00,system,n_users,0,dbms,clickbench,postgresql-plain-indexed-load,1,ip-172-31-24-15,olap,benchANT
2026-05-17 09:41:40+00:00,system,n_users,0,dbms,clickbench,postgresql-plain-indexed-load,1,ip-172-31-24-15,olap,benchANT
2026-05-17 09:41:50+00:00,system,n_users,0,dbms,clickbench,postgresql-plain-indexed-load,1,ip-172-31-24-15,olap,benchANT
2026-05-17 09:42:00+00:00,system,n_users,0,dbms,clickbench,postgresql-plain-indexed-load,1,ip-172-31-24-15,olap,benchANT
2026-05-17 09:42:10+00:00,system,n_users,0,dbms,clickbench,postgresql-plain-indexed-load,1,ip-172-31-24-15,olap,benchANT
2026-05-17 09:42:20+00:00,system,n_users,0,dbms,clickbench,postgresql-plain-indexed-load,1,ip-172-31-24-15,olap,benchANT
2026-05-17 09:42:30+00:00,system,n_users,0,dbms,clickbench,postgresql-plain-indexed-load,1,ip-172-31-24-15,olap,benchANT
2026-05-17 09:42:40+00:00,system,n_users,0,dbms,clickbench,postgresql-plain-indexed-load,1,ip-172-31-24-15,olap,benchANT
2026-05-17 09:42:50+00:00,system,n_users,0,dbms,clickbench,postgresql-plain-indexed-load,1,ip-172-31-24-15,olap,benchANT
2026-05-17 09:43:00+00:00,system,n_users,0,dbms,clickbench,postgresql-plain-indexed-load,1,ip-172-31-24-15,olap,benchANT
2026-05-17 09:43:10+00:00,system,n_users,0,dbms,clickbench,postgresql-plain-indexed-load,1,ip-172-31-24-15,olap,benchANT
2026-05-17 09:43:20+00:00,system,n_users,0,dbms,clickbench,postgresql-plain-indexed-load,1,ip-172-31-24-15,olap,benchANT
2026-05-17 09:43:30+00:00,system,n_users,0,dbms,clickbench,postgresql-plain-indexed-load,1,ip-172-31-24-15,olap,benchANT
2026-05-17 09:43:40+00:00,system,n_users,0,dbms,clickbench,postgresql-plain-indexed-load,1,ip-172-31-24-15,olap,benchANT
2026-05-17 09:43:50+00:00,system,n_users,0,dbms,clickbench,postgresql-plain-indexed-load,1,ip-172-31-24-15,olap,benchANT
2026-05-17 09:44:00+00:00,system,n_users,0,dbms,clickbench,postgresql-plain-indexed-load,1,ip-172-31-24-15,olap,benchANT
2026-05-17 09:44:10+00:00,system,n_users,0,dbms,clickbench,postgresql-plain-indexed-load,1,ip-172-31-24-15,olap,benchANT
2026-05-17 09:44:20+00:00,system,n_users,0,dbms,clickbench,postgresql-plain-indexed-load,1,ip-172-31-24-15,olap,benchANT
2026-05-17 09:44:30+00:00,system,n_users,0,dbms,clickbench,postgresql-plain-indexed-load,1,ip-172-31-24-15,olap,benchANT
2026-05-17 09:44:40+00:00,system,n_users,0,dbms,clickbench,postgresql-plain-indexed-load,1,ip-172-31-24-15,olap,benchANT
2026-05-17 09:44:50+00:00,system,n_users,0,dbms,clickbench,postgresql-plain-indexed-load,1,ip-172-31-24-15,olap,benchANT
2026-05-17 09:45:00+00:00,system,n_users,0,dbms,clickbench,postgresql-plain-indexed-load,1,ip-172-31-24-15,olap,benchANT
2026-05-17 09:45:10+00:00,system,n_users,0,dbms,clickbench,postgresql-plain-indexed-load,1,ip-172-31-24-15,olap,benchANT
2026-05-17 09:45:20+00:00,system,n_users,0,dbms,clickbench,postgresql-plain-indexed-load,1,ip-172-31-24-15,olap,benchANT
2026-05-17 09:45:30+00:00,system,n_users,0,dbms,clickbench,postgresql-plain-indexed-load,1,ip-172-31-24-15,olap,benchANT
2026-05-17 09:45:40+00:00,system,n_users,0,dbms,clickbench,postgresql-plain-indexed-load,1,ip-172-31-24-15,olap,benchANT
2026-05-17 09:45:50+00:00,system,n_users,0,dbms,clickbench,postgresql-plain-indexed-load,1,ip-172-31-24-15,olap,benchANT
2026-05-17 09:46:00+00:00,system,n_users,0,dbms,clickbench,postgresql-plain-indexed-load,1,ip-172-31-24-15,olap,benchANT
2026-05-17 09:46:10+00:00,system,n_users,0,dbms,clickbench,postgresql-plain-indexed-load,1,ip-172-31-24-15,olap,benchANT
2026-05-17 09:46:20+00:00,system,n_users,0,dbms,clickbench,postgresql-plain-indexed-load,1,ip-172-31-24-15,olap,benchANT
2026-05-17 09:46:30+00:00,system,n_users,0,dbms,clickbench,postgresql-plain-indexed-load,1,ip-172-31-24-15,olap,benchANT
2026-05-17 09:46:40+00:00,system,n_users,0,dbms,clickbench,postgresql-plain-indexed-load,1,ip-172-31-24-15,olap,benchANT
2026-05-17 09:46:50+00:00,system,n_users,0,dbms,clickbench,postgresql-plain-indexed-load,1,ip-172-31-24-15,olap,benchANT
2026-05-17 09:47:00+00:00,system,n_users,0,dbms,clickbench,postgresql-plain-indexed-load,1,ip-172-31-24-15,olap,benchANT
2026-05-17 09:47:10+00:00,system,n_users,0,dbms,clickbench,postgresql-plain-indexed-load,1,ip-172-31-24-15,olap,benchANT
2026-05-17 09:47:20+00:00,system,n_users,0,dbms,clickbench,postgresql-plain-indexed-load,1,ip-172-31-24-15,olap,benchANT
2026-05-17 09:47:30+00:00,system,n_users,0,dbms,clickbench,postgresql-plain-indexed-load,1,ip-172-31-24-15,olap,benchANT
2026-05-17 09:47:40+00:00,system,n_users,0,dbms,clickbench,postgresql-plain-indexed-load,1,ip-172-31-24-15,olap,benchANT
2026-05-17 09:47:50+00:00,system,n_users,0,dbms,clickbench,postgresql-plain-indexed-load,1,ip-172-31-24-15,olap,benchANT
2026-05-17 09:48:00+00:00,system,n_users,0,dbms,clickbench,postgresql-plain-indexed-load,1,ip-172-31-24-15,olap,benchANT
2026-05-17 09:48:10+00:00,system,n_users,0,dbms,clickbench,postgresql-plain-indexed-load,1,ip-172-31-24-15,olap,benchANT
2026-05-17 09:48:20+00:00,system,n_users,0,dbms,clickbench,postgresql-plain-indexed-load,1,ip-172-31-24-15,olap,benchANT
2026-05-17 09:48:30+00:00,system,n_users,0,dbms,clickbench,postgresql-plain-indexed-load,1,ip-172-31-24-15,olap,benchANT
2026-05-17 09:48:40+00:00,system,n_users,0,dbms,clickbench,postgresql-plain-indexed-load,1,ip-172-31-24-15,olap,benchANT
2026-05-17 09:48:50+00:00,system,n_users,0,dbms,clickbench,postgresql-plain-indexed-load,1,ip-172-31-24-15,olap,benchANT
2026-05-17 09:49:00+00:00,system,n_users,0,dbms,clickbench,postgresql-plain-indexed-load,1,ip-172-31-24-15,olap,benchANT
2026-05-17 09:49:10+00:00,system,n_users,0,dbms,clickbench,postgresql-plain-indexed-load,1,ip-172-31-24-15,olap,benchANT
2026-05-17 09:49:20+00:00,system,n_users,0,dbms,clickbench,postgresql-plain-indexed-load,1,ip-172-31-24-15,olap,benchANT
2026-05-17 09:49:30+00:00,system,n_users,0,dbms,clickbench,postgresql-plain-indexed-load,1,ip-172-31-24-15,olap,benchANT
2026-05-17 09:49:40+00:00,system,n_users,0,dbms,clickbench,postgresql-plain-indexed-load,1,ip-172-31-24-15,olap,benchANT
2026-05-17 09:49:50+00:00,system,n_users,0,dbms,clickbench,postgresql-plain-indexed-load,1,ip-172-31-24-15,olap,benchANT
2026-05-17 09:50:00+00:00,system,n_users,0,dbms,clickbench,postgresql-plain-indexed-load,1,ip-172-31-24-15,olap,benchANT
2026-05-17 09:50:10+00:00,system,n_users,0,dbms,clickbench,postgresql-plain-indexed-load,1,ip-172-31-24-15,olap,benchANT
2026-05-17 09:50:20+00:00,system,n_users,0,dbms,clickbench,postgresql-plain-indexed-load,1,ip-172-31-24-15,olap,benchANT
2026-05-17 09:50:30+00:00,system,n_users,0,dbms,clickbench,postgresql-plain-indexed-load,1,ip-172-31-24-15,olap,benchANT
2026-05-17 09:50:40+00:00,system,n_users,0,dbms,clickbench,postgresql-plain-indexed-load,1,ip-172-31-24-15,olap,benchANT
2026-05-17 09:50:50+00:00,system,n_users,0,dbms,clickbench,postgresql-plain-indexed-load,1,ip-172-31-24-15,olap,benchANT
2026-05-17 09:51:00+00:00,system,n_users,0,dbms,clickbench,postgresql-plain-indexed-load,1,ip-172-31-24-15,olap,benchANT
2026-05-17 09:51:10+00:00,system,n_users,0,dbms,clickbench,postgresql-plain-indexed-load,1,ip-172-31-24-15,olap,benchANT
2026-05-17 09:51:20+00:00,system,n_users,0,dbms,clickbench,postgresql-plain-indexed-load,1,ip-172-31-24-15,olap,benchANT
2026-05-17 09:51:30+00:00,system,n_users,0,dbms,clickbench,postgresql-plain-indexed-load,1,ip-172-31-24-15,olap,benchANT
2026-05-17 09:51:40+00:00,system,n_users,0,dbms,clickbench,postgresql-plain-indexed-load,1,ip-172-31-24-15,olap,benchANT
2026-05-17 09:51:50+00:00,system,n_users,0,dbms,clickbench,postgresql-plain-indexed-load,1,ip-172-31-24-15,olap,benchANT
2026-05-17 09:52:00+00:00,system,n_users,0,dbms,clickbench,postgresql-plain-indexed-load,1,ip-172-31-24-15,olap,benchANT
2026-05-17 09:52:10+00:00,system,n_users,0,dbms,clickbench,postgresql-plain-indexed-load,1,ip-172-31-24-15,olap,benchANT
2026-05-17 09:52:20+00:00,system,n_users,0,dbms,clickbench,postgresql-plain-indexed-load,1,ip-172-31-24-15,olap,benchANT
2026-05-17 09:52:30+00:00,system,n_users,0,dbms,clickbench,postgresql-plain-indexed-load,1,ip-172-31-24-15,olap,benchANT
2026-05-17 09:52:40+00:00,system,n_users,0,dbms,clickbench,postgresql-plain-indexed-load,1,ip-172-31-24-15,olap,benchANT
2026-05-17 09:52:50+00:00,system,n_users,0,dbms,clickbench,postgresql-plain-indexed-load,1,ip-172-31-24-15,olap,benchANT
2026-05-17 09:53:00+00:00,system,n_users,0,dbms,clickbench,postgresql-plain-indexed-load,1,ip-172-31-24-15,olap,benchANT
2026-05-17 09:53:10+00:00,system,n_users,0,dbms,clickbench,postgresql-plain-indexed-load,1,ip-172-31-24-15,olap,benchANT
2026-05-17 09:53:20+00:00,system,n_users,0,dbms,clickbench,postgresql-plain-indexed-load,1,ip-172-31-24-15,olap,benchANT
2026-05-17 09:53:30+00:00,system,n_users,0,dbms,clickbench,postgresql-plain-indexed-load,1,ip-172-31-24-15,olap,benchANT
2026-05-17 09:53:40+00:00,system,n_users,0,dbms,clickbench,postgresql-plain-indexed-load,1,ip-172-31-24-15,olap,benchANT
2026-05-17 09:53:50+00:00,system,n_users,0,dbms,clickbench,postgresql-plain-indexed-load,1,ip-172-31-24-15,olap,benchANT
2026-05-17 09:54:00+00:00,system,n_users,0,dbms,clickbench,postgresql-plain-indexed-load,1,ip-172-31-24-15,olap,benchANT
2026-05-17 09:54:10+00:00,system,n_users,0,dbms,clickbench,postgresql-plain-indexed-load,1,ip-172-31-24-15,olap,benchANT
2026-05-17 09:54:20+00:00,system,n_users,0,dbms,clickbench,postgresql-plain-indexed-load,1,ip-172-31-24-15,olap,benchANT
2026-05-17 09:54:30+00:00,system,n_users,0,dbms,clickbench,postgresql-plain-indexed-load,1,ip-172-31-24-15,olap,benchANT
2026-05-17 09:54:40+00:00,system,n_users,0,dbms,clickbench,postgresql-plain-indexed-load,1,ip-172-31-24-15,olap,benchANT
2026-05-17 09:54:50+00:00,system,n_users,0,dbms,clickbench,postgresql-plain-indexed-load,1,ip-172-31-24-15,olap,benchANT
2026-05-17 09:55:00+00:00,system,n_users,0,dbms,clickbench,postgresql-plain-indexed-load,1,ip-172-31-24-15,olap,benchANT
2026-05-17 09:55:10+00:00,system,n_users,0,dbms,clickbench,postgresql-plain-indexed-load,1,ip-172-31-24-15,olap,benchANT
2026-05-17 09:55:20+00:00,system,n_users,0,dbms,clickbench,postgresql-plain-indexed-load,1,ip-172-31-24-15,olap,benchANT
2026-05-17 09:55:30+00:00,system,n_users,0,dbms,clickbench,postgresql-plain-indexed-load,1,ip-172-31-24-15,olap,benchANT
2026-05-17 09:55:40+00:00,system,n_users,0,dbms,clickbench,postgresql-plain-indexed-load,1,ip-172-31-24-15,olap,benchANT
2026-05-17 09:55:50+00:00,system,n_users,0,dbms,clickbench,postgresql-plain-indexed-load,1,ip-172-31-24-15,olap,benchANT
2026-05-17 09:56:00+00:00,system,n_users,0,dbms,clickbench,postgresql-plain-indexed-load,1,ip-172-31-24-15,olap,benchANT
2026-05-17 09:56:10+00:00,system,n_users,0,dbms,clickbench,postgresql-plain-indexed-load,1,ip-172-31-24-15,olap,benchANT
2026-05-17 09:56:20+00:00,system,n_users,0,dbms,clickbench,postgresql-plain-indexed-load,1,ip-172-31-24-15,olap,benchANT
2026-05-17 09:56:30+00:00,system,n_users,0,dbms,clickbench,postgresql-plain-indexed-load,1,ip-172-31-24-15,olap,benchANT
2026-05-17 09:56:40+00:00,system,n_users,0,dbms,clickbench,postgresql-plain-indexed-load,1,ip-172-31-24-15,olap,benchANT
2026-05-17 09:56:50+00:00,system,n_users,0,dbms,clickbench,postgresql-plain-indexed-load,1,ip-172-31-24-15,olap,benchANT
2026-05-17 09:57:00+00:00,system,n_users,0,dbms,clickbench,postgresql-plain-indexed-load,1,ip-172-31-24-15,olap,benchANT
2026-05-17 09:57:10+00:00,system,n_users,0,dbms,clickbench,postgresql-plain-indexed-load,1,ip-172-31-24-15,olap,benchANT
2026-05-17 09:57:20+00:00,system,n_users,0,dbms,clickbench,postgresql-plain-indexed-load,1,ip-172-31-24-15,olap,benchANT
2026-05-17 09:57:30+00:00,system,n_users,0,dbms,clickbench,postgresql-plain-indexed-load,1,ip-172-31-24-15,olap,benchANT
2026-05-17 09:57:40+00:00,system,n_users,0,dbms,clickbench,postgresql-plain-indexed-load,1,ip-172-31-24-15,olap,benchANT
2026-05-17 09:57:50+00:00,system,n_users,0,dbms,clickbench,postgresql-plain-indexed-load,1,ip-172-31-24-15,olap,benchANT
2026-05-17 07:24:00+00:00,system,uptime,43617,dbms,clickbench,postgresql-plain-indexed-load,1,ip-172-31-24-15,olap,benchANT
2026-05-17 07:24:10+00:00,system,uptime,43627,dbms,clickbench,postgresql-plain-indexed-load,1,ip-172-31-24-15,olap,benchANT
2026-05-17 07:24:20+00:00,system,uptime,43637,dbms,clickbench,postgresql-plain-indexed-load,1,ip-172-31-24-15,olap,benchANT
2026-05-17 07:24:30+00:00,system,uptime,43647,dbms,clickbench,postgresql-plain-indexed-load,1,ip-172-31-24-15,olap,benchANT
2026-05-17 07:24:40+00:00,system,uptime,43657,dbms,clickbench,postgresql-plain-indexed-load,1,ip-172-31-24-15,olap,benchANT
2026-05-17 07:24:50+00:00,system,uptime,43667,dbms,clickbench,postgresql-plain-indexed-load,1,ip-172-31-24-15,olap,benchANT
2026-05-17 07:25:00+00:00,system,uptime,43677,dbms,clickbench,postgresql-plain-indexed-load,1,ip-172-31-24-15,olap,benchANT
2026-05-17 07:25:10+00:00,system,uptime,43687,dbms,clickbench,postgresql-plain-indexed-load,1,ip-172-31-24-15,olap,benchANT
2026-05-17 07:25:20+00:00,system,uptime,43697,dbms,clickbench,postgresql-plain-indexed-load,1,ip-172-31-24-15,olap,benchANT
2026-05-17 07:25:30+00:00,system,uptime,43707,dbms,clickbench,postgresql-plain-indexed-load,1,ip-172-31-24-15,olap,benchANT
2026-05-17 07:25:40+00:00,system,uptime,43717,dbms,clickbench,postgresql-plain-indexed-load,1,ip-172-31-24-15,olap,benchANT
2026-05-17 07:25:50+00:00,system,uptime,43727,dbms,clickbench,postgresql-plain-indexed-load,1,ip-172-31-24-15,olap,benchANT
2026-05-17 07:26:00+00:00,system,uptime,43737,dbms,clickbench,postgresql-plain-indexed-load,1,ip-172-31-24-15,olap,benchANT
2026-05-17 07:26:10+00:00,system,uptime,43747,dbms,clickbench,postgresql-plain-indexed-load,1,ip-172-31-24-15,olap,benchANT
2026-05-17 07:26:20+00:00,system,uptime,43757,dbms,clickbench,postgresql-plain-indexed-load,1,ip-172-31-24-15,olap,benchANT
2026-05-17 07:26:30+00:00,system,uptime,43767,dbms,clickbench,postgresql-plain-indexed-load,1,ip-172-31-24-15,olap,benchANT
2026-05-17 07:26:40+00:00,system,uptime,43777,dbms,clickbench,postgresql-plain-indexed-load,1,ip-172-31-24-15,olap,benchANT
2026-05-17 07:26:50+00:00,system,uptime,43787,dbms,clickbench,postgresql-plain-indexed-load,1,ip-172-31-24-15,olap,benchANT
2026-05-17 07:27:00+00:00,system,uptime,43797,dbms,clickbench,postgresql-plain-indexed-load,1,ip-172-31-24-15,olap,benchANT
2026-05-17 07:27:10+00:00,system,uptime,43807,dbms,clickbench,postgresql-plain-indexed-load,1,ip-172-31-24-15,olap,benchANT
2026-05-17 07:27:20+00:00,system,uptime,43817,dbms,clickbench,postgresql-plain-indexed-load,1,ip-172-31-24-15,olap,benchANT
2026-05-17 07:27:30+00:00,system,uptime,43827,dbms,clickbench,postgresql-plain-indexed-load,1,ip-172-31-24-15,olap,benchANT
2026-05-17 07:27:40+00:00,system,uptime,43837,dbms,clickbench,postgresql-plain-indexed-load,1,ip-172-31-24-15,olap,benchANT
2026-05-17 07:27:50+00:00,system,uptime,43847,dbms,clickbench,postgresql-plain-indexed-load,1,ip-172-31-24-15,olap,benchANT
2026-05-17 07:28:00+00:00,system,uptime,43857,dbms,clickbench,postgresql-plain-indexed-load,1,ip-172-31-24-15,olap,benchANT
2026-05-17 07:28:10+00:00,system,uptime,43867,dbms,clickbench,postgresql-plain-indexed-load,1,ip-172-31-24-15,olap,benchANT
2026-05-17 07:28:20+00:00,system,uptime,43877,dbms,clickbench,postgresql-plain-indexed-load,1,ip-172-31-24-15,olap,benchANT
2026-05-17 07:28:30+00:00,system,uptime,43887,dbms,clickbench,postgresql-plain-indexed-load,1,ip-172-31-24-15,olap,benchANT
2026-05-17 07:28:40+00:00,system,uptime,43897,dbms,clickbench,postgresql-plain-indexed-load,1,ip-172-31-24-15,olap,benchANT
2026-05-17 07:28:50+00:00,system,uptime,43907,dbms,clickbench,postgresql-plain-indexed-load,1,ip-172-31-24-15,olap,benchANT
2026-05-17 07:29:00+00:00,system,uptime,43917,dbms,clickbench,postgresql-plain-indexed-load,1,ip-172-31-24-15,olap,benchANT
2026-05-17 07:29:10+00:00,system,uptime,43927,dbms,clickbench,postgresql-plain-indexed-load,1,ip-172-31-24-15,olap,benchANT
2026-05-17 07:29:20+00:00,system,uptime,43937,dbms,clickbench,postgresql-plain-indexed-load,1,ip-172-31-24-15,olap,benchANT
2026-05-17 07:29:30+00:00,system,uptime,43947,dbms,clickbench,postgresql-plain-indexed-load,1,ip-172-31-24-15,olap,benchANT
2026-05-17 07:29:40+00:00,system,uptime,43957,dbms,clickbench,postgresql-plain-indexed-load,1,ip-172-31-24-15,olap,benchANT
2026-05-17 07:29:50+00:00,system,uptime,43967,dbms,clickbench,postgresql-plain-indexed-load,1,ip-172-31-24-15,olap,benchANT
2026-05-17 07:30:00+00:00,system,uptime,43977,dbms,clickbench,postgresql-plain-indexed-load,1,ip-172-31-24-15,olap,benchANT
2026-05-17 07:30:10+00:00,system,uptime,43987,dbms,clickbench,postgresql-plain-indexed-load,1,ip-172-31-24-15,olap,benchANT
2026-05-17 07:30:20+00:00,system,uptime,43997,dbms,clickbench,postgresql-plain-indexed-load,1,ip-172-31-24-15,olap,benchANT
2026-05-17 07:30:30+00:00,system,uptime,44007,dbms,clickbench,postgresql-plain-indexed-load,1,ip-172-31-24-15,olap,benchANT
2026-05-17 07:30:40+00:00,system,uptime,44017,dbms,clickbench,postgresql-plain-indexed-load,1,ip-172-31-24-15,olap,benchANT
2026-05-17 07:30:50+00:00,system,uptime,44027,dbms,clickbench,postgresql-plain-indexed-load,1,ip-172-31-24-15,olap,benchANT
2026-05-17 07:31:00+00:00,system,uptime,44037,dbms,clickbench,postgresql-plain-indexed-load,1,ip-172-31-24-15,olap,benchANT
2026-05-17 07:31:10+00:00,system,uptime,44047,dbms,clickbench,postgresql-plain-indexed-load,1,ip-172-31-24-15,olap,benchANT
2026-05-17 07:31:20+00:00,system,uptime,44057,dbms,clickbench,postgresql-plain-indexed-load,1,ip-172-31-24-15,olap,benchANT
2026-05-17 07:31:30+00:00,system,uptime,44067,dbms,clickbench,postgresql-plain-indexed-load,1,ip-172-31-24-15,olap,benchANT
2026-05-17 07:31:40+00:00,system,uptime,44077,dbms,clickbench,postgresql-plain-indexed-load,1,ip-172-31-24-15,olap,benchANT
2026-05-17 07:31:50+00:00,system,uptime,44087,dbms,clickbench,postgresql-plain-indexed-load,1,ip-172-31-24-15,olap,benchANT
2026-05-17 07:32:00+00:00,system,uptime,44097,dbms,clickbench,postgresql-plain-indexed-load,1,ip-172-31-24-15,olap,benchANT
2026-05-17 07:32:10+00:00,system,uptime,44107,dbms,clickbench,postgresql-plain-indexed-load,1,ip-172-31-24-15,olap,benchANT
2026-05-17 07:32:20+00:00,system,uptime,44117,dbms,clickbench,postgresql-plain-indexed-load,1,ip-172-31-24-15,olap,benchANT
2026-05-17 07:32:30+00:00,system,uptime,44127,dbms,clickbench,postgresql-plain-indexed-load,1,ip-172-31-24-15,olap,benchANT
2026-05-17 07:32:40+00:00,system,uptime,44137,dbms,clickbench,postgresql-plain-indexed-load,1,ip-172-31-24-15,olap,benchANT
2026-05-17 07:32:50+00:00,system,uptime,44147,dbms,clickbench,postgresql-plain-indexed-load,1,ip-172-31-24-15,olap,benchANT
2026-05-17 07:33:00+00:00,system,uptime,44157,dbms,clickbench,postgresql-plain-indexed-load,1,ip-172-31-24-15,olap,benchANT
2026-05-17 07:33:10+00:00,system,uptime,44167,dbms,clickbench,postgresql-plain-indexed-load,1,ip-172-31-24-15,olap,benchANT
2026-05-17 07:33:20+00:00,system,uptime,44177,dbms,clickbench,postgresql-plain-indexed-load,1,ip-172-31-24-15,olap,benchANT
2026-05-17 07:33:30+00:00,system,uptime,44187,dbms,clickbench,postgresql-plain-indexed-load,1,ip-172-31-24-15,olap,benchANT
2026-05-17 07:33:40+00:00,system,uptime,44197,dbms,clickbench,postgresql-plain-indexed-load,1,ip-172-31-24-15,olap,benchANT
2026-05-17 07:33:50+00:00,system,uptime,44207,dbms,clickbench,postgresql-plain-indexed-load,1,ip-172-31-24-15,olap,benchANT
2026-05-17 07:34:00+00:00,system,uptime,44217,dbms,clickbench,postgresql-plain-indexed-load,1,ip-172-31-24-15,olap,benchANT
2026-05-17 07:34:10+00:00,system,uptime,44227,dbms,clickbench,postgresql-plain-indexed-load,1,ip-172-31-24-15,olap,benchANT
2026-05-17 07:34:20+00:00,system,uptime,44237,dbms,clickbench,postgresql-plain-indexed-load,1,ip-172-31-24-15,olap,benchANT
2026-05-17 07:34:30+00:00,system,uptime,44247,dbms,clickbench,postgresql-plain-indexed-load,1,ip-172-31-24-15,olap,benchANT
2026-05-17 07:34:40+00:00,system,uptime,44257,dbms,clickbench,postgresql-plain-indexed-load,1,ip-172-31-24-15,olap,benchANT
2026-05-17 07:34:50+00:00,system,uptime,44267,dbms,clickbench,postgresql-plain-indexed-load,1,ip-172-31-24-15,olap,benchANT
2026-05-17 07:35:00+00:00,system,uptime,44277,dbms,clickbench,postgresql-plain-indexed-load,1,ip-172-31-24-15,olap,benchANT
2026-05-17 07:35:10+00:00,system,uptime,44287,dbms,clickbench,postgresql-plain-indexed-load,1,ip-172-31-24-15,olap,benchANT
2026-05-17 07:35:20+00:00,system,uptime,44297,dbms,clickbench,postgresql-plain-indexed-load,1,ip-172-31-24-15,olap,benchANT
2026-05-17 07:35:30+00:00,system,uptime,44307,dbms,clickbench,postgresql-plain-indexed-load,1,ip-172-31-24-15,olap,benchANT
2026-05-17 07:35:40+00:00,system,uptime,44317,dbms,clickbench,postgresql-plain-indexed-load,1,ip-172-31-24-15,olap,benchANT
2026-05-17 07:35:50+00:00,system,uptime,44327,dbms,clickbench,postgresql-plain-indexed-load,1,ip-172-31-24-15,olap,benchANT
2026-05-17 07:36:00+00:00,system,uptime,44337,dbms,clickbench,postgresql-plain-indexed-load,1,ip-172-31-24-15,olap,benchANT
2026-05-17 07:36:10+00:00,system,uptime,44347,dbms,clickbench,postgresql-plain-indexed-load,1,ip-172-31-24-15,olap,benchANT
2026-05-17 07:36:20+00:00,system,uptime,44357,dbms,clickbench,postgresql-plain-indexed-load,1,ip-172-31-24-15,olap,benchANT
2026-05-17 07:36:30+00:00,system,uptime,44367,dbms,clickbench,postgresql-plain-indexed-load,1,ip-172-31-24-15,olap,benchANT
2026-05-17 07:36:40+00:00,system,uptime,44377,dbms,clickbench,postgresql-plain-indexed-load,1,ip-172-31-24-15,olap,benchANT
2026-05-17 07:36:50+00:00,system,uptime,44387,dbms,clickbench,postgresql-plain-indexed-load,1,ip-172-31-24-15,olap,benchANT
2026-05-17 07:37:00+00:00,system,uptime,44397,dbms,clickbench,postgresql-plain-indexed-load,1,ip-172-31-24-15,olap,benchANT
2026-05-17 07:37:10+00:00,system,uptime,44407,dbms,clickbench,postgresql-plain-indexed-load,1,ip-172-31-24-15,olap,benchANT
2026-05-17 07:37:20+00:00,system,uptime,44417,dbms,clickbench,postgresql-plain-indexed-load,1,ip-172-31-24-15,olap,benchANT
2026-05-17 07:37:30+00:00,system,uptime,44427,dbms,clickbench,postgresql-plain-indexed-load,1,ip-172-31-24-15,olap,benchANT
2026-05-17 07:37:40+00:00,system,uptime,44437,dbms,clickbench,postgresql-plain-indexed-load,1,ip-172-31-24-15,olap,benchANT
2026-05-17 07:37:50+00:00,system,uptime,44447,dbms,clickbench,postgresql-plain-indexed-load,1,ip-172-31-24-15,olap,benchANT
2026-05-17 07:38:00+00:00,system,uptime,44457,dbms,clickbench,postgresql-plain-indexed-load,1,ip-172-31-24-15,olap,benchANT
2026-05-17 07:38:10+00:00,system,uptime,44467,dbms,clickbench,postgresql-plain-indexed-load,1,ip-172-31-24-15,olap,benchANT
2026-05-17 07:38:20+00:00,system,uptime,44477,dbms,clickbench,postgresql-plain-indexed-load,1,ip-172-31-24-15,olap,benchANT
2026-05-17 07:38:30+00:00,system,uptime,44487,dbms,clickbench,postgresql-plain-indexed-load,1,ip-172-31-24-15,olap,benchANT
2026-05-17 07:38:40+00:00,system,uptime,44497,dbms,clickbench,postgresql-plain-indexed-load,1,ip-172-31-24-15,olap,benchANT
2026-05-17 07:38:50+00:00,system,uptime,44507,dbms,clickbench,postgresql-plain-indexed-load,1,ip-172-31-24-15,olap,benchANT
2026-05-17 07:39:00+00:00,system,uptime,44517,dbms,clickbench,postgresql-plain-indexed-load,1,ip-172-31-24-15,olap,benchANT
2026-05-17 07:39:10+00:00,system,uptime,44527,dbms,clickbench,postgresql-plain-indexed-load,1,ip-172-31-24-15,olap,benchANT
2026-05-17 07:39:20+00:00,system,uptime,44537,dbms,clickbench,postgresql-plain-indexed-load,1,ip-172-31-24-15,olap,benchANT
2026-05-17 07:39:30+00:00,system,uptime,44547,dbms,clickbench,postgresql-plain-indexed-load,1,ip-172-31-24-15,olap,benchANT
2026-05-17 07:39:40+00:00,system,uptime,44557,dbms,clickbench,postgresql-plain-indexed-load,1,ip-172-31-24-15,olap,benchANT
2026-05-17 07:39:50+00:00,system,uptime,44567,dbms,clickbench,postgresql-plain-indexed-load,1,ip-172-31-24-15,olap,benchANT
2026-05-17 07:40:00+00:00,system,uptime,44577,dbms,clickbench,postgresql-plain-indexed-load,1,ip-172-31-24-15,olap,benchANT
2026-05-17 07:40:10+00:00,system,uptime,44587,dbms,clickbench,postgresql-plain-indexed-load,1,ip-172-31-24-15,olap,benchANT
2026-05-17 07:40:20+00:00,system,uptime,44597,dbms,clickbench,postgresql-plain-indexed-load,1,ip-172-31-24-15,olap,benchANT
2026-05-17 07:40:30+00:00,system,uptime,44607,dbms,clickbench,postgresql-plain-indexed-load,1,ip-172-31-24-15,olap,benchANT
2026-05-17 07:40:40+00:00,system,uptime,44617,dbms,clickbench,postgresql-plain-indexed-load,1,ip-172-31-24-15,olap,benchANT
2026-05-17 07:40:50+00:00,system,uptime,44627,dbms,clickbench,postgresql-plain-indexed-load,1,ip-172-31-24-15,olap,benchANT
2026-05-17 07:41:00+00:00,system,uptime,44637,dbms,clickbench,postgresql-plain-indexed-load,1,ip-172-31-24-15,olap,benchANT
2026-05-17 07:41:10+00:00,system,uptime,44647,dbms,clickbench,postgresql-plain-indexed-load,1,ip-172-31-24-15,olap,benchANT
2026-05-17 07:41:20+00:00,system,uptime,44657,dbms,clickbench,postgresql-plain-indexed-load,1,ip-172-31-24-15,olap,benchANT
2026-05-17 07:41:30+00:00,system,uptime,44667,dbms,clickbench,postgresql-plain-indexed-load,1,ip-172-31-24-15,olap,benchANT
2026-05-17 07:41:40+00:00,system,uptime,44677,dbms,clickbench,postgresql-plain-indexed-load,1,ip-172-31-24-15,olap,benchANT
2026-05-17 07:41:50+00:00,system,uptime,44687,dbms,clickbench,postgresql-plain-indexed-load,1,ip-172-31-24-15,olap,benchANT
2026-05-17 07:42:00+00:00,system,uptime,44697,dbms,clickbench,postgresql-plain-indexed-load,1,ip-172-31-24-15,olap,benchANT
2026-05-17 07:42:10+00:00,system,uptime,44707,dbms,clickbench,postgresql-plain-indexed-load,1,ip-172-31-24-15,olap,benchANT
2026-05-17 07:42:20+00:00,system,uptime,44717,dbms,clickbench,postgresql-plain-indexed-load,1,ip-172-31-24-15,olap,benchANT
2026-05-17 07:42:30+00:00,system,uptime,44727,dbms,clickbench,postgresql-plain-indexed-load,1,ip-172-31-24-15,olap,benchANT
2026-05-17 07:42:40+00:00,system,uptime,44737,dbms,clickbench,postgresql-plain-indexed-load,1,ip-172-31-24-15,olap,benchANT
2026-05-17 07:42:50+00:00,system,uptime,44747,dbms,clickbench,postgresql-plain-indexed-load,1,ip-172-31-24-15,olap,benchANT
2026-05-17 07:43:00+00:00,system,uptime,44757,dbms,clickbench,postgresql-plain-indexed-load,1,ip-172-31-24-15,olap,benchANT
2026-05-17 07:43:10+00:00,system,uptime,44767,dbms,clickbench,postgresql-plain-indexed-load,1,ip-172-31-24-15,olap,benchANT
2026-05-17 07:43:20+00:00,system,uptime,44777,dbms,clickbench,postgresql-plain-indexed-load,1,ip-172-31-24-15,olap,benchANT
2026-05-17 07:43:30+00:00,system,uptime,44787,dbms,clickbench,postgresql-plain-indexed-load,1,ip-172-31-24-15,olap,benchANT
2026-05-17 07:43:40+00:00,system,uptime,44797,dbms,clickbench,postgresql-plain-indexed-load,1,ip-172-31-24-15,olap,benchANT
2026-05-17 07:43:50+00:00,system,uptime,44807,dbms,clickbench,postgresql-plain-indexed-load,1,ip-172-31-24-15,olap,benchANT
2026-05-17 07:44:00+00:00,system,uptime,44817,dbms,clickbench,postgresql-plain-indexed-load,1,ip-172-31-24-15,olap,benchANT
2026-05-17 07:44:10+00:00,system,uptime,44827,dbms,clickbench,postgresql-plain-indexed-load,1,ip-172-31-24-15,olap,benchANT
2026-05-17 07:44:20+00:00,system,uptime,44837,dbms,clickbench,postgresql-plain-indexed-load,1,ip-172-31-24-15,olap,benchANT
2026-05-17 07:44:30+00:00,system,uptime,44847,dbms,clickbench,postgresql-plain-indexed-load,1,ip-172-31-24-15,olap,benchANT
2026-05-17 07:44:40+00:00,system,uptime,44857,dbms,clickbench,postgresql-plain-indexed-load,1,ip-172-31-24-15,olap,benchANT
2026-05-17 07:44:50+00:00,system,uptime,44867,dbms,clickbench,postgresql-plain-indexed-load,1,ip-172-31-24-15,olap,benchANT
2026-05-17 07:45:00+00:00,system,uptime,44877,dbms,clickbench,postgresql-plain-indexed-load,1,ip-172-31-24-15,olap,benchANT
2026-05-17 07:45:10+00:00,system,uptime,44887,dbms,clickbench,postgresql-plain-indexed-load,1,ip-172-31-24-15,olap,benchANT
2026-05-17 07:45:20+00:00,system,uptime,44897,dbms,clickbench,postgresql-plain-indexed-load,1,ip-172-31-24-15,olap,benchANT
2026-05-17 07:45:30+00:00,system,uptime,44907,dbms,clickbench,postgresql-plain-indexed-load,1,ip-172-31-24-15,olap,benchANT
2026-05-17 07:45:40+00:00,system,uptime,44917,dbms,clickbench,postgresql-plain-indexed-load,1,ip-172-31-24-15,olap,benchANT
2026-05-17 07:45:50+00:00,system,uptime,44927,dbms,clickbench,postgresql-plain-indexed-load,1,ip-172-31-24-15,olap,benchANT
2026-05-17 07:46:00+00:00,system,uptime,44937,dbms,clickbench,postgresql-plain-indexed-load,1,ip-172-31-24-15,olap,benchANT
2026-05-17 07:46:10+00:00,system,uptime,44947,dbms,clickbench,postgresql-plain-indexed-load,1,ip-172-31-24-15,olap,benchANT
2026-05-17 07:46:20+00:00,system,uptime,44957,dbms,clickbench,postgresql-plain-indexed-load,1,ip-172-31-24-15,olap,benchANT
2026-05-17 07:46:30+00:00,system,uptime,44967,dbms,clickbench,postgresql-plain-indexed-load,1,ip-172-31-24-15,olap,benchANT
2026-05-17 07:46:40+00:00,system,uptime,44977,dbms,clickbench,postgresql-plain-indexed-load,1,ip-172-31-24-15,olap,benchANT
2026-05-17 07:46:50+00:00,system,uptime,44987,dbms,clickbench,postgresql-plain-indexed-load,1,ip-172-31-24-15,olap,benchANT
2026-05-17 07:47:00+00:00,system,uptime,44997,dbms,clickbench,postgresql-plain-indexed-load,1,ip-172-31-24-15,olap,benchANT
2026-05-17 07:47:10+00:00,system,uptime,45007,dbms,clickbench,postgresql-plain-indexed-load,1,ip-172-31-24-15,olap,benchANT
2026-05-17 07:47:20+00:00,system,uptime,45017,dbms,clickbench,postgresql-plain-indexed-load,1,ip-172-31-24-15,olap,benchANT
2026-05-17 07:47:30+00:00,system,uptime,45027,dbms,clickbench,postgresql-plain-indexed-load,1,ip-172-31-24-15,olap,benchANT
2026-05-17 07:47:40+00:00,system,uptime,45037,dbms,clickbench,postgresql-plain-indexed-load,1,ip-172-31-24-15,olap,benchANT
2026-05-17 07:47:50+00:00,system,uptime,45047,dbms,clickbench,postgresql-plain-indexed-load,1,ip-172-31-24-15,olap,benchANT
2026-05-17 07:48:00+00:00,system,uptime,45057,dbms,clickbench,postgresql-plain-indexed-load,1,ip-172-31-24-15,olap,benchANT
2026-05-17 07:48:10+00:00,system,uptime,45067,dbms,clickbench,postgresql-plain-indexed-load,1,ip-172-31-24-15,olap,benchANT
2026-05-17 07:48:20+00:00,system,uptime,45077,dbms,clickbench,postgresql-plain-indexed-load,1,ip-172-31-24-15,olap,benchANT
2026-05-17 07:48:30+00:00,system,uptime,45087,dbms,clickbench,postgresql-plain-indexed-load,1,ip-172-31-24-15,olap,benchANT
2026-05-17 07:48:40+00:00,system,uptime,45097,dbms,clickbench,postgresql-plain-indexed-load,1,ip-172-31-24-15,olap,benchANT
2026-05-17 07:48:50+00:00,system,uptime,45107,dbms,clickbench,postgresql-plain-indexed-load,1,ip-172-31-24-15,olap,benchANT
2026-05-17 07:49:00+00:00,system,uptime,45117,dbms,clickbench,postgresql-plain-indexed-load,1,ip-172-31-24-15,olap,benchANT
2026-05-17 07:49:10+00:00,system,uptime,45127,dbms,clickbench,postgresql-plain-indexed-load,1,ip-172-31-24-15,olap,benchANT
2026-05-17 07:49:20+00:00,system,uptime,45137,dbms,clickbench,postgresql-plain-indexed-load,1,ip-172-31-24-15,olap,benchANT
2026-05-17 07:49:30+00:00,system,uptime,45147,dbms,clickbench,postgresql-plain-indexed-load,1,ip-172-31-24-15,olap,benchANT
2026-05-17 07:49:40+00:00,system,uptime,45157,dbms,clickbench,postgresql-plain-indexed-load,1,ip-172-31-24-15,olap,benchANT
2026-05-17 07:49:50+00:00,system,uptime,45167,dbms,clickbench,postgresql-plain-indexed-load,1,ip-172-31-24-15,olap,benchANT
2026-05-17 07:50:00+00:00,system,uptime,45177,dbms,clickbench,postgresql-plain-indexed-load,1,ip-172-31-24-15,olap,benchANT
2026-05-17 07:50:10+00:00,system,uptime,45187,dbms,clickbench,postgresql-plain-indexed-load,1,ip-172-31-24-15,olap,benchANT
2026-05-17 07:50:20+00:00,system,uptime,45197,dbms,clickbench,postgresql-plain-indexed-load,1,ip-172-31-24-15,olap,benchANT
2026-05-17 07:50:30+00:00,system,uptime,45207,dbms,clickbench,postgresql-plain-indexed-load,1,ip-172-31-24-15,olap,benchANT
2026-05-17 07:50:40+00:00,system,uptime,45217,dbms,clickbench,postgresql-plain-indexed-load,1,ip-172-31-24-15,olap,benchANT
2026-05-17 07:50:50+00:00,system,uptime,45227,dbms,clickbench,postgresql-plain-indexed-load,1,ip-172-31-24-15,olap,benchANT
2026-05-17 07:51:00+00:00,system,uptime,45237,dbms,clickbench,postgresql-plain-indexed-load,1,ip-172-31-24-15,olap,benchANT
2026-05-17 07:51:10+00:00,system,uptime,45247,dbms,clickbench,postgresql-plain-indexed-load,1,ip-172-31-24-15,olap,benchANT
2026-05-17 07:51:20+00:00,system,uptime,45257,dbms,clickbench,postgresql-plain-indexed-load,1,ip-172-31-24-15,olap,benchANT
2026-05-17 07:51:30+00:00,system,uptime,45267,dbms,clickbench,postgresql-plain-indexed-load,1,ip-172-31-24-15,olap,benchANT
2026-05-17 07:51:40+00:00,system,uptime,45277,dbms,clickbench,postgresql-plain-indexed-load,1,ip-172-31-24-15,olap,benchANT
2026-05-17 07:51:50+00:00,system,uptime,45287,dbms,clickbench,postgresql-plain-indexed-load,1,ip-172-31-24-15,olap,benchANT
2026-05-17 07:52:00+00:00,system,uptime,45297,dbms,clickbench,postgresql-plain-indexed-load,1,ip-172-31-24-15,olap,benchANT
2026-05-17 07:52:10+00:00,system,uptime,45307,dbms,clickbench,postgresql-plain-indexed-load,1,ip-172-31-24-15,olap,benchANT
2026-05-17 07:52:20+00:00,system,uptime,45317,dbms,clickbench,postgresql-plain-indexed-load,1,ip-172-31-24-15,olap,benchANT
2026-05-17 07:52:30+00:00,system,uptime,45327,dbms,clickbench,postgresql-plain-indexed-load,1,ip-172-31-24-15,olap,benchANT
2026-05-17 07:52:40+00:00,system,uptime,45337,dbms,clickbench,postgresql-plain-indexed-load,1,ip-172-31-24-15,olap,benchANT
2026-05-17 07:52:50+00:00,system,uptime,45347,dbms,clickbench,postgresql-plain-indexed-load,1,ip-172-31-24-15,olap,benchANT
2026-05-17 07:53:00+00:00,system,uptime,45357,dbms,clickbench,postgresql-plain-indexed-load,1,ip-172-31-24-15,olap,benchANT
2026-05-17 07:53:10+00:00,system,uptime,45367,dbms,clickbench,postgresql-plain-indexed-load,1,ip-172-31-24-15,olap,benchANT
2026-05-17 07:53:20+00:00,system,uptime,45377,dbms,clickbench,postgresql-plain-indexed-load,1,ip-172-31-24-15,olap,benchANT
2026-05-17 07:53:30+00:00,system,uptime,45387,dbms,clickbench,postgresql-plain-indexed-load,1,ip-172-31-24-15,olap,benchANT
2026-05-17 07:53:40+00:00,system,uptime,45397,dbms,clickbench,postgresql-plain-indexed-load,1,ip-172-31-24-15,olap,benchANT
2026-05-17 07:53:50+00:00,system,uptime,45407,dbms,clickbench,postgresql-plain-indexed-load,1,ip-172-31-24-15,olap,benchANT
2026-05-17 07:54:00+00:00,system,uptime,45417,dbms,clickbench,postgresql-plain-indexed-load,1,ip-172-31-24-15,olap,benchANT
2026-05-17 07:54:10+00:00,system,uptime,45427,dbms,clickbench,postgresql-plain-indexed-load,1,ip-172-31-24-15,olap,benchANT
2026-05-17 07:54:20+00:00,system,uptime,45437,dbms,clickbench,postgresql-plain-indexed-load,1,ip-172-31-24-15,olap,benchANT
2026-05-17 07:54:30+00:00,system,uptime,45447,dbms,clickbench,postgresql-plain-indexed-load,1,ip-172-31-24-15,olap,benchANT
2026-05-17 07:54:40+00:00,system,uptime,45457,dbms,clickbench,postgresql-plain-indexed-load,1,ip-172-31-24-15,olap,benchANT
2026-05-17 07:54:50+00:00,system,uptime,45467,dbms,clickbench,postgresql-plain-indexed-load,1,ip-172-31-24-15,olap,benchANT
2026-05-17 07:55:00+00:00,system,uptime,45477,dbms,clickbench,postgresql-plain-indexed-load,1,ip-172-31-24-15,olap,benchANT
2026-05-17 07:55:10+00:00,system,uptime,45487,dbms,clickbench,postgresql-plain-indexed-load,1,ip-172-31-24-15,olap,benchANT
2026-05-17 07:55:20+00:00,system,uptime,45497,dbms,clickbench,postgresql-plain-indexed-load,1,ip-172-31-24-15,olap,benchANT
2026-05-17 07:55:30+00:00,system,uptime,45507,dbms,clickbench,postgresql-plain-indexed-load,1,ip-172-31-24-15,olap,benchANT
2026-05-17 07:55:40+00:00,system,uptime,45517,dbms,clickbench,postgresql-plain-indexed-load,1,ip-172-31-24-15,olap,benchANT
2026-05-17 07:55:50+00:00,system,uptime,45527,dbms,clickbench,postgresql-plain-indexed-load,1,ip-172-31-24-15,olap,benchANT
2026-05-17 07:56:00+00:00,system,uptime,45537,dbms,clickbench,postgresql-plain-indexed-load,1,ip-172-31-24-15,olap,benchANT
2026-05-17 07:56:10+00:00,system,uptime,45547,dbms,clickbench,postgresql-plain-indexed-load,1,ip-172-31-24-15,olap,benchANT
2026-05-17 07:56:20+00:00,system,uptime,45557,dbms,clickbench,postgresql-plain-indexed-load,1,ip-172-31-24-15,olap,benchANT
2026-05-17 07:56:30+00:00,system,uptime,45567,dbms,clickbench,postgresql-plain-indexed-load,1,ip-172-31-24-15,olap,benchANT
2026-05-17 07:56:40+00:00,system,uptime,45577,dbms,clickbench,postgresql-plain-indexed-load,1,ip-172-31-24-15,olap,benchANT
2026-05-17 07:56:50+00:00,system,uptime,45587,dbms,clickbench,postgresql-plain-indexed-load,1,ip-172-31-24-15,olap,benchANT
2026-05-17 07:57:00+00:00,system,uptime,45597,dbms,clickbench,postgresql-plain-indexed-load,1,ip-172-31-24-15,olap,benchANT
2026-05-17 07:57:10+00:00,system,uptime,45607,dbms,clickbench,postgresql-plain-indexed-load,1,ip-172-31-24-15,olap,benchANT
2026-05-17 07:57:20+00:00,system,uptime,45617,dbms,clickbench,postgresql-plain-indexed-load,1,ip-172-31-24-15,olap,benchANT
2026-05-17 07:57:30+00:00,system,uptime,45627,dbms,clickbench,postgresql-plain-indexed-load,1,ip-172-31-24-15,olap,benchANT
2026-05-17 07:57:40+00:00,system,uptime,45637,dbms,clickbench,postgresql-plain-indexed-load,1,ip-172-31-24-15,olap,benchANT
2026-05-17 07:57:50+00:00,system,uptime,45647,dbms,clickbench,postgresql-plain-indexed-load,1,ip-172-31-24-15,olap,benchANT
2026-05-17 07:58:00+00:00,system,uptime,45657,dbms,clickbench,postgresql-plain-indexed-load,1,ip-172-31-24-15,olap,benchANT
2026-05-17 07:58:10+00:00,system,uptime,45667,dbms,clickbench,postgresql-plain-indexed-load,1,ip-172-31-24-15,olap,benchANT
2026-05-17 07:58:20+00:00,system,uptime,45677,dbms,clickbench,postgresql-plain-indexed-load,1,ip-172-31-24-15,olap,benchANT
2026-05-17 07:58:30+00:00,system,uptime,45687,dbms,clickbench,postgresql-plain-indexed-load,1,ip-172-31-24-15,olap,benchANT
2026-05-17 07:58:40+00:00,system,uptime,45697,dbms,clickbench,postgresql-plain-indexed-load,1,ip-172-31-24-15,olap,benchANT
2026-05-17 07:58:50+00:00,system,uptime,45707,dbms,clickbench,postgresql-plain-indexed-load,1,ip-172-31-24-15,olap,benchANT
2026-05-17 07:59:00+00:00,system,uptime,45717,dbms,clickbench,postgresql-plain-indexed-load,1,ip-172-31-24-15,olap,benchANT
2026-05-17 07:59:10+00:00,system,uptime,45727,dbms,clickbench,postgresql-plain-indexed-load,1,ip-172-31-24-15,olap,benchANT
2026-05-17 07:59:20+00:00,system,uptime,45737,dbms,clickbench,postgresql-plain-indexed-load,1,ip-172-31-24-15,olap,benchANT
2026-05-17 07:59:30+00:00,system,uptime,45747,dbms,clickbench,postgresql-plain-indexed-load,1,ip-172-31-24-15,olap,benchANT
2026-05-17 07:59:40+00:00,system,uptime,45757,dbms,clickbench,postgresql-plain-indexed-load,1,ip-172-31-24-15,olap,benchANT
2026-05-17 07:59:50+00:00,system,uptime,45767,dbms,clickbench,postgresql-plain-indexed-load,1,ip-172-31-24-15,olap,benchANT
2026-05-17 08:00:00+00:00,system,uptime,45777,dbms,clickbench,postgresql-plain-indexed-load,1,ip-172-31-24-15,olap,benchANT
2026-05-17 08:00:10+00:00,system,uptime,45787,dbms,clickbench,postgresql-plain-indexed-load,1,ip-172-31-24-15,olap,benchANT
2026-05-17 08:00:20+00:00,system,uptime,45797,dbms,clickbench,postgresql-plain-indexed-load,1,ip-172-31-24-15,olap,benchANT
2026-05-17 08:00:30+00:00,system,uptime,45807,dbms,clickbench,postgresql-plain-indexed-load,1,ip-172-31-24-15,olap,benchANT
2026-05-17 08:00:40+00:00,system,uptime,45817,dbms,clickbench,postgresql-plain-indexed-load,1,ip-172-31-24-15,olap,benchANT
2026-05-17 08:00:50+00:00,system,uptime,45827,dbms,clickbench,postgresql-plain-indexed-load,1,ip-172-31-24-15,olap,benchANT
2026-05-17 08:01:00+00:00,system,uptime,45837,dbms,clickbench,postgresql-plain-indexed-load,1,ip-172-31-24-15,olap,benchANT
2026-05-17 08:01:10+00:00,system,uptime,45847,dbms,clickbench,postgresql-plain-indexed-load,1,ip-172-31-24-15,olap,benchANT
2026-05-17 08:01:20+00:00,system,uptime,45857,dbms,clickbench,postgresql-plain-indexed-load,1,ip-172-31-24-15,olap,benchANT
2026-05-17 08:01:30+00:00,system,uptime,45867,dbms,clickbench,postgresql-plain-indexed-load,1,ip-172-31-24-15,olap,benchANT
2026-05-17 08:01:40+00:00,system,uptime,45877,dbms,clickbench,postgresql-plain-indexed-load,1,ip-172-31-24-15,olap,benchANT
2026-05-17 08:01:50+00:00,system,uptime,45887,dbms,clickbench,postgresql-plain-indexed-load,1,ip-172-31-24-15,olap,benchANT
2026-05-17 08:02:00+00:00,system,uptime,45897,dbms,clickbench,postgresql-plain-indexed-load,1,ip-172-31-24-15,olap,benchANT
2026-05-17 08:02:10+00:00,system,uptime,45907,dbms,clickbench,postgresql-plain-indexed-load,1,ip-172-31-24-15,olap,benchANT
2026-05-17 08:02:20+00:00,system,uptime,45917,dbms,clickbench,postgresql-plain-indexed-load,1,ip-172-31-24-15,olap,benchANT
2026-05-17 08:02:30+00:00,system,uptime,45927,dbms,clickbench,postgresql-plain-indexed-load,1,ip-172-31-24-15,olap,benchANT
2026-05-17 08:02:40+00:00,system,uptime,45937,dbms,clickbench,postgresql-plain-indexed-load,1,ip-172-31-24-15,olap,benchANT
2026-05-17 08:02:50+00:00,system,uptime,45947,dbms,clickbench,postgresql-plain-indexed-load,1,ip-172-31-24-15,olap,benchANT
2026-05-17 08:03:00+00:00,system,uptime,45957,dbms,clickbench,postgresql-plain-indexed-load,1,ip-172-31-24-15,olap,benchANT
2026-05-17 08:03:10+00:00,system,uptime,45967,dbms,clickbench,postgresql-plain-indexed-load,1,ip-172-31-24-15,olap,benchANT
2026-05-17 08:03:20+00:00,system,uptime,45977,dbms,clickbench,postgresql-plain-indexed-load,1,ip-172-31-24-15,olap,benchANT
2026-05-17 08:03:30+00:00,system,uptime,45987,dbms,clickbench,postgresql-plain-indexed-load,1,ip-172-31-24-15,olap,benchANT
2026-05-17 08:03:40+00:00,system,uptime,45997,dbms,clickbench,postgresql-plain-indexed-load,1,ip-172-31-24-15,olap,benchANT
2026-05-17 08:03:50+00:00,system,uptime,46007,dbms,clickbench,postgresql-plain-indexed-load,1,ip-172-31-24-15,olap,benchANT
2026-05-17 08:04:00+00:00,system,uptime,46017,dbms,clickbench,postgresql-plain-indexed-load,1,ip-172-31-24-15,olap,benchANT
2026-05-17 08:04:10+00:00,system,uptime,46027,dbms,clickbench,postgresql-plain-indexed-load,1,ip-172-31-24-15,olap,benchANT
2026-05-17 08:04:20+00:00,system,uptime,46037,dbms,clickbench,postgresql-plain-indexed-load,1,ip-172-31-24-15,olap,benchANT
2026-05-17 08:04:30+00:00,system,uptime,46047,dbms,clickbench,postgresql-plain-indexed-load,1,ip-172-31-24-15,olap,benchANT
2026-05-17 08:04:40+00:00,system,uptime,46057,dbms,clickbench,postgresql-plain-indexed-load,1,ip-172-31-24-15,olap,benchANT
2026-05-17 08:04:50+00:00,system,uptime,46067,dbms,clickbench,postgresql-plain-indexed-load,1,ip-172-31-24-15,olap,benchANT
2026-05-17 08:05:00+00:00,system,uptime,46077,dbms,clickbench,postgresql-plain-indexed-load,1,ip-172-31-24-15,olap,benchANT
2026-05-17 08:05:10+00:00,system,uptime,46087,dbms,clickbench,postgresql-plain-indexed-load,1,ip-172-31-24-15,olap,benchANT
2026-05-17 08:05:20+00:00,system,uptime,46097,dbms,clickbench,postgresql-plain-indexed-load,1,ip-172-31-24-15,olap,benchANT
2026-05-17 08:05:30+00:00,system,uptime,46107,dbms,clickbench,postgresql-plain-indexed-load,1,ip-172-31-24-15,olap,benchANT
2026-05-17 08:05:40+00:00,system,uptime,46117,dbms,clickbench,postgresql-plain-indexed-load,1,ip-172-31-24-15,olap,benchANT
2026-05-17 08:05:50+00:00,system,uptime,46127,dbms,clickbench,postgresql-plain-indexed-load,1,ip-172-31-24-15,olap,benchANT
2026-05-17 08:06:00+00:00,system,uptime,46137,dbms,clickbench,postgresql-plain-indexed-load,1,ip-172-31-24-15,olap,benchANT
2026-05-17 08:06:10+00:00,system,uptime,46147,dbms,clickbench,postgresql-plain-indexed-load,1,ip-172-31-24-15,olap,benchANT
2026-05-17 08:06:20+00:00,system,uptime,46157,dbms,clickbench,postgresql-plain-indexed-load,1,ip-172-31-24-15,olap,benchANT
2026-05-17 08:06:30+00:00,system,uptime,46167,dbms,clickbench,postgresql-plain-indexed-load,1,ip-172-31-24-15,olap,benchANT
2026-05-17 08:06:40+00:00,system,uptime,46177,dbms,clickbench,postgresql-plain-indexed-load,1,ip-172-31-24-15,olap,benchANT
2026-05-17 08:06:50+00:00,system,uptime,46187,dbms,clickbench,postgresql-plain-indexed-load,1,ip-172-31-24-15,olap,benchANT
2026-05-17 08:07:00+00:00,system,uptime,46197,dbms,clickbench,postgresql-plain-indexed-load,1,ip-172-31-24-15,olap,benchANT
2026-05-17 08:07:10+00:00,system,uptime,46207,dbms,clickbench,postgresql-plain-indexed-load,1,ip-172-31-24-15,olap,benchANT
2026-05-17 08:07:20+00:00,system,uptime,46217,dbms,clickbench,postgresql-plain-indexed-load,1,ip-172-31-24-15,olap,benchANT
2026-05-17 08:07:30+00:00,system,uptime,46227,dbms,clickbench,postgresql-plain-indexed-load,1,ip-172-31-24-15,olap,benchANT
2026-05-17 08:07:40+00:00,system,uptime,46237,dbms,clickbench,postgresql-plain-indexed-load,1,ip-172-31-24-15,olap,benchANT
2026-05-17 08:07:50+00:00,system,uptime,46247,dbms,clickbench,postgresql-plain-indexed-load,1,ip-172-31-24-15,olap,benchANT
2026-05-17 08:08:00+00:00,system,uptime,46257,dbms,clickbench,postgresql-plain-indexed-load,1,ip-172-31-24-15,olap,benchANT
2026-05-17 08:08:10+00:00,system,uptime,46267,dbms,clickbench,postgresql-plain-indexed-load,1,ip-172-31-24-15,olap,benchANT
2026-05-17 08:08:20+00:00,system,uptime,46277,dbms,clickbench,postgresql-plain-indexed-load,1,ip-172-31-24-15,olap,benchANT
2026-05-17 08:08:30+00:00,system,uptime,46287,dbms,clickbench,postgresql-plain-indexed-load,1,ip-172-31-24-15,olap,benchANT
2026-05-17 08:08:40+00:00,system,uptime,46297,dbms,clickbench,postgresql-plain-indexed-load,1,ip-172-31-24-15,olap,benchANT
2026-05-17 08:08:50+00:00,system,uptime,46307,dbms,clickbench,postgresql-plain-indexed-load,1,ip-172-31-24-15,olap,benchANT
2026-05-17 08:09:00+00:00,system,uptime,46317,dbms,clickbench,postgresql-plain-indexed-load,1,ip-172-31-24-15,olap,benchANT
2026-05-17 08:09:10+00:00,system,uptime,46327,dbms,clickbench,postgresql-plain-indexed-load,1,ip-172-31-24-15,olap,benchANT
2026-05-17 08:09:20+00:00,system,uptime,46337,dbms,clickbench,postgresql-plain-indexed-load,1,ip-172-31-24-15,olap,benchANT
2026-05-17 08:09:30+00:00,system,uptime,46347,dbms,clickbench,postgresql-plain-indexed-load,1,ip-172-31-24-15,olap,benchANT
2026-05-17 08:09:40+00:00,system,uptime,46357,dbms,clickbench,postgresql-plain-indexed-load,1,ip-172-31-24-15,olap,benchANT
2026-05-17 08:09:50+00:00,system,uptime,46367,dbms,clickbench,postgresql-plain-indexed-load,1,ip-172-31-24-15,olap,benchANT
2026-05-17 08:10:00+00:00,system,uptime,46377,dbms,clickbench,postgresql-plain-indexed-load,1,ip-172-31-24-15,olap,benchANT
2026-05-17 08:10:10+00:00,system,uptime,46387,dbms,clickbench,postgresql-plain-indexed-load,1,ip-172-31-24-15,olap,benchANT
2026-05-17 08:10:20+00:00,system,uptime,46397,dbms,clickbench,postgresql-plain-indexed-load,1,ip-172-31-24-15,olap,benchANT
2026-05-17 08:10:30+00:00,system,uptime,46407,dbms,clickbench,postgresql-plain-indexed-load,1,ip-172-31-24-15,olap,benchANT
2026-05-17 08:10:40+00:00,system,uptime,46417,dbms,clickbench,postgresql-plain-indexed-load,1,ip-172-31-24-15,olap,benchANT
2026-05-17 08:10:50+00:00,system,uptime,46427,dbms,clickbench,postgresql-plain-indexed-load,1,ip-172-31-24-15,olap,benchANT
2026-05-17 08:11:00+00:00,system,uptime,46437,dbms,clickbench,postgresql-plain-indexed-load,1,ip-172-31-24-15,olap,benchANT
2026-05-17 08:11:10+00:00,system,uptime,46447,dbms,clickbench,postgresql-plain-indexed-load,1,ip-172-31-24-15,olap,benchANT
2026-05-17 08:11:20+00:00,system,uptime,46457,dbms,clickbench,postgresql-plain-indexed-load,1,ip-172-31-24-15,olap,benchANT
2026-05-17 08:11:30+00:00,system,uptime,46467,dbms,clickbench,postgresql-plain-indexed-load,1,ip-172-31-24-15,olap,benchANT
2026-05-17 08:11:40+00:00,system,uptime,46477,dbms,clickbench,postgresql-plain-indexed-load,1,ip-172-31-24-15,olap,benchANT
2026-05-17 08:11:50+00:00,system,uptime,46487,dbms,clickbench,postgresql-plain-indexed-load,1,ip-172-31-24-15,olap,benchANT
2026-05-17 08:12:00+00:00,system,uptime,46497,dbms,clickbench,postgresql-plain-indexed-load,1,ip-172-31-24-15,olap,benchANT
2026-05-17 08:12:10+00:00,system,uptime,46507,dbms,clickbench,postgresql-plain-indexed-load,1,ip-172-31-24-15,olap,benchANT
2026-05-17 08:12:20+00:00,system,uptime,46517,dbms,clickbench,postgresql-plain-indexed-load,1,ip-172-31-24-15,olap,benchANT
2026-05-17 08:12:30+00:00,system,uptime,46527,dbms,clickbench,postgresql-plain-indexed-load,1,ip-172-31-24-15,olap,benchANT
2026-05-17 08:12:40+00:00,system,uptime,46537,dbms,clickbench,postgresql-plain-indexed-load,1,ip-172-31-24-15,olap,benchANT
2026-05-17 08:12:50+00:00,system,uptime,46547,dbms,clickbench,postgresql-plain-indexed-load,1,ip-172-31-24-15,olap,benchANT
2026-05-17 08:13:00+00:00,system,uptime,46557,dbms,clickbench,postgresql-plain-indexed-load,1,ip-172-31-24-15,olap,benchANT
2026-05-17 08:13:10+00:00,system,uptime,46567,dbms,clickbench,postgresql-plain-indexed-load,1,ip-172-31-24-15,olap,benchANT
2026-05-17 08:13:20+00:00,system,uptime,46577,dbms,clickbench,postgresql-plain-indexed-load,1,ip-172-31-24-15,olap,benchANT
2026-05-17 08:13:30+00:00,system,uptime,46587,dbms,clickbench,postgresql-plain-indexed-load,1,ip-172-31-24-15,olap,benchANT
2026-05-17 08:13:40+00:00,system,uptime,46597,dbms,clickbench,postgresql-plain-indexed-load,1,ip-172-31-24-15,olap,benchANT
2026-05-17 08:13:50+00:00,system,uptime,46607,dbms,clickbench,postgresql-plain-indexed-load,1,ip-172-31-24-15,olap,benchANT
2026-05-17 08:14:00+00:00,system,uptime,46617,dbms,clickbench,postgresql-plain-indexed-load,1,ip-172-31-24-15,olap,benchANT
2026-05-17 08:14:10+00:00,system,uptime,46627,dbms,clickbench,postgresql-plain-indexed-load,1,ip-172-31-24-15,olap,benchANT
2026-05-17 08:14:20+00:00,system,uptime,46637,dbms,clickbench,postgresql-plain-indexed-load,1,ip-172-31-24-15,olap,benchANT
2026-05-17 08:14:30+00:00,system,uptime,46647,dbms,clickbench,postgresql-plain-indexed-load,1,ip-172-31-24-15,olap,benchANT
2026-05-17 08:14:40+00:00,system,uptime,46657,dbms,clickbench,postgresql-plain-indexed-load,1,ip-172-31-24-15,olap,benchANT
2026-05-17 08:14:50+00:00,system,uptime,46667,dbms,clickbench,postgresql-plain-indexed-load,1,ip-172-31-24-15,olap,benchANT
2026-05-17 08:15:00+00:00,system,uptime,46677,dbms,clickbench,postgresql-plain-indexed-load,1,ip-172-31-24-15,olap,benchANT
2026-05-17 08:15:10+00:00,system,uptime,46687,dbms,clickbench,postgresql-plain-indexed-load,1,ip-172-31-24-15,olap,benchANT
2026-05-17 08:15:20+00:00,system,uptime,46697,dbms,clickbench,postgresql-plain-indexed-load,1,ip-172-31-24-15,olap,benchANT
2026-05-17 08:15:30+00:00,system,uptime,46707,dbms,clickbench,postgresql-plain-indexed-load,1,ip-172-31-24-15,olap,benchANT
2026-05-17 08:15:40+00:00,system,uptime,46717,dbms,clickbench,postgresql-plain-indexed-load,1,ip-172-31-24-15,olap,benchANT
2026-05-17 08:15:50+00:00,system,uptime,46727,dbms,clickbench,postgresql-plain-indexed-load,1,ip-172-31-24-15,olap,benchANT
2026-05-17 08:16:00+00:00,system,uptime,46737,dbms,clickbench,postgresql-plain-indexed-load,1,ip-172-31-24-15,olap,benchANT
2026-05-17 08:16:10+00:00,system,uptime,46747,dbms,clickbench,postgresql-plain-indexed-load,1,ip-172-31-24-15,olap,benchANT
2026-05-17 08:16:20+00:00,system,uptime,46757,dbms,clickbench,postgresql-plain-indexed-load,1,ip-172-31-24-15,olap,benchANT
2026-05-17 08:16:30+00:00,system,uptime,46767,dbms,clickbench,postgresql-plain-indexed-load,1,ip-172-31-24-15,olap,benchANT
2026-05-17 08:16:40+00:00,system,uptime,46777,dbms,clickbench,postgresql-plain-indexed-load,1,ip-172-31-24-15,olap,benchANT
2026-05-17 08:16:50+00:00,system,uptime,46787,dbms,clickbench,postgresql-plain-indexed-load,1,ip-172-31-24-15,olap,benchANT
2026-05-17 08:17:00+00:00,system,uptime,46797,dbms,clickbench,postgresql-plain-indexed-load,1,ip-172-31-24-15,olap,benchANT
2026-05-17 08:17:10+00:00,system,uptime,46807,dbms,clickbench,postgresql-plain-indexed-load,1,ip-172-31-24-15,olap,benchANT
2026-05-17 08:17:20+00:00,system,uptime,46817,dbms,clickbench,postgresql-plain-indexed-load,1,ip-172-31-24-15,olap,benchANT
2026-05-17 08:17:30+00:00,system,uptime,46827,dbms,clickbench,postgresql-plain-indexed-load,1,ip-172-31-24-15,olap,benchANT
2026-05-17 08:17:40+00:00,system,uptime,46837,dbms,clickbench,postgresql-plain-indexed-load,1,ip-172-31-24-15,olap,benchANT
2026-05-17 08:17:50+00:00,system,uptime,46847,dbms,clickbench,postgresql-plain-indexed-load,1,ip-172-31-24-15,olap,benchANT
2026-05-17 08:18:00+00:00,system,uptime,46857,dbms,clickbench,postgresql-plain-indexed-load,1,ip-172-31-24-15,olap,benchANT
2026-05-17 08:18:10+00:00,system,uptime,46867,dbms,clickbench,postgresql-plain-indexed-load,1,ip-172-31-24-15,olap,benchANT
2026-05-17 08:18:20+00:00,system,uptime,46877,dbms,clickbench,postgresql-plain-indexed-load,1,ip-172-31-24-15,olap,benchANT
2026-05-17 08:18:30+00:00,system,uptime,46887,dbms,clickbench,postgresql-plain-indexed-load,1,ip-172-31-24-15,olap,benchANT
2026-05-17 08:18:40+00:00,system,uptime,46897,dbms,clickbench,postgresql-plain-indexed-load,1,ip-172-31-24-15,olap,benchANT
2026-05-17 08:18:50+00:00,system,uptime,46907,dbms,clickbench,postgresql-plain-indexed-load,1,ip-172-31-24-15,olap,benchANT
2026-05-17 08:19:00+00:00,system,uptime,46917,dbms,clickbench,postgresql-plain-indexed-load,1,ip-172-31-24-15,olap,benchANT
2026-05-17 08:19:10+00:00,system,uptime,46927,dbms,clickbench,postgresql-plain-indexed-load,1,ip-172-31-24-15,olap,benchANT
2026-05-17 08:19:20+00:00,system,uptime,46937,dbms,clickbench,postgresql-plain-indexed-load,1,ip-172-31-24-15,olap,benchANT
2026-05-17 08:19:30+00:00,system,uptime,46947,dbms,clickbench,postgresql-plain-indexed-load,1,ip-172-31-24-15,olap,benchANT
2026-05-17 08:19:40+00:00,system,uptime,46957,dbms,clickbench,postgresql-plain-indexed-load,1,ip-172-31-24-15,olap,benchANT
2026-05-17 08:19:50+00:00,system,uptime,46967,dbms,clickbench,postgresql-plain-indexed-load,1,ip-172-31-24-15,olap,benchANT
2026-05-17 08:20:00+00:00,system,uptime,46977,dbms,clickbench,postgresql-plain-indexed-load,1,ip-172-31-24-15,olap,benchANT
2026-05-17 08:20:10+00:00,system,uptime,46987,dbms,clickbench,postgresql-plain-indexed-load,1,ip-172-31-24-15,olap,benchANT
2026-05-17 08:20:20+00:00,system,uptime,46997,dbms,clickbench,postgresql-plain-indexed-load,1,ip-172-31-24-15,olap,benchANT
2026-05-17 08:20:30+00:00,system,uptime,47007,dbms,clickbench,postgresql-plain-indexed-load,1,ip-172-31-24-15,olap,benchANT
2026-05-17 08:20:40+00:00,system,uptime,47017,dbms,clickbench,postgresql-plain-indexed-load,1,ip-172-31-24-15,olap,benchANT
2026-05-17 08:20:50+00:00,system,uptime,47027,dbms,clickbench,postgresql-plain-indexed-load,1,ip-172-31-24-15,olap,benchANT
2026-05-17 08:21:00+00:00,system,uptime,47037,dbms,clickbench,postgresql-plain-indexed-load,1,ip-172-31-24-15,olap,benchANT
2026-05-17 08:21:10+00:00,system,uptime,47047,dbms,clickbench,postgresql-plain-indexed-load,1,ip-172-31-24-15,olap,benchANT
2026-05-17 08:21:20+00:00,system,uptime,47057,dbms,clickbench,postgresql-plain-indexed-load,1,ip-172-31-24-15,olap,benchANT
2026-05-17 08:21:30+00:00,system,uptime,47067,dbms,clickbench,postgresql-plain-indexed-load,1,ip-172-31-24-15,olap,benchANT
2026-05-17 08:21:40+00:00,system,uptime,47077,dbms,clickbench,postgresql-plain-indexed-load,1,ip-172-31-24-15,olap,benchANT
2026-05-17 08:21:50+00:00,system,uptime,47087,dbms,clickbench,postgresql-plain-indexed-load,1,ip-172-31-24-15,olap,benchANT
2026-05-17 08:22:00+00:00,system,uptime,47097,dbms,clickbench,postgresql-plain-indexed-load,1,ip-172-31-24-15,olap,benchANT
2026-05-17 08:22:10+00:00,system,uptime,47107,dbms,clickbench,postgresql-plain-indexed-load,1,ip-172-31-24-15,olap,benchANT
2026-05-17 08:22:20+00:00,system,uptime,47117,dbms,clickbench,postgresql-plain-indexed-load,1,ip-172-31-24-15,olap,benchANT
2026-05-17 08:22:30+00:00,system,uptime,47127,dbms,clickbench,postgresql-plain-indexed-load,1,ip-172-31-24-15,olap,benchANT
2026-05-17 08:22:40+00:00,system,uptime,47137,dbms,clickbench,postgresql-plain-indexed-load,1,ip-172-31-24-15,olap,benchANT
2026-05-17 08:22:50+00:00,system,uptime,47147,dbms,clickbench,postgresql-plain-indexed-load,1,ip-172-31-24-15,olap,benchANT
2026-05-17 08:23:00+00:00,system,uptime,47157,dbms,clickbench,postgresql-plain-indexed-load,1,ip-172-31-24-15,olap,benchANT
2026-05-17 08:23:10+00:00,system,uptime,47167,dbms,clickbench,postgresql-plain-indexed-load,1,ip-172-31-24-15,olap,benchANT
2026-05-17 08:23:20+00:00,system,uptime,47177,dbms,clickbench,postgresql-plain-indexed-load,1,ip-172-31-24-15,olap,benchANT
2026-05-17 08:23:30+00:00,system,uptime,47187,dbms,clickbench,postgresql-plain-indexed-load,1,ip-172-31-24-15,olap,benchANT
2026-05-17 08:23:40+00:00,system,uptime,47197,dbms,clickbench,postgresql-plain-indexed-load,1,ip-172-31-24-15,olap,benchANT
2026-05-17 08:23:50+00:00,system,uptime,47207,dbms,clickbench,postgresql-plain-indexed-load,1,ip-172-31-24-15,olap,benchANT
2026-05-17 08:24:00+00:00,system,uptime,47217,dbms,clickbench,postgresql-plain-indexed-load,1,ip-172-31-24-15,olap,benchANT
2026-05-17 08:24:10+00:00,system,uptime,47227,dbms,clickbench,postgresql-plain-indexed-load,1,ip-172-31-24-15,olap,benchANT
2026-05-17 08:24:20+00:00,system,uptime,47237,dbms,clickbench,postgresql-plain-indexed-load,1,ip-172-31-24-15,olap,benchANT
2026-05-17 08:24:30+00:00,system,uptime,47247,dbms,clickbench,postgresql-plain-indexed-load,1,ip-172-31-24-15,olap,benchANT
2026-05-17 08:24:40+00:00,system,uptime,47257,dbms,clickbench,postgresql-plain-indexed-load,1,ip-172-31-24-15,olap,benchANT
2026-05-17 08:24:50+00:00,system,uptime,47267,dbms,clickbench,postgresql-plain-indexed-load,1,ip-172-31-24-15,olap,benchANT
2026-05-17 08:25:00+00:00,system,uptime,47277,dbms,clickbench,postgresql-plain-indexed-load,1,ip-172-31-24-15,olap,benchANT
2026-05-17 08:25:10+00:00,system,uptime,47287,dbms,clickbench,postgresql-plain-indexed-load,1,ip-172-31-24-15,olap,benchANT
2026-05-17 08:25:20+00:00,system,uptime,47297,dbms,clickbench,postgresql-plain-indexed-load,1,ip-172-31-24-15,olap,benchANT
2026-05-17 08:25:30+00:00,system,uptime,47307,dbms,clickbench,postgresql-plain-indexed-load,1,ip-172-31-24-15,olap,benchANT
2026-05-17 08:25:40+00:00,system,uptime,47317,dbms,clickbench,postgresql-plain-indexed-load,1,ip-172-31-24-15,olap,benchANT
2026-05-17 08:25:50+00:00,system,uptime,47327,dbms,clickbench,postgresql-plain-indexed-load,1,ip-172-31-24-15,olap,benchANT
2026-05-17 08:26:00+00:00,system,uptime,47337,dbms,clickbench,postgresql-plain-indexed-load,1,ip-172-31-24-15,olap,benchANT
2026-05-17 08:26:10+00:00,system,uptime,47347,dbms,clickbench,postgresql-plain-indexed-load,1,ip-172-31-24-15,olap,benchANT
2026-05-17 08:26:20+00:00,system,uptime,47357,dbms,clickbench,postgresql-plain-indexed-load,1,ip-172-31-24-15,olap,benchANT
2026-05-17 08:26:30+00:00,system,uptime,47367,dbms,clickbench,postgresql-plain-indexed-load,1,ip-172-31-24-15,olap,benchANT
2026-05-17 08:26:40+00:00,system,uptime,47377,dbms,clickbench,postgresql-plain-indexed-load,1,ip-172-31-24-15,olap,benchANT
2026-05-17 08:26:50+00:00,system,uptime,47387,dbms,clickbench,postgresql-plain-indexed-load,1,ip-172-31-24-15,olap,benchANT
2026-05-17 08:27:00+00:00,system,uptime,47397,dbms,clickbench,postgresql-plain-indexed-load,1,ip-172-31-24-15,olap,benchANT
2026-05-17 08:27:10+00:00,system,uptime,47407,dbms,clickbench,postgresql-plain-indexed-load,1,ip-172-31-24-15,olap,benchANT
2026-05-17 08:27:20+00:00,system,uptime,47417,dbms,clickbench,postgresql-plain-indexed-load,1,ip-172-31-24-15,olap,benchANT
2026-05-17 08:27:30+00:00,system,uptime,47427,dbms,clickbench,postgresql-plain-indexed-load,1,ip-172-31-24-15,olap,benchANT
2026-05-17 08:27:40+00:00,system,uptime,47437,dbms,clickbench,postgresql-plain-indexed-load,1,ip-172-31-24-15,olap,benchANT
2026-05-17 08:27:50+00:00,system,uptime,47447,dbms,clickbench,postgresql-plain-indexed-load,1,ip-172-31-24-15,olap,benchANT
2026-05-17 08:28:00+00:00,system,uptime,47457,dbms,clickbench,postgresql-plain-indexed-load,1,ip-172-31-24-15,olap,benchANT
2026-05-17 08:28:10+00:00,system,uptime,47467,dbms,clickbench,postgresql-plain-indexed-load,1,ip-172-31-24-15,olap,benchANT
2026-05-17 08:28:20+00:00,system,uptime,47477,dbms,clickbench,postgresql-plain-indexed-load,1,ip-172-31-24-15,olap,benchANT
2026-05-17 08:28:30+00:00,system,uptime,47487,dbms,clickbench,postgresql-plain-indexed-load,1,ip-172-31-24-15,olap,benchANT
2026-05-17 08:28:40+00:00,system,uptime,47497,dbms,clickbench,postgresql-plain-indexed-load,1,ip-172-31-24-15,olap,benchANT
2026-05-17 08:28:50+00:00,system,uptime,47507,dbms,clickbench,postgresql-plain-indexed-load,1,ip-172-31-24-15,olap,benchANT
2026-05-17 08:29:00+00:00,system,uptime,47517,dbms,clickbench,postgresql-plain-indexed-load,1,ip-172-31-24-15,olap,benchANT
2026-05-17 08:29:10+00:00,system,uptime,47527,dbms,clickbench,postgresql-plain-indexed-load,1,ip-172-31-24-15,olap,benchANT
2026-05-17 08:29:20+00:00,system,uptime,47537,dbms,clickbench,postgresql-plain-indexed-load,1,ip-172-31-24-15,olap,benchANT
2026-05-17 08:29:30+00:00,system,uptime,47547,dbms,clickbench,postgresql-plain-indexed-load,1,ip-172-31-24-15,olap,benchANT
2026-05-17 08:29:40+00:00,system,uptime,47557,dbms,clickbench,postgresql-plain-indexed-load,1,ip-172-31-24-15,olap,benchANT
2026-05-17 08:29:50+00:00,system,uptime,47567,dbms,clickbench,postgresql-plain-indexed-load,1,ip-172-31-24-15,olap,benchANT
2026-05-17 08:30:00+00:00,system,uptime,47577,dbms,clickbench,postgresql-plain-indexed-load,1,ip-172-31-24-15,olap,benchANT
2026-05-17 08:30:10+00:00,system,uptime,47587,dbms,clickbench,postgresql-plain-indexed-load,1,ip-172-31-24-15,olap,benchANT
2026-05-17 08:30:20+00:00,system,uptime,47597,dbms,clickbench,postgresql-plain-indexed-load,1,ip-172-31-24-15,olap,benchANT
2026-05-17 08:30:30+00:00,system,uptime,47607,dbms,clickbench,postgresql-plain-indexed-load,1,ip-172-31-24-15,olap,benchANT
2026-05-17 08:30:40+00:00,system,uptime,47617,dbms,clickbench,postgresql-plain-indexed-load,1,ip-172-31-24-15,olap,benchANT
2026-05-17 08:30:50+00:00,system,uptime,47627,dbms,clickbench,postgresql-plain-indexed-load,1,ip-172-31-24-15,olap,benchANT
2026-05-17 08:31:00+00:00,system,uptime,47637,dbms,clickbench,postgresql-plain-indexed-load,1,ip-172-31-24-15,olap,benchANT
2026-05-17 08:31:10+00:00,system,uptime,47647,dbms,clickbench,postgresql-plain-indexed-load,1,ip-172-31-24-15,olap,benchANT
2026-05-17 08:31:20+00:00,system,uptime,47657,dbms,clickbench,postgresql-plain-indexed-load,1,ip-172-31-24-15,olap,benchANT
2026-05-17 08:31:30+00:00,system,uptime,47667,dbms,clickbench,postgresql-plain-indexed-load,1,ip-172-31-24-15,olap,benchANT
2026-05-17 08:31:40+00:00,system,uptime,47677,dbms,clickbench,postgresql-plain-indexed-load,1,ip-172-31-24-15,olap,benchANT
2026-05-17 08:31:50+00:00,system,uptime,47687,dbms,clickbench,postgresql-plain-indexed-load,1,ip-172-31-24-15,olap,benchANT
2026-05-17 08:32:00+00:00,system,uptime,47697,dbms,clickbench,postgresql-plain-indexed-load,1,ip-172-31-24-15,olap,benchANT
2026-05-17 08:32:10+00:00,system,uptime,47707,dbms,clickbench,postgresql-plain-indexed-load,1,ip-172-31-24-15,olap,benchANT
2026-05-17 08:32:20+00:00,system,uptime,47717,dbms,clickbench,postgresql-plain-indexed-load,1,ip-172-31-24-15,olap,benchANT
2026-05-17 08:32:30+00:00,system,uptime,47727,dbms,clickbench,postgresql-plain-indexed-load,1,ip-172-31-24-15,olap,benchANT
2026-05-17 08:32:40+00:00,system,uptime,47737,dbms,clickbench,postgresql-plain-indexed-load,1,ip-172-31-24-15,olap,benchANT
2026-05-17 08:32:50+00:00,system,uptime,47747,dbms,clickbench,postgresql-plain-indexed-load,1,ip-172-31-24-15,olap,benchANT
2026-05-17 08:33:00+00:00,system,uptime,47757,dbms,clickbench,postgresql-plain-indexed-load,1,ip-172-31-24-15,olap,benchANT
2026-05-17 08:33:10+00:00,system,uptime,47767,dbms,clickbench,postgresql-plain-indexed-load,1,ip-172-31-24-15,olap,benchANT
2026-05-17 08:33:20+00:00,system,uptime,47777,dbms,clickbench,postgresql-plain-indexed-load,1,ip-172-31-24-15,olap,benchANT
2026-05-17 08:33:30+00:00,system,uptime,47787,dbms,clickbench,postgresql-plain-indexed-load,1,ip-172-31-24-15,olap,benchANT
2026-05-17 08:33:40+00:00,system,uptime,47797,dbms,clickbench,postgresql-plain-indexed-load,1,ip-172-31-24-15,olap,benchANT
2026-05-17 08:33:50+00:00,system,uptime,47807,dbms,clickbench,postgresql-plain-indexed-load,1,ip-172-31-24-15,olap,benchANT
2026-05-17 08:34:00+00:00,system,uptime,47817,dbms,clickbench,postgresql-plain-indexed-load,1,ip-172-31-24-15,olap,benchANT
2026-05-17 08:34:10+00:00,system,uptime,47827,dbms,clickbench,postgresql-plain-indexed-load,1,ip-172-31-24-15,olap,benchANT
2026-05-17 08:34:20+00:00,system,uptime,47837,dbms,clickbench,postgresql-plain-indexed-load,1,ip-172-31-24-15,olap,benchANT
2026-05-17 08:34:30+00:00,system,uptime,47847,dbms,clickbench,postgresql-plain-indexed-load,1,ip-172-31-24-15,olap,benchANT
2026-05-17 08:34:40+00:00,system,uptime,47857,dbms,clickbench,postgresql-plain-indexed-load,1,ip-172-31-24-15,olap,benchANT
2026-05-17 08:34:50+00:00,system,uptime,47867,dbms,clickbench,postgresql-plain-indexed-load,1,ip-172-31-24-15,olap,benchANT
2026-05-17 08:35:00+00:00,system,uptime,47877,dbms,clickbench,postgresql-plain-indexed-load,1,ip-172-31-24-15,olap,benchANT
2026-05-17 08:35:10+00:00,system,uptime,47887,dbms,clickbench,postgresql-plain-indexed-load,1,ip-172-31-24-15,olap,benchANT
2026-05-17 08:35:20+00:00,system,uptime,47897,dbms,clickbench,postgresql-plain-indexed-load,1,ip-172-31-24-15,olap,benchANT
2026-05-17 08:35:30+00:00,system,uptime,47907,dbms,clickbench,postgresql-plain-indexed-load,1,ip-172-31-24-15,olap,benchANT
2026-05-17 08:35:40+00:00,system,uptime,47917,dbms,clickbench,postgresql-plain-indexed-load,1,ip-172-31-24-15,olap,benchANT
2026-05-17 08:35:50+00:00,system,uptime,47927,dbms,clickbench,postgresql-plain-indexed-load,1,ip-172-31-24-15,olap,benchANT
2026-05-17 08:36:00+00:00,system,uptime,47937,dbms,clickbench,postgresql-plain-indexed-load,1,ip-172-31-24-15,olap,benchANT
2026-05-17 08:36:10+00:00,system,uptime,47947,dbms,clickbench,postgresql-plain-indexed-load,1,ip-172-31-24-15,olap,benchANT
2026-05-17 08:36:20+00:00,system,uptime,47957,dbms,clickbench,postgresql-plain-indexed-load,1,ip-172-31-24-15,olap,benchANT
2026-05-17 08:36:30+00:00,system,uptime,47967,dbms,clickbench,postgresql-plain-indexed-load,1,ip-172-31-24-15,olap,benchANT
2026-05-17 08:36:40+00:00,system,uptime,47977,dbms,clickbench,postgresql-plain-indexed-load,1,ip-172-31-24-15,olap,benchANT
2026-05-17 08:36:50+00:00,system,uptime,47987,dbms,clickbench,postgresql-plain-indexed-load,1,ip-172-31-24-15,olap,benchANT
2026-05-17 08:37:00+00:00,system,uptime,47997,dbms,clickbench,postgresql-plain-indexed-load,1,ip-172-31-24-15,olap,benchANT
2026-05-17 08:37:10+00:00,system,uptime,48007,dbms,clickbench,postgresql-plain-indexed-load,1,ip-172-31-24-15,olap,benchANT
2026-05-17 08:37:20+00:00,system,uptime,48017,dbms,clickbench,postgresql-plain-indexed-load,1,ip-172-31-24-15,olap,benchANT
2026-05-17 08:37:30+00:00,system,uptime,48027,dbms,clickbench,postgresql-plain-indexed-load,1,ip-172-31-24-15,olap,benchANT
2026-05-17 08:37:40+00:00,system,uptime,48037,dbms,clickbench,postgresql-plain-indexed-load,1,ip-172-31-24-15,olap,benchANT
2026-05-17 08:37:50+00:00,system,uptime,48047,dbms,clickbench,postgresql-plain-indexed-load,1,ip-172-31-24-15,olap,benchANT
2026-05-17 08:38:00+00:00,system,uptime,48057,dbms,clickbench,postgresql-plain-indexed-load,1,ip-172-31-24-15,olap,benchANT
2026-05-17 08:38:10+00:00,system,uptime,48067,dbms,clickbench,postgresql-plain-indexed-load,1,ip-172-31-24-15,olap,benchANT
2026-05-17 08:38:20+00:00,system,uptime,48077,dbms,clickbench,postgresql-plain-indexed-load,1,ip-172-31-24-15,olap,benchANT
2026-05-17 08:38:30+00:00,system,uptime,48087,dbms,clickbench,postgresql-plain-indexed-load,1,ip-172-31-24-15,olap,benchANT
2026-05-17 08:38:40+00:00,system,uptime,48097,dbms,clickbench,postgresql-plain-indexed-load,1,ip-172-31-24-15,olap,benchANT
2026-05-17 08:38:50+00:00,system,uptime,48107,dbms,clickbench,postgresql-plain-indexed-load,1,ip-172-31-24-15,olap,benchANT
2026-05-17 08:39:00+00:00,system,uptime,48117,dbms,clickbench,postgresql-plain-indexed-load,1,ip-172-31-24-15,olap,benchANT
2026-05-17 08:39:10+00:00,system,uptime,48127,dbms,clickbench,postgresql-plain-indexed-load,1,ip-172-31-24-15,olap,benchANT
2026-05-17 08:39:20+00:00,system,uptime,48137,dbms,clickbench,postgresql-plain-indexed-load,1,ip-172-31-24-15,olap,benchANT
2026-05-17 08:39:30+00:00,system,uptime,48147,dbms,clickbench,postgresql-plain-indexed-load,1,ip-172-31-24-15,olap,benchANT
2026-05-17 08:39:40+00:00,system,uptime,48157,dbms,clickbench,postgresql-plain-indexed-load,1,ip-172-31-24-15,olap,benchANT
2026-05-17 08:39:50+00:00,system,uptime,48167,dbms,clickbench,postgresql-plain-indexed-load,1,ip-172-31-24-15,olap,benchANT
2026-05-17 08:40:00+00:00,system,uptime,48177,dbms,clickbench,postgresql-plain-indexed-load,1,ip-172-31-24-15,olap,benchANT
2026-05-17 08:40:10+00:00,system,uptime,48187,dbms,clickbench,postgresql-plain-indexed-load,1,ip-172-31-24-15,olap,benchANT
2026-05-17 08:40:20+00:00,system,uptime,48197,dbms,clickbench,postgresql-plain-indexed-load,1,ip-172-31-24-15,olap,benchANT
2026-05-17 08:40:30+00:00,system,uptime,48207,dbms,clickbench,postgresql-plain-indexed-load,1,ip-172-31-24-15,olap,benchANT
2026-05-17 08:40:40+00:00,system,uptime,48217,dbms,clickbench,postgresql-plain-indexed-load,1,ip-172-31-24-15,olap,benchANT
2026-05-17 08:40:50+00:00,system,uptime,48227,dbms,clickbench,postgresql-plain-indexed-load,1,ip-172-31-24-15,olap,benchANT
2026-05-17 08:41:00+00:00,system,uptime,48237,dbms,clickbench,postgresql-plain-indexed-load,1,ip-172-31-24-15,olap,benchANT
2026-05-17 08:41:10+00:00,system,uptime,48247,dbms,clickbench,postgresql-plain-indexed-load,1,ip-172-31-24-15,olap,benchANT
2026-05-17 08:41:20+00:00,system,uptime,48257,dbms,clickbench,postgresql-plain-indexed-load,1,ip-172-31-24-15,olap,benchANT
2026-05-17 08:41:30+00:00,system,uptime,48267,dbms,clickbench,postgresql-plain-indexed-load,1,ip-172-31-24-15,olap,benchANT
2026-05-17 08:41:40+00:00,system,uptime,48277,dbms,clickbench,postgresql-plain-indexed-load,1,ip-172-31-24-15,olap,benchANT
2026-05-17 08:41:50+00:00,system,uptime,48287,dbms,clickbench,postgresql-plain-indexed-load,1,ip-172-31-24-15,olap,benchANT
2026-05-17 08:42:00+00:00,system,uptime,48297,dbms,clickbench,postgresql-plain-indexed-load,1,ip-172-31-24-15,olap,benchANT
2026-05-17 08:42:10+00:00,system,uptime,48307,dbms,clickbench,postgresql-plain-indexed-load,1,ip-172-31-24-15,olap,benchANT
2026-05-17 08:42:20+00:00,system,uptime,48317,dbms,clickbench,postgresql-plain-indexed-load,1,ip-172-31-24-15,olap,benchANT
2026-05-17 08:42:30+00:00,system,uptime,48327,dbms,clickbench,postgresql-plain-indexed-load,1,ip-172-31-24-15,olap,benchANT
2026-05-17 08:42:40+00:00,system,uptime,48337,dbms,clickbench,postgresql-plain-indexed-load,1,ip-172-31-24-15,olap,benchANT
2026-05-17 08:42:50+00:00,system,uptime,48347,dbms,clickbench,postgresql-plain-indexed-load,1,ip-172-31-24-15,olap,benchANT
2026-05-17 08:43:00+00:00,system,uptime,48357,dbms,clickbench,postgresql-plain-indexed-load,1,ip-172-31-24-15,olap,benchANT
2026-05-17 08:43:10+00:00,system,uptime,48367,dbms,clickbench,postgresql-plain-indexed-load,1,ip-172-31-24-15,olap,benchANT
2026-05-17 08:43:20+00:00,system,uptime,48377,dbms,clickbench,postgresql-plain-indexed-load,1,ip-172-31-24-15,olap,benchANT
2026-05-17 08:43:30+00:00,system,uptime,48387,dbms,clickbench,postgresql-plain-indexed-load,1,ip-172-31-24-15,olap,benchANT
2026-05-17 08:43:40+00:00,system,uptime,48397,dbms,clickbench,postgresql-plain-indexed-load,1,ip-172-31-24-15,olap,benchANT
2026-05-17 08:43:50+00:00,system,uptime,48407,dbms,clickbench,postgresql-plain-indexed-load,1,ip-172-31-24-15,olap,benchANT
2026-05-17 08:44:00+00:00,system,uptime,48417,dbms,clickbench,postgresql-plain-indexed-load,1,ip-172-31-24-15,olap,benchANT
2026-05-17 08:44:10+00:00,system,uptime,48427,dbms,clickbench,postgresql-plain-indexed-load,1,ip-172-31-24-15,olap,benchANT
2026-05-17 08:44:20+00:00,system,uptime,48437,dbms,clickbench,postgresql-plain-indexed-load,1,ip-172-31-24-15,olap,benchANT
2026-05-17 08:44:30+00:00,system,uptime,48447,dbms,clickbench,postgresql-plain-indexed-load,1,ip-172-31-24-15,olap,benchANT
2026-05-17 08:44:40+00:00,system,uptime,48457,dbms,clickbench,postgresql-plain-indexed-load,1,ip-172-31-24-15,olap,benchANT
2026-05-17 08:44:50+00:00,system,uptime,48467,dbms,clickbench,postgresql-plain-indexed-load,1,ip-172-31-24-15,olap,benchANT
2026-05-17 08:45:00+00:00,system,uptime,48477,dbms,clickbench,postgresql-plain-indexed-load,1,ip-172-31-24-15,olap,benchANT
2026-05-17 08:45:10+00:00,system,uptime,48487,dbms,clickbench,postgresql-plain-indexed-load,1,ip-172-31-24-15,olap,benchANT
2026-05-17 08:45:20+00:00,system,uptime,48497,dbms,clickbench,postgresql-plain-indexed-load,1,ip-172-31-24-15,olap,benchANT
2026-05-17 08:45:30+00:00,system,uptime,48507,dbms,clickbench,postgresql-plain-indexed-load,1,ip-172-31-24-15,olap,benchANT
2026-05-17 08:45:40+00:00,system,uptime,48517,dbms,clickbench,postgresql-plain-indexed-load,1,ip-172-31-24-15,olap,benchANT
2026-05-17 08:45:50+00:00,system,uptime,48527,dbms,clickbench,postgresql-plain-indexed-load,1,ip-172-31-24-15,olap,benchANT
2026-05-17 08:46:00+00:00,system,uptime,48537,dbms,clickbench,postgresql-plain-indexed-load,1,ip-172-31-24-15,olap,benchANT
2026-05-17 08:46:10+00:00,system,uptime,48547,dbms,clickbench,postgresql-plain-indexed-load,1,ip-172-31-24-15,olap,benchANT
2026-05-17 08:46:20+00:00,system,uptime,48557,dbms,clickbench,postgresql-plain-indexed-load,1,ip-172-31-24-15,olap,benchANT
2026-05-17 08:46:30+00:00,system,uptime,48567,dbms,clickbench,postgresql-plain-indexed-load,1,ip-172-31-24-15,olap,benchANT
2026-05-17 08:46:40+00:00,system,uptime,48577,dbms,clickbench,postgresql-plain-indexed-load,1,ip-172-31-24-15,olap,benchANT
2026-05-17 08:46:50+00:00,system,uptime,48587,dbms,clickbench,postgresql-plain-indexed-load,1,ip-172-31-24-15,olap,benchANT
2026-05-17 08:47:00+00:00,system,uptime,48597,dbms,clickbench,postgresql-plain-indexed-load,1,ip-172-31-24-15,olap,benchANT
2026-05-17 08:47:10+00:00,system,uptime,48607,dbms,clickbench,postgresql-plain-indexed-load,1,ip-172-31-24-15,olap,benchANT
2026-05-17 08:47:20+00:00,system,uptime,48617,dbms,clickbench,postgresql-plain-indexed-load,1,ip-172-31-24-15,olap,benchANT
2026-05-17 08:47:30+00:00,system,uptime,48627,dbms,clickbench,postgresql-plain-indexed-load,1,ip-172-31-24-15,olap,benchANT
2026-05-17 08:47:40+00:00,system,uptime,48637,dbms,clickbench,postgresql-plain-indexed-load,1,ip-172-31-24-15,olap,benchANT
2026-05-17 08:47:50+00:00,system,uptime,48647,dbms,clickbench,postgresql-plain-indexed-load,1,ip-172-31-24-15,olap,benchANT
2026-05-17 08:48:00+00:00,system,uptime,48657,dbms,clickbench,postgresql-plain-indexed-load,1,ip-172-31-24-15,olap,benchANT
2026-05-17 08:48:10+00:00,system,uptime,48667,dbms,clickbench,postgresql-plain-indexed-load,1,ip-172-31-24-15,olap,benchANT
2026-05-17 08:48:20+00:00,system,uptime,48677,dbms,clickbench,postgresql-plain-indexed-load,1,ip-172-31-24-15,olap,benchANT
2026-05-17 08:48:30+00:00,system,uptime,48687,dbms,clickbench,postgresql-plain-indexed-load,1,ip-172-31-24-15,olap,benchANT
2026-05-17 08:48:40+00:00,system,uptime,48697,dbms,clickbench,postgresql-plain-indexed-load,1,ip-172-31-24-15,olap,benchANT
2026-05-17 08:48:50+00:00,system,uptime,48707,dbms,clickbench,postgresql-plain-indexed-load,1,ip-172-31-24-15,olap,benchANT
2026-05-17 08:49:00+00:00,system,uptime,48717,dbms,clickbench,postgresql-plain-indexed-load,1,ip-172-31-24-15,olap,benchANT
2026-05-17 08:49:10+00:00,system,uptime,48727,dbms,clickbench,postgresql-plain-indexed-load,1,ip-172-31-24-15,olap,benchANT
2026-05-17 08:49:20+00:00,system,uptime,48737,dbms,clickbench,postgresql-plain-indexed-load,1,ip-172-31-24-15,olap,benchANT
2026-05-17 08:49:30+00:00,system,uptime,48747,dbms,clickbench,postgresql-plain-indexed-load,1,ip-172-31-24-15,olap,benchANT
2026-05-17 08:49:40+00:00,system,uptime,48757,dbms,clickbench,postgresql-plain-indexed-load,1,ip-172-31-24-15,olap,benchANT
2026-05-17 08:49:50+00:00,system,uptime,48767,dbms,clickbench,postgresql-plain-indexed-load,1,ip-172-31-24-15,olap,benchANT
2026-05-17 08:50:00+00:00,system,uptime,48777,dbms,clickbench,postgresql-plain-indexed-load,1,ip-172-31-24-15,olap,benchANT
2026-05-17 08:50:10+00:00,system,uptime,48787,dbms,clickbench,postgresql-plain-indexed-load,1,ip-172-31-24-15,olap,benchANT
2026-05-17 08:50:20+00:00,system,uptime,48797,dbms,clickbench,postgresql-plain-indexed-load,1,ip-172-31-24-15,olap,benchANT
2026-05-17 08:50:30+00:00,system,uptime,48807,dbms,clickbench,postgresql-plain-indexed-load,1,ip-172-31-24-15,olap,benchANT
2026-05-17 08:50:40+00:00,system,uptime,48817,dbms,clickbench,postgresql-plain-indexed-load,1,ip-172-31-24-15,olap,benchANT
2026-05-17 08:50:50+00:00,system,uptime,48827,dbms,clickbench,postgresql-plain-indexed-load,1,ip-172-31-24-15,olap,benchANT
2026-05-17 08:51:00+00:00,system,uptime,48837,dbms,clickbench,postgresql-plain-indexed-load,1,ip-172-31-24-15,olap,benchANT
2026-05-17 08:51:10+00:00,system,uptime,48847,dbms,clickbench,postgresql-plain-indexed-load,1,ip-172-31-24-15,olap,benchANT
2026-05-17 08:51:20+00:00,system,uptime,48857,dbms,clickbench,postgresql-plain-indexed-load,1,ip-172-31-24-15,olap,benchANT
2026-05-17 08:51:30+00:00,system,uptime,48867,dbms,clickbench,postgresql-plain-indexed-load,1,ip-172-31-24-15,olap,benchANT
2026-05-17 08:51:40+00:00,system,uptime,48877,dbms,clickbench,postgresql-plain-indexed-load,1,ip-172-31-24-15,olap,benchANT
2026-05-17 08:51:50+00:00,system,uptime,48887,dbms,clickbench,postgresql-plain-indexed-load,1,ip-172-31-24-15,olap,benchANT
2026-05-17 08:52:00+00:00,system,uptime,48897,dbms,clickbench,postgresql-plain-indexed-load,1,ip-172-31-24-15,olap,benchANT
2026-05-17 08:52:10+00:00,system,uptime,48907,dbms,clickbench,postgresql-plain-indexed-load,1,ip-172-31-24-15,olap,benchANT
2026-05-17 08:52:20+00:00,system,uptime,48917,dbms,clickbench,postgresql-plain-indexed-load,1,ip-172-31-24-15,olap,benchANT
2026-05-17 08:52:30+00:00,system,uptime,48927,dbms,clickbench,postgresql-plain-indexed-load,1,ip-172-31-24-15,olap,benchANT
2026-05-17 08:52:40+00:00,system,uptime,48937,dbms,clickbench,postgresql-plain-indexed-load,1,ip-172-31-24-15,olap,benchANT
2026-05-17 08:52:50+00:00,system,uptime,48947,dbms,clickbench,postgresql-plain-indexed-load,1,ip-172-31-24-15,olap,benchANT
2026-05-17 08:53:00+00:00,system,uptime,48957,dbms,clickbench,postgresql-plain-indexed-load,1,ip-172-31-24-15,olap,benchANT
2026-05-17 08:53:10+00:00,system,uptime,48967,dbms,clickbench,postgresql-plain-indexed-load,1,ip-172-31-24-15,olap,benchANT
2026-05-17 08:53:20+00:00,system,uptime,48977,dbms,clickbench,postgresql-plain-indexed-load,1,ip-172-31-24-15,olap,benchANT
2026-05-17 08:53:30+00:00,system,uptime,48987,dbms,clickbench,postgresql-plain-indexed-load,1,ip-172-31-24-15,olap,benchANT
2026-05-17 08:53:40+00:00,system,uptime,48997,dbms,clickbench,postgresql-plain-indexed-load,1,ip-172-31-24-15,olap,benchANT
2026-05-17 08:53:50+00:00,system,uptime,49007,dbms,clickbench,postgresql-plain-indexed-load,1,ip-172-31-24-15,olap,benchANT
2026-05-17 08:54:00+00:00,system,uptime,49017,dbms,clickbench,postgresql-plain-indexed-load,1,ip-172-31-24-15,olap,benchANT
2026-05-17 08:54:10+00:00,system,uptime,49027,dbms,clickbench,postgresql-plain-indexed-load,1,ip-172-31-24-15,olap,benchANT
2026-05-17 08:54:20+00:00,system,uptime,49037,dbms,clickbench,postgresql-plain-indexed-load,1,ip-172-31-24-15,olap,benchANT
2026-05-17 08:54:30+00:00,system,uptime,49047,dbms,clickbench,postgresql-plain-indexed-load,1,ip-172-31-24-15,olap,benchANT
2026-05-17 08:54:40+00:00,system,uptime,49057,dbms,clickbench,postgresql-plain-indexed-load,1,ip-172-31-24-15,olap,benchANT
2026-05-17 08:54:50+00:00,system,uptime,49067,dbms,clickbench,postgresql-plain-indexed-load,1,ip-172-31-24-15,olap,benchANT
2026-05-17 08:55:00+00:00,system,uptime,49077,dbms,clickbench,postgresql-plain-indexed-load,1,ip-172-31-24-15,olap,benchANT
2026-05-17 08:55:10+00:00,system,uptime,49087,dbms,clickbench,postgresql-plain-indexed-load,1,ip-172-31-24-15,olap,benchANT
2026-05-17 08:55:20+00:00,system,uptime,49097,dbms,clickbench,postgresql-plain-indexed-load,1,ip-172-31-24-15,olap,benchANT
2026-05-17 08:55:30+00:00,system,uptime,49107,dbms,clickbench,postgresql-plain-indexed-load,1,ip-172-31-24-15,olap,benchANT
2026-05-17 08:55:40+00:00,system,uptime,49117,dbms,clickbench,postgresql-plain-indexed-load,1,ip-172-31-24-15,olap,benchANT
2026-05-17 08:55:50+00:00,system,uptime,49127,dbms,clickbench,postgresql-plain-indexed-load,1,ip-172-31-24-15,olap,benchANT
2026-05-17 08:56:00+00:00,system,uptime,49137,dbms,clickbench,postgresql-plain-indexed-load,1,ip-172-31-24-15,olap,benchANT
2026-05-17 08:56:10+00:00,system,uptime,49147,dbms,clickbench,postgresql-plain-indexed-load,1,ip-172-31-24-15,olap,benchANT
2026-05-17 08:56:20+00:00,system,uptime,49157,dbms,clickbench,postgresql-plain-indexed-load,1,ip-172-31-24-15,olap,benchANT
2026-05-17 08:56:30+00:00,system,uptime,49167,dbms,clickbench,postgresql-plain-indexed-load,1,ip-172-31-24-15,olap,benchANT
2026-05-17 08:56:40+00:00,system,uptime,49177,dbms,clickbench,postgresql-plain-indexed-load,1,ip-172-31-24-15,olap,benchANT
2026-05-17 08:56:50+00:00,system,uptime,49187,dbms,clickbench,postgresql-plain-indexed-load,1,ip-172-31-24-15,olap,benchANT
2026-05-17 08:57:00+00:00,system,uptime,49197,dbms,clickbench,postgresql-plain-indexed-load,1,ip-172-31-24-15,olap,benchANT
2026-05-17 08:57:10+00:00,system,uptime,49207,dbms,clickbench,postgresql-plain-indexed-load,1,ip-172-31-24-15,olap,benchANT
2026-05-17 08:57:20+00:00,system,uptime,49217,dbms,clickbench,postgresql-plain-indexed-load,1,ip-172-31-24-15,olap,benchANT
2026-05-17 08:57:30+00:00,system,uptime,49227,dbms,clickbench,postgresql-plain-indexed-load,1,ip-172-31-24-15,olap,benchANT
2026-05-17 08:57:40+00:00,system,uptime,49237,dbms,clickbench,postgresql-plain-indexed-load,1,ip-172-31-24-15,olap,benchANT
2026-05-17 08:57:50+00:00,system,uptime,49247,dbms,clickbench,postgresql-plain-indexed-load,1,ip-172-31-24-15,olap,benchANT
2026-05-17 08:58:00+00:00,system,uptime,49257,dbms,clickbench,postgresql-plain-indexed-load,1,ip-172-31-24-15,olap,benchANT
2026-05-17 08:58:10+00:00,system,uptime,49267,dbms,clickbench,postgresql-plain-indexed-load,1,ip-172-31-24-15,olap,benchANT
2026-05-17 08:58:20+00:00,system,uptime,49277,dbms,clickbench,postgresql-plain-indexed-load,1,ip-172-31-24-15,olap,benchANT
2026-05-17 08:58:30+00:00,system,uptime,49287,dbms,clickbench,postgresql-plain-indexed-load,1,ip-172-31-24-15,olap,benchANT
2026-05-17 08:58:40+00:00,system,uptime,49297,dbms,clickbench,postgresql-plain-indexed-load,1,ip-172-31-24-15,olap,benchANT
2026-05-17 08:58:50+00:00,system,uptime,49307,dbms,clickbench,postgresql-plain-indexed-load,1,ip-172-31-24-15,olap,benchANT
2026-05-17 08:59:00+00:00,system,uptime,49317,dbms,clickbench,postgresql-plain-indexed-load,1,ip-172-31-24-15,olap,benchANT
2026-05-17 08:59:10+00:00,system,uptime,49327,dbms,clickbench,postgresql-plain-indexed-load,1,ip-172-31-24-15,olap,benchANT
2026-05-17 08:59:20+00:00,system,uptime,49337,dbms,clickbench,postgresql-plain-indexed-load,1,ip-172-31-24-15,olap,benchANT
2026-05-17 08:59:30+00:00,system,uptime,49347,dbms,clickbench,postgresql-plain-indexed-load,1,ip-172-31-24-15,olap,benchANT
2026-05-17 08:59:40+00:00,system,uptime,49357,dbms,clickbench,postgresql-plain-indexed-load,1,ip-172-31-24-15,olap,benchANT
2026-05-17 08:59:50+00:00,system,uptime,49367,dbms,clickbench,postgresql-plain-indexed-load,1,ip-172-31-24-15,olap,benchANT
2026-05-17 09:00:00+00:00,system,uptime,49377,dbms,clickbench,postgresql-plain-indexed-load,1,ip-172-31-24-15,olap,benchANT
2026-05-17 09:00:10+00:00,system,uptime,49387,dbms,clickbench,postgresql-plain-indexed-load,1,ip-172-31-24-15,olap,benchANT
2026-05-17 09:00:20+00:00,system,uptime,49397,dbms,clickbench,postgresql-plain-indexed-load,1,ip-172-31-24-15,olap,benchANT
2026-05-17 09:00:30+00:00,system,uptime,49407,dbms,clickbench,postgresql-plain-indexed-load,1,ip-172-31-24-15,olap,benchANT
2026-05-17 09:00:40+00:00,system,uptime,49417,dbms,clickbench,postgresql-plain-indexed-load,1,ip-172-31-24-15,olap,benchANT
2026-05-17 09:00:50+00:00,system,uptime,49427,dbms,clickbench,postgresql-plain-indexed-load,1,ip-172-31-24-15,olap,benchANT
2026-05-17 09:01:00+00:00,system,uptime,49437,dbms,clickbench,postgresql-plain-indexed-load,1,ip-172-31-24-15,olap,benchANT
2026-05-17 09:01:10+00:00,system,uptime,49447,dbms,clickbench,postgresql-plain-indexed-load,1,ip-172-31-24-15,olap,benchANT
2026-05-17 09:01:20+00:00,system,uptime,49457,dbms,clickbench,postgresql-plain-indexed-load,1,ip-172-31-24-15,olap,benchANT
2026-05-17 09:01:30+00:00,system,uptime,49467,dbms,clickbench,postgresql-plain-indexed-load,1,ip-172-31-24-15,olap,benchANT
2026-05-17 09:01:40+00:00,system,uptime,49477,dbms,clickbench,postgresql-plain-indexed-load,1,ip-172-31-24-15,olap,benchANT
2026-05-17 09:01:50+00:00,system,uptime,49487,dbms,clickbench,postgresql-plain-indexed-load,1,ip-172-31-24-15,olap,benchANT
2026-05-17 09:02:00+00:00,system,uptime,49497,dbms,clickbench,postgresql-plain-indexed-load,1,ip-172-31-24-15,olap,benchANT
2026-05-17 09:02:10+00:00,system,uptime,49507,dbms,clickbench,postgresql-plain-indexed-load,1,ip-172-31-24-15,olap,benchANT
2026-05-17 09:02:20+00:00,system,uptime,49517,dbms,clickbench,postgresql-plain-indexed-load,1,ip-172-31-24-15,olap,benchANT
2026-05-17 09:02:30+00:00,system,uptime,49527,dbms,clickbench,postgresql-plain-indexed-load,1,ip-172-31-24-15,olap,benchANT
2026-05-17 09:02:40+00:00,system,uptime,49537,dbms,clickbench,postgresql-plain-indexed-load,1,ip-172-31-24-15,olap,benchANT
2026-05-17 09:02:50+00:00,system,uptime,49547,dbms,clickbench,postgresql-plain-indexed-load,1,ip-172-31-24-15,olap,benchANT
2026-05-17 09:03:00+00:00,system,uptime,49557,dbms,clickbench,postgresql-plain-indexed-load,1,ip-172-31-24-15,olap,benchANT
2026-05-17 09:03:10+00:00,system,uptime,49567,dbms,clickbench,postgresql-plain-indexed-load,1,ip-172-31-24-15,olap,benchANT
2026-05-17 09:03:20+00:00,system,uptime,49577,dbms,clickbench,postgresql-plain-indexed-load,1,ip-172-31-24-15,olap,benchANT
2026-05-17 09:03:30+00:00,system,uptime,49587,dbms,clickbench,postgresql-plain-indexed-load,1,ip-172-31-24-15,olap,benchANT
2026-05-17 09:03:40+00:00,system,uptime,49597,dbms,clickbench,postgresql-plain-indexed-load,1,ip-172-31-24-15,olap,benchANT
2026-05-17 09:03:50+00:00,system,uptime,49607,dbms,clickbench,postgresql-plain-indexed-load,1,ip-172-31-24-15,olap,benchANT
2026-05-17 09:04:00+00:00,system,uptime,49617,dbms,clickbench,postgresql-plain-indexed-load,1,ip-172-31-24-15,olap,benchANT
2026-05-17 09:04:10+00:00,system,uptime,49627,dbms,clickbench,postgresql-plain-indexed-load,1,ip-172-31-24-15,olap,benchANT
2026-05-17 09:04:20+00:00,system,uptime,49637,dbms,clickbench,postgresql-plain-indexed-load,1,ip-172-31-24-15,olap,benchANT
2026-05-17 09:04:30+00:00,system,uptime,49647,dbms,clickbench,postgresql-plain-indexed-load,1,ip-172-31-24-15,olap,benchANT
2026-05-17 09:04:40+00:00,system,uptime,49657,dbms,clickbench,postgresql-plain-indexed-load,1,ip-172-31-24-15,olap,benchANT
2026-05-17 09:04:50+00:00,system,uptime,49667,dbms,clickbench,postgresql-plain-indexed-load,1,ip-172-31-24-15,olap,benchANT
2026-05-17 09:05:00+00:00,system,uptime,49677,dbms,clickbench,postgresql-plain-indexed-load,1,ip-172-31-24-15,olap,benchANT
2026-05-17 09:05:10+00:00,system,uptime,49687,dbms,clickbench,postgresql-plain-indexed-load,1,ip-172-31-24-15,olap,benchANT
2026-05-17 09:05:20+00:00,system,uptime,49697,dbms,clickbench,postgresql-plain-indexed-load,1,ip-172-31-24-15,olap,benchANT
2026-05-17 09:05:30+00:00,system,uptime,49707,dbms,clickbench,postgresql-plain-indexed-load,1,ip-172-31-24-15,olap,benchANT
2026-05-17 09:05:40+00:00,system,uptime,49717,dbms,clickbench,postgresql-plain-indexed-load,1,ip-172-31-24-15,olap,benchANT
2026-05-17 09:05:50+00:00,system,uptime,49727,dbms,clickbench,postgresql-plain-indexed-load,1,ip-172-31-24-15,olap,benchANT
2026-05-17 09:06:00+00:00,system,uptime,49737,dbms,clickbench,postgresql-plain-indexed-load,1,ip-172-31-24-15,olap,benchANT
2026-05-17 09:06:10+00:00,system,uptime,49747,dbms,clickbench,postgresql-plain-indexed-load,1,ip-172-31-24-15,olap,benchANT
2026-05-17 09:06:20+00:00,system,uptime,49757,dbms,clickbench,postgresql-plain-indexed-load,1,ip-172-31-24-15,olap,benchANT
2026-05-17 09:06:30+00:00,system,uptime,49767,dbms,clickbench,postgresql-plain-indexed-load,1,ip-172-31-24-15,olap,benchANT
2026-05-17 09:06:40+00:00,system,uptime,49777,dbms,clickbench,postgresql-plain-indexed-load,1,ip-172-31-24-15,olap,benchANT
2026-05-17 09:06:50+00:00,system,uptime,49787,dbms,clickbench,postgresql-plain-indexed-load,1,ip-172-31-24-15,olap,benchANT
2026-05-17 09:07:00+00:00,system,uptime,49797,dbms,clickbench,postgresql-plain-indexed-load,1,ip-172-31-24-15,olap,benchANT
2026-05-17 09:07:10+00:00,system,uptime,49807,dbms,clickbench,postgresql-plain-indexed-load,1,ip-172-31-24-15,olap,benchANT
2026-05-17 09:07:20+00:00,system,uptime,49817,dbms,clickbench,postgresql-plain-indexed-load,1,ip-172-31-24-15,olap,benchANT
2026-05-17 09:07:30+00:00,system,uptime,49827,dbms,clickbench,postgresql-plain-indexed-load,1,ip-172-31-24-15,olap,benchANT
2026-05-17 09:07:40+00:00,system,uptime,49837,dbms,clickbench,postgresql-plain-indexed-load,1,ip-172-31-24-15,olap,benchANT
2026-05-17 09:07:50+00:00,system,uptime,49847,dbms,clickbench,postgresql-plain-indexed-load,1,ip-172-31-24-15,olap,benchANT
2026-05-17 09:08:00+00:00,system,uptime,49857,dbms,clickbench,postgresql-plain-indexed-load,1,ip-172-31-24-15,olap,benchANT
2026-05-17 09:08:10+00:00,system,uptime,49867,dbms,clickbench,postgresql-plain-indexed-load,1,ip-172-31-24-15,olap,benchANT
2026-05-17 09:08:20+00:00,system,uptime,49877,dbms,clickbench,postgresql-plain-indexed-load,1,ip-172-31-24-15,olap,benchANT
2026-05-17 09:08:30+00:00,system,uptime,49887,dbms,clickbench,postgresql-plain-indexed-load,1,ip-172-31-24-15,olap,benchANT
2026-05-17 09:08:40+00:00,system,uptime,49897,dbms,clickbench,postgresql-plain-indexed-load,1,ip-172-31-24-15,olap,benchANT
2026-05-17 09:08:50+00:00,system,uptime,49907,dbms,clickbench,postgresql-plain-indexed-load,1,ip-172-31-24-15,olap,benchANT
2026-05-17 09:09:00+00:00,system,uptime,49917,dbms,clickbench,postgresql-plain-indexed-load,1,ip-172-31-24-15,olap,benchANT
2026-05-17 09:09:10+00:00,system,uptime,49927,dbms,clickbench,postgresql-plain-indexed-load,1,ip-172-31-24-15,olap,benchANT
2026-05-17 09:09:20+00:00,system,uptime,49937,dbms,clickbench,postgresql-plain-indexed-load,1,ip-172-31-24-15,olap,benchANT
2026-05-17 09:09:30+00:00,system,uptime,49947,dbms,clickbench,postgresql-plain-indexed-load,1,ip-172-31-24-15,olap,benchANT
2026-05-17 09:09:40+00:00,system,uptime,49957,dbms,clickbench,postgresql-plain-indexed-load,1,ip-172-31-24-15,olap,benchANT
2026-05-17 09:09:50+00:00,system,uptime,49967,dbms,clickbench,postgresql-plain-indexed-load,1,ip-172-31-24-15,olap,benchANT
2026-05-17 09:10:00+00:00,system,uptime,49977,dbms,clickbench,postgresql-plain-indexed-load,1,ip-172-31-24-15,olap,benchANT
2026-05-17 09:10:10+00:00,system,uptime,49987,dbms,clickbench,postgresql-plain-indexed-load,1,ip-172-31-24-15,olap,benchANT
2026-05-17 09:10:20+00:00,system,uptime,49997,dbms,clickbench,postgresql-plain-indexed-load,1,ip-172-31-24-15,olap,benchANT
2026-05-17 09:10:30+00:00,system,uptime,50007,dbms,clickbench,postgresql-plain-indexed-load,1,ip-172-31-24-15,olap,benchANT
2026-05-17 09:10:40+00:00,system,uptime,50017,dbms,clickbench,postgresql-plain-indexed-load,1,ip-172-31-24-15,olap,benchANT
2026-05-17 09:10:50+00:00,system,uptime,50027,dbms,clickbench,postgresql-plain-indexed-load,1,ip-172-31-24-15,olap,benchANT
2026-05-17 09:11:00+00:00,system,uptime,50037,dbms,clickbench,postgresql-plain-indexed-load,1,ip-172-31-24-15,olap,benchANT
2026-05-17 09:11:10+00:00,system,uptime,50047,dbms,clickbench,postgresql-plain-indexed-load,1,ip-172-31-24-15,olap,benchANT
2026-05-17 09:11:20+00:00,system,uptime,50057,dbms,clickbench,postgresql-plain-indexed-load,1,ip-172-31-24-15,olap,benchANT
2026-05-17 09:11:30+00:00,system,uptime,50067,dbms,clickbench,postgresql-plain-indexed-load,1,ip-172-31-24-15,olap,benchANT
2026-05-17 09:11:40+00:00,system,uptime,50077,dbms,clickbench,postgresql-plain-indexed-load,1,ip-172-31-24-15,olap,benchANT
2026-05-17 09:11:50+00:00,system,uptime,50087,dbms,clickbench,postgresql-plain-indexed-load,1,ip-172-31-24-15,olap,benchANT
2026-05-17 09:12:00+00:00,system,uptime,50097,dbms,clickbench,postgresql-plain-indexed-load,1,ip-172-31-24-15,olap,benchANT
2026-05-17 09:12:10+00:00,system,uptime,50107,dbms,clickbench,postgresql-plain-indexed-load,1,ip-172-31-24-15,olap,benchANT
2026-05-17 09:12:20+00:00,system,uptime,50117,dbms,clickbench,postgresql-plain-indexed-load,1,ip-172-31-24-15,olap,benchANT
2026-05-17 09:12:30+00:00,system,uptime,50127,dbms,clickbench,postgresql-plain-indexed-load,1,ip-172-31-24-15,olap,benchANT
2026-05-17 09:12:40+00:00,system,uptime,50137,dbms,clickbench,postgresql-plain-indexed-load,1,ip-172-31-24-15,olap,benchANT
2026-05-17 09:12:50+00:00,system,uptime,50147,dbms,clickbench,postgresql-plain-indexed-load,1,ip-172-31-24-15,olap,benchANT
2026-05-17 09:13:00+00:00,system,uptime,50157,dbms,clickbench,postgresql-plain-indexed-load,1,ip-172-31-24-15,olap,benchANT
2026-05-17 09:13:10+00:00,system,uptime,50167,dbms,clickbench,postgresql-plain-indexed-load,1,ip-172-31-24-15,olap,benchANT
2026-05-17 09:13:20+00:00,system,uptime,50177,dbms,clickbench,postgresql-plain-indexed-load,1,ip-172-31-24-15,olap,benchANT
2026-05-17 09:13:30+00:00,system,uptime,50187,dbms,clickbench,postgresql-plain-indexed-load,1,ip-172-31-24-15,olap,benchANT
2026-05-17 09:13:40+00:00,system,uptime,50197,dbms,clickbench,postgresql-plain-indexed-load,1,ip-172-31-24-15,olap,benchANT
2026-05-17 09:13:50+00:00,system,uptime,50207,dbms,clickbench,postgresql-plain-indexed-load,1,ip-172-31-24-15,olap,benchANT
2026-05-17 09:14:00+00:00,system,uptime,50217,dbms,clickbench,postgresql-plain-indexed-load,1,ip-172-31-24-15,olap,benchANT
2026-05-17 09:14:10+00:00,system,uptime,50227,dbms,clickbench,postgresql-plain-indexed-load,1,ip-172-31-24-15,olap,benchANT
2026-05-17 09:14:20+00:00,system,uptime,50237,dbms,clickbench,postgresql-plain-indexed-load,1,ip-172-31-24-15,olap,benchANT
2026-05-17 09:14:30+00:00,system,uptime,50247,dbms,clickbench,postgresql-plain-indexed-load,1,ip-172-31-24-15,olap,benchANT
2026-05-17 09:14:40+00:00,system,uptime,50257,dbms,clickbench,postgresql-plain-indexed-load,1,ip-172-31-24-15,olap,benchANT
2026-05-17 09:14:50+00:00,system,uptime,50267,dbms,clickbench,postgresql-plain-indexed-load,1,ip-172-31-24-15,olap,benchANT
2026-05-17 09:15:00+00:00,system,uptime,50277,dbms,clickbench,postgresql-plain-indexed-load,1,ip-172-31-24-15,olap,benchANT
2026-05-17 09:15:10+00:00,system,uptime,50287,dbms,clickbench,postgresql-plain-indexed-load,1,ip-172-31-24-15,olap,benchANT
2026-05-17 09:15:20+00:00,system,uptime,50297,dbms,clickbench,postgresql-plain-indexed-load,1,ip-172-31-24-15,olap,benchANT
2026-05-17 09:15:30+00:00,system,uptime,50307,dbms,clickbench,postgresql-plain-indexed-load,1,ip-172-31-24-15,olap,benchANT
2026-05-17 09:15:40+00:00,system,uptime,50317,dbms,clickbench,postgresql-plain-indexed-load,1,ip-172-31-24-15,olap,benchANT
2026-05-17 09:15:50+00:00,system,uptime,50327,dbms,clickbench,postgresql-plain-indexed-load,1,ip-172-31-24-15,olap,benchANT
2026-05-17 09:16:00+00:00,system,uptime,50337,dbms,clickbench,postgresql-plain-indexed-load,1,ip-172-31-24-15,olap,benchANT
2026-05-17 09:16:10+00:00,system,uptime,50347,dbms,clickbench,postgresql-plain-indexed-load,1,ip-172-31-24-15,olap,benchANT
2026-05-17 09:16:20+00:00,system,uptime,50357,dbms,clickbench,postgresql-plain-indexed-load,1,ip-172-31-24-15,olap,benchANT
2026-05-17 09:16:30+00:00,system,uptime,50367,dbms,clickbench,postgresql-plain-indexed-load,1,ip-172-31-24-15,olap,benchANT
2026-05-17 09:16:40+00:00,system,uptime,50377,dbms,clickbench,postgresql-plain-indexed-load,1,ip-172-31-24-15,olap,benchANT
2026-05-17 09:16:50+00:00,system,uptime,50387,dbms,clickbench,postgresql-plain-indexed-load,1,ip-172-31-24-15,olap,benchANT
2026-05-17 09:17:00+00:00,system,uptime,50397,dbms,clickbench,postgresql-plain-indexed-load,1,ip-172-31-24-15,olap,benchANT
2026-05-17 09:17:10+00:00,system,uptime,50407,dbms,clickbench,postgresql-plain-indexed-load,1,ip-172-31-24-15,olap,benchANT
2026-05-17 09:17:20+00:00,system,uptime,50417,dbms,clickbench,postgresql-plain-indexed-load,1,ip-172-31-24-15,olap,benchANT
2026-05-17 09:17:30+00:00,system,uptime,50427,dbms,clickbench,postgresql-plain-indexed-load,1,ip-172-31-24-15,olap,benchANT
2026-05-17 09:17:40+00:00,system,uptime,50437,dbms,clickbench,postgresql-plain-indexed-load,1,ip-172-31-24-15,olap,benchANT
2026-05-17 09:17:50+00:00,system,uptime,50447,dbms,clickbench,postgresql-plain-indexed-load,1,ip-172-31-24-15,olap,benchANT
2026-05-17 09:18:00+00:00,system,uptime,50457,dbms,clickbench,postgresql-plain-indexed-load,1,ip-172-31-24-15,olap,benchANT
2026-05-17 09:18:10+00:00,system,uptime,50467,dbms,clickbench,postgresql-plain-indexed-load,1,ip-172-31-24-15,olap,benchANT
2026-05-17 09:18:20+00:00,system,uptime,50477,dbms,clickbench,postgresql-plain-indexed-load,1,ip-172-31-24-15,olap,benchANT
2026-05-17 09:18:30+00:00,system,uptime,50487,dbms,clickbench,postgresql-plain-indexed-load,1,ip-172-31-24-15,olap,benchANT
2026-05-17 09:18:40+00:00,system,uptime,50497,dbms,clickbench,postgresql-plain-indexed-load,1,ip-172-31-24-15,olap,benchANT
2026-05-17 09:18:50+00:00,system,uptime,50507,dbms,clickbench,postgresql-plain-indexed-load,1,ip-172-31-24-15,olap,benchANT
2026-05-17 09:19:00+00:00,system,uptime,50517,dbms,clickbench,postgresql-plain-indexed-load,1,ip-172-31-24-15,olap,benchANT
2026-05-17 09:19:10+00:00,system,uptime,50527,dbms,clickbench,postgresql-plain-indexed-load,1,ip-172-31-24-15,olap,benchANT
2026-05-17 09:19:20+00:00,system,uptime,50537,dbms,clickbench,postgresql-plain-indexed-load,1,ip-172-31-24-15,olap,benchANT
2026-05-17 09:19:30+00:00,system,uptime,50547,dbms,clickbench,postgresql-plain-indexed-load,1,ip-172-31-24-15,olap,benchANT
2026-05-17 09:19:40+00:00,system,uptime,50557,dbms,clickbench,postgresql-plain-indexed-load,1,ip-172-31-24-15,olap,benchANT
2026-05-17 09:19:50+00:00,system,uptime,50567,dbms,clickbench,postgresql-plain-indexed-load,1,ip-172-31-24-15,olap,benchANT
2026-05-17 09:20:00+00:00,system,uptime,50577,dbms,clickbench,postgresql-plain-indexed-load,1,ip-172-31-24-15,olap,benchANT
2026-05-17 09:20:10+00:00,system,uptime,50587,dbms,clickbench,postgresql-plain-indexed-load,1,ip-172-31-24-15,olap,benchANT
2026-05-17 09:20:20+00:00,system,uptime,50597,dbms,clickbench,postgresql-plain-indexed-load,1,ip-172-31-24-15,olap,benchANT
2026-05-17 09:20:30+00:00,system,uptime,50607,dbms,clickbench,postgresql-plain-indexed-load,1,ip-172-31-24-15,olap,benchANT
2026-05-17 09:20:40+00:00,system,uptime,50617,dbms,clickbench,postgresql-plain-indexed-load,1,ip-172-31-24-15,olap,benchANT
2026-05-17 09:20:50+00:00,system,uptime,50627,dbms,clickbench,postgresql-plain-indexed-load,1,ip-172-31-24-15,olap,benchANT
2026-05-17 09:21:00+00:00,system,uptime,50637,dbms,clickbench,postgresql-plain-indexed-load,1,ip-172-31-24-15,olap,benchANT
2026-05-17 09:21:10+00:00,system,uptime,50647,dbms,clickbench,postgresql-plain-indexed-load,1,ip-172-31-24-15,olap,benchANT
2026-05-17 09:21:20+00:00,system,uptime,50657,dbms,clickbench,postgresql-plain-indexed-load,1,ip-172-31-24-15,olap,benchANT
2026-05-17 09:21:30+00:00,system,uptime,50667,dbms,clickbench,postgresql-plain-indexed-load,1,ip-172-31-24-15,olap,benchANT
2026-05-17 09:21:40+00:00,system,uptime,50677,dbms,clickbench,postgresql-plain-indexed-load,1,ip-172-31-24-15,olap,benchANT
2026-05-17 09:21:50+00:00,system,uptime,50687,dbms,clickbench,postgresql-plain-indexed-load,1,ip-172-31-24-15,olap,benchANT
2026-05-17 09:22:00+00:00,system,uptime,50697,dbms,clickbench,postgresql-plain-indexed-load,1,ip-172-31-24-15,olap,benchANT
2026-05-17 09:22:10+00:00,system,uptime,50707,dbms,clickbench,postgresql-plain-indexed-load,1,ip-172-31-24-15,olap,benchANT
2026-05-17 09:22:20+00:00,system,uptime,50717,dbms,clickbench,postgresql-plain-indexed-load,1,ip-172-31-24-15,olap,benchANT
2026-05-17 09:22:30+00:00,system,uptime,50727,dbms,clickbench,postgresql-plain-indexed-load,1,ip-172-31-24-15,olap,benchANT
2026-05-17 09:22:40+00:00,system,uptime,50737,dbms,clickbench,postgresql-plain-indexed-load,1,ip-172-31-24-15,olap,benchANT
2026-05-17 09:22:50+00:00,system,uptime,50747,dbms,clickbench,postgresql-plain-indexed-load,1,ip-172-31-24-15,olap,benchANT
2026-05-17 09:23:00+00:00,system,uptime,50757,dbms,clickbench,postgresql-plain-indexed-load,1,ip-172-31-24-15,olap,benchANT
2026-05-17 09:23:10+00:00,system,uptime,50767,dbms,clickbench,postgresql-plain-indexed-load,1,ip-172-31-24-15,olap,benchANT
2026-05-17 09:23:20+00:00,system,uptime,50777,dbms,clickbench,postgresql-plain-indexed-load,1,ip-172-31-24-15,olap,benchANT
2026-05-17 09:23:30+00:00,system,uptime,50787,dbms,clickbench,postgresql-plain-indexed-load,1,ip-172-31-24-15,olap,benchANT
2026-05-17 09:23:40+00:00,system,uptime,50797,dbms,clickbench,postgresql-plain-indexed-load,1,ip-172-31-24-15,olap,benchANT
2026-05-17 09:23:50+00:00,system,uptime,50807,dbms,clickbench,postgresql-plain-indexed-load,1,ip-172-31-24-15,olap,benchANT
2026-05-17 09:24:00+00:00,system,uptime,50817,dbms,clickbench,postgresql-plain-indexed-load,1,ip-172-31-24-15,olap,benchANT
2026-05-17 09:24:10+00:00,system,uptime,50827,dbms,clickbench,postgresql-plain-indexed-load,1,ip-172-31-24-15,olap,benchANT
2026-05-17 09:24:20+00:00,system,uptime,50837,dbms,clickbench,postgresql-plain-indexed-load,1,ip-172-31-24-15,olap,benchANT
2026-05-17 09:24:30+00:00,system,uptime,50847,dbms,clickbench,postgresql-plain-indexed-load,1,ip-172-31-24-15,olap,benchANT
2026-05-17 09:24:40+00:00,system,uptime,50857,dbms,clickbench,postgresql-plain-indexed-load,1,ip-172-31-24-15,olap,benchANT
2026-05-17 09:24:50+00:00,system,uptime,50867,dbms,clickbench,postgresql-plain-indexed-load,1,ip-172-31-24-15,olap,benchANT
2026-05-17 09:25:00+00:00,system,uptime,50877,dbms,clickbench,postgresql-plain-indexed-load,1,ip-172-31-24-15,olap,benchANT
2026-05-17 09:25:10+00:00,system,uptime,50887,dbms,clickbench,postgresql-plain-indexed-load,1,ip-172-31-24-15,olap,benchANT
2026-05-17 09:25:20+00:00,system,uptime,50897,dbms,clickbench,postgresql-plain-indexed-load,1,ip-172-31-24-15,olap,benchANT
2026-05-17 09:25:30+00:00,system,uptime,50907,dbms,clickbench,postgresql-plain-indexed-load,1,ip-172-31-24-15,olap,benchANT
2026-05-17 09:25:40+00:00,system,uptime,50917,dbms,clickbench,postgresql-plain-indexed-load,1,ip-172-31-24-15,olap,benchANT
2026-05-17 09:25:50+00:00,system,uptime,50927,dbms,clickbench,postgresql-plain-indexed-load,1,ip-172-31-24-15,olap,benchANT
2026-05-17 09:26:00+00:00,system,uptime,50937,dbms,clickbench,postgresql-plain-indexed-load,1,ip-172-31-24-15,olap,benchANT
2026-05-17 09:26:10+00:00,system,uptime,50947,dbms,clickbench,postgresql-plain-indexed-load,1,ip-172-31-24-15,olap,benchANT
2026-05-17 09:26:20+00:00,system,uptime,50957,dbms,clickbench,postgresql-plain-indexed-load,1,ip-172-31-24-15,olap,benchANT
2026-05-17 09:26:30+00:00,system,uptime,50967,dbms,clickbench,postgresql-plain-indexed-load,1,ip-172-31-24-15,olap,benchANT
2026-05-17 09:26:40+00:00,system,uptime,50977,dbms,clickbench,postgresql-plain-indexed-load,1,ip-172-31-24-15,olap,benchANT
2026-05-17 09:26:50+00:00,system,uptime,50987,dbms,clickbench,postgresql-plain-indexed-load,1,ip-172-31-24-15,olap,benchANT
2026-05-17 09:27:00+00:00,system,uptime,50997,dbms,clickbench,postgresql-plain-indexed-load,1,ip-172-31-24-15,olap,benchANT
2026-05-17 09:27:10+00:00,system,uptime,51007,dbms,clickbench,postgresql-plain-indexed-load,1,ip-172-31-24-15,olap,benchANT
2026-05-17 09:27:20+00:00,system,uptime,51017,dbms,clickbench,postgresql-plain-indexed-load,1,ip-172-31-24-15,olap,benchANT
2026-05-17 09:27:30+00:00,system,uptime,51027,dbms,clickbench,postgresql-plain-indexed-load,1,ip-172-31-24-15,olap,benchANT
2026-05-17 09:27:40+00:00,system,uptime,51037,dbms,clickbench,postgresql-plain-indexed-load,1,ip-172-31-24-15,olap,benchANT
2026-05-17 09:27:50+00:00,system,uptime,51047,dbms,clickbench,postgresql-plain-indexed-load,1,ip-172-31-24-15,olap,benchANT
2026-05-17 09:28:00+00:00,system,uptime,51057,dbms,clickbench,postgresql-plain-indexed-load,1,ip-172-31-24-15,olap,benchANT
2026-05-17 09:28:10+00:00,system,uptime,51067,dbms,clickbench,postgresql-plain-indexed-load,1,ip-172-31-24-15,olap,benchANT
2026-05-17 09:28:20+00:00,system,uptime,51077,dbms,clickbench,postgresql-plain-indexed-load,1,ip-172-31-24-15,olap,benchANT
2026-05-17 09:28:30+00:00,system,uptime,51087,dbms,clickbench,postgresql-plain-indexed-load,1,ip-172-31-24-15,olap,benchANT
2026-05-17 09:28:40+00:00,system,uptime,51097,dbms,clickbench,postgresql-plain-indexed-load,1,ip-172-31-24-15,olap,benchANT
2026-05-17 09:28:50+00:00,system,uptime,51107,dbms,clickbench,postgresql-plain-indexed-load,1,ip-172-31-24-15,olap,benchANT
2026-05-17 09:29:00+00:00,system,uptime,51117,dbms,clickbench,postgresql-plain-indexed-load,1,ip-172-31-24-15,olap,benchANT
2026-05-17 09:29:10+00:00,system,uptime,51127,dbms,clickbench,postgresql-plain-indexed-load,1,ip-172-31-24-15,olap,benchANT
2026-05-17 09:29:20+00:00,system,uptime,51137,dbms,clickbench,postgresql-plain-indexed-load,1,ip-172-31-24-15,olap,benchANT
2026-05-17 09:29:30+00:00,system,uptime,51147,dbms,clickbench,postgresql-plain-indexed-load,1,ip-172-31-24-15,olap,benchANT
2026-05-17 09:29:40+00:00,system,uptime,51157,dbms,clickbench,postgresql-plain-indexed-load,1,ip-172-31-24-15,olap,benchANT
2026-05-17 09:29:50+00:00,system,uptime,51167,dbms,clickbench,postgresql-plain-indexed-load,1,ip-172-31-24-15,olap,benchANT
2026-05-17 09:30:00+00:00,system,uptime,51177,dbms,clickbench,postgresql-plain-indexed-load,1,ip-172-31-24-15,olap,benchANT
2026-05-17 09:30:10+00:00,system,uptime,51187,dbms,clickbench,postgresql-plain-indexed-load,1,ip-172-31-24-15,olap,benchANT
2026-05-17 09:30:20+00:00,system,uptime,51197,dbms,clickbench,postgresql-plain-indexed-load,1,ip-172-31-24-15,olap,benchANT
2026-05-17 09:30:30+00:00,system,uptime,51207,dbms,clickbench,postgresql-plain-indexed-load,1,ip-172-31-24-15,olap,benchANT
2026-05-17 09:30:40+00:00,system,uptime,51217,dbms,clickbench,postgresql-plain-indexed-load,1,ip-172-31-24-15,olap,benchANT
2026-05-17 09:30:50+00:00,system,uptime,51227,dbms,clickbench,postgresql-plain-indexed-load,1,ip-172-31-24-15,olap,benchANT
2026-05-17 09:31:00+00:00,system,uptime,51237,dbms,clickbench,postgresql-plain-indexed-load,1,ip-172-31-24-15,olap,benchANT
2026-05-17 09:31:10+00:00,system,uptime,51247,dbms,clickbench,postgresql-plain-indexed-load,1,ip-172-31-24-15,olap,benchANT
2026-05-17 09:31:20+00:00,system,uptime,51257,dbms,clickbench,postgresql-plain-indexed-load,1,ip-172-31-24-15,olap,benchANT
2026-05-17 09:31:30+00:00,system,uptime,51267,dbms,clickbench,postgresql-plain-indexed-load,1,ip-172-31-24-15,olap,benchANT
2026-05-17 09:31:40+00:00,system,uptime,51277,dbms,clickbench,postgresql-plain-indexed-load,1,ip-172-31-24-15,olap,benchANT
2026-05-17 09:31:50+00:00,system,uptime,51287,dbms,clickbench,postgresql-plain-indexed-load,1,ip-172-31-24-15,olap,benchANT
2026-05-17 09:32:00+00:00,system,uptime,51297,dbms,clickbench,postgresql-plain-indexed-load,1,ip-172-31-24-15,olap,benchANT
2026-05-17 09:32:10+00:00,system,uptime,51307,dbms,clickbench,postgresql-plain-indexed-load,1,ip-172-31-24-15,olap,benchANT
2026-05-17 09:32:20+00:00,system,uptime,51317,dbms,clickbench,postgresql-plain-indexed-load,1,ip-172-31-24-15,olap,benchANT
2026-05-17 09:32:30+00:00,system,uptime,51327,dbms,clickbench,postgresql-plain-indexed-load,1,ip-172-31-24-15,olap,benchANT
2026-05-17 09:32:40+00:00,system,uptime,51337,dbms,clickbench,postgresql-plain-indexed-load,1,ip-172-31-24-15,olap,benchANT
2026-05-17 09:32:50+00:00,system,uptime,51347,dbms,clickbench,postgresql-plain-indexed-load,1,ip-172-31-24-15,olap,benchANT
2026-05-17 09:33:00+00:00,system,uptime,51357,dbms,clickbench,postgresql-plain-indexed-load,1,ip-172-31-24-15,olap,benchANT
2026-05-17 09:33:10+00:00,system,uptime,51367,dbms,clickbench,postgresql-plain-indexed-load,1,ip-172-31-24-15,olap,benchANT
2026-05-17 09:33:20+00:00,system,uptime,51377,dbms,clickbench,postgresql-plain-indexed-load,1,ip-172-31-24-15,olap,benchANT
2026-05-17 09:33:30+00:00,system,uptime,51387,dbms,clickbench,postgresql-plain-indexed-load,1,ip-172-31-24-15,olap,benchANT
2026-05-17 09:33:40+00:00,system,uptime,51397,dbms,clickbench,postgresql-plain-indexed-load,1,ip-172-31-24-15,olap,benchANT
2026-05-17 09:33:50+00:00,system,uptime,51407,dbms,clickbench,postgresql-plain-indexed-load,1,ip-172-31-24-15,olap,benchANT
2026-05-17 09:34:00+00:00,system,uptime,51417,dbms,clickbench,postgresql-plain-indexed-load,1,ip-172-31-24-15,olap,benchANT
2026-05-17 09:34:10+00:00,system,uptime,51427,dbms,clickbench,postgresql-plain-indexed-load,1,ip-172-31-24-15,olap,benchANT
2026-05-17 09:34:20+00:00,system,uptime,51437,dbms,clickbench,postgresql-plain-indexed-load,1,ip-172-31-24-15,olap,benchANT
2026-05-17 09:34:30+00:00,system,uptime,51447,dbms,clickbench,postgresql-plain-indexed-load,1,ip-172-31-24-15,olap,benchANT
2026-05-17 09:34:40+00:00,system,uptime,51457,dbms,clickbench,postgresql-plain-indexed-load,1,ip-172-31-24-15,olap,benchANT
2026-05-17 09:34:50+00:00,system,uptime,51467,dbms,clickbench,postgresql-plain-indexed-load,1,ip-172-31-24-15,olap,benchANT
2026-05-17 09:35:00+00:00,system,uptime,51477,dbms,clickbench,postgresql-plain-indexed-load,1,ip-172-31-24-15,olap,benchANT
2026-05-17 09:35:10+00:00,system,uptime,51487,dbms,clickbench,postgresql-plain-indexed-load,1,ip-172-31-24-15,olap,benchANT
2026-05-17 09:35:20+00:00,system,uptime,51497,dbms,clickbench,postgresql-plain-indexed-load,1,ip-172-31-24-15,olap,benchANT
2026-05-17 09:35:30+00:00,system,uptime,51507,dbms,clickbench,postgresql-plain-indexed-load,1,ip-172-31-24-15,olap,benchANT
2026-05-17 09:35:40+00:00,system,uptime,51517,dbms,clickbench,postgresql-plain-indexed-load,1,ip-172-31-24-15,olap,benchANT
2026-05-17 09:35:50+00:00,system,uptime,51527,dbms,clickbench,postgresql-plain-indexed-load,1,ip-172-31-24-15,olap,benchANT
2026-05-17 09:36:00+00:00,system,uptime,51537,dbms,clickbench,postgresql-plain-indexed-load,1,ip-172-31-24-15,olap,benchANT
2026-05-17 09:36:10+00:00,system,uptime,51547,dbms,clickbench,postgresql-plain-indexed-load,1,ip-172-31-24-15,olap,benchANT
2026-05-17 09:36:20+00:00,system,uptime,51557,dbms,clickbench,postgresql-plain-indexed-load,1,ip-172-31-24-15,olap,benchANT
2026-05-17 09:36:30+00:00,system,uptime,51567,dbms,clickbench,postgresql-plain-indexed-load,1,ip-172-31-24-15,olap,benchANT
2026-05-17 09:36:40+00:00,system,uptime,51577,dbms,clickbench,postgresql-plain-indexed-load,1,ip-172-31-24-15,olap,benchANT
2026-05-17 09:36:50+00:00,system,uptime,51587,dbms,clickbench,postgresql-plain-indexed-load,1,ip-172-31-24-15,olap,benchANT
2026-05-17 09:37:00+00:00,system,uptime,51597,dbms,clickbench,postgresql-plain-indexed-load,1,ip-172-31-24-15,olap,benchANT
2026-05-17 09:37:10+00:00,system,uptime,51607,dbms,clickbench,postgresql-plain-indexed-load,1,ip-172-31-24-15,olap,benchANT
2026-05-17 09:37:20+00:00,system,uptime,51617,dbms,clickbench,postgresql-plain-indexed-load,1,ip-172-31-24-15,olap,benchANT
2026-05-17 09:37:30+00:00,system,uptime,51627,dbms,clickbench,postgresql-plain-indexed-load,1,ip-172-31-24-15,olap,benchANT
2026-05-17 09:37:40+00:00,system,uptime,51637,dbms,clickbench,postgresql-plain-indexed-load,1,ip-172-31-24-15,olap,benchANT
2026-05-17 09:37:50+00:00,system,uptime,51647,dbms,clickbench,postgresql-plain-indexed-load,1,ip-172-31-24-15,olap,benchANT
2026-05-17 09:38:00+00:00,system,uptime,51657,dbms,clickbench,postgresql-plain-indexed-load,1,ip-172-31-24-15,olap,benchANT
2026-05-17 09:38:10+00:00,system,uptime,51667,dbms,clickbench,postgresql-plain-indexed-load,1,ip-172-31-24-15,olap,benchANT
2026-05-17 09:38:20+00:00,system,uptime,51677,dbms,clickbench,postgresql-plain-indexed-load,1,ip-172-31-24-15,olap,benchANT
2026-05-17 09:38:30+00:00,system,uptime,51687,dbms,clickbench,postgresql-plain-indexed-load,1,ip-172-31-24-15,olap,benchANT
2026-05-17 09:38:40+00:00,system,uptime,51697,dbms,clickbench,postgresql-plain-indexed-load,1,ip-172-31-24-15,olap,benchANT
2026-05-17 09:38:50+00:00,system,uptime,51707,dbms,clickbench,postgresql-plain-indexed-load,1,ip-172-31-24-15,olap,benchANT
2026-05-17 09:39:00+00:00,system,uptime,51717,dbms,clickbench,postgresql-plain-indexed-load,1,ip-172-31-24-15,olap,benchANT
2026-05-17 09:39:10+00:00,system,uptime,51727,dbms,clickbench,postgresql-plain-indexed-load,1,ip-172-31-24-15,olap,benchANT
2026-05-17 09:39:20+00:00,system,uptime,51737,dbms,clickbench,postgresql-plain-indexed-load,1,ip-172-31-24-15,olap,benchANT
2026-05-17 09:39:30+00:00,system,uptime,51747,dbms,clickbench,postgresql-plain-indexed-load,1,ip-172-31-24-15,olap,benchANT
2026-05-17 09:39:40+00:00,system,uptime,51757,dbms,clickbench,postgresql-plain-indexed-load,1,ip-172-31-24-15,olap,benchANT
2026-05-17 09:39:50+00:00,system,uptime,51767,dbms,clickbench,postgresql-plain-indexed-load,1,ip-172-31-24-15,olap,benchANT
2026-05-17 09:40:00+00:00,system,uptime,51777,dbms,clickbench,postgresql-plain-indexed-load,1,ip-172-31-24-15,olap,benchANT
2026-05-17 09:40:10+00:00,system,uptime,51787,dbms,clickbench,postgresql-plain-indexed-load,1,ip-172-31-24-15,olap,benchANT
2026-05-17 09:40:20+00:00,system,uptime,51797,dbms,clickbench,postgresql-plain-indexed-load,1,ip-172-31-24-15,olap,benchANT
2026-05-17 09:40:30+00:00,system,uptime,51807,dbms,clickbench,postgresql-plain-indexed-load,1,ip-172-31-24-15,olap,benchANT
2026-05-17 09:40:40+00:00,system,uptime,51817,dbms,clickbench,postgresql-plain-indexed-load,1,ip-172-31-24-15,olap,benchANT
2026-05-17 09:40:50+00:00,system,uptime,51827,dbms,clickbench,postgresql-plain-indexed-load,1,ip-172-31-24-15,olap,benchANT
2026-05-17 09:41:00+00:00,system,uptime,51837,dbms,clickbench,postgresql-plain-indexed-load,1,ip-172-31-24-15,olap,benchANT
2026-05-17 09:41:10+00:00,system,uptime,51847,dbms,clickbench,postgresql-plain-indexed-load,1,ip-172-31-24-15,olap,benchANT
2026-05-17 09:41:20+00:00,system,uptime,51857,dbms,clickbench,postgresql-plain-indexed-load,1,ip-172-31-24-15,olap,benchANT
2026-05-17 09:41:30+00:00,system,uptime,51867,dbms,clickbench,postgresql-plain-indexed-load,1,ip-172-31-24-15,olap,benchANT
2026-05-17 09:41:40+00:00,system,uptime,51877,dbms,clickbench,postgresql-plain-indexed-load,1,ip-172-31-24-15,olap,benchANT
2026-05-17 09:41:50+00:00,system,uptime,51887,dbms,clickbench,postgresql-plain-indexed-load,1,ip-172-31-24-15,olap,benchANT
2026-05-17 09:42:00+00:00,system,uptime,51897,dbms,clickbench,postgresql-plain-indexed-load,1,ip-172-31-24-15,olap,benchANT
2026-05-17 09:42:10+00:00,system,uptime,51907,dbms,clickbench,postgresql-plain-indexed-load,1,ip-172-31-24-15,olap,benchANT
2026-05-17 09:42:20+00:00,system,uptime,51917,dbms,clickbench,postgresql-plain-indexed-load,1,ip-172-31-24-15,olap,benchANT
2026-05-17 09:42:30+00:00,system,uptime,51927,dbms,clickbench,postgresql-plain-indexed-load,1,ip-172-31-24-15,olap,benchANT
2026-05-17 09:42:40+00:00,system,uptime,51937,dbms,clickbench,postgresql-plain-indexed-load,1,ip-172-31-24-15,olap,benchANT
2026-05-17 09:42:50+00:00,system,uptime,51947,dbms,clickbench,postgresql-plain-indexed-load,1,ip-172-31-24-15,olap,benchANT
2026-05-17 09:43:00+00:00,system,uptime,51957,dbms,clickbench,postgresql-plain-indexed-load,1,ip-172-31-24-15,olap,benchANT
2026-05-17 09:43:10+00:00,system,uptime,51967,dbms,clickbench,postgresql-plain-indexed-load,1,ip-172-31-24-15,olap,benchANT
2026-05-17 09:43:20+00:00,system,uptime,51977,dbms,clickbench,postgresql-plain-indexed-load,1,ip-172-31-24-15,olap,benchANT
2026-05-17 09:43:30+00:00,system,uptime,51987,dbms,clickbench,postgresql-plain-indexed-load,1,ip-172-31-24-15,olap,benchANT
2026-05-17 09:43:40+00:00,system,uptime,51997,dbms,clickbench,postgresql-plain-indexed-load,1,ip-172-31-24-15,olap,benchANT
2026-05-17 09:43:50+00:00,system,uptime,52007,dbms,clickbench,postgresql-plain-indexed-load,1,ip-172-31-24-15,olap,benchANT
2026-05-17 09:44:00+00:00,system,uptime,52017,dbms,clickbench,postgresql-plain-indexed-load,1,ip-172-31-24-15,olap,benchANT
2026-05-17 09:44:10+00:00,system,uptime,52027,dbms,clickbench,postgresql-plain-indexed-load,1,ip-172-31-24-15,olap,benchANT
2026-05-17 09:44:20+00:00,system,uptime,52037,dbms,clickbench,postgresql-plain-indexed-load,1,ip-172-31-24-15,olap,benchANT
2026-05-17 09:44:30+00:00,system,uptime,52047,dbms,clickbench,postgresql-plain-indexed-load,1,ip-172-31-24-15,olap,benchANT
2026-05-17 09:44:40+00:00,system,uptime,52057,dbms,clickbench,postgresql-plain-indexed-load,1,ip-172-31-24-15,olap,benchANT
2026-05-17 09:44:50+00:00,system,uptime,52067,dbms,clickbench,postgresql-plain-indexed-load,1,ip-172-31-24-15,olap,benchANT
2026-05-17 09:45:00+00:00,system,uptime,52077,dbms,clickbench,postgresql-plain-indexed-load,1,ip-172-31-24-15,olap,benchANT
2026-05-17 09:45:10+00:00,system,uptime,52087,dbms,clickbench,postgresql-plain-indexed-load,1,ip-172-31-24-15,olap,benchANT
2026-05-17 09:45:20+00:00,system,uptime,52097,dbms,clickbench,postgresql-plain-indexed-load,1,ip-172-31-24-15,olap,benchANT
2026-05-17 09:45:30+00:00,system,uptime,52107,dbms,clickbench,postgresql-plain-indexed-load,1,ip-172-31-24-15,olap,benchANT
2026-05-17 09:45:40+00:00,system,uptime,52117,dbms,clickbench,postgresql-plain-indexed-load,1,ip-172-31-24-15,olap,benchANT
2026-05-17 09:45:50+00:00,system,uptime,52127,dbms,clickbench,postgresql-plain-indexed-load,1,ip-172-31-24-15,olap,benchANT
2026-05-17 09:46:00+00:00,system,uptime,52137,dbms,clickbench,postgresql-plain-indexed-load,1,ip-172-31-24-15,olap,benchANT
2026-05-17 09:46:10+00:00,system,uptime,52147,dbms,clickbench,postgresql-plain-indexed-load,1,ip-172-31-24-15,olap,benchANT
2026-05-17 09:46:20+00:00,system,uptime,52157,dbms,clickbench,postgresql-plain-indexed-load,1,ip-172-31-24-15,olap,benchANT
2026-05-17 09:46:30+00:00,system,uptime,52167,dbms,clickbench,postgresql-plain-indexed-load,1,ip-172-31-24-15,olap,benchANT
2026-05-17 09:46:40+00:00,system,uptime,52177,dbms,clickbench,postgresql-plain-indexed-load,1,ip-172-31-24-15,olap,benchANT
2026-05-17 09:46:50+00:00,system,uptime,52187,dbms,clickbench,postgresql-plain-indexed-load,1,ip-172-31-24-15,olap,benchANT
2026-05-17 09:47:00+00:00,system,uptime,52197,dbms,clickbench,postgresql-plain-indexed-load,1,ip-172-31-24-15,olap,benchANT
2026-05-17 09:47:10+00:00,system,uptime,52207,dbms,clickbench,postgresql-plain-indexed-load,1,ip-172-31-24-15,olap,benchANT
2026-05-17 09:47:20+00:00,system,uptime,52217,dbms,clickbench,postgresql-plain-indexed-load,1,ip-172-31-24-15,olap,benchANT
2026-05-17 09:47:30+00:00,system,uptime,52227,dbms,clickbench,postgresql-plain-indexed-load,1,ip-172-31-24-15,olap,benchANT
2026-05-17 09:47:40+00:00,system,uptime,52237,dbms,clickbench,postgresql-plain-indexed-load,1,ip-172-31-24-15,olap,benchANT
2026-05-17 09:47:50+00:00,system,uptime,52247,dbms,clickbench,postgresql-plain-indexed-load,1,ip-172-31-24-15,olap,benchANT
2026-05-17 09:48:00+00:00,system,uptime,52257,dbms,clickbench,postgresql-plain-indexed-load,1,ip-172-31-24-15,olap,benchANT
2026-05-17 09:48:10+00:00,system,uptime,52267,dbms,clickbench,postgresql-plain-indexed-load,1,ip-172-31-24-15,olap,benchANT
2026-05-17 09:48:20+00:00,system,uptime,52277,dbms,clickbench,postgresql-plain-indexed-load,1,ip-172-31-24-15,olap,benchANT
2026-05-17 09:48:30+00:00,system,uptime,52287,dbms,clickbench,postgresql-plain-indexed-load,1,ip-172-31-24-15,olap,benchANT
2026-05-17 09:48:40+00:00,system,uptime,52297,dbms,clickbench,postgresql-plain-indexed-load,1,ip-172-31-24-15,olap,benchANT
2026-05-17 09:48:50+00:00,system,uptime,52307,dbms,clickbench,postgresql-plain-indexed-load,1,ip-172-31-24-15,olap,benchANT
2026-05-17 09:49:00+00:00,system,uptime,52317,dbms,clickbench,postgresql-plain-indexed-load,1,ip-172-31-24-15,olap,benchANT
2026-05-17 09:49:10+00:00,system,uptime,52327,dbms,clickbench,postgresql-plain-indexed-load,1,ip-172-31-24-15,olap,benchANT
2026-05-17 09:49:20+00:00,system,uptime,52337,dbms,clickbench,postgresql-plain-indexed-load,1,ip-172-31-24-15,olap,benchANT
2026-05-17 09:49:30+00:00,system,uptime,52347,dbms,clickbench,postgresql-plain-indexed-load,1,ip-172-31-24-15,olap,benchANT
2026-05-17 09:49:40+00:00,system,uptime,52357,dbms,clickbench,postgresql-plain-indexed-load,1,ip-172-31-24-15,olap,benchANT
2026-05-17 09:49:50+00:00,system,uptime,52367,dbms,clickbench,postgresql-plain-indexed-load,1,ip-172-31-24-15,olap,benchANT
2026-05-17 09:50:00+00:00,system,uptime,52377,dbms,clickbench,postgresql-plain-indexed-load,1,ip-172-31-24-15,olap,benchANT
2026-05-17 09:50:10+00:00,system,uptime,52387,dbms,clickbench,postgresql-plain-indexed-load,1,ip-172-31-24-15,olap,benchANT
2026-05-17 09:50:20+00:00,system,uptime,52397,dbms,clickbench,postgresql-plain-indexed-load,1,ip-172-31-24-15,olap,benchANT
2026-05-17 09:50:30+00:00,system,uptime,52407,dbms,clickbench,postgresql-plain-indexed-load,1,ip-172-31-24-15,olap,benchANT
2026-05-17 09:50:40+00:00,system,uptime,52417,dbms,clickbench,postgresql-plain-indexed-load,1,ip-172-31-24-15,olap,benchANT
2026-05-17 09:50:50+00:00,system,uptime,52427,dbms,clickbench,postgresql-plain-indexed-load,1,ip-172-31-24-15,olap,benchANT
2026-05-17 09:51:00+00:00,system,uptime,52437,dbms,clickbench,postgresql-plain-indexed-load,1,ip-172-31-24-15,olap,benchANT
2026-05-17 09:51:10+00:00,system,uptime,52447,dbms,clickbench,postgresql-plain-indexed-load,1,ip-172-31-24-15,olap,benchANT
2026-05-17 09:51:20+00:00,system,uptime,52457,dbms,clickbench,postgresql-plain-indexed-load,1,ip-172-31-24-15,olap,benchANT
2026-05-17 09:51:30+00:00,system,uptime,52467,dbms,clickbench,postgresql-plain-indexed-load,1,ip-172-31-24-15,olap,benchANT
2026-05-17 09:51:40+00:00,system,uptime,52477,dbms,clickbench,postgresql-plain-indexed-load,1,ip-172-31-24-15,olap,benchANT
2026-05-17 09:51:50+00:00,system,uptime,52487,dbms,clickbench,postgresql-plain-indexed-load,1,ip-172-31-24-15,olap,benchANT
2026-05-17 09:52:00+00:00,system,uptime,52497,dbms,clickbench,postgresql-plain-indexed-load,1,ip-172-31-24-15,olap,benchANT
2026-05-17 09:52:10+00:00,system,uptime,52507,dbms,clickbench,postgresql-plain-indexed-load,1,ip-172-31-24-15,olap,benchANT
2026-05-17 09:52:20+00:00,system,uptime,52517,dbms,clickbench,postgresql-plain-indexed-load,1,ip-172-31-24-15,olap,benchANT
2026-05-17 09:52:30+00:00,system,uptime,52527,dbms,clickbench,postgresql-plain-indexed-load,1,ip-172-31-24-15,olap,benchANT
2026-05-17 09:52:40+00:00,system,uptime,52537,dbms,clickbench,postgresql-plain-indexed-load,1,ip-172-31-24-15,olap,benchANT
2026-05-17 09:52:50+00:00,system,uptime,52547,dbms,clickbench,postgresql-plain-indexed-load,1,ip-172-31-24-15,olap,benchANT
2026-05-17 09:53:00+00:00,system,uptime,52557,dbms,clickbench,postgresql-plain-indexed-load,1,ip-172-31-24-15,olap,benchANT
2026-05-17 09:53:10+00:00,system,uptime,52567,dbms,clickbench,postgresql-plain-indexed-load,1,ip-172-31-24-15,olap,benchANT
2026-05-17 09:53:20+00:00,system,uptime,52577,dbms,clickbench,postgresql-plain-indexed-load,1,ip-172-31-24-15,olap,benchANT
2026-05-17 09:53:30+00:00,system,uptime,52587,dbms,clickbench,postgresql-plain-indexed-load,1,ip-172-31-24-15,olap,benchANT
2026-05-17 09:53:40+00:00,system,uptime,52597,dbms,clickbench,postgresql-plain-indexed-load,1,ip-172-31-24-15,olap,benchANT
2026-05-17 09:53:50+00:00,system,uptime,52607,dbms,clickbench,postgresql-plain-indexed-load,1,ip-172-31-24-15,olap,benchANT
2026-05-17 09:54:00+00:00,system,uptime,52617,dbms,clickbench,postgresql-plain-indexed-load,1,ip-172-31-24-15,olap,benchANT
2026-05-17 09:54:10+00:00,system,uptime,52627,dbms,clickbench,postgresql-plain-indexed-load,1,ip-172-31-24-15,olap,benchANT
2026-05-17 09:54:20+00:00,system,uptime,52637,dbms,clickbench,postgresql-plain-indexed-load,1,ip-172-31-24-15,olap,benchANT
2026-05-17 09:54:30+00:00,system,uptime,52647,dbms,clickbench,postgresql-plain-indexed-load,1,ip-172-31-24-15,olap,benchANT
2026-05-17 09:54:40+00:00,system,uptime,52657,dbms,clickbench,postgresql-plain-indexed-load,1,ip-172-31-24-15,olap,benchANT
2026-05-17 09:54:50+00:00,system,uptime,52667,dbms,clickbench,postgresql-plain-indexed-load,1,ip-172-31-24-15,olap,benchANT
2026-05-17 09:55:00+00:00,system,uptime,52677,dbms,clickbench,postgresql-plain-indexed-load,1,ip-172-31-24-15,olap,benchANT
2026-05-17 09:55:10+00:00,system,uptime,52687,dbms,clickbench,postgresql-plain-indexed-load,1,ip-172-31-24-15,olap,benchANT
2026-05-17 09:55:20+00:00,system,uptime,52697,dbms,clickbench,postgresql-plain-indexed-load,1,ip-172-31-24-15,olap,benchANT
2026-05-17 09:55:30+00:00,system,uptime,52707,dbms,clickbench,postgresql-plain-indexed-load,1,ip-172-31-24-15,olap,benchANT
2026-05-17 09:55:40+00:00,system,uptime,52717,dbms,clickbench,postgresql-plain-indexed-load,1,ip-172-31-24-15,olap,benchANT
2026-05-17 09:55:50+00:00,system,uptime,52727,dbms,clickbench,postgresql-plain-indexed-load,1,ip-172-31-24-15,olap,benchANT
2026-05-17 09:56:00+00:00,system,uptime,52737,dbms,clickbench,postgresql-plain-indexed-load,1,ip-172-31-24-15,olap,benchANT
2026-05-17 09:56:10+00:00,system,uptime,52747,dbms,clickbench,postgresql-plain-indexed-load,1,ip-172-31-24-15,olap,benchANT
2026-05-17 09:56:20+00:00,system,uptime,52757,dbms,clickbench,postgresql-plain-indexed-load,1,ip-172-31-24-15,olap,benchANT
2026-05-17 09:56:30+00:00,system,uptime,52767,dbms,clickbench,postgresql-plain-indexed-load,1,ip-172-31-24-15,olap,benchANT
2026-05-17 09:56:40+00:00,system,uptime,52777,dbms,clickbench,postgresql-plain-indexed-load,1,ip-172-31-24-15,olap,benchANT
2026-05-17 09:56:50+00:00,system,uptime,52787,dbms,clickbench,postgresql-plain-indexed-load,1,ip-172-31-24-15,olap,benchANT
2026-05-17 09:57:00+00:00,system,uptime,52797,dbms,clickbench,postgresql-plain-indexed-load,1,ip-172-31-24-15,olap,benchANT
2026-05-17 09:57:10+00:00,system,uptime,52807,dbms,clickbench,postgresql-plain-indexed-load,1,ip-172-31-24-15,olap,benchANT
2026-05-17 09:57:20+00:00,system,uptime,52817,dbms,clickbench,postgresql-plain-indexed-load,1,ip-172-31-24-15,olap,benchANT
2026-05-17 09:57:30+00:00,system,uptime,52827,dbms,clickbench,postgresql-plain-indexed-load,1,ip-172-31-24-15,olap,benchANT
2026-05-17 09:57:40+00:00,system,uptime,52837,dbms,clickbench,postgresql-plain-indexed-load,1,ip-172-31-24-15,olap,benchANT
2026-05-17 09:57:50+00:00,system,uptime,52847,dbms,clickbench,postgresql-plain-indexed-load,1,ip-172-31-24-15,olap,benchANT
2026-05-17 07:24:00+00:00,system,uptime_format,12:06,dbms,clickbench,postgresql-plain-indexed-load,1,ip-172-31-24-15,olap,benchANT
2026-05-17 07:24:10+00:00,system,uptime_format,12:07,dbms,clickbench,postgresql-plain-indexed-load,1,ip-172-31-24-15,olap,benchANT
2026-05-17 07:24:20+00:00,system,uptime_format,12:07,dbms,clickbench,postgresql-plain-indexed-load,1,ip-172-31-24-15,olap,benchANT
2026-05-17 07:24:30+00:00,system,uptime_format,12:07,dbms,clickbench,postgresql-plain-indexed-load,1,ip-172-31-24-15,olap,benchANT
2026-05-17 07:24:40+00:00,system,uptime_format,12:07,dbms,clickbench,postgresql-plain-indexed-load,1,ip-172-31-24-15,olap,benchANT
2026-05-17 07:24:50+00:00,system,uptime_format,12:07,dbms,clickbench,postgresql-plain-indexed-load,1,ip-172-31-24-15,olap,benchANT
2026-05-17 07:25:00+00:00,system,uptime_format,12:07,dbms,clickbench,postgresql-plain-indexed-load,1,ip-172-31-24-15,olap,benchANT
2026-05-17 07:25:10+00:00,system,uptime_format,12:08,dbms,clickbench,postgresql-plain-indexed-load,1,ip-172-31-24-15,olap,benchANT
2026-05-17 07:25:20+00:00,system,uptime_format,12:08,dbms,clickbench,postgresql-plain-indexed-load,1,ip-172-31-24-15,olap,benchANT
2026-05-17 07:25:30+00:00,system,uptime_format,12:08,dbms,clickbench,postgresql-plain-indexed-load,1,ip-172-31-24-15,olap,benchANT
2026-05-17 07:25:40+00:00,system,uptime_format,12:08,dbms,clickbench,postgresql-plain-indexed-load,1,ip-172-31-24-15,olap,benchANT
2026-05-17 07:25:50+00:00,system,uptime_format,12:08,dbms,clickbench,postgresql-plain-indexed-load,1,ip-172-31-24-15,olap,benchANT
2026-05-17 07:26:00+00:00,system,uptime_format,12:08,dbms,clickbench,postgresql-plain-indexed-load,1,ip-172-31-24-15,olap,benchANT
2026-05-17 07:26:10+00:00,system,uptime_format,12:09,dbms,clickbench,postgresql-plain-indexed-load,1,ip-172-31-24-15,olap,benchANT
2026-05-17 07:26:20+00:00,system,uptime_format,12:09,dbms,clickbench,postgresql-plain-indexed-load,1,ip-172-31-24-15,olap,benchANT
2026-05-17 07:26:30+00:00,system,uptime_format,12:09,dbms,clickbench,postgresql-plain-indexed-load,1,ip-172-31-24-15,olap,benchANT
2026-05-17 07:26:40+00:00,system,uptime_format,12:09,dbms,clickbench,postgresql-plain-indexed-load,1,ip-172-31-24-15,olap,benchANT
2026-05-17 07:26:50+00:00,system,uptime_format,12:09,dbms,clickbench,postgresql-plain-indexed-load,1,ip-172-31-24-15,olap,benchANT
2026-05-17 07:27:00+00:00,system,uptime_format,12:09,dbms,clickbench,postgresql-plain-indexed-load,1,ip-172-31-24-15,olap,benchANT
2026-05-17 07:27:10+00:00,system,uptime_format,12:10,dbms,clickbench,postgresql-plain-indexed-load,1,ip-172-31-24-15,olap,benchANT
2026-05-17 07:27:20+00:00,system,uptime_format,12:10,dbms,clickbench,postgresql-plain-indexed-load,1,ip-172-31-24-15,olap,benchANT
2026-05-17 07:27:30+00:00,system,uptime_format,12:10,dbms,clickbench,postgresql-plain-indexed-load,1,ip-172-31-24-15,olap,benchANT
2026-05-17 07:27:40+00:00,system,uptime_format,12:10,dbms,clickbench,postgresql-plain-indexed-load,1,ip-172-31-24-15,olap,benchANT
2026-05-17 07:27:50+00:00,system,uptime_format,12:10,dbms,clickbench,postgresql-plain-indexed-load,1,ip-172-31-24-15,olap,benchANT
2026-05-17 07:28:00+00:00,system,uptime_format,12:10,dbms,clickbench,postgresql-plain-indexed-load,1,ip-172-31-24-15,olap,benchANT
2026-05-17 07:28:10+00:00,system,uptime_format,12:11,dbms,clickbench,postgresql-plain-indexed-load,1,ip-172-31-24-15,olap,benchANT
2026-05-17 07:28:20+00:00,system,uptime_format,12:11,dbms,clickbench,postgresql-plain-indexed-load,1,ip-172-31-24-15,olap,benchANT
2026-05-17 07:28:30+00:00,system,uptime_format,12:11,dbms,clickbench,postgresql-plain-indexed-load,1,ip-172-31-24-15,olap,benchANT
2026-05-17 07:28:40+00:00,system,uptime_format,12:11,dbms,clickbench,postgresql-plain-indexed-load,1,ip-172-31-24-15,olap,benchANT
2026-05-17 07:28:50+00:00,system,uptime_format,12:11,dbms,clickbench,postgresql-plain-indexed-load,1,ip-172-31-24-15,olap,benchANT
2026-05-17 07:29:00+00:00,system,uptime_format,12:11,dbms,clickbench,postgresql-plain-indexed-load,1,ip-172-31-24-15,olap,benchANT
2026-05-17 07:29:10+00:00,system,uptime_format,12:12,dbms,clickbench,postgresql-plain-indexed-load,1,ip-172-31-24-15,olap,benchANT
2026-05-17 07:29:20+00:00,system,uptime_format,12:12,dbms,clickbench,postgresql-plain-indexed-load,1,ip-172-31-24-15,olap,benchANT
2026-05-17 07:29:30+00:00,system,uptime_format,12:12,dbms,clickbench,postgresql-plain-indexed-load,1,ip-172-31-24-15,olap,benchANT
2026-05-17 07:29:40+00:00,system,uptime_format,12:12,dbms,clickbench,postgresql-plain-indexed-load,1,ip-172-31-24-15,olap,benchANT
2026-05-17 07:29:50+00:00,system,uptime_format,12:12,dbms,clickbench,postgresql-plain-indexed-load,1,ip-172-31-24-15,olap,benchANT
2026-05-17 07:30:00+00:00,system,uptime_format,12:12,dbms,clickbench,postgresql-plain-indexed-load,1,ip-172-31-24-15,olap,benchANT
2026-05-17 07:30:10+00:00,system,uptime_format,12:13,dbms,clickbench,postgresql-plain-indexed-load,1,ip-172-31-24-15,olap,benchANT
2026-05-17 07:30:20+00:00,system,uptime_format,12:13,dbms,clickbench,postgresql-plain-indexed-load,1,ip-172-31-24-15,olap,benchANT
2026-05-17 07:30:30+00:00,system,uptime_format,12:13,dbms,clickbench,postgresql-plain-indexed-load,1,ip-172-31-24-15,olap,benchANT
2026-05-17 07:30:40+00:00,system,uptime_format,12:13,dbms,clickbench,postgresql-plain-indexed-load,1,ip-172-31-24-15,olap,benchANT
2026-05-17 07:30:50+00:00,system,uptime_format,12:13,dbms,clickbench,postgresql-plain-indexed-load,1,ip-172-31-24-15,olap,benchANT
2026-05-17 07:31:00+00:00,system,uptime_format,12:13,dbms,clickbench,postgresql-plain-indexed-load,1,ip-172-31-24-15,olap,benchANT
2026-05-17 07:31:10+00:00,system,uptime_format,12:14,dbms,clickbench,postgresql-plain-indexed-load,1,ip-172-31-24-15,olap,benchANT
2026-05-17 07:31:20+00:00,system,uptime_format,12:14,dbms,clickbench,postgresql-plain-indexed-load,1,ip-172-31-24-15,olap,benchANT
2026-05-17 07:31:30+00:00,system,uptime_format,12:14,dbms,clickbench,postgresql-plain-indexed-load,1,ip-172-31-24-15,olap,benchANT
2026-05-17 07:31:40+00:00,system,uptime_format,12:14,dbms,clickbench,postgresql-plain-indexed-load,1,ip-172-31-24-15,olap,benchANT
2026-05-17 07:31:50+00:00,system,uptime_format,12:14,dbms,clickbench,postgresql-plain-indexed-load,1,ip-172-31-24-15,olap,benchANT
2026-05-17 07:32:00+00:00,system,uptime_format,12:14,dbms,clickbench,postgresql-plain-indexed-load,1,ip-172-31-24-15,olap,benchANT
2026-05-17 07:32:10+00:00,system,uptime_format,12:15,dbms,clickbench,postgresql-plain-indexed-load,1,ip-172-31-24-15,olap,benchANT
2026-05-17 07:32:20+00:00,system,uptime_format,12:15,dbms,clickbench,postgresql-plain-indexed-load,1,ip-172-31-24-15,olap,benchANT
2026-05-17 07:32:30+00:00,system,uptime_format,12:15,dbms,clickbench,postgresql-plain-indexed-load,1,ip-172-31-24-15,olap,benchANT
2026-05-17 07:32:40+00:00,system,uptime_format,12:15,dbms,clickbench,postgresql-plain-indexed-load,1,ip-172-31-24-15,olap,benchANT
2026-05-17 07:32:50+00:00,system,uptime_format,12:15,dbms,clickbench,postgresql-plain-indexed-load,1,ip-172-31-24-15,olap,benchANT
2026-05-17 07:33:00+00:00,system,uptime_format,12:15,dbms,clickbench,postgresql-plain-indexed-load,1,ip-172-31-24-15,olap,benchANT
2026-05-17 07:33:10+00:00,system,uptime_format,12:16,dbms,clickbench,postgresql-plain-indexed-load,1,ip-172-31-24-15,olap,benchANT
2026-05-17 07:33:20+00:00,system,uptime_format,12:16,dbms,clickbench,postgresql-plain-indexed-load,1,ip-172-31-24-15,olap,benchANT
2026-05-17 07:33:30+00:00,system,uptime_format,12:16,dbms,clickbench,postgresql-plain-indexed-load,1,ip-172-31-24-15,olap,benchANT
2026-05-17 07:33:40+00:00,system,uptime_format,12:16,dbms,clickbench,postgresql-plain-indexed-load,1,ip-172-31-24-15,olap,benchANT
2026-05-17 07:33:50+00:00,system,uptime_format,12:16,dbms,clickbench,postgresql-plain-indexed-load,1,ip-172-31-24-15,olap,benchANT
2026-05-17 07:34:00+00:00,system,uptime_format,12:16,dbms,clickbench,postgresql-plain-indexed-load,1,ip-172-31-24-15,olap,benchANT
2026-05-17 07:34:10+00:00,system,uptime_format,12:17,dbms,clickbench,postgresql-plain-indexed-load,1,ip-172-31-24-15,olap,benchANT
2026-05-17 07:34:20+00:00,system,uptime_format,12:17,dbms,clickbench,postgresql-plain-indexed-load,1,ip-172-31-24-15,olap,benchANT
2026-05-17 07:34:30+00:00,system,uptime_format,12:17,dbms,clickbench,postgresql-plain-indexed-load,1,ip-172-31-24-15,olap,benchANT
2026-05-17 07:34:40+00:00,system,uptime_format,12:17,dbms,clickbench,postgresql-plain-indexed-load,1,ip-172-31-24-15,olap,benchANT
2026-05-17 07:34:50+00:00,system,uptime_format,12:17,dbms,clickbench,postgresql-plain-indexed-load,1,ip-172-31-24-15,olap,benchANT
2026-05-17 07:35:00+00:00,system,uptime_format,12:17,dbms,clickbench,postgresql-plain-indexed-load,1,ip-172-31-24-15,olap,benchANT
2026-05-17 07:35:10+00:00,system,uptime_format,12:18,dbms,clickbench,postgresql-plain-indexed-load,1,ip-172-31-24-15,olap,benchANT
2026-05-17 07:35:20+00:00,system,uptime_format,12:18,dbms,clickbench,postgresql-plain-indexed-load,1,ip-172-31-24-15,olap,benchANT
2026-05-17 07:35:30+00:00,system,uptime_format,12:18,dbms,clickbench,postgresql-plain-indexed-load,1,ip-172-31-24-15,olap,benchANT
2026-05-17 07:35:40+00:00,system,uptime_format,12:18,dbms,clickbench,postgresql-plain-indexed-load,1,ip-172-31-24-15,olap,benchANT
2026-05-17 07:35:50+00:00,system,uptime_format,12:18,dbms,clickbench,postgresql-plain-indexed-load,1,ip-172-31-24-15,olap,benchANT
2026-05-17 07:36:00+00:00,system,uptime_format,12:18,dbms,clickbench,postgresql-plain-indexed-load,1,ip-172-31-24-15,olap,benchANT
2026-05-17 07:36:10+00:00,system,uptime_format,12:19,dbms,clickbench,postgresql-plain-indexed-load,1,ip-172-31-24-15,olap,benchANT
2026-05-17 07:36:20+00:00,system,uptime_format,12:19,dbms,clickbench,postgresql-plain-indexed-load,1,ip-172-31-24-15,olap,benchANT
2026-05-17 07:36:30+00:00,system,uptime_format,12:19,dbms,clickbench,postgresql-plain-indexed-load,1,ip-172-31-24-15,olap,benchANT
2026-05-17 07:36:40+00:00,system,uptime_format,12:19,dbms,clickbench,postgresql-plain-indexed-load,1,ip-172-31-24-15,olap,benchANT
2026-05-17 07:36:50+00:00,system,uptime_format,12:19,dbms,clickbench,postgresql-plain-indexed-load,1,ip-172-31-24-15,olap,benchANT
2026-05-17 07:37:00+00:00,system,uptime_format,12:19,dbms,clickbench,postgresql-plain-indexed-load,1,ip-172-31-24-15,olap,benchANT
2026-05-17 07:37:10+00:00,system,uptime_format,12:20,dbms,clickbench,postgresql-plain-indexed-load,1,ip-172-31-24-15,olap,benchANT
2026-05-17 07:37:20+00:00,system,uptime_format,12:20,dbms,clickbench,postgresql-plain-indexed-load,1,ip-172-31-24-15,olap,benchANT
2026-05-17 07:37:30+00:00,system,uptime_format,12:20,dbms,clickbench,postgresql-plain-indexed-load,1,ip-172-31-24-15,olap,benchANT
2026-05-17 07:37:40+00:00,system,uptime_format,12:20,dbms,clickbench,postgresql-plain-indexed-load,1,ip-172-31-24-15,olap,benchANT
2026-05-17 07:37:50+00:00,system,uptime_format,12:20,dbms,clickbench,postgresql-plain-indexed-load,1,ip-172-31-24-15,olap,benchANT
2026-05-17 07:38:00+00:00,system,uptime_format,12:20,dbms,clickbench,postgresql-plain-indexed-load,1,ip-172-31-24-15,olap,benchANT
2026-05-17 07:38:10+00:00,system,uptime_format,12:21,dbms,clickbench,postgresql-plain-indexed-load,1,ip-172-31-24-15,olap,benchANT
2026-05-17 07:38:20+00:00,system,uptime_format,12:21,dbms,clickbench,postgresql-plain-indexed-load,1,ip-172-31-24-15,olap,benchANT
2026-05-17 07:38:30+00:00,system,uptime_format,12:21,dbms,clickbench,postgresql-plain-indexed-load,1,ip-172-31-24-15,olap,benchANT
2026-05-17 07:38:40+00:00,system,uptime_format,12:21,dbms,clickbench,postgresql-plain-indexed-load,1,ip-172-31-24-15,olap,benchANT
2026-05-17 07:38:50+00:00,system,uptime_format,12:21,dbms,clickbench,postgresql-plain-indexed-load,1,ip-172-31-24-15,olap,benchANT
2026-05-17 07:39:00+00:00,system,uptime_format,12:21,dbms,clickbench,postgresql-plain-indexed-load,1,ip-172-31-24-15,olap,benchANT
2026-05-17 07:39:10+00:00,system,uptime_format,12:22,dbms,clickbench,postgresql-plain-indexed-load,1,ip-172-31-24-15,olap,benchANT
2026-05-17 07:39:20+00:00,system,uptime_format,12:22,dbms,clickbench,postgresql-plain-indexed-load,1,ip-172-31-24-15,olap,benchANT
2026-05-17 07:39:30+00:00,system,uptime_format,12:22,dbms,clickbench,postgresql-plain-indexed-load,1,ip-172-31-24-15,olap,benchANT
2026-05-17 07:39:40+00:00,system,uptime_format,12:22,dbms,clickbench,postgresql-plain-indexed-load,1,ip-172-31-24-15,olap,benchANT
2026-05-17 07:39:50+00:00,system,uptime_format,12:22,dbms,clickbench,postgresql-plain-indexed-load,1,ip-172-31-24-15,olap,benchANT
2026-05-17 07:40:00+00:00,system,uptime_format,12:22,dbms,clickbench,postgresql-plain-indexed-load,1,ip-172-31-24-15,olap,benchANT
2026-05-17 07:40:10+00:00,system,uptime_format,12:23,dbms,clickbench,postgresql-plain-indexed-load,1,ip-172-31-24-15,olap,benchANT
2026-05-17 07:40:20+00:00,system,uptime_format,12:23,dbms,clickbench,postgresql-plain-indexed-load,1,ip-172-31-24-15,olap,benchANT
2026-05-17 07:40:30+00:00,system,uptime_format,12:23,dbms,clickbench,postgresql-plain-indexed-load,1,ip-172-31-24-15,olap,benchANT
2026-05-17 07:40:40+00:00,system,uptime_format,12:23,dbms,clickbench,postgresql-plain-indexed-load,1,ip-172-31-24-15,olap,benchANT
2026-05-17 07:40:50+00:00,system,uptime_format,12:23,dbms,clickbench,postgresql-plain-indexed-load,1,ip-172-31-24-15,olap,benchANT
2026-05-17 07:41:00+00:00,system,uptime_format,12:23,dbms,clickbench,postgresql-plain-indexed-load,1,ip-172-31-24-15,olap,benchANT
2026-05-17 07:41:10+00:00,system,uptime_format,12:24,dbms,clickbench,postgresql-plain-indexed-load,1,ip-172-31-24-15,olap,benchANT
2026-05-17 07:41:20+00:00,system,uptime_format,12:24,dbms,clickbench,postgresql-plain-indexed-load,1,ip-172-31-24-15,olap,benchANT
2026-05-17 07:41:30+00:00,system,uptime_format,12:24,dbms,clickbench,postgresql-plain-indexed-load,1,ip-172-31-24-15,olap,benchANT
2026-05-17 07:41:40+00:00,system,uptime_format,12:24,dbms,clickbench,postgresql-plain-indexed-load,1,ip-172-31-24-15,olap,benchANT
2026-05-17 07:41:50+00:00,system,uptime_format,12:24,dbms,clickbench,postgresql-plain-indexed-load,1,ip-172-31-24-15,olap,benchANT
2026-05-17 07:42:00+00:00,system,uptime_format,12:24,dbms,clickbench,postgresql-plain-indexed-load,1,ip-172-31-24-15,olap,benchANT
2026-05-17 07:42:10+00:00,system,uptime_format,12:25,dbms,clickbench,postgresql-plain-indexed-load,1,ip-172-31-24-15,olap,benchANT
2026-05-17 07:42:20+00:00,system,uptime_format,12:25,dbms,clickbench,postgresql-plain-indexed-load,1,ip-172-31-24-15,olap,benchANT
2026-05-17 07:42:30+00:00,system,uptime_format,12:25,dbms,clickbench,postgresql-plain-indexed-load,1,ip-172-31-24-15,olap,benchANT
2026-05-17 07:42:40+00:00,system,uptime_format,12:25,dbms,clickbench,postgresql-plain-indexed-load,1,ip-172-31-24-15,olap,benchANT
2026-05-17 07:42:50+00:00,system,uptime_format,12:25,dbms,clickbench,postgresql-plain-indexed-load,1,ip-172-31-24-15,olap,benchANT
2026-05-17 07:43:00+00:00,system,uptime_format,12:25,dbms,clickbench,postgresql-plain-indexed-load,1,ip-172-31-24-15,olap,benchANT
2026-05-17 07:43:10+00:00,system,uptime_format,12:26,dbms,clickbench,postgresql-plain-indexed-load,1,ip-172-31-24-15,olap,benchANT
2026-05-17 07:43:20+00:00,system,uptime_format,12:26,dbms,clickbench,postgresql-plain-indexed-load,1,ip-172-31-24-15,olap,benchANT
2026-05-17 07:43:30+00:00,system,uptime_format,12:26,dbms,clickbench,postgresql-plain-indexed-load,1,ip-172-31-24-15,olap,benchANT
2026-05-17 07:43:40+00:00,system,uptime_format,12:26,dbms,clickbench,postgresql-plain-indexed-load,1,ip-172-31-24-15,olap,benchANT
2026-05-17 07:43:50+00:00,system,uptime_format,12:26,dbms,clickbench,postgresql-plain-indexed-load,1,ip-172-31-24-15,olap,benchANT
2026-05-17 07:44:00+00:00,system,uptime_format,12:26,dbms,clickbench,postgresql-plain-indexed-load,1,ip-172-31-24-15,olap,benchANT
2026-05-17 07:44:10+00:00,system,uptime_format,12:27,dbms,clickbench,postgresql-plain-indexed-load,1,ip-172-31-24-15,olap,benchANT
2026-05-17 07:44:20+00:00,system,uptime_format,12:27,dbms,clickbench,postgresql-plain-indexed-load,1,ip-172-31-24-15,olap,benchANT
2026-05-17 07:44:30+00:00,system,uptime_format,12:27,dbms,clickbench,postgresql-plain-indexed-load,1,ip-172-31-24-15,olap,benchANT
2026-05-17 07:44:40+00:00,system,uptime_format,12:27,dbms,clickbench,postgresql-plain-indexed-load,1,ip-172-31-24-15,olap,benchANT
2026-05-17 07:44:50+00:00,system,uptime_format,12:27,dbms,clickbench,postgresql-plain-indexed-load,1,ip-172-31-24-15,olap,benchANT
2026-05-17 07:45:00+00:00,system,uptime_format,12:27,dbms,clickbench,postgresql-plain-indexed-load,1,ip-172-31-24-15,olap,benchANT
2026-05-17 07:45:10+00:00,system,uptime_format,12:28,dbms,clickbench,postgresql-plain-indexed-load,1,ip-172-31-24-15,olap,benchANT
2026-05-17 07:45:20+00:00,system,uptime_format,12:28,dbms,clickbench,postgresql-plain-indexed-load,1,ip-172-31-24-15,olap,benchANT
2026-05-17 07:45:30+00:00,system,uptime_format,12:28,dbms,clickbench,postgresql-plain-indexed-load,1,ip-172-31-24-15,olap,benchANT
2026-05-17 07:45:40+00:00,system,uptime_format,12:28,dbms,clickbench,postgresql-plain-indexed-load,1,ip-172-31-24-15,olap,benchANT
2026-05-17 07:45:50+00:00,system,uptime_format,12:28,dbms,clickbench,postgresql-plain-indexed-load,1,ip-172-31-24-15,olap,benchANT
2026-05-17 07:46:00+00:00,system,uptime_format,12:28,dbms,clickbench,postgresql-plain-indexed-load,1,ip-172-31-24-15,olap,benchANT
2026-05-17 07:46:10+00:00,system,uptime_format,12:29,dbms,clickbench,postgresql-plain-indexed-load,1,ip-172-31-24-15,olap,benchANT
2026-05-17 07:46:20+00:00,system,uptime_format,12:29,dbms,clickbench,postgresql-plain-indexed-load,1,ip-172-31-24-15,olap,benchANT
2026-05-17 07:46:30+00:00,system,uptime_format,12:29,dbms,clickbench,postgresql-plain-indexed-load,1,ip-172-31-24-15,olap,benchANT
2026-05-17 07:46:40+00:00,system,uptime_format,12:29,dbms,clickbench,postgresql-plain-indexed-load,1,ip-172-31-24-15,olap,benchANT
2026-05-17 07:46:50+00:00,system,uptime_format,12:29,dbms,clickbench,postgresql-plain-indexed-load,1,ip-172-31-24-15,olap,benchANT
2026-05-17 07:47:00+00:00,system,uptime_format,12:29,dbms,clickbench,postgresql-plain-indexed-load,1,ip-172-31-24-15,olap,benchANT
2026-05-17 07:47:10+00:00,system,uptime_format,12:30,dbms,clickbench,postgresql-plain-indexed-load,1,ip-172-31-24-15,olap,benchANT
2026-05-17 07:47:20+00:00,system,uptime_format,12:30,dbms,clickbench,postgresql-plain-indexed-load,1,ip-172-31-24-15,olap,benchANT
2026-05-17 07:47:30+00:00,system,uptime_format,12:30,dbms,clickbench,postgresql-plain-indexed-load,1,ip-172-31-24-15,olap,benchANT
2026-05-17 07:47:40+00:00,system,uptime_format,12:30,dbms,clickbench,postgresql-plain-indexed-load,1,ip-172-31-24-15,olap,benchANT
2026-05-17 07:47:50+00:00,system,uptime_format,12:30,dbms,clickbench,postgresql-plain-indexed-load,1,ip-172-31-24-15,olap,benchANT
2026-05-17 07:48:00+00:00,system,uptime_format,12:30,dbms,clickbench,postgresql-plain-indexed-load,1,ip-172-31-24-15,olap,benchANT
2026-05-17 07:48:10+00:00,system,uptime_format,12:31,dbms,clickbench,postgresql-plain-indexed-load,1,ip-172-31-24-15,olap,benchANT
2026-05-17 07:48:20+00:00,system,uptime_format,12:31,dbms,clickbench,postgresql-plain-indexed-load,1,ip-172-31-24-15,olap,benchANT
2026-05-17 07:48:30+00:00,system,uptime_format,12:31,dbms,clickbench,postgresql-plain-indexed-load,1,ip-172-31-24-15,olap,benchANT
2026-05-17 07:48:40+00:00,system,uptime_format,12:31,dbms,clickbench,postgresql-plain-indexed-load,1,ip-172-31-24-15,olap,benchANT
2026-05-17 07:48:50+00:00,system,uptime_format,12:31,dbms,clickbench,postgresql-plain-indexed-load,1,ip-172-31-24-15,olap,benchANT
2026-05-17 07:49:00+00:00,system,uptime_format,12:31,dbms,clickbench,postgresql-plain-indexed-load,1,ip-172-31-24-15,olap,benchANT
2026-05-17 07:49:10+00:00,system,uptime_format,12:32,dbms,clickbench,postgresql-plain-indexed-load,1,ip-172-31-24-15,olap,benchANT
2026-05-17 07:49:20+00:00,system,uptime_format,12:32,dbms,clickbench,postgresql-plain-indexed-load,1,ip-172-31-24-15,olap,benchANT
2026-05-17 07:49:30+00:00,system,uptime_format,12:32,dbms,clickbench,postgresql-plain-indexed-load,1,ip-172-31-24-15,olap,benchANT
2026-05-17 07:49:40+00:00,system,uptime_format,12:32,dbms,clickbench,postgresql-plain-indexed-load,1,ip-172-31-24-15,olap,benchANT
2026-05-17 07:49:50+00:00,system,uptime_format,12:32,dbms,clickbench,postgresql-plain-indexed-load,1,ip-172-31-24-15,olap,benchANT
2026-05-17 07:50:00+00:00,system,uptime_format,12:32,dbms,clickbench,postgresql-plain-indexed-load,1,ip-172-31-24-15,olap,benchANT
2026-05-17 07:50:10+00:00,system,uptime_format,12:33,dbms,clickbench,postgresql-plain-indexed-load,1,ip-172-31-24-15,olap,benchANT
2026-05-17 07:50:20+00:00,system,uptime_format,12:33,dbms,clickbench,postgresql-plain-indexed-load,1,ip-172-31-24-15,olap,benchANT
2026-05-17 07:50:30+00:00,system,uptime_format,12:33,dbms,clickbench,postgresql-plain-indexed-load,1,ip-172-31-24-15,olap,benchANT
2026-05-17 07:50:40+00:00,system,uptime_format,12:33,dbms,clickbench,postgresql-plain-indexed-load,1,ip-172-31-24-15,olap,benchANT
2026-05-17 07:50:50+00:00,system,uptime_format,12:33,dbms,clickbench,postgresql-plain-indexed-load,1,ip-172-31-24-15,olap,benchANT
2026-05-17 07:51:00+00:00,system,uptime_format,12:33,dbms,clickbench,postgresql-plain-indexed-load,1,ip-172-31-24-15,olap,benchANT
2026-05-17 07:51:10+00:00,system,uptime_format,12:34,dbms,clickbench,postgresql-plain-indexed-load,1,ip-172-31-24-15,olap,benchANT
2026-05-17 07:51:20+00:00,system,uptime_format,12:34,dbms,clickbench,postgresql-plain-indexed-load,1,ip-172-31-24-15,olap,benchANT
2026-05-17 07:51:30+00:00,system,uptime_format,12:34,dbms,clickbench,postgresql-plain-indexed-load,1,ip-172-31-24-15,olap,benchANT
2026-05-17 07:51:40+00:00,system,uptime_format,12:34,dbms,clickbench,postgresql-plain-indexed-load,1,ip-172-31-24-15,olap,benchANT
2026-05-17 07:51:50+00:00,system,uptime_format,12:34,dbms,clickbench,postgresql-plain-indexed-load,1,ip-172-31-24-15,olap,benchANT
2026-05-17 07:52:00+00:00,system,uptime_format,12:34,dbms,clickbench,postgresql-plain-indexed-load,1,ip-172-31-24-15,olap,benchANT
2026-05-17 07:52:10+00:00,system,uptime_format,12:35,dbms,clickbench,postgresql-plain-indexed-load,1,ip-172-31-24-15,olap,benchANT
2026-05-17 07:52:20+00:00,system,uptime_format,12:35,dbms,clickbench,postgresql-plain-indexed-load,1,ip-172-31-24-15,olap,benchANT
2026-05-17 07:52:30+00:00,system,uptime_format,12:35,dbms,clickbench,postgresql-plain-indexed-load,1,ip-172-31-24-15,olap,benchANT
2026-05-17 07:52:40+00:00,system,uptime_format,12:35,dbms,clickbench,postgresql-plain-indexed-load,1,ip-172-31-24-15,olap,benchANT
2026-05-17 07:52:50+00:00,system,uptime_format,12:35,dbms,clickbench,postgresql-plain-indexed-load,1,ip-172-31-24-15,olap,benchANT
2026-05-17 07:53:00+00:00,system,uptime_format,12:35,dbms,clickbench,postgresql-plain-indexed-load,1,ip-172-31-24-15,olap,benchANT
2026-05-17 07:53:10+00:00,system,uptime_format,12:36,dbms,clickbench,postgresql-plain-indexed-load,1,ip-172-31-24-15,olap,benchANT
2026-05-17 07:53:20+00:00,system,uptime_format,12:36,dbms,clickbench,postgresql-plain-indexed-load,1,ip-172-31-24-15,olap,benchANT
2026-05-17 07:53:30+00:00,system,uptime_format,12:36,dbms,clickbench,postgresql-plain-indexed-load,1,ip-172-31-24-15,olap,benchANT
2026-05-17 07:53:40+00:00,system,uptime_format,12:36,dbms,clickbench,postgresql-plain-indexed-load,1,ip-172-31-24-15,olap,benchANT
2026-05-17 07:53:50+00:00,system,uptime_format,12:36,dbms,clickbench,postgresql-plain-indexed-load,1,ip-172-31-24-15,olap,benchANT
2026-05-17 07:54:00+00:00,system,uptime_format,12:36,dbms,clickbench,postgresql-plain-indexed-load,1,ip-172-31-24-15,olap,benchANT
2026-05-17 07:54:10+00:00,system,uptime_format,12:37,dbms,clickbench,postgresql-plain-indexed-load,1,ip-172-31-24-15,olap,benchANT
2026-05-17 07:54:20+00:00,system,uptime_format,12:37,dbms,clickbench,postgresql-plain-indexed-load,1,ip-172-31-24-15,olap,benchANT
2026-05-17 07:54:30+00:00,system,uptime_format,12:37,dbms,clickbench,postgresql-plain-indexed-load,1,ip-172-31-24-15,olap,benchANT
2026-05-17 07:54:40+00:00,system,uptime_format,12:37,dbms,clickbench,postgresql-plain-indexed-load,1,ip-172-31-24-15,olap,benchANT
2026-05-17 07:54:50+00:00,system,uptime_format,12:37,dbms,clickbench,postgresql-plain-indexed-load,1,ip-172-31-24-15,olap,benchANT
2026-05-17 07:55:00+00:00,system,uptime_format,12:37,dbms,clickbench,postgresql-plain-indexed-load,1,ip-172-31-24-15,olap,benchANT
2026-05-17 07:55:10+00:00,system,uptime_format,12:38,dbms,clickbench,postgresql-plain-indexed-load,1,ip-172-31-24-15,olap,benchANT
2026-05-17 07:55:20+00:00,system,uptime_format,12:38,dbms,clickbench,postgresql-plain-indexed-load,1,ip-172-31-24-15,olap,benchANT
2026-05-17 07:55:30+00:00,system,uptime_format,12:38,dbms,clickbench,postgresql-plain-indexed-load,1,ip-172-31-24-15,olap,benchANT
2026-05-17 07:55:40+00:00,system,uptime_format,12:38,dbms,clickbench,postgresql-plain-indexed-load,1,ip-172-31-24-15,olap,benchANT
2026-05-17 07:55:50+00:00,system,uptime_format,12:38,dbms,clickbench,postgresql-plain-indexed-load,1,ip-172-31-24-15,olap,benchANT
2026-05-17 07:56:00+00:00,system,uptime_format,12:38,dbms,clickbench,postgresql-plain-indexed-load,1,ip-172-31-24-15,olap,benchANT
2026-05-17 07:56:10+00:00,system,uptime_format,12:39,dbms,clickbench,postgresql-plain-indexed-load,1,ip-172-31-24-15,olap,benchANT
2026-05-17 07:56:20+00:00,system,uptime_format,12:39,dbms,clickbench,postgresql-plain-indexed-load,1,ip-172-31-24-15,olap,benchANT
2026-05-17 07:56:30+00:00,system,uptime_format,12:39,dbms,clickbench,postgresql-plain-indexed-load,1,ip-172-31-24-15,olap,benchANT
2026-05-17 07:56:40+00:00,system,uptime_format,12:39,dbms,clickbench,postgresql-plain-indexed-load,1,ip-172-31-24-15,olap,benchANT
2026-05-17 07:56:50+00:00,system,uptime_format,12:39,dbms,clickbench,postgresql-plain-indexed-load,1,ip-172-31-24-15,olap,benchANT
2026-05-17 07:57:00+00:00,system,uptime_format,12:39,dbms,clickbench,postgresql-plain-indexed-load,1,ip-172-31-24-15,olap,benchANT
2026-05-17 07:57:10+00:00,system,uptime_format,12:40,dbms,clickbench,postgresql-plain-indexed-load,1,ip-172-31-24-15,olap,benchANT
2026-05-17 07:57:20+00:00,system,uptime_format,12:40,dbms,clickbench,postgresql-plain-indexed-load,1,ip-172-31-24-15,olap,benchANT
2026-05-17 07:57:30+00:00,system,uptime_format,12:40,dbms,clickbench,postgresql-plain-indexed-load,1,ip-172-31-24-15,olap,benchANT
2026-05-17 07:57:40+00:00,system,uptime_format,12:40,dbms,clickbench,postgresql-plain-indexed-load,1,ip-172-31-24-15,olap,benchANT
2026-05-17 07:57:50+00:00,system,uptime_format,12:40,dbms,clickbench,postgresql-plain-indexed-load,1,ip-172-31-24-15,olap,benchANT
2026-05-17 07:58:00+00:00,system,uptime_format,12:40,dbms,clickbench,postgresql-plain-indexed-load,1,ip-172-31-24-15,olap,benchANT
2026-05-17 07:58:10+00:00,system,uptime_format,12:41,dbms,clickbench,postgresql-plain-indexed-load,1,ip-172-31-24-15,olap,benchANT
2026-05-17 07:58:20+00:00,system,uptime_format,12:41,dbms,clickbench,postgresql-plain-indexed-load,1,ip-172-31-24-15,olap,benchANT
2026-05-17 07:58:30+00:00,system,uptime_format,12:41,dbms,clickbench,postgresql-plain-indexed-load,1,ip-172-31-24-15,olap,benchANT
2026-05-17 07:58:40+00:00,system,uptime_format,12:41,dbms,clickbench,postgresql-plain-indexed-load,1,ip-172-31-24-15,olap,benchANT
2026-05-17 07:58:50+00:00,system,uptime_format,12:41,dbms,clickbench,postgresql-plain-indexed-load,1,ip-172-31-24-15,olap,benchANT
2026-05-17 07:59:00+00:00,system,uptime_format,12:41,dbms,clickbench,postgresql-plain-indexed-load,1,ip-172-31-24-15,olap,benchANT
2026-05-17 07:59:10+00:00,system,uptime_format,12:42,dbms,clickbench,postgresql-plain-indexed-load,1,ip-172-31-24-15,olap,benchANT
2026-05-17 07:59:20+00:00,system,uptime_format,12:42,dbms,clickbench,postgresql-plain-indexed-load,1,ip-172-31-24-15,olap,benchANT
2026-05-17 07:59:30+00:00,system,uptime_format,12:42,dbms,clickbench,postgresql-plain-indexed-load,1,ip-172-31-24-15,olap,benchANT
2026-05-17 07:59:40+00:00,system,uptime_format,12:42,dbms,clickbench,postgresql-plain-indexed-load,1,ip-172-31-24-15,olap,benchANT
2026-05-17 07:59:50+00:00,system,uptime_format,12:42,dbms,clickbench,postgresql-plain-indexed-load,1,ip-172-31-24-15,olap,benchANT
2026-05-17 08:00:00+00:00,system,uptime_format,12:42,dbms,clickbench,postgresql-plain-indexed-load,1,ip-172-31-24-15,olap,benchANT
2026-05-17 08:00:10+00:00,system,uptime_format,12:43,dbms,clickbench,postgresql-plain-indexed-load,1,ip-172-31-24-15,olap,benchANT
2026-05-17 08:00:20+00:00,system,uptime_format,12:43,dbms,clickbench,postgresql-plain-indexed-load,1,ip-172-31-24-15,olap,benchANT
2026-05-17 08:00:30+00:00,system,uptime_format,12:43,dbms,clickbench,postgresql-plain-indexed-load,1,ip-172-31-24-15,olap,benchANT
2026-05-17 08:00:40+00:00,system,uptime_format,12:43,dbms,clickbench,postgresql-plain-indexed-load,1,ip-172-31-24-15,olap,benchANT
2026-05-17 08:00:50+00:00,system,uptime_format,12:43,dbms,clickbench,postgresql-plain-indexed-load,1,ip-172-31-24-15,olap,benchANT
2026-05-17 08:01:00+00:00,system,uptime_format,12:43,dbms,clickbench,postgresql-plain-indexed-load,1,ip-172-31-24-15,olap,benchANT
2026-05-17 08:01:10+00:00,system,uptime_format,12:44,dbms,clickbench,postgresql-plain-indexed-load,1,ip-172-31-24-15,olap,benchANT
2026-05-17 08:01:20+00:00,system,uptime_format,12:44,dbms,clickbench,postgresql-plain-indexed-load,1,ip-172-31-24-15,olap,benchANT
2026-05-17 08:01:30+00:00,system,uptime_format,12:44,dbms,clickbench,postgresql-plain-indexed-load,1,ip-172-31-24-15,olap,benchANT
2026-05-17 08:01:40+00:00,system,uptime_format,12:44,dbms,clickbench,postgresql-plain-indexed-load,1,ip-172-31-24-15,olap,benchANT
2026-05-17 08:01:50+00:00,system,uptime_format,12:44,dbms,clickbench,postgresql-plain-indexed-load,1,ip-172-31-24-15,olap,benchANT
2026-05-17 08:02:00+00:00,system,uptime_format,12:44,dbms,clickbench,postgresql-plain-indexed-load,1,ip-172-31-24-15,olap,benchANT
2026-05-17 08:02:10+00:00,system,uptime_format,12:45,dbms,clickbench,postgresql-plain-indexed-load,1,ip-172-31-24-15,olap,benchANT
2026-05-17 08:02:20+00:00,system,uptime_format,12:45,dbms,clickbench,postgresql-plain-indexed-load,1,ip-172-31-24-15,olap,benchANT
2026-05-17 08:02:30+00:00,system,uptime_format,12:45,dbms,clickbench,postgresql-plain-indexed-load,1,ip-172-31-24-15,olap,benchANT
2026-05-17 08:02:40+00:00,system,uptime_format,12:45,dbms,clickbench,postgresql-plain-indexed-load,1,ip-172-31-24-15,olap,benchANT
2026-05-17 08:02:50+00:00,system,uptime_format,12:45,dbms,clickbench,postgresql-plain-indexed-load,1,ip-172-31-24-15,olap,benchANT
2026-05-17 08:03:00+00:00,system,uptime_format,12:45,dbms,clickbench,postgresql-plain-indexed-load,1,ip-172-31-24-15,olap,benchANT
2026-05-17 08:03:10+00:00,system,uptime_format,12:46,dbms,clickbench,postgresql-plain-indexed-load,1,ip-172-31-24-15,olap,benchANT
2026-05-17 08:03:20+00:00,system,uptime_format,12:46,dbms,clickbench,postgresql-plain-indexed-load,1,ip-172-31-24-15,olap,benchANT
2026-05-17 08:03:30+00:00,system,uptime_format,12:46,dbms,clickbench,postgresql-plain-indexed-load,1,ip-172-31-24-15,olap,benchANT
2026-05-17 08:03:40+00:00,system,uptime_format,12:46,dbms,clickbench,postgresql-plain-indexed-load,1,ip-172-31-24-15,olap,benchANT
2026-05-17 08:03:50+00:00,system,uptime_format,12:46,dbms,clickbench,postgresql-plain-indexed-load,1,ip-172-31-24-15,olap,benchANT
2026-05-17 08:04:00+00:00,system,uptime_format,12:46,dbms,clickbench,postgresql-plain-indexed-load,1,ip-172-31-24-15,olap,benchANT
2026-05-17 08:04:10+00:00,system,uptime_format,12:47,dbms,clickbench,postgresql-plain-indexed-load,1,ip-172-31-24-15,olap,benchANT
2026-05-17 08:04:20+00:00,system,uptime_format,12:47,dbms,clickbench,postgresql-plain-indexed-load,1,ip-172-31-24-15,olap,benchANT
2026-05-17 08:04:30+00:00,system,uptime_format,12:47,dbms,clickbench,postgresql-plain-indexed-load,1,ip-172-31-24-15,olap,benchANT
2026-05-17 08:04:40+00:00,system,uptime_format,12:47,dbms,clickbench,postgresql-plain-indexed-load,1,ip-172-31-24-15,olap,benchANT
2026-05-17 08:04:50+00:00,system,uptime_format,12:47,dbms,clickbench,postgresql-plain-indexed-load,1,ip-172-31-24-15,olap,benchANT
2026-05-17 08:05:00+00:00,system,uptime_format,12:47,dbms,clickbench,postgresql-plain-indexed-load,1,ip-172-31-24-15,olap,benchANT
2026-05-17 08:05:10+00:00,system,uptime_format,12:48,dbms,clickbench,postgresql-plain-indexed-load,1,ip-172-31-24-15,olap,benchANT
2026-05-17 08:05:20+00:00,system,uptime_format,12:48,dbms,clickbench,postgresql-plain-indexed-load,1,ip-172-31-24-15,olap,benchANT
2026-05-17 08:05:30+00:00,system,uptime_format,12:48,dbms,clickbench,postgresql-plain-indexed-load,1,ip-172-31-24-15,olap,benchANT
2026-05-17 08:05:40+00:00,system,uptime_format,12:48,dbms,clickbench,postgresql-plain-indexed-load,1,ip-172-31-24-15,olap,benchANT
2026-05-17 08:05:50+00:00,system,uptime_format,12:48,dbms,clickbench,postgresql-plain-indexed-load,1,ip-172-31-24-15,olap,benchANT
2026-05-17 08:06:00+00:00,system,uptime_format,12:48,dbms,clickbench,postgresql-plain-indexed-load,1,ip-172-31-24-15,olap,benchANT
2026-05-17 08:06:10+00:00,system,uptime_format,12:49,dbms,clickbench,postgresql-plain-indexed-load,1,ip-172-31-24-15,olap,benchANT
2026-05-17 08:06:20+00:00,system,uptime_format,12:49,dbms,clickbench,postgresql-plain-indexed-load,1,ip-172-31-24-15,olap,benchANT
2026-05-17 08:06:30+00:00,system,uptime_format,12:49,dbms,clickbench,postgresql-plain-indexed-load,1,ip-172-31-24-15,olap,benchANT
2026-05-17 08:06:40+00:00,system,uptime_format,12:49,dbms,clickbench,postgresql-plain-indexed-load,1,ip-172-31-24-15,olap,benchANT
2026-05-17 08:06:50+00:00,system,uptime_format,12:49,dbms,clickbench,postgresql-plain-indexed-load,1,ip-172-31-24-15,olap,benchANT
2026-05-17 08:07:00+00:00,system,uptime_format,12:49,dbms,clickbench,postgresql-plain-indexed-load,1,ip-172-31-24-15,olap,benchANT
2026-05-17 08:07:10+00:00,system,uptime_format,12:50,dbms,clickbench,postgresql-plain-indexed-load,1,ip-172-31-24-15,olap,benchANT
2026-05-17 08:07:20+00:00,system,uptime_format,12:50,dbms,clickbench,postgresql-plain-indexed-load,1,ip-172-31-24-15,olap,benchANT
2026-05-17 08:07:30+00:00,system,uptime_format,12:50,dbms,clickbench,postgresql-plain-indexed-load,1,ip-172-31-24-15,olap,benchANT
2026-05-17 08:07:40+00:00,system,uptime_format,12:50,dbms,clickbench,postgresql-plain-indexed-load,1,ip-172-31-24-15,olap,benchANT
2026-05-17 08:07:50+00:00,system,uptime_format,12:50,dbms,clickbench,postgresql-plain-indexed-load,1,ip-172-31-24-15,olap,benchANT
2026-05-17 08:08:00+00:00,system,uptime_format,12:50,dbms,clickbench,postgresql-plain-indexed-load,1,ip-172-31-24-15,olap,benchANT
2026-05-17 08:08:10+00:00,system,uptime_format,12:51,dbms,clickbench,postgresql-plain-indexed-load,1,ip-172-31-24-15,olap,benchANT
2026-05-17 08:08:20+00:00,system,uptime_format,12:51,dbms,clickbench,postgresql-plain-indexed-load,1,ip-172-31-24-15,olap,benchANT
2026-05-17 08:08:30+00:00,system,uptime_format,12:51,dbms,clickbench,postgresql-plain-indexed-load,1,ip-172-31-24-15,olap,benchANT
2026-05-17 08:08:40+00:00,system,uptime_format,12:51,dbms,clickbench,postgresql-plain-indexed-load,1,ip-172-31-24-15,olap,benchANT
2026-05-17 08:08:50+00:00,system,uptime_format,12:51,dbms,clickbench,postgresql-plain-indexed-load,1,ip-172-31-24-15,olap,benchANT
2026-05-17 08:09:00+00:00,system,uptime_format,12:51,dbms,clickbench,postgresql-plain-indexed-load,1,ip-172-31-24-15,olap,benchANT
2026-05-17 08:09:10+00:00,system,uptime_format,12:52,dbms,clickbench,postgresql-plain-indexed-load,1,ip-172-31-24-15,olap,benchANT
2026-05-17 08:09:20+00:00,system,uptime_format,12:52,dbms,clickbench,postgresql-plain-indexed-load,1,ip-172-31-24-15,olap,benchANT
2026-05-17 08:09:30+00:00,system,uptime_format,12:52,dbms,clickbench,postgresql-plain-indexed-load,1,ip-172-31-24-15,olap,benchANT
2026-05-17 08:09:40+00:00,system,uptime_format,12:52,dbms,clickbench,postgresql-plain-indexed-load,1,ip-172-31-24-15,olap,benchANT
2026-05-17 08:09:50+00:00,system,uptime_format,12:52,dbms,clickbench,postgresql-plain-indexed-load,1,ip-172-31-24-15,olap,benchANT
2026-05-17 08:10:00+00:00,system,uptime_format,12:52,dbms,clickbench,postgresql-plain-indexed-load,1,ip-172-31-24-15,olap,benchANT
2026-05-17 08:10:10+00:00,system,uptime_format,12:53,dbms,clickbench,postgresql-plain-indexed-load,1,ip-172-31-24-15,olap,benchANT
2026-05-17 08:10:20+00:00,system,uptime_format,12:53,dbms,clickbench,postgresql-plain-indexed-load,1,ip-172-31-24-15,olap,benchANT
2026-05-17 08:10:30+00:00,system,uptime_format,12:53,dbms,clickbench,postgresql-plain-indexed-load,1,ip-172-31-24-15,olap,benchANT
2026-05-17 08:10:40+00:00,system,uptime_format,12:53,dbms,clickbench,postgresql-plain-indexed-load,1,ip-172-31-24-15,olap,benchANT
2026-05-17 08:10:50+00:00,system,uptime_format,12:53,dbms,clickbench,postgresql-plain-indexed-load,1,ip-172-31-24-15,olap,benchANT
2026-05-17 08:11:00+00:00,system,uptime_format,12:53,dbms,clickbench,postgresql-plain-indexed-load,1,ip-172-31-24-15,olap,benchANT
2026-05-17 08:11:10+00:00,system,uptime_format,12:54,dbms,clickbench,postgresql-plain-indexed-load,1,ip-172-31-24-15,olap,benchANT
2026-05-17 08:11:20+00:00,system,uptime_format,12:54,dbms,clickbench,postgresql-plain-indexed-load,1,ip-172-31-24-15,olap,benchANT
2026-05-17 08:11:30+00:00,system,uptime_format,12:54,dbms,clickbench,postgresql-plain-indexed-load,1,ip-172-31-24-15,olap,benchANT
2026-05-17 08:11:40+00:00,system,uptime_format,12:54,dbms,clickbench,postgresql-plain-indexed-load,1,ip-172-31-24-15,olap,benchANT
2026-05-17 08:11:50+00:00,system,uptime_format,12:54,dbms,clickbench,postgresql-plain-indexed-load,1,ip-172-31-24-15,olap,benchANT
2026-05-17 08:12:00+00:00,system,uptime_format,12:54,dbms,clickbench,postgresql-plain-indexed-load,1,ip-172-31-24-15,olap,benchANT
2026-05-17 08:12:10+00:00,system,uptime_format,12:55,dbms,clickbench,postgresql-plain-indexed-load,1,ip-172-31-24-15,olap,benchANT
2026-05-17 08:12:20+00:00,system,uptime_format,12:55,dbms,clickbench,postgresql-plain-indexed-load,1,ip-172-31-24-15,olap,benchANT
2026-05-17 08:12:30+00:00,system,uptime_format,12:55,dbms,clickbench,postgresql-plain-indexed-load,1,ip-172-31-24-15,olap,benchANT
2026-05-17 08:12:40+00:00,system,uptime_format,12:55,dbms,clickbench,postgresql-plain-indexed-load,1,ip-172-31-24-15,olap,benchANT
2026-05-17 08:12:50+00:00,system,uptime_format,12:55,dbms,clickbench,postgresql-plain-indexed-load,1,ip-172-31-24-15,olap,benchANT
2026-05-17 08:13:00+00:00,system,uptime_format,12:55,dbms,clickbench,postgresql-plain-indexed-load,1,ip-172-31-24-15,olap,benchANT
2026-05-17 08:13:10+00:00,system,uptime_format,12:56,dbms,clickbench,postgresql-plain-indexed-load,1,ip-172-31-24-15,olap,benchANT
2026-05-17 08:13:20+00:00,system,uptime_format,12:56,dbms,clickbench,postgresql-plain-indexed-load,1,ip-172-31-24-15,olap,benchANT
2026-05-17 08:13:30+00:00,system,uptime_format,12:56,dbms,clickbench,postgresql-plain-indexed-load,1,ip-172-31-24-15,olap,benchANT
2026-05-17 08:13:40+00:00,system,uptime_format,12:56,dbms,clickbench,postgresql-plain-indexed-load,1,ip-172-31-24-15,olap,benchANT
2026-05-17 08:13:50+00:00,system,uptime_format,12:56,dbms,clickbench,postgresql-plain-indexed-load,1,ip-172-31-24-15,olap,benchANT
2026-05-17 08:14:00+00:00,system,uptime_format,12:56,dbms,clickbench,postgresql-plain-indexed-load,1,ip-172-31-24-15,olap,benchANT
2026-05-17 08:14:10+00:00,system,uptime_format,12:57,dbms,clickbench,postgresql-plain-indexed-load,1,ip-172-31-24-15,olap,benchANT
2026-05-17 08:14:20+00:00,system,uptime_format,12:57,dbms,clickbench,postgresql-plain-indexed-load,1,ip-172-31-24-15,olap,benchANT
2026-05-17 08:14:30+00:00,system,uptime_format,12:57,dbms,clickbench,postgresql-plain-indexed-load,1,ip-172-31-24-15,olap,benchANT
2026-05-17 08:14:40+00:00,system,uptime_format,12:57,dbms,clickbench,postgresql-plain-indexed-load,1,ip-172-31-24-15,olap,benchANT
2026-05-17 08:14:50+00:00,system,uptime_format,12:57,dbms,clickbench,postgresql-plain-indexed-load,1,ip-172-31-24-15,olap,benchANT
2026-05-17 08:15:00+00:00,system,uptime_format,12:57,dbms,clickbench,postgresql-plain-indexed-load,1,ip-172-31-24-15,olap,benchANT
2026-05-17 08:15:10+00:00,system,uptime_format,12:58,dbms,clickbench,postgresql-plain-indexed-load,1,ip-172-31-24-15,olap,benchANT
2026-05-17 08:15:20+00:00,system,uptime_format,12:58,dbms,clickbench,postgresql-plain-indexed-load,1,ip-172-31-24-15,olap,benchANT
2026-05-17 08:15:30+00:00,system,uptime_format,12:58,dbms,clickbench,postgresql-plain-indexed-load,1,ip-172-31-24-15,olap,benchANT
2026-05-17 08:15:40+00:00,system,uptime_format,12:58,dbms,clickbench,postgresql-plain-indexed-load,1,ip-172-31-24-15,olap,benchANT
2026-05-17 08:15:50+00:00,system,uptime_format,12:58,dbms,clickbench,postgresql-plain-indexed-load,1,ip-172-31-24-15,olap,benchANT
2026-05-17 08:16:00+00:00,system,uptime_format,12:58,dbms,clickbench,postgresql-plain-indexed-load,1,ip-172-31-24-15,olap,benchANT
2026-05-17 08:16:10+00:00,system,uptime_format,12:59,dbms,clickbench,postgresql-plain-indexed-load,1,ip-172-31-24-15,olap,benchANT
2026-05-17 08:16:20+00:00,system,uptime_format,12:59,dbms,clickbench,postgresql-plain-indexed-load,1,ip-172-31-24-15,olap,benchANT
2026-05-17 08:16:30+00:00,system,uptime_format,12:59,dbms,clickbench,postgresql-plain-indexed-load,1,ip-172-31-24-15,olap,benchANT
2026-05-17 08:16:40+00:00,system,uptime_format,12:59,dbms,clickbench,postgresql-plain-indexed-load,1,ip-172-31-24-15,olap,benchANT
2026-05-17 08:16:50+00:00,system,uptime_format,12:59,dbms,clickbench,postgresql-plain-indexed-load,1,ip-172-31-24-15,olap,benchANT
2026-05-17 08:17:00+00:00,system,uptime_format,12:59,dbms,clickbench,postgresql-plain-indexed-load,1,ip-172-31-24-15,olap,benchANT
2026-05-17 08:17:10+00:00,system,uptime_format,13:00,dbms,clickbench,postgresql-plain-indexed-load,1,ip-172-31-24-15,olap,benchANT
2026-05-17 08:17:20+00:00,system,uptime_format,13:00,dbms,clickbench,postgresql-plain-indexed-load,1,ip-172-31-24-15,olap,benchANT
2026-05-17 08:17:30+00:00,system,uptime_format,13:00,dbms,clickbench,postgresql-plain-indexed-load,1,ip-172-31-24-15,olap,benchANT
2026-05-17 08:17:40+00:00,system,uptime_format,13:00,dbms,clickbench,postgresql-plain-indexed-load,1,ip-172-31-24-15,olap,benchANT
2026-05-17 08:17:50+00:00,system,uptime_format,13:00,dbms,clickbench,postgresql-plain-indexed-load,1,ip-172-31-24-15,olap,benchANT
2026-05-17 08:18:00+00:00,system,uptime_format,13:00,dbms,clickbench,postgresql-plain-indexed-load,1,ip-172-31-24-15,olap,benchANT
2026-05-17 08:18:10+00:00,system,uptime_format,13:01,dbms,clickbench,postgresql-plain-indexed-load,1,ip-172-31-24-15,olap,benchANT
2026-05-17 08:18:20+00:00,system,uptime_format,13:01,dbms,clickbench,postgresql-plain-indexed-load,1,ip-172-31-24-15,olap,benchANT
2026-05-17 08:18:30+00:00,system,uptime_format,13:01,dbms,clickbench,postgresql-plain-indexed-load,1,ip-172-31-24-15,olap,benchANT
2026-05-17 08:18:40+00:00,system,uptime_format,13:01,dbms,clickbench,postgresql-plain-indexed-load,1,ip-172-31-24-15,olap,benchANT
2026-05-17 08:18:50+00:00,system,uptime_format,13:01,dbms,clickbench,postgresql-plain-indexed-load,1,ip-172-31-24-15,olap,benchANT
2026-05-17 08:19:00+00:00,system,uptime_format,13:01,dbms,clickbench,postgresql-plain-indexed-load,1,ip-172-31-24-15,olap,benchANT
2026-05-17 08:19:10+00:00,system,uptime_format,13:02,dbms,clickbench,postgresql-plain-indexed-load,1,ip-172-31-24-15,olap,benchANT
2026-05-17 08:19:20+00:00,system,uptime_format,13:02,dbms,clickbench,postgresql-plain-indexed-load,1,ip-172-31-24-15,olap,benchANT
2026-05-17 08:19:30+00:00,system,uptime_format,13:02,dbms,clickbench,postgresql-plain-indexed-load,1,ip-172-31-24-15,olap,benchANT
2026-05-17 08:19:40+00:00,system,uptime_format,13:02,dbms,clickbench,postgresql-plain-indexed-load,1,ip-172-31-24-15,olap,benchANT
2026-05-17 08:19:50+00:00,system,uptime_format,13:02,dbms,clickbench,postgresql-plain-indexed-load,1,ip-172-31-24-15,olap,benchANT
2026-05-17 08:20:00+00:00,system,uptime_format,13:02,dbms,clickbench,postgresql-plain-indexed-load,1,ip-172-31-24-15,olap,benchANT
2026-05-17 08:20:10+00:00,system,uptime_format,13:03,dbms,clickbench,postgresql-plain-indexed-load,1,ip-172-31-24-15,olap,benchANT
2026-05-17 08:20:20+00:00,system,uptime_format,13:03,dbms,clickbench,postgresql-plain-indexed-load,1,ip-172-31-24-15,olap,benchANT
2026-05-17 08:20:30+00:00,system,uptime_format,13:03,dbms,clickbench,postgresql-plain-indexed-load,1,ip-172-31-24-15,olap,benchANT
2026-05-17 08:20:40+00:00,system,uptime_format,13:03,dbms,clickbench,postgresql-plain-indexed-load,1,ip-172-31-24-15,olap,benchANT
2026-05-17 08:20:50+00:00,system,uptime_format,13:03,dbms,clickbench,postgresql-plain-indexed-load,1,ip-172-31-24-15,olap,benchANT
2026-05-17 08:21:00+00:00,system,uptime_format,13:03,dbms,clickbench,postgresql-plain-indexed-load,1,ip-172-31-24-15,olap,benchANT
2026-05-17 08:21:10+00:00,system,uptime_format,13:04,dbms,clickbench,postgresql-plain-indexed-load,1,ip-172-31-24-15,olap,benchANT
2026-05-17 08:21:20+00:00,system,uptime_format,13:04,dbms,clickbench,postgresql-plain-indexed-load,1,ip-172-31-24-15,olap,benchANT
2026-05-17 08:21:30+00:00,system,uptime_format,13:04,dbms,clickbench,postgresql-plain-indexed-load,1,ip-172-31-24-15,olap,benchANT
2026-05-17 08:21:40+00:00,system,uptime_format,13:04,dbms,clickbench,postgresql-plain-indexed-load,1,ip-172-31-24-15,olap,benchANT
2026-05-17 08:21:50+00:00,system,uptime_format,13:04,dbms,clickbench,postgresql-plain-indexed-load,1,ip-172-31-24-15,olap,benchANT
2026-05-17 08:22:00+00:00,system,uptime_format,13:04,dbms,clickbench,postgresql-plain-indexed-load,1,ip-172-31-24-15,olap,benchANT
2026-05-17 08:22:10+00:00,system,uptime_format,13:05,dbms,clickbench,postgresql-plain-indexed-load,1,ip-172-31-24-15,olap,benchANT
2026-05-17 08:22:20+00:00,system,uptime_format,13:05,dbms,clickbench,postgresql-plain-indexed-load,1,ip-172-31-24-15,olap,benchANT
2026-05-17 08:22:30+00:00,system,uptime_format,13:05,dbms,clickbench,postgresql-plain-indexed-load,1,ip-172-31-24-15,olap,benchANT
2026-05-17 08:22:40+00:00,system,uptime_format,13:05,dbms,clickbench,postgresql-plain-indexed-load,1,ip-172-31-24-15,olap,benchANT
2026-05-17 08:22:50+00:00,system,uptime_format,13:05,dbms,clickbench,postgresql-plain-indexed-load,1,ip-172-31-24-15,olap,benchANT
2026-05-17 08:23:00+00:00,system,uptime_format,13:05,dbms,clickbench,postgresql-plain-indexed-load,1,ip-172-31-24-15,olap,benchANT
2026-05-17 08:23:10+00:00,system,uptime_format,13:06,dbms,clickbench,postgresql-plain-indexed-load,1,ip-172-31-24-15,olap,benchANT
2026-05-17 08:23:20+00:00,system,uptime_format,13:06,dbms,clickbench,postgresql-plain-indexed-load,1,ip-172-31-24-15,olap,benchANT
2026-05-17 08:23:30+00:00,system,uptime_format,13:06,dbms,clickbench,postgresql-plain-indexed-load,1,ip-172-31-24-15,olap,benchANT
2026-05-17 08:23:40+00:00,system,uptime_format,13:06,dbms,clickbench,postgresql-plain-indexed-load,1,ip-172-31-24-15,olap,benchANT
2026-05-17 08:23:50+00:00,system,uptime_format,13:06,dbms,clickbench,postgresql-plain-indexed-load,1,ip-172-31-24-15,olap,benchANT
2026-05-17 08:24:00+00:00,system,uptime_format,13:06,dbms,clickbench,postgresql-plain-indexed-load,1,ip-172-31-24-15,olap,benchANT
2026-05-17 08:24:10+00:00,system,uptime_format,13:07,dbms,clickbench,postgresql-plain-indexed-load,1,ip-172-31-24-15,olap,benchANT
2026-05-17 08:24:20+00:00,system,uptime_format,13:07,dbms,clickbench,postgresql-plain-indexed-load,1,ip-172-31-24-15,olap,benchANT
2026-05-17 08:24:30+00:00,system,uptime_format,13:07,dbms,clickbench,postgresql-plain-indexed-load,1,ip-172-31-24-15,olap,benchANT
2026-05-17 08:24:40+00:00,system,uptime_format,13:07,dbms,clickbench,postgresql-plain-indexed-load,1,ip-172-31-24-15,olap,benchANT
2026-05-17 08:24:50+00:00,system,uptime_format,13:07,dbms,clickbench,postgresql-plain-indexed-load,1,ip-172-31-24-15,olap,benchANT
2026-05-17 08:25:00+00:00,system,uptime_format,13:07,dbms,clickbench,postgresql-plain-indexed-load,1,ip-172-31-24-15,olap,benchANT
2026-05-17 08:25:10+00:00,system,uptime_format,13:08,dbms,clickbench,postgresql-plain-indexed-load,1,ip-172-31-24-15,olap,benchANT
2026-05-17 08:25:20+00:00,system,uptime_format,13:08,dbms,clickbench,postgresql-plain-indexed-load,1,ip-172-31-24-15,olap,benchANT
2026-05-17 08:25:30+00:00,system,uptime_format,13:08,dbms,clickbench,postgresql-plain-indexed-load,1,ip-172-31-24-15,olap,benchANT
2026-05-17 08:25:40+00:00,system,uptime_format,13:08,dbms,clickbench,postgresql-plain-indexed-load,1,ip-172-31-24-15,olap,benchANT
2026-05-17 08:25:50+00:00,system,uptime_format,13:08,dbms,clickbench,postgresql-plain-indexed-load,1,ip-172-31-24-15,olap,benchANT
2026-05-17 08:26:00+00:00,system,uptime_format,13:08,dbms,clickbench,postgresql-plain-indexed-load,1,ip-172-31-24-15,olap,benchANT
2026-05-17 08:26:10+00:00,system,uptime_format,13:09,dbms,clickbench,postgresql-plain-indexed-load,1,ip-172-31-24-15,olap,benchANT
2026-05-17 08:26:20+00:00,system,uptime_format,13:09,dbms,clickbench,postgresql-plain-indexed-load,1,ip-172-31-24-15,olap,benchANT
2026-05-17 08:26:30+00:00,system,uptime_format,13:09,dbms,clickbench,postgresql-plain-indexed-load,1,ip-172-31-24-15,olap,benchANT
2026-05-17 08:26:40+00:00,system,uptime_format,13:09,dbms,clickbench,postgresql-plain-indexed-load,1,ip-172-31-24-15,olap,benchANT
2026-05-17 08:26:50+00:00,system,uptime_format,13:09,dbms,clickbench,postgresql-plain-indexed-load,1,ip-172-31-24-15,olap,benchANT
2026-05-17 08:27:00+00:00,system,uptime_format,13:09,dbms,clickbench,postgresql-plain-indexed-load,1,ip-172-31-24-15,olap,benchANT
2026-05-17 08:27:10+00:00,system,uptime_format,13:10,dbms,clickbench,postgresql-plain-indexed-load,1,ip-172-31-24-15,olap,benchANT
2026-05-17 08:27:20+00:00,system,uptime_format,13:10,dbms,clickbench,postgresql-plain-indexed-load,1,ip-172-31-24-15,olap,benchANT
2026-05-17 08:27:30+00:00,system,uptime_format,13:10,dbms,clickbench,postgresql-plain-indexed-load,1,ip-172-31-24-15,olap,benchANT
2026-05-17 08:27:40+00:00,system,uptime_format,13:10,dbms,clickbench,postgresql-plain-indexed-load,1,ip-172-31-24-15,olap,benchANT
2026-05-17 08:27:50+00:00,system,uptime_format,13:10,dbms,clickbench,postgresql-plain-indexed-load,1,ip-172-31-24-15,olap,benchANT
2026-05-17 08:28:00+00:00,system,uptime_format,13:10,dbms,clickbench,postgresql-plain-indexed-load,1,ip-172-31-24-15,olap,benchANT
2026-05-17 08:28:10+00:00,system,uptime_format,13:11,dbms,clickbench,postgresql-plain-indexed-load,1,ip-172-31-24-15,olap,benchANT
2026-05-17 08:28:20+00:00,system,uptime_format,13:11,dbms,clickbench,postgresql-plain-indexed-load,1,ip-172-31-24-15,olap,benchANT
2026-05-17 08:28:30+00:00,system,uptime_format,13:11,dbms,clickbench,postgresql-plain-indexed-load,1,ip-172-31-24-15,olap,benchANT
2026-05-17 08:28:40+00:00,system,uptime_format,13:11,dbms,clickbench,postgresql-plain-indexed-load,1,ip-172-31-24-15,olap,benchANT
2026-05-17 08:28:50+00:00,system,uptime_format,13:11,dbms,clickbench,postgresql-plain-indexed-load,1,ip-172-31-24-15,olap,benchANT
2026-05-17 08:29:00+00:00,system,uptime_format,13:11,dbms,clickbench,postgresql-plain-indexed-load,1,ip-172-31-24-15,olap,benchANT
2026-05-17 08:29:10+00:00,system,uptime_format,13:12,dbms,clickbench,postgresql-plain-indexed-load,1,ip-172-31-24-15,olap,benchANT
2026-05-17 08:29:20+00:00,system,uptime_format,13:12,dbms,clickbench,postgresql-plain-indexed-load,1,ip-172-31-24-15,olap,benchANT
2026-05-17 08:29:30+00:00,system,uptime_format,13:12,dbms,clickbench,postgresql-plain-indexed-load,1,ip-172-31-24-15,olap,benchANT
2026-05-17 08:29:40+00:00,system,uptime_format,13:12,dbms,clickbench,postgresql-plain-indexed-load,1,ip-172-31-24-15,olap,benchANT
2026-05-17 08:29:50+00:00,system,uptime_format,13:12,dbms,clickbench,postgresql-plain-indexed-load,1,ip-172-31-24-15,olap,benchANT
2026-05-17 08:30:00+00:00,system,uptime_format,13:12,dbms,clickbench,postgresql-plain-indexed-load,1,ip-172-31-24-15,olap,benchANT
2026-05-17 08:30:10+00:00,system,uptime_format,13:13,dbms,clickbench,postgresql-plain-indexed-load,1,ip-172-31-24-15,olap,benchANT
2026-05-17 08:30:20+00:00,system,uptime_format,13:13,dbms,clickbench,postgresql-plain-indexed-load,1,ip-172-31-24-15,olap,benchANT
2026-05-17 08:30:30+00:00,system,uptime_format,13:13,dbms,clickbench,postgresql-plain-indexed-load,1,ip-172-31-24-15,olap,benchANT
2026-05-17 08:30:40+00:00,system,uptime_format,13:13,dbms,clickbench,postgresql-plain-indexed-load,1,ip-172-31-24-15,olap,benchANT
2026-05-17 08:30:50+00:00,system,uptime_format,13:13,dbms,clickbench,postgresql-plain-indexed-load,1,ip-172-31-24-15,olap,benchANT
2026-05-17 08:31:00+00:00,system,uptime_format,13:13,dbms,clickbench,postgresql-plain-indexed-load,1,ip-172-31-24-15,olap,benchANT
2026-05-17 08:31:10+00:00,system,uptime_format,13:14,dbms,clickbench,postgresql-plain-indexed-load,1,ip-172-31-24-15,olap,benchANT
2026-05-17 08:31:20+00:00,system,uptime_format,13:14,dbms,clickbench,postgresql-plain-indexed-load,1,ip-172-31-24-15,olap,benchANT
2026-05-17 08:31:30+00:00,system,uptime_format,13:14,dbms,clickbench,postgresql-plain-indexed-load,1,ip-172-31-24-15,olap,benchANT
2026-05-17 08:31:40+00:00,system,uptime_format,13:14,dbms,clickbench,postgresql-plain-indexed-load,1,ip-172-31-24-15,olap,benchANT
2026-05-17 08:31:50+00:00,system,uptime_format,13:14,dbms,clickbench,postgresql-plain-indexed-load,1,ip-172-31-24-15,olap,benchANT
2026-05-17 08:32:00+00:00,system,uptime_format,13:14,dbms,clickbench,postgresql-plain-indexed-load,1,ip-172-31-24-15,olap,benchANT
2026-05-17 08:32:10+00:00,system,uptime_format,13:15,dbms,clickbench,postgresql-plain-indexed-load,1,ip-172-31-24-15,olap,benchANT
2026-05-17 08:32:20+00:00,system,uptime_format,13:15,dbms,clickbench,postgresql-plain-indexed-load,1,ip-172-31-24-15,olap,benchANT
2026-05-17 08:32:30+00:00,system,uptime_format,13:15,dbms,clickbench,postgresql-plain-indexed-load,1,ip-172-31-24-15,olap,benchANT
2026-05-17 08:32:40+00:00,system,uptime_format,13:15,dbms,clickbench,postgresql-plain-indexed-load,1,ip-172-31-24-15,olap,benchANT
2026-05-17 08:32:50+00:00,system,uptime_format,13:15,dbms,clickbench,postgresql-plain-indexed-load,1,ip-172-31-24-15,olap,benchANT
2026-05-17 08:33:00+00:00,system,uptime_format,13:15,dbms,clickbench,postgresql-plain-indexed-load,1,ip-172-31-24-15,olap,benchANT
2026-05-17 08:33:10+00:00,system,uptime_format,13:16,dbms,clickbench,postgresql-plain-indexed-load,1,ip-172-31-24-15,olap,benchANT
2026-05-17 08:33:20+00:00,system,uptime_format,13:16,dbms,clickbench,postgresql-plain-indexed-load,1,ip-172-31-24-15,olap,benchANT
2026-05-17 08:33:30+00:00,system,uptime_format,13:16,dbms,clickbench,postgresql-plain-indexed-load,1,ip-172-31-24-15,olap,benchANT
2026-05-17 08:33:40+00:00,system,uptime_format,13:16,dbms,clickbench,postgresql-plain-indexed-load,1,ip-172-31-24-15,olap,benchANT
2026-05-17 08:33:50+00:00,system,uptime_format,13:16,dbms,clickbench,postgresql-plain-indexed-load,1,ip-172-31-24-15,olap,benchANT
2026-05-17 08:34:00+00:00,system,uptime_format,13:16,dbms,clickbench,postgresql-plain-indexed-load,1,ip-172-31-24-15,olap,benchANT
2026-05-17 08:34:10+00:00,system,uptime_format,13:17,dbms,clickbench,postgresql-plain-indexed-load,1,ip-172-31-24-15,olap,benchANT
2026-05-17 08:34:20+00:00,system,uptime_format,13:17,dbms,clickbench,postgresql-plain-indexed-load,1,ip-172-31-24-15,olap,benchANT
2026-05-17 08:34:30+00:00,system,uptime_format,13:17,dbms,clickbench,postgresql-plain-indexed-load,1,ip-172-31-24-15,olap,benchANT
2026-05-17 08:34:40+00:00,system,uptime_format,13:17,dbms,clickbench,postgresql-plain-indexed-load,1,ip-172-31-24-15,olap,benchANT
2026-05-17 08:34:50+00:00,system,uptime_format,13:17,dbms,clickbench,postgresql-plain-indexed-load,1,ip-172-31-24-15,olap,benchANT
2026-05-17 08:35:00+00:00,system,uptime_format,13:17,dbms,clickbench,postgresql-plain-indexed-load,1,ip-172-31-24-15,olap,benchANT
2026-05-17 08:35:10+00:00,system,uptime_format,13:18,dbms,clickbench,postgresql-plain-indexed-load,1,ip-172-31-24-15,olap,benchANT
2026-05-17 08:35:20+00:00,system,uptime_format,13:18,dbms,clickbench,postgresql-plain-indexed-load,1,ip-172-31-24-15,olap,benchANT
2026-05-17 08:35:30+00:00,system,uptime_format,13:18,dbms,clickbench,postgresql-plain-indexed-load,1,ip-172-31-24-15,olap,benchANT
2026-05-17 08:35:40+00:00,system,uptime_format,13:18,dbms,clickbench,postgresql-plain-indexed-load,1,ip-172-31-24-15,olap,benchANT
2026-05-17 08:35:50+00:00,system,uptime_format,13:18,dbms,clickbench,postgresql-plain-indexed-load,1,ip-172-31-24-15,olap,benchANT
2026-05-17 08:36:00+00:00,system,uptime_format,13:18,dbms,clickbench,postgresql-plain-indexed-load,1,ip-172-31-24-15,olap,benchANT
2026-05-17 08:36:10+00:00,system,uptime_format,13:19,dbms,clickbench,postgresql-plain-indexed-load,1,ip-172-31-24-15,olap,benchANT
2026-05-17 08:36:20+00:00,system,uptime_format,13:19,dbms,clickbench,postgresql-plain-indexed-load,1,ip-172-31-24-15,olap,benchANT
2026-05-17 08:36:30+00:00,system,uptime_format,13:19,dbms,clickbench,postgresql-plain-indexed-load,1,ip-172-31-24-15,olap,benchANT
2026-05-17 08:36:40+00:00,system,uptime_format,13:19,dbms,clickbench,postgresql-plain-indexed-load,1,ip-172-31-24-15,olap,benchANT
2026-05-17 08:36:50+00:00,system,uptime_format,13:19,dbms,clickbench,postgresql-plain-indexed-load,1,ip-172-31-24-15,olap,benchANT
2026-05-17 08:37:00+00:00,system,uptime_format,13:19,dbms,clickbench,postgresql-plain-indexed-load,1,ip-172-31-24-15,olap,benchANT
2026-05-17 08:37:10+00:00,system,uptime_format,13:20,dbms,clickbench,postgresql-plain-indexed-load,1,ip-172-31-24-15,olap,benchANT
2026-05-17 08:37:20+00:00,system,uptime_format,13:20,dbms,clickbench,postgresql-plain-indexed-load,1,ip-172-31-24-15,olap,benchANT
2026-05-17 08:37:30+00:00,system,uptime_format,13:20,dbms,clickbench,postgresql-plain-indexed-load,1,ip-172-31-24-15,olap,benchANT
2026-05-17 08:37:40+00:00,system,uptime_format,13:20,dbms,clickbench,postgresql-plain-indexed-load,1,ip-172-31-24-15,olap,benchANT
2026-05-17 08:37:50+00:00,system,uptime_format,13:20,dbms,clickbench,postgresql-plain-indexed-load,1,ip-172-31-24-15,olap,benchANT
2026-05-17 08:38:00+00:00,system,uptime_format,13:20,dbms,clickbench,postgresql-plain-indexed-load,1,ip-172-31-24-15,olap,benchANT
2026-05-17 08:38:10+00:00,system,uptime_format,13:21,dbms,clickbench,postgresql-plain-indexed-load,1,ip-172-31-24-15,olap,benchANT
2026-05-17 08:38:20+00:00,system,uptime_format,13:21,dbms,clickbench,postgresql-plain-indexed-load,1,ip-172-31-24-15,olap,benchANT
2026-05-17 08:38:30+00:00,system,uptime_format,13:21,dbms,clickbench,postgresql-plain-indexed-load,1,ip-172-31-24-15,olap,benchANT
2026-05-17 08:38:40+00:00,system,uptime_format,13:21,dbms,clickbench,postgresql-plain-indexed-load,1,ip-172-31-24-15,olap,benchANT
2026-05-17 08:38:50+00:00,system,uptime_format,13:21,dbms,clickbench,postgresql-plain-indexed-load,1,ip-172-31-24-15,olap,benchANT
2026-05-17 08:39:00+00:00,system,uptime_format,13:21,dbms,clickbench,postgresql-plain-indexed-load,1,ip-172-31-24-15,olap,benchANT
2026-05-17 08:39:10+00:00,system,uptime_format,13:22,dbms,clickbench,postgresql-plain-indexed-load,1,ip-172-31-24-15,olap,benchANT
2026-05-17 08:39:20+00:00,system,uptime_format,13:22,dbms,clickbench,postgresql-plain-indexed-load,1,ip-172-31-24-15,olap,benchANT
2026-05-17 08:39:30+00:00,system,uptime_format,13:22,dbms,clickbench,postgresql-plain-indexed-load,1,ip-172-31-24-15,olap,benchANT
2026-05-17 08:39:40+00:00,system,uptime_format,13:22,dbms,clickbench,postgresql-plain-indexed-load,1,ip-172-31-24-15,olap,benchANT
2026-05-17 08:39:50+00:00,system,uptime_format,13:22,dbms,clickbench,postgresql-plain-indexed-load,1,ip-172-31-24-15,olap,benchANT
2026-05-17 08:40:00+00:00,system,uptime_format,13:22,dbms,clickbench,postgresql-plain-indexed-load,1,ip-172-31-24-15,olap,benchANT
2026-05-17 08:40:10+00:00,system,uptime_format,13:23,dbms,clickbench,postgresql-plain-indexed-load,1,ip-172-31-24-15,olap,benchANT
2026-05-17 08:40:20+00:00,system,uptime_format,13:23,dbms,clickbench,postgresql-plain-indexed-load,1,ip-172-31-24-15,olap,benchANT
2026-05-17 08:40:30+00:00,system,uptime_format,13:23,dbms,clickbench,postgresql-plain-indexed-load,1,ip-172-31-24-15,olap,benchANT
2026-05-17 08:40:40+00:00,system,uptime_format,13:23,dbms,clickbench,postgresql-plain-indexed-load,1,ip-172-31-24-15,olap,benchANT
2026-05-17 08:40:50+00:00,system,uptime_format,13:23,dbms,clickbench,postgresql-plain-indexed-load,1,ip-172-31-24-15,olap,benchANT
2026-05-17 08:41:00+00:00,system,uptime_format,13:23,dbms,clickbench,postgresql-plain-indexed-load,1,ip-172-31-24-15,olap,benchANT
2026-05-17 08:41:10+00:00,system,uptime_format,13:24,dbms,clickbench,postgresql-plain-indexed-load,1,ip-172-31-24-15,olap,benchANT
2026-05-17 08:41:20+00:00,system,uptime_format,13:24,dbms,clickbench,postgresql-plain-indexed-load,1,ip-172-31-24-15,olap,benchANT
2026-05-17 08:41:30+00:00,system,uptime_format,13:24,dbms,clickbench,postgresql-plain-indexed-load,1,ip-172-31-24-15,olap,benchANT
2026-05-17 08:41:40+00:00,system,uptime_format,13:24,dbms,clickbench,postgresql-plain-indexed-load,1,ip-172-31-24-15,olap,benchANT
2026-05-17 08:41:50+00:00,system,uptime_format,13:24,dbms,clickbench,postgresql-plain-indexed-load,1,ip-172-31-24-15,olap,benchANT
2026-05-17 08:42:00+00:00,system,uptime_format,13:24,dbms,clickbench,postgresql-plain-indexed-load,1,ip-172-31-24-15,olap,benchANT
2026-05-17 08:42:10+00:00,system,uptime_format,13:25,dbms,clickbench,postgresql-plain-indexed-load,1,ip-172-31-24-15,olap,benchANT
2026-05-17 08:42:20+00:00,system,uptime_format,13:25,dbms,clickbench,postgresql-plain-indexed-load,1,ip-172-31-24-15,olap,benchANT
2026-05-17 08:42:30+00:00,system,uptime_format,13:25,dbms,clickbench,postgresql-plain-indexed-load,1,ip-172-31-24-15,olap,benchANT
2026-05-17 08:42:40+00:00,system,uptime_format,13:25,dbms,clickbench,postgresql-plain-indexed-load,1,ip-172-31-24-15,olap,benchANT
2026-05-17 08:42:50+00:00,system,uptime_format,13:25,dbms,clickbench,postgresql-plain-indexed-load,1,ip-172-31-24-15,olap,benchANT
2026-05-17 08:43:00+00:00,system,uptime_format,13:25,dbms,clickbench,postgresql-plain-indexed-load,1,ip-172-31-24-15,olap,benchANT
2026-05-17 08:43:10+00:00,system,uptime_format,13:26,dbms,clickbench,postgresql-plain-indexed-load,1,ip-172-31-24-15,olap,benchANT
2026-05-17 08:43:20+00:00,system,uptime_format,13:26,dbms,clickbench,postgresql-plain-indexed-load,1,ip-172-31-24-15,olap,benchANT
2026-05-17 08:43:30+00:00,system,uptime_format,13:26,dbms,clickbench,postgresql-plain-indexed-load,1,ip-172-31-24-15,olap,benchANT
2026-05-17 08:43:40+00:00,system,uptime_format,13:26,dbms,clickbench,postgresql-plain-indexed-load,1,ip-172-31-24-15,olap,benchANT
2026-05-17 08:43:50+00:00,system,uptime_format,13:26,dbms,clickbench,postgresql-plain-indexed-load,1,ip-172-31-24-15,olap,benchANT
2026-05-17 08:44:00+00:00,system,uptime_format,13:26,dbms,clickbench,postgresql-plain-indexed-load,1,ip-172-31-24-15,olap,benchANT
2026-05-17 08:44:10+00:00,system,uptime_format,13:27,dbms,clickbench,postgresql-plain-indexed-load,1,ip-172-31-24-15,olap,benchANT
2026-05-17 08:44:20+00:00,system,uptime_format,13:27,dbms,clickbench,postgresql-plain-indexed-load,1,ip-172-31-24-15,olap,benchANT
2026-05-17 08:44:30+00:00,system,uptime_format,13:27,dbms,clickbench,postgresql-plain-indexed-load,1,ip-172-31-24-15,olap,benchANT
2026-05-17 08:44:40+00:00,system,uptime_format,13:27,dbms,clickbench,postgresql-plain-indexed-load,1,ip-172-31-24-15,olap,benchANT
2026-05-17 08:44:50+00:00,system,uptime_format,13:27,dbms,clickbench,postgresql-plain-indexed-load,1,ip-172-31-24-15,olap,benchANT
2026-05-17 08:45:00+00:00,system,uptime_format,13:27,dbms,clickbench,postgresql-plain-indexed-load,1,ip-172-31-24-15,olap,benchANT
2026-05-17 08:45:10+00:00,system,uptime_format,13:28,dbms,clickbench,postgresql-plain-indexed-load,1,ip-172-31-24-15,olap,benchANT
2026-05-17 08:45:20+00:00,system,uptime_format,13:28,dbms,clickbench,postgresql-plain-indexed-load,1,ip-172-31-24-15,olap,benchANT
2026-05-17 08:45:30+00:00,system,uptime_format,13:28,dbms,clickbench,postgresql-plain-indexed-load,1,ip-172-31-24-15,olap,benchANT
2026-05-17 08:45:40+00:00,system,uptime_format,13:28,dbms,clickbench,postgresql-plain-indexed-load,1,ip-172-31-24-15,olap,benchANT
2026-05-17 08:45:50+00:00,system,uptime_format,13:28,dbms,clickbench,postgresql-plain-indexed-load,1,ip-172-31-24-15,olap,benchANT
2026-05-17 08:46:00+00:00,system,uptime_format,13:28,dbms,clickbench,postgresql-plain-indexed-load,1,ip-172-31-24-15,olap,benchANT
2026-05-17 08:46:10+00:00,system,uptime_format,13:29,dbms,clickbench,postgresql-plain-indexed-load,1,ip-172-31-24-15,olap,benchANT
2026-05-17 08:46:20+00:00,system,uptime_format,13:29,dbms,clickbench,postgresql-plain-indexed-load,1,ip-172-31-24-15,olap,benchANT
2026-05-17 08:46:30+00:00,system,uptime_format,13:29,dbms,clickbench,postgresql-plain-indexed-load,1,ip-172-31-24-15,olap,benchANT
2026-05-17 08:46:40+00:00,system,uptime_format,13:29,dbms,clickbench,postgresql-plain-indexed-load,1,ip-172-31-24-15,olap,benchANT
2026-05-17 08:46:50+00:00,system,uptime_format,13:29,dbms,clickbench,postgresql-plain-indexed-load,1,ip-172-31-24-15,olap,benchANT
2026-05-17 08:47:00+00:00,system,uptime_format,13:29,dbms,clickbench,postgresql-plain-indexed-load,1,ip-172-31-24-15,olap,benchANT
2026-05-17 08:47:10+00:00,system,uptime_format,13:30,dbms,clickbench,postgresql-plain-indexed-load,1,ip-172-31-24-15,olap,benchANT
2026-05-17 08:47:20+00:00,system,uptime_format,13:30,dbms,clickbench,postgresql-plain-indexed-load,1,ip-172-31-24-15,olap,benchANT
2026-05-17 08:47:30+00:00,system,uptime_format,13:30,dbms,clickbench,postgresql-plain-indexed-load,1,ip-172-31-24-15,olap,benchANT
2026-05-17 08:47:40+00:00,system,uptime_format,13:30,dbms,clickbench,postgresql-plain-indexed-load,1,ip-172-31-24-15,olap,benchANT
2026-05-17 08:47:50+00:00,system,uptime_format,13:30,dbms,clickbench,postgresql-plain-indexed-load,1,ip-172-31-24-15,olap,benchANT
2026-05-17 08:48:00+00:00,system,uptime_format,13:30,dbms,clickbench,postgresql-plain-indexed-load,1,ip-172-31-24-15,olap,benchANT
2026-05-17 08:48:10+00:00,system,uptime_format,13:31,dbms,clickbench,postgresql-plain-indexed-load,1,ip-172-31-24-15,olap,benchANT
2026-05-17 08:48:20+00:00,system,uptime_format,13:31,dbms,clickbench,postgresql-plain-indexed-load,1,ip-172-31-24-15,olap,benchANT
2026-05-17 08:48:30+00:00,system,uptime_format,13:31,dbms,clickbench,postgresql-plain-indexed-load,1,ip-172-31-24-15,olap,benchANT
2026-05-17 08:48:40+00:00,system,uptime_format,13:31,dbms,clickbench,postgresql-plain-indexed-load,1,ip-172-31-24-15,olap,benchANT
2026-05-17 08:48:50+00:00,system,uptime_format,13:31,dbms,clickbench,postgresql-plain-indexed-load,1,ip-172-31-24-15,olap,benchANT
2026-05-17 08:49:00+00:00,system,uptime_format,13:31,dbms,clickbench,postgresql-plain-indexed-load,1,ip-172-31-24-15,olap,benchANT
2026-05-17 08:49:10+00:00,system,uptime_format,13:32,dbms,clickbench,postgresql-plain-indexed-load,1,ip-172-31-24-15,olap,benchANT
2026-05-17 08:49:20+00:00,system,uptime_format,13:32,dbms,clickbench,postgresql-plain-indexed-load,1,ip-172-31-24-15,olap,benchANT
2026-05-17 08:49:30+00:00,system,uptime_format,13:32,dbms,clickbench,postgresql-plain-indexed-load,1,ip-172-31-24-15,olap,benchANT
2026-05-17 08:49:40+00:00,system,uptime_format,13:32,dbms,clickbench,postgresql-plain-indexed-load,1,ip-172-31-24-15,olap,benchANT
2026-05-17 08:49:50+00:00,system,uptime_format,13:32,dbms,clickbench,postgresql-plain-indexed-load,1,ip-172-31-24-15,olap,benchANT
2026-05-17 08:50:00+00:00,system,uptime_format,13:32,dbms,clickbench,postgresql-plain-indexed-load,1,ip-172-31-24-15,olap,benchANT
2026-05-17 08:50:10+00:00,system,uptime_format,13:33,dbms,clickbench,postgresql-plain-indexed-load,1,ip-172-31-24-15,olap,benchANT
2026-05-17 08:50:20+00:00,system,uptime_format,13:33,dbms,clickbench,postgresql-plain-indexed-load,1,ip-172-31-24-15,olap,benchANT
2026-05-17 08:50:30+00:00,system,uptime_format,13:33,dbms,clickbench,postgresql-plain-indexed-load,1,ip-172-31-24-15,olap,benchANT
2026-05-17 08:50:40+00:00,system,uptime_format,13:33,dbms,clickbench,postgresql-plain-indexed-load,1,ip-172-31-24-15,olap,benchANT
2026-05-17 08:50:50+00:00,system,uptime_format,13:33,dbms,clickbench,postgresql-plain-indexed-load,1,ip-172-31-24-15,olap,benchANT
2026-05-17 08:51:00+00:00,system,uptime_format,13:33,dbms,clickbench,postgresql-plain-indexed-load,1,ip-172-31-24-15,olap,benchANT
2026-05-17 08:51:10+00:00,system,uptime_format,13:34,dbms,clickbench,postgresql-plain-indexed-load,1,ip-172-31-24-15,olap,benchANT
2026-05-17 08:51:20+00:00,system,uptime_format,13:34,dbms,clickbench,postgresql-plain-indexed-load,1,ip-172-31-24-15,olap,benchANT
2026-05-17 08:51:30+00:00,system,uptime_format,13:34,dbms,clickbench,postgresql-plain-indexed-load,1,ip-172-31-24-15,olap,benchANT
2026-05-17 08:51:40+00:00,system,uptime_format,13:34,dbms,clickbench,postgresql-plain-indexed-load,1,ip-172-31-24-15,olap,benchANT
2026-05-17 08:51:50+00:00,system,uptime_format,13:34,dbms,clickbench,postgresql-plain-indexed-load,1,ip-172-31-24-15,olap,benchANT
2026-05-17 08:52:00+00:00,system,uptime_format,13:34,dbms,clickbench,postgresql-plain-indexed-load,1,ip-172-31-24-15,olap,benchANT
2026-05-17 08:52:10+00:00,system,uptime_format,13:35,dbms,clickbench,postgresql-plain-indexed-load,1,ip-172-31-24-15,olap,benchANT
2026-05-17 08:52:20+00:00,system,uptime_format,13:35,dbms,clickbench,postgresql-plain-indexed-load,1,ip-172-31-24-15,olap,benchANT
2026-05-17 08:52:30+00:00,system,uptime_format,13:35,dbms,clickbench,postgresql-plain-indexed-load,1,ip-172-31-24-15,olap,benchANT
2026-05-17 08:52:40+00:00,system,uptime_format,13:35,dbms,clickbench,postgresql-plain-indexed-load,1,ip-172-31-24-15,olap,benchANT
2026-05-17 08:52:50+00:00,system,uptime_format,13:35,dbms,clickbench,postgresql-plain-indexed-load,1,ip-172-31-24-15,olap,benchANT
2026-05-17 08:53:00+00:00,system,uptime_format,13:35,dbms,clickbench,postgresql-plain-indexed-load,1,ip-172-31-24-15,olap,benchANT
2026-05-17 08:53:10+00:00,system,uptime_format,13:36,dbms,clickbench,postgresql-plain-indexed-load,1,ip-172-31-24-15,olap,benchANT
2026-05-17 08:53:20+00:00,system,uptime_format,13:36,dbms,clickbench,postgresql-plain-indexed-load,1,ip-172-31-24-15,olap,benchANT
2026-05-17 08:53:30+00:00,system,uptime_format,13:36,dbms,clickbench,postgresql-plain-indexed-load,1,ip-172-31-24-15,olap,benchANT
2026-05-17 08:53:40+00:00,system,uptime_format,13:36,dbms,clickbench,postgresql-plain-indexed-load,1,ip-172-31-24-15,olap,benchANT
2026-05-17 08:53:50+00:00,system,uptime_format,13:36,dbms,clickbench,postgresql-plain-indexed-load,1,ip-172-31-24-15,olap,benchANT
2026-05-17 08:54:00+00:00,system,uptime_format,13:36,dbms,clickbench,postgresql-plain-indexed-load,1,ip-172-31-24-15,olap,benchANT
2026-05-17 08:54:10+00:00,system,uptime_format,13:37,dbms,clickbench,postgresql-plain-indexed-load,1,ip-172-31-24-15,olap,benchANT
2026-05-17 08:54:20+00:00,system,uptime_format,13:37,dbms,clickbench,postgresql-plain-indexed-load,1,ip-172-31-24-15,olap,benchANT
2026-05-17 08:54:30+00:00,system,uptime_format,13:37,dbms,clickbench,postgresql-plain-indexed-load,1,ip-172-31-24-15,olap,benchANT
2026-05-17 08:54:40+00:00,system,uptime_format,13:37,dbms,clickbench,postgresql-plain-indexed-load,1,ip-172-31-24-15,olap,benchANT
2026-05-17 08:54:50+00:00,system,uptime_format,13:37,dbms,clickbench,postgresql-plain-indexed-load,1,ip-172-31-24-15,olap,benchANT
2026-05-17 08:55:00+00:00,system,uptime_format,13:37,dbms,clickbench,postgresql-plain-indexed-load,1,ip-172-31-24-15,olap,benchANT
2026-05-17 08:55:10+00:00,system,uptime_format,13:38,dbms,clickbench,postgresql-plain-indexed-load,1,ip-172-31-24-15,olap,benchANT
2026-05-17 08:55:20+00:00,system,uptime_format,13:38,dbms,clickbench,postgresql-plain-indexed-load,1,ip-172-31-24-15,olap,benchANT
2026-05-17 08:55:30+00:00,system,uptime_format,13:38,dbms,clickbench,postgresql-plain-indexed-load,1,ip-172-31-24-15,olap,benchANT
2026-05-17 08:55:40+00:00,system,uptime_format,13:38,dbms,clickbench,postgresql-plain-indexed-load,1,ip-172-31-24-15,olap,benchANT
2026-05-17 08:55:50+00:00,system,uptime_format,13:38,dbms,clickbench,postgresql-plain-indexed-load,1,ip-172-31-24-15,olap,benchANT
2026-05-17 08:56:00+00:00,system,uptime_format,13:38,dbms,clickbench,postgresql-plain-indexed-load,1,ip-172-31-24-15,olap,benchANT
2026-05-17 08:56:10+00:00,system,uptime_format,13:39,dbms,clickbench,postgresql-plain-indexed-load,1,ip-172-31-24-15,olap,benchANT
2026-05-17 08:56:20+00:00,system,uptime_format,13:39,dbms,clickbench,postgresql-plain-indexed-load,1,ip-172-31-24-15,olap,benchANT
2026-05-17 08:56:30+00:00,system,uptime_format,13:39,dbms,clickbench,postgresql-plain-indexed-load,1,ip-172-31-24-15,olap,benchANT
2026-05-17 08:56:40+00:00,system,uptime_format,13:39,dbms,clickbench,postgresql-plain-indexed-load,1,ip-172-31-24-15,olap,benchANT
2026-05-17 08:56:50+00:00,system,uptime_format,13:39,dbms,clickbench,postgresql-plain-indexed-load,1,ip-172-31-24-15,olap,benchANT
2026-05-17 08:57:00+00:00,system,uptime_format,13:39,dbms,clickbench,postgresql-plain-indexed-load,1,ip-172-31-24-15,olap,benchANT
2026-05-17 08:57:10+00:00,system,uptime_format,13:40,dbms,clickbench,postgresql-plain-indexed-load,1,ip-172-31-24-15,olap,benchANT
2026-05-17 08:57:20+00:00,system,uptime_format,13:40,dbms,clickbench,postgresql-plain-indexed-load,1,ip-172-31-24-15,olap,benchANT
2026-05-17 08:57:30+00:00,system,uptime_format,13:40,dbms,clickbench,postgresql-plain-indexed-load,1,ip-172-31-24-15,olap,benchANT
2026-05-17 08:57:40+00:00,system,uptime_format,13:40,dbms,clickbench,postgresql-plain-indexed-load,1,ip-172-31-24-15,olap,benchANT
2026-05-17 08:57:50+00:00,system,uptime_format,13:40,dbms,clickbench,postgresql-plain-indexed-load,1,ip-172-31-24-15,olap,benchANT
2026-05-17 08:58:00+00:00,system,uptime_format,13:40,dbms,clickbench,postgresql-plain-indexed-load,1,ip-172-31-24-15,olap,benchANT
2026-05-17 08:58:10+00:00,system,uptime_format,13:41,dbms,clickbench,postgresql-plain-indexed-load,1,ip-172-31-24-15,olap,benchANT
2026-05-17 08:58:20+00:00,system,uptime_format,13:41,dbms,clickbench,postgresql-plain-indexed-load,1,ip-172-31-24-15,olap,benchANT
2026-05-17 08:58:30+00:00,system,uptime_format,13:41,dbms,clickbench,postgresql-plain-indexed-load,1,ip-172-31-24-15,olap,benchANT
2026-05-17 08:58:40+00:00,system,uptime_format,13:41,dbms,clickbench,postgresql-plain-indexed-load,1,ip-172-31-24-15,olap,benchANT
2026-05-17 08:58:50+00:00,system,uptime_format,13:41,dbms,clickbench,postgresql-plain-indexed-load,1,ip-172-31-24-15,olap,benchANT
2026-05-17 08:59:00+00:00,system,uptime_format,13:41,dbms,clickbench,postgresql-plain-indexed-load,1,ip-172-31-24-15,olap,benchANT
2026-05-17 08:59:10+00:00,system,uptime_format,13:42,dbms,clickbench,postgresql-plain-indexed-load,1,ip-172-31-24-15,olap,benchANT
2026-05-17 08:59:20+00:00,system,uptime_format,13:42,dbms,clickbench,postgresql-plain-indexed-load,1,ip-172-31-24-15,olap,benchANT
2026-05-17 08:59:30+00:00,system,uptime_format,13:42,dbms,clickbench,postgresql-plain-indexed-load,1,ip-172-31-24-15,olap,benchANT
2026-05-17 08:59:40+00:00,system,uptime_format,13:42,dbms,clickbench,postgresql-plain-indexed-load,1,ip-172-31-24-15,olap,benchANT
2026-05-17 08:59:50+00:00,system,uptime_format,13:42,dbms,clickbench,postgresql-plain-indexed-load,1,ip-172-31-24-15,olap,benchANT
2026-05-17 09:00:00+00:00,system,uptime_format,13:42,dbms,clickbench,postgresql-plain-indexed-load,1,ip-172-31-24-15,olap,benchANT
2026-05-17 09:00:10+00:00,system,uptime_format,13:43,dbms,clickbench,postgresql-plain-indexed-load,1,ip-172-31-24-15,olap,benchANT
2026-05-17 09:00:20+00:00,system,uptime_format,13:43,dbms,clickbench,postgresql-plain-indexed-load,1,ip-172-31-24-15,olap,benchANT
2026-05-17 09:00:30+00:00,system,uptime_format,13:43,dbms,clickbench,postgresql-plain-indexed-load,1,ip-172-31-24-15,olap,benchANT
2026-05-17 09:00:40+00:00,system,uptime_format,13:43,dbms,clickbench,postgresql-plain-indexed-load,1,ip-172-31-24-15,olap,benchANT
2026-05-17 09:00:50+00:00,system,uptime_format,13:43,dbms,clickbench,postgresql-plain-indexed-load,1,ip-172-31-24-15,olap,benchANT
2026-05-17 09:01:00+00:00,system,uptime_format,13:43,dbms,clickbench,postgresql-plain-indexed-load,1,ip-172-31-24-15,olap,benchANT
2026-05-17 09:01:10+00:00,system,uptime_format,13:44,dbms,clickbench,postgresql-plain-indexed-load,1,ip-172-31-24-15,olap,benchANT
2026-05-17 09:01:20+00:00,system,uptime_format,13:44,dbms,clickbench,postgresql-plain-indexed-load,1,ip-172-31-24-15,olap,benchANT
2026-05-17 09:01:30+00:00,system,uptime_format,13:44,dbms,clickbench,postgresql-plain-indexed-load,1,ip-172-31-24-15,olap,benchANT
2026-05-17 09:01:40+00:00,system,uptime_format,13:44,dbms,clickbench,postgresql-plain-indexed-load,1,ip-172-31-24-15,olap,benchANT
2026-05-17 09:01:50+00:00,system,uptime_format,13:44,dbms,clickbench,postgresql-plain-indexed-load,1,ip-172-31-24-15,olap,benchANT
2026-05-17 09:02:00+00:00,system,uptime_format,13:44,dbms,clickbench,postgresql-plain-indexed-load,1,ip-172-31-24-15,olap,benchANT
2026-05-17 09:02:10+00:00,system,uptime_format,13:45,dbms,clickbench,postgresql-plain-indexed-load,1,ip-172-31-24-15,olap,benchANT
2026-05-17 09:02:20+00:00,system,uptime_format,13:45,dbms,clickbench,postgresql-plain-indexed-load,1,ip-172-31-24-15,olap,benchANT
2026-05-17 09:02:30+00:00,system,uptime_format,13:45,dbms,clickbench,postgresql-plain-indexed-load,1,ip-172-31-24-15,olap,benchANT
2026-05-17 09:02:40+00:00,system,uptime_format,13:45,dbms,clickbench,postgresql-plain-indexed-load,1,ip-172-31-24-15,olap,benchANT
2026-05-17 09:02:50+00:00,system,uptime_format,13:45,dbms,clickbench,postgresql-plain-indexed-load,1,ip-172-31-24-15,olap,benchANT
2026-05-17 09:03:00+00:00,system,uptime_format,13:45,dbms,clickbench,postgresql-plain-indexed-load,1,ip-172-31-24-15,olap,benchANT
2026-05-17 09:03:10+00:00,system,uptime_format,13:46,dbms,clickbench,postgresql-plain-indexed-load,1,ip-172-31-24-15,olap,benchANT
2026-05-17 09:03:20+00:00,system,uptime_format,13:46,dbms,clickbench,postgresql-plain-indexed-load,1,ip-172-31-24-15,olap,benchANT
2026-05-17 09:03:30+00:00,system,uptime_format,13:46,dbms,clickbench,postgresql-plain-indexed-load,1,ip-172-31-24-15,olap,benchANT
2026-05-17 09:03:40+00:00,system,uptime_format,13:46,dbms,clickbench,postgresql-plain-indexed-load,1,ip-172-31-24-15,olap,benchANT
2026-05-17 09:03:50+00:00,system,uptime_format,13:46,dbms,clickbench,postgresql-plain-indexed-load,1,ip-172-31-24-15,olap,benchANT
2026-05-17 09:04:00+00:00,system,uptime_format,13:46,dbms,clickbench,postgresql-plain-indexed-load,1,ip-172-31-24-15,olap,benchANT
2026-05-17 09:04:10+00:00,system,uptime_format,13:47,dbms,clickbench,postgresql-plain-indexed-load,1,ip-172-31-24-15,olap,benchANT
2026-05-17 09:04:20+00:00,system,uptime_format,13:47,dbms,clickbench,postgresql-plain-indexed-load,1,ip-172-31-24-15,olap,benchANT
2026-05-17 09:04:30+00:00,system,uptime_format,13:47,dbms,clickbench,postgresql-plain-indexed-load,1,ip-172-31-24-15,olap,benchANT
2026-05-17 09:04:40+00:00,system,uptime_format,13:47,dbms,clickbench,postgresql-plain-indexed-load,1,ip-172-31-24-15,olap,benchANT
2026-05-17 09:04:50+00:00,system,uptime_format,13:47,dbms,clickbench,postgresql-plain-indexed-load,1,ip-172-31-24-15,olap,benchANT
2026-05-17 09:05:00+00:00,system,uptime_format,13:47,dbms,clickbench,postgresql-plain-indexed-load,1,ip-172-31-24-15,olap,benchANT
2026-05-17 09:05:10+00:00,system,uptime_format,13:48,dbms,clickbench,postgresql-plain-indexed-load,1,ip-172-31-24-15,olap,benchANT
2026-05-17 09:05:20+00:00,system,uptime_format,13:48,dbms,clickbench,postgresql-plain-indexed-load,1,ip-172-31-24-15,olap,benchANT
2026-05-17 09:05:30+00:00,system,uptime_format,13:48,dbms,clickbench,postgresql-plain-indexed-load,1,ip-172-31-24-15,olap,benchANT
2026-05-17 09:05:40+00:00,system,uptime_format,13:48,dbms,clickbench,postgresql-plain-indexed-load,1,ip-172-31-24-15,olap,benchANT
2026-05-17 09:05:50+00:00,system,uptime_format,13:48,dbms,clickbench,postgresql-plain-indexed-load,1,ip-172-31-24-15,olap,benchANT
2026-05-17 09:06:00+00:00,system,uptime_format,13:48,dbms,clickbench,postgresql-plain-indexed-load,1,ip-172-31-24-15,olap,benchANT
2026-05-17 09:06:10+00:00,system,uptime_format,13:49,dbms,clickbench,postgresql-plain-indexed-load,1,ip-172-31-24-15,olap,benchANT
2026-05-17 09:06:20+00:00,system,uptime_format,13:49,dbms,clickbench,postgresql-plain-indexed-load,1,ip-172-31-24-15,olap,benchANT
2026-05-17 09:06:30+00:00,system,uptime_format,13:49,dbms,clickbench,postgresql-plain-indexed-load,1,ip-172-31-24-15,olap,benchANT
2026-05-17 09:06:40+00:00,system,uptime_format,13:49,dbms,clickbench,postgresql-plain-indexed-load,1,ip-172-31-24-15,olap,benchANT
2026-05-17 09:06:50+00:00,system,uptime_format,13:49,dbms,clickbench,postgresql-plain-indexed-load,1,ip-172-31-24-15,olap,benchANT
2026-05-17 09:07:00+00:00,system,uptime_format,13:49,dbms,clickbench,postgresql-plain-indexed-load,1,ip-172-31-24-15,olap,benchANT
2026-05-17 09:07:10+00:00,system,uptime_format,13:50,dbms,clickbench,postgresql-plain-indexed-load,1,ip-172-31-24-15,olap,benchANT
2026-05-17 09:07:20+00:00,system,uptime_format,13:50,dbms,clickbench,postgresql-plain-indexed-load,1,ip-172-31-24-15,olap,benchANT
2026-05-17 09:07:30+00:00,system,uptime_format,13:50,dbms,clickbench,postgresql-plain-indexed-load,1,ip-172-31-24-15,olap,benchANT
2026-05-17 09:07:40+00:00,system,uptime_format,13:50,dbms,clickbench,postgresql-plain-indexed-load,1,ip-172-31-24-15,olap,benchANT
2026-05-17 09:07:50+00:00,system,uptime_format,13:50,dbms,clickbench,postgresql-plain-indexed-load,1,ip-172-31-24-15,olap,benchANT
2026-05-17 09:08:00+00:00,system,uptime_format,13:50,dbms,clickbench,postgresql-plain-indexed-load,1,ip-172-31-24-15,olap,benchANT
2026-05-17 09:08:10+00:00,system,uptime_format,13:51,dbms,clickbench,postgresql-plain-indexed-load,1,ip-172-31-24-15,olap,benchANT
2026-05-17 09:08:20+00:00,system,uptime_format,13:51,dbms,clickbench,postgresql-plain-indexed-load,1,ip-172-31-24-15,olap,benchANT
2026-05-17 09:08:30+00:00,system,uptime_format,13:51,dbms,clickbench,postgresql-plain-indexed-load,1,ip-172-31-24-15,olap,benchANT
2026-05-17 09:08:40+00:00,system,uptime_format,13:51,dbms,clickbench,postgresql-plain-indexed-load,1,ip-172-31-24-15,olap,benchANT
2026-05-17 09:08:50+00:00,system,uptime_format,13:51,dbms,clickbench,postgresql-plain-indexed-load,1,ip-172-31-24-15,olap,benchANT
2026-05-17 09:09:00+00:00,system,uptime_format,13:51,dbms,clickbench,postgresql-plain-indexed-load,1,ip-172-31-24-15,olap,benchANT
2026-05-17 09:09:10+00:00,system,uptime_format,13:52,dbms,clickbench,postgresql-plain-indexed-load,1,ip-172-31-24-15,olap,benchANT
2026-05-17 09:09:20+00:00,system,uptime_format,13:52,dbms,clickbench,postgresql-plain-indexed-load,1,ip-172-31-24-15,olap,benchANT
2026-05-17 09:09:30+00:00,system,uptime_format,13:52,dbms,clickbench,postgresql-plain-indexed-load,1,ip-172-31-24-15,olap,benchANT
2026-05-17 09:09:40+00:00,system,uptime_format,13:52,dbms,clickbench,postgresql-plain-indexed-load,1,ip-172-31-24-15,olap,benchANT
2026-05-17 09:09:50+00:00,system,uptime_format,13:52,dbms,clickbench,postgresql-plain-indexed-load,1,ip-172-31-24-15,olap,benchANT
2026-05-17 09:10:00+00:00,system,uptime_format,13:52,dbms,clickbench,postgresql-plain-indexed-load,1,ip-172-31-24-15,olap,benchANT
2026-05-17 09:10:10+00:00,system,uptime_format,13:53,dbms,clickbench,postgresql-plain-indexed-load,1,ip-172-31-24-15,olap,benchANT
2026-05-17 09:10:20+00:00,system,uptime_format,13:53,dbms,clickbench,postgresql-plain-indexed-load,1,ip-172-31-24-15,olap,benchANT
2026-05-17 09:10:30+00:00,system,uptime_format,13:53,dbms,clickbench,postgresql-plain-indexed-load,1,ip-172-31-24-15,olap,benchANT
2026-05-17 09:10:40+00:00,system,uptime_format,13:53,dbms,clickbench,postgresql-plain-indexed-load,1,ip-172-31-24-15,olap,benchANT
2026-05-17 09:10:50+00:00,system,uptime_format,13:53,dbms,clickbench,postgresql-plain-indexed-load,1,ip-172-31-24-15,olap,benchANT
2026-05-17 09:11:00+00:00,system,uptime_format,13:53,dbms,clickbench,postgresql-plain-indexed-load,1,ip-172-31-24-15,olap,benchANT
2026-05-17 09:11:10+00:00,system,uptime_format,13:54,dbms,clickbench,postgresql-plain-indexed-load,1,ip-172-31-24-15,olap,benchANT
2026-05-17 09:11:20+00:00,system,uptime_format,13:54,dbms,clickbench,postgresql-plain-indexed-load,1,ip-172-31-24-15,olap,benchANT
2026-05-17 09:11:30+00:00,system,uptime_format,13:54,dbms,clickbench,postgresql-plain-indexed-load,1,ip-172-31-24-15,olap,benchANT
2026-05-17 09:11:40+00:00,system,uptime_format,13:54,dbms,clickbench,postgresql-plain-indexed-load,1,ip-172-31-24-15,olap,benchANT
2026-05-17 09:11:50+00:00,system,uptime_format,13:54,dbms,clickbench,postgresql-plain-indexed-load,1,ip-172-31-24-15,olap,benchANT
2026-05-17 09:12:00+00:00,system,uptime_format,13:54,dbms,clickbench,postgresql-plain-indexed-load,1,ip-172-31-24-15,olap,benchANT
2026-05-17 09:12:10+00:00,system,uptime_format,13:55,dbms,clickbench,postgresql-plain-indexed-load,1,ip-172-31-24-15,olap,benchANT
2026-05-17 09:12:20+00:00,system,uptime_format,13:55,dbms,clickbench,postgresql-plain-indexed-load,1,ip-172-31-24-15,olap,benchANT
2026-05-17 09:12:30+00:00,system,uptime_format,13:55,dbms,clickbench,postgresql-plain-indexed-load,1,ip-172-31-24-15,olap,benchANT
2026-05-17 09:12:40+00:00,system,uptime_format,13:55,dbms,clickbench,postgresql-plain-indexed-load,1,ip-172-31-24-15,olap,benchANT
2026-05-17 09:12:50+00:00,system,uptime_format,13:55,dbms,clickbench,postgresql-plain-indexed-load,1,ip-172-31-24-15,olap,benchANT
2026-05-17 09:13:00+00:00,system,uptime_format,13:55,dbms,clickbench,postgresql-plain-indexed-load,1,ip-172-31-24-15,olap,benchANT
2026-05-17 09:13:10+00:00,system,uptime_format,13:56,dbms,clickbench,postgresql-plain-indexed-load,1,ip-172-31-24-15,olap,benchANT
2026-05-17 09:13:20+00:00,system,uptime_format,13:56,dbms,clickbench,postgresql-plain-indexed-load,1,ip-172-31-24-15,olap,benchANT
2026-05-17 09:13:30+00:00,system,uptime_format,13:56,dbms,clickbench,postgresql-plain-indexed-load,1,ip-172-31-24-15,olap,benchANT
2026-05-17 09:13:40+00:00,system,uptime_format,13:56,dbms,clickbench,postgresql-plain-indexed-load,1,ip-172-31-24-15,olap,benchANT
2026-05-17 09:13:50+00:00,system,uptime_format,13:56,dbms,clickbench,postgresql-plain-indexed-load,1,ip-172-31-24-15,olap,benchANT
2026-05-17 09:14:00+00:00,system,uptime_format,13:56,dbms,clickbench,postgresql-plain-indexed-load,1,ip-172-31-24-15,olap,benchANT
2026-05-17 09:14:10+00:00,system,uptime_format,13:57,dbms,clickbench,postgresql-plain-indexed-load,1,ip-172-31-24-15,olap,benchANT
2026-05-17 09:14:20+00:00,system,uptime_format,13:57,dbms,clickbench,postgresql-plain-indexed-load,1,ip-172-31-24-15,olap,benchANT
2026-05-17 09:14:30+00:00,system,uptime_format,13:57,dbms,clickbench,postgresql-plain-indexed-load,1,ip-172-31-24-15,olap,benchANT
2026-05-17 09:14:40+00:00,system,uptime_format,13:57,dbms,clickbench,postgresql-plain-indexed-load,1,ip-172-31-24-15,olap,benchANT
2026-05-17 09:14:50+00:00,system,uptime_format,13:57,dbms,clickbench,postgresql-plain-indexed-load,1,ip-172-31-24-15,olap,benchANT
2026-05-17 09:15:00+00:00,system,uptime_format,13:57,dbms,clickbench,postgresql-plain-indexed-load,1,ip-172-31-24-15,olap,benchANT
2026-05-17 09:15:10+00:00,system,uptime_format,13:58,dbms,clickbench,postgresql-plain-indexed-load,1,ip-172-31-24-15,olap,benchANT
2026-05-17 09:15:20+00:00,system,uptime_format,13:58,dbms,clickbench,postgresql-plain-indexed-load,1,ip-172-31-24-15,olap,benchANT
2026-05-17 09:15:30+00:00,system,uptime_format,13:58,dbms,clickbench,postgresql-plain-indexed-load,1,ip-172-31-24-15,olap,benchANT
2026-05-17 09:15:40+00:00,system,uptime_format,13:58,dbms,clickbench,postgresql-plain-indexed-load,1,ip-172-31-24-15,olap,benchANT
2026-05-17 09:15:50+00:00,system,uptime_format,13:58,dbms,clickbench,postgresql-plain-indexed-load,1,ip-172-31-24-15,olap,benchANT
2026-05-17 09:16:00+00:00,system,uptime_format,13:58,dbms,clickbench,postgresql-plain-indexed-load,1,ip-172-31-24-15,olap,benchANT
2026-05-17 09:16:10+00:00,system,uptime_format,13:59,dbms,clickbench,postgresql-plain-indexed-load,1,ip-172-31-24-15,olap,benchANT
2026-05-17 09:16:20+00:00,system,uptime_format,13:59,dbms,clickbench,postgresql-plain-indexed-load,1,ip-172-31-24-15,olap,benchANT
2026-05-17 09:16:30+00:00,system,uptime_format,13:59,dbms,clickbench,postgresql-plain-indexed-load,1,ip-172-31-24-15,olap,benchANT
2026-05-17 09:16:40+00:00,system,uptime_format,13:59,dbms,clickbench,postgresql-plain-indexed-load,1,ip-172-31-24-15,olap,benchANT
2026-05-17 09:16:50+00:00,system,uptime_format,13:59,dbms,clickbench,postgresql-plain-indexed-load,1,ip-172-31-24-15,olap,benchANT
2026-05-17 09:17:00+00:00,system,uptime_format,13:59,dbms,clickbench,postgresql-plain-indexed-load,1,ip-172-31-24-15,olap,benchANT
2026-05-17 09:17:10+00:00,system,uptime_format,14:00,dbms,clickbench,postgresql-plain-indexed-load,1,ip-172-31-24-15,olap,benchANT
2026-05-17 09:17:20+00:00,system,uptime_format,14:00,dbms,clickbench,postgresql-plain-indexed-load,1,ip-172-31-24-15,olap,benchANT
2026-05-17 09:17:30+00:00,system,uptime_format,14:00,dbms,clickbench,postgresql-plain-indexed-load,1,ip-172-31-24-15,olap,benchANT
2026-05-17 09:17:40+00:00,system,uptime_format,14:00,dbms,clickbench,postgresql-plain-indexed-load,1,ip-172-31-24-15,olap,benchANT
2026-05-17 09:17:50+00:00,system,uptime_format,14:00,dbms,clickbench,postgresql-plain-indexed-load,1,ip-172-31-24-15,olap,benchANT
2026-05-17 09:18:00+00:00,system,uptime_format,14:00,dbms,clickbench,postgresql-plain-indexed-load,1,ip-172-31-24-15,olap,benchANT
2026-05-17 09:18:10+00:00,system,uptime_format,14:01,dbms,clickbench,postgresql-plain-indexed-load,1,ip-172-31-24-15,olap,benchANT
2026-05-17 09:18:20+00:00,system,uptime_format,14:01,dbms,clickbench,postgresql-plain-indexed-load,1,ip-172-31-24-15,olap,benchANT
2026-05-17 09:18:30+00:00,system,uptime_format,14:01,dbms,clickbench,postgresql-plain-indexed-load,1,ip-172-31-24-15,olap,benchANT
2026-05-17 09:18:40+00:00,system,uptime_format,14:01,dbms,clickbench,postgresql-plain-indexed-load,1,ip-172-31-24-15,olap,benchANT
2026-05-17 09:18:50+00:00,system,uptime_format,14:01,dbms,clickbench,postgresql-plain-indexed-load,1,ip-172-31-24-15,olap,benchANT
2026-05-17 09:19:00+00:00,system,uptime_format,14:01,dbms,clickbench,postgresql-plain-indexed-load,1,ip-172-31-24-15,olap,benchANT
2026-05-17 09:19:10+00:00,system,uptime_format,14:02,dbms,clickbench,postgresql-plain-indexed-load,1,ip-172-31-24-15,olap,benchANT
2026-05-17 09:19:20+00:00,system,uptime_format,14:02,dbms,clickbench,postgresql-plain-indexed-load,1,ip-172-31-24-15,olap,benchANT
2026-05-17 09:19:30+00:00,system,uptime_format,14:02,dbms,clickbench,postgresql-plain-indexed-load,1,ip-172-31-24-15,olap,benchANT
2026-05-17 09:19:40+00:00,system,uptime_format,14:02,dbms,clickbench,postgresql-plain-indexed-load,1,ip-172-31-24-15,olap,benchANT
2026-05-17 09:19:50+00:00,system,uptime_format,14:02,dbms,clickbench,postgresql-plain-indexed-load,1,ip-172-31-24-15,olap,benchANT
2026-05-17 09:20:00+00:00,system,uptime_format,14:02,dbms,clickbench,postgresql-plain-indexed-load,1,ip-172-31-24-15,olap,benchANT
2026-05-17 09:20:10+00:00,system,uptime_format,14:03,dbms,clickbench,postgresql-plain-indexed-load,1,ip-172-31-24-15,olap,benchANT
2026-05-17 09:20:20+00:00,system,uptime_format,14:03,dbms,clickbench,postgresql-plain-indexed-load,1,ip-172-31-24-15,olap,benchANT
2026-05-17 09:20:30+00:00,system,uptime_format,14:03,dbms,clickbench,postgresql-plain-indexed-load,1,ip-172-31-24-15,olap,benchANT
2026-05-17 09:20:40+00:00,system,uptime_format,14:03,dbms,clickbench,postgresql-plain-indexed-load,1,ip-172-31-24-15,olap,benchANT
2026-05-17 09:20:50+00:00,system,uptime_format,14:03,dbms,clickbench,postgresql-plain-indexed-load,1,ip-172-31-24-15,olap,benchANT
2026-05-17 09:21:00+00:00,system,uptime_format,14:03,dbms,clickbench,postgresql-plain-indexed-load,1,ip-172-31-24-15,olap,benchANT
2026-05-17 09:21:10+00:00,system,uptime_format,14:04,dbms,clickbench,postgresql-plain-indexed-load,1,ip-172-31-24-15,olap,benchANT
2026-05-17 09:21:20+00:00,system,uptime_format,14:04,dbms,clickbench,postgresql-plain-indexed-load,1,ip-172-31-24-15,olap,benchANT
2026-05-17 09:21:30+00:00,system,uptime_format,14:04,dbms,clickbench,postgresql-plain-indexed-load,1,ip-172-31-24-15,olap,benchANT
2026-05-17 09:21:40+00:00,system,uptime_format,14:04,dbms,clickbench,postgresql-plain-indexed-load,1,ip-172-31-24-15,olap,benchANT
2026-05-17 09:21:50+00:00,system,uptime_format,14:04,dbms,clickbench,postgresql-plain-indexed-load,1,ip-172-31-24-15,olap,benchANT
2026-05-17 09:22:00+00:00,system,uptime_format,14:04,dbms,clickbench,postgresql-plain-indexed-load,1,ip-172-31-24-15,olap,benchANT
2026-05-17 09:22:10+00:00,system,uptime_format,14:05,dbms,clickbench,postgresql-plain-indexed-load,1,ip-172-31-24-15,olap,benchANT
2026-05-17 09:22:20+00:00,system,uptime_format,14:05,dbms,clickbench,postgresql-plain-indexed-load,1,ip-172-31-24-15,olap,benchANT
2026-05-17 09:22:30+00:00,system,uptime_format,14:05,dbms,clickbench,postgresql-plain-indexed-load,1,ip-172-31-24-15,olap,benchANT
2026-05-17 09:22:40+00:00,system,uptime_format,14:05,dbms,clickbench,postgresql-plain-indexed-load,1,ip-172-31-24-15,olap,benchANT
2026-05-17 09:22:50+00:00,system,uptime_format,14:05,dbms,clickbench,postgresql-plain-indexed-load,1,ip-172-31-24-15,olap,benchANT
2026-05-17 09:23:00+00:00,system,uptime_format,14:05,dbms,clickbench,postgresql-plain-indexed-load,1,ip-172-31-24-15,olap,benchANT
2026-05-17 09:23:10+00:00,system,uptime_format,14:06,dbms,clickbench,postgresql-plain-indexed-load,1,ip-172-31-24-15,olap,benchANT
2026-05-17 09:23:20+00:00,system,uptime_format,14:06,dbms,clickbench,postgresql-plain-indexed-load,1,ip-172-31-24-15,olap,benchANT
2026-05-17 09:23:30+00:00,system,uptime_format,14:06,dbms,clickbench,postgresql-plain-indexed-load,1,ip-172-31-24-15,olap,benchANT
2026-05-17 09:23:40+00:00,system,uptime_format,14:06,dbms,clickbench,postgresql-plain-indexed-load,1,ip-172-31-24-15,olap,benchANT
2026-05-17 09:23:50+00:00,system,uptime_format,14:06,dbms,clickbench,postgresql-plain-indexed-load,1,ip-172-31-24-15,olap,benchANT
2026-05-17 09:24:00+00:00,system,uptime_format,14:06,dbms,clickbench,postgresql-plain-indexed-load,1,ip-172-31-24-15,olap,benchANT
2026-05-17 09:24:10+00:00,system,uptime_format,14:07,dbms,clickbench,postgresql-plain-indexed-load,1,ip-172-31-24-15,olap,benchANT
2026-05-17 09:24:20+00:00,system,uptime_format,14:07,dbms,clickbench,postgresql-plain-indexed-load,1,ip-172-31-24-15,olap,benchANT
2026-05-17 09:24:30+00:00,system,uptime_format,14:07,dbms,clickbench,postgresql-plain-indexed-load,1,ip-172-31-24-15,olap,benchANT
2026-05-17 09:24:40+00:00,system,uptime_format,14:07,dbms,clickbench,postgresql-plain-indexed-load,1,ip-172-31-24-15,olap,benchANT
2026-05-17 09:24:50+00:00,system,uptime_format,14:07,dbms,clickbench,postgresql-plain-indexed-load,1,ip-172-31-24-15,olap,benchANT
2026-05-17 09:25:00+00:00,system,uptime_format,14:07,dbms,clickbench,postgresql-plain-indexed-load,1,ip-172-31-24-15,olap,benchANT
2026-05-17 09:25:10+00:00,system,uptime_format,14:08,dbms,clickbench,postgresql-plain-indexed-load,1,ip-172-31-24-15,olap,benchANT
2026-05-17 09:25:20+00:00,system,uptime_format,14:08,dbms,clickbench,postgresql-plain-indexed-load,1,ip-172-31-24-15,olap,benchANT
2026-05-17 09:25:30+00:00,system,uptime_format,14:08,dbms,clickbench,postgresql-plain-indexed-load,1,ip-172-31-24-15,olap,benchANT
2026-05-17 09:25:40+00:00,system,uptime_format,14:08,dbms,clickbench,postgresql-plain-indexed-load,1,ip-172-31-24-15,olap,benchANT
2026-05-17 09:25:50+00:00,system,uptime_format,14:08,dbms,clickbench,postgresql-plain-indexed-load,1,ip-172-31-24-15,olap,benchANT
2026-05-17 09:26:00+00:00,system,uptime_format,14:08,dbms,clickbench,postgresql-plain-indexed-load,1,ip-172-31-24-15,olap,benchANT
2026-05-17 09:26:10+00:00,system,uptime_format,14:09,dbms,clickbench,postgresql-plain-indexed-load,1,ip-172-31-24-15,olap,benchANT
2026-05-17 09:26:20+00:00,system,uptime_format,14:09,dbms,clickbench,postgresql-plain-indexed-load,1,ip-172-31-24-15,olap,benchANT
2026-05-17 09:26:30+00:00,system,uptime_format,14:09,dbms,clickbench,postgresql-plain-indexed-load,1,ip-172-31-24-15,olap,benchANT
2026-05-17 09:26:40+00:00,system,uptime_format,14:09,dbms,clickbench,postgresql-plain-indexed-load,1,ip-172-31-24-15,olap,benchANT
2026-05-17 09:26:50+00:00,system,uptime_format,14:09,dbms,clickbench,postgresql-plain-indexed-load,1,ip-172-31-24-15,olap,benchANT
2026-05-17 09:27:00+00:00,system,uptime_format,14:09,dbms,clickbench,postgresql-plain-indexed-load,1,ip-172-31-24-15,olap,benchANT
2026-05-17 09:27:10+00:00,system,uptime_format,14:10,dbms,clickbench,postgresql-plain-indexed-load,1,ip-172-31-24-15,olap,benchANT
2026-05-17 09:27:20+00:00,system,uptime_format,14:10,dbms,clickbench,postgresql-plain-indexed-load,1,ip-172-31-24-15,olap,benchANT
2026-05-17 09:27:30+00:00,system,uptime_format,14:10,dbms,clickbench,postgresql-plain-indexed-load,1,ip-172-31-24-15,olap,benchANT
2026-05-17 09:27:40+00:00,system,uptime_format,14:10,dbms,clickbench,postgresql-plain-indexed-load,1,ip-172-31-24-15,olap,benchANT
2026-05-17 09:27:50+00:00,system,uptime_format,14:10,dbms,clickbench,postgresql-plain-indexed-load,1,ip-172-31-24-15,olap,benchANT
2026-05-17 09:28:00+00:00,system,uptime_format,14:10,dbms,clickbench,postgresql-plain-indexed-load,1,ip-172-31-24-15,olap,benchANT
2026-05-17 09:28:10+00:00,system,uptime_format,14:11,dbms,clickbench,postgresql-plain-indexed-load,1,ip-172-31-24-15,olap,benchANT
2026-05-17 09:28:20+00:00,system,uptime_format,14:11,dbms,clickbench,postgresql-plain-indexed-load,1,ip-172-31-24-15,olap,benchANT
2026-05-17 09:28:30+00:00,system,uptime_format,14:11,dbms,clickbench,postgresql-plain-indexed-load,1,ip-172-31-24-15,olap,benchANT
2026-05-17 09:28:40+00:00,system,uptime_format,14:11,dbms,clickbench,postgresql-plain-indexed-load,1,ip-172-31-24-15,olap,benchANT
2026-05-17 09:28:50+00:00,system,uptime_format,14:11,dbms,clickbench,postgresql-plain-indexed-load,1,ip-172-31-24-15,olap,benchANT
2026-05-17 09:29:00+00:00,system,uptime_format,14:11,dbms,clickbench,postgresql-plain-indexed-load,1,ip-172-31-24-15,olap,benchANT
2026-05-17 09:29:10+00:00,system,uptime_format,14:12,dbms,clickbench,postgresql-plain-indexed-load,1,ip-172-31-24-15,olap,benchANT
2026-05-17 09:29:20+00:00,system,uptime_format,14:12,dbms,clickbench,postgresql-plain-indexed-load,1,ip-172-31-24-15,olap,benchANT
2026-05-17 09:29:30+00:00,system,uptime_format,14:12,dbms,clickbench,postgresql-plain-indexed-load,1,ip-172-31-24-15,olap,benchANT
2026-05-17 09:29:40+00:00,system,uptime_format,14:12,dbms,clickbench,postgresql-plain-indexed-load,1,ip-172-31-24-15,olap,benchANT
2026-05-17 09:29:50+00:00,system,uptime_format,14:12,dbms,clickbench,postgresql-plain-indexed-load,1,ip-172-31-24-15,olap,benchANT
2026-05-17 09:30:00+00:00,system,uptime_format,14:12,dbms,clickbench,postgresql-plain-indexed-load,1,ip-172-31-24-15,olap,benchANT
2026-05-17 09:30:10+00:00,system,uptime_format,14:13,dbms,clickbench,postgresql-plain-indexed-load,1,ip-172-31-24-15,olap,benchANT
2026-05-17 09:30:20+00:00,system,uptime_format,14:13,dbms,clickbench,postgresql-plain-indexed-load,1,ip-172-31-24-15,olap,benchANT
2026-05-17 09:30:30+00:00,system,uptime_format,14:13,dbms,clickbench,postgresql-plain-indexed-load,1,ip-172-31-24-15,olap,benchANT
2026-05-17 09:30:40+00:00,system,uptime_format,14:13,dbms,clickbench,postgresql-plain-indexed-load,1,ip-172-31-24-15,olap,benchANT
2026-05-17 09:30:50+00:00,system,uptime_format,14:13,dbms,clickbench,postgresql-plain-indexed-load,1,ip-172-31-24-15,olap,benchANT
2026-05-17 09:31:00+00:00,system,uptime_format,14:13,dbms,clickbench,postgresql-plain-indexed-load,1,ip-172-31-24-15,olap,benchANT
2026-05-17 09:31:10+00:00,system,uptime_format,14:14,dbms,clickbench,postgresql-plain-indexed-load,1,ip-172-31-24-15,olap,benchANT
2026-05-17 09:31:20+00:00,system,uptime_format,14:14,dbms,clickbench,postgresql-plain-indexed-load,1,ip-172-31-24-15,olap,benchANT
2026-05-17 09:31:30+00:00,system,uptime_format,14:14,dbms,clickbench,postgresql-plain-indexed-load,1,ip-172-31-24-15,olap,benchANT
2026-05-17 09:31:40+00:00,system,uptime_format,14:14,dbms,clickbench,postgresql-plain-indexed-load,1,ip-172-31-24-15,olap,benchANT
2026-05-17 09:31:50+00:00,system,uptime_format,14:14,dbms,clickbench,postgresql-plain-indexed-load,1,ip-172-31-24-15,olap,benchANT
2026-05-17 09:32:00+00:00,system,uptime_format,14:14,dbms,clickbench,postgresql-plain-indexed-load,1,ip-172-31-24-15,olap,benchANT
2026-05-17 09:32:10+00:00,system,uptime_format,14:15,dbms,clickbench,postgresql-plain-indexed-load,1,ip-172-31-24-15,olap,benchANT
2026-05-17 09:32:20+00:00,system,uptime_format,14:15,dbms,clickbench,postgresql-plain-indexed-load,1,ip-172-31-24-15,olap,benchANT
2026-05-17 09:32:30+00:00,system,uptime_format,14:15,dbms,clickbench,postgresql-plain-indexed-load,1,ip-172-31-24-15,olap,benchANT
2026-05-17 09:32:40+00:00,system,uptime_format,14:15,dbms,clickbench,postgresql-plain-indexed-load,1,ip-172-31-24-15,olap,benchANT
2026-05-17 09:32:50+00:00,system,uptime_format,14:15,dbms,clickbench,postgresql-plain-indexed-load,1,ip-172-31-24-15,olap,benchANT
2026-05-17 09:33:00+00:00,system,uptime_format,14:15,dbms,clickbench,postgresql-plain-indexed-load,1,ip-172-31-24-15,olap,benchANT
2026-05-17 09:33:10+00:00,system,uptime_format,14:16,dbms,clickbench,postgresql-plain-indexed-load,1,ip-172-31-24-15,olap,benchANT
2026-05-17 09:33:20+00:00,system,uptime_format,14:16,dbms,clickbench,postgresql-plain-indexed-load,1,ip-172-31-24-15,olap,benchANT
2026-05-17 09:33:30+00:00,system,uptime_format,14:16,dbms,clickbench,postgresql-plain-indexed-load,1,ip-172-31-24-15,olap,benchANT
2026-05-17 09:33:40+00:00,system,uptime_format,14:16,dbms,clickbench,postgresql-plain-indexed-load,1,ip-172-31-24-15,olap,benchANT
2026-05-17 09:33:50+00:00,system,uptime_format,14:16,dbms,clickbench,postgresql-plain-indexed-load,1,ip-172-31-24-15,olap,benchANT
2026-05-17 09:34:00+00:00,system,uptime_format,14:16,dbms,clickbench,postgresql-plain-indexed-load,1,ip-172-31-24-15,olap,benchANT
2026-05-17 09:34:10+00:00,system,uptime_format,14:17,dbms,clickbench,postgresql-plain-indexed-load,1,ip-172-31-24-15,olap,benchANT
2026-05-17 09:34:20+00:00,system,uptime_format,14:17,dbms,clickbench,postgresql-plain-indexed-load,1,ip-172-31-24-15,olap,benchANT
2026-05-17 09:34:30+00:00,system,uptime_format,14:17,dbms,clickbench,postgresql-plain-indexed-load,1,ip-172-31-24-15,olap,benchANT
2026-05-17 09:34:40+00:00,system,uptime_format,14:17,dbms,clickbench,postgresql-plain-indexed-load,1,ip-172-31-24-15,olap,benchANT
2026-05-17 09:34:50+00:00,system,uptime_format,14:17,dbms,clickbench,postgresql-plain-indexed-load,1,ip-172-31-24-15,olap,benchANT
2026-05-17 09:35:00+00:00,system,uptime_format,14:17,dbms,clickbench,postgresql-plain-indexed-load,1,ip-172-31-24-15,olap,benchANT
2026-05-17 09:35:10+00:00,system,uptime_format,14:18,dbms,clickbench,postgresql-plain-indexed-load,1,ip-172-31-24-15,olap,benchANT
2026-05-17 09:35:20+00:00,system,uptime_format,14:18,dbms,clickbench,postgresql-plain-indexed-load,1,ip-172-31-24-15,olap,benchANT
2026-05-17 09:35:30+00:00,system,uptime_format,14:18,dbms,clickbench,postgresql-plain-indexed-load,1,ip-172-31-24-15,olap,benchANT
2026-05-17 09:35:40+00:00,system,uptime_format,14:18,dbms,clickbench,postgresql-plain-indexed-load,1,ip-172-31-24-15,olap,benchANT
2026-05-17 09:35:50+00:00,system,uptime_format,14:18,dbms,clickbench,postgresql-plain-indexed-load,1,ip-172-31-24-15,olap,benchANT
2026-05-17 09:36:00+00:00,system,uptime_format,14:18,dbms,clickbench,postgresql-plain-indexed-load,1,ip-172-31-24-15,olap,benchANT
2026-05-17 09:36:10+00:00,system,uptime_format,14:19,dbms,clickbench,postgresql-plain-indexed-load,1,ip-172-31-24-15,olap,benchANT
2026-05-17 09:36:20+00:00,system,uptime_format,14:19,dbms,clickbench,postgresql-plain-indexed-load,1,ip-172-31-24-15,olap,benchANT
2026-05-17 09:36:30+00:00,system,uptime_format,14:19,dbms,clickbench,postgresql-plain-indexed-load,1,ip-172-31-24-15,olap,benchANT
2026-05-17 09:36:40+00:00,system,uptime_format,14:19,dbms,clickbench,postgresql-plain-indexed-load,1,ip-172-31-24-15,olap,benchANT
2026-05-17 09:36:50+00:00,system,uptime_format,14:19,dbms,clickbench,postgresql-plain-indexed-load,1,ip-172-31-24-15,olap,benchANT
2026-05-17 09:37:00+00:00,system,uptime_format,14:19,dbms,clickbench,postgresql-plain-indexed-load,1,ip-172-31-24-15,olap,benchANT
2026-05-17 09:37:10+00:00,system,uptime_format,14:20,dbms,clickbench,postgresql-plain-indexed-load,1,ip-172-31-24-15,olap,benchANT
2026-05-17 09:37:20+00:00,system,uptime_format,14:20,dbms,clickbench,postgresql-plain-indexed-load,1,ip-172-31-24-15,olap,benchANT
2026-05-17 09:37:30+00:00,system,uptime_format,14:20,dbms,clickbench,postgresql-plain-indexed-load,1,ip-172-31-24-15,olap,benchANT
2026-05-17 09:37:40+00:00,system,uptime_format,14:20,dbms,clickbench,postgresql-plain-indexed-load,1,ip-172-31-24-15,olap,benchANT
2026-05-17 09:37:50+00:00,system,uptime_format,14:20,dbms,clickbench,postgresql-plain-indexed-load,1,ip-172-31-24-15,olap,benchANT
2026-05-17 09:38:00+00:00,system,uptime_format,14:20,dbms,clickbench,postgresql-plain-indexed-load,1,ip-172-31-24-15,olap,benchANT
2026-05-17 09:38:10+00:00,system,uptime_format,14:21,dbms,clickbench,postgresql-plain-indexed-load,1,ip-172-31-24-15,olap,benchANT
2026-05-17 09:38:20+00:00,system,uptime_format,14:21,dbms,clickbench,postgresql-plain-indexed-load,1,ip-172-31-24-15,olap,benchANT
2026-05-17 09:38:30+00:00,system,uptime_format,14:21,dbms,clickbench,postgresql-plain-indexed-load,1,ip-172-31-24-15,olap,benchANT
2026-05-17 09:38:40+00:00,system,uptime_format,14:21,dbms,clickbench,postgresql-plain-indexed-load,1,ip-172-31-24-15,olap,benchANT
2026-05-17 09:38:50+00:00,system,uptime_format,14:21,dbms,clickbench,postgresql-plain-indexed-load,1,ip-172-31-24-15,olap,benchANT
2026-05-17 09:39:00+00:00,system,uptime_format,14:21,dbms,clickbench,postgresql-plain-indexed-load,1,ip-172-31-24-15,olap,benchANT
2026-05-17 09:39:10+00:00,system,uptime_format,14:22,dbms,clickbench,postgresql-plain-indexed-load,1,ip-172-31-24-15,olap,benchANT
2026-05-17 09:39:20+00:00,system,uptime_format,14:22,dbms,clickbench,postgresql-plain-indexed-load,1,ip-172-31-24-15,olap,benchANT
2026-05-17 09:39:30+00:00,system,uptime_format,14:22,dbms,clickbench,postgresql-plain-indexed-load,1,ip-172-31-24-15,olap,benchANT
2026-05-17 09:39:40+00:00,system,uptime_format,14:22,dbms,clickbench,postgresql-plain-indexed-load,1,ip-172-31-24-15,olap,benchANT
2026-05-17 09:39:50+00:00,system,uptime_format,14:22,dbms,clickbench,postgresql-plain-indexed-load,1,ip-172-31-24-15,olap,benchANT
2026-05-17 09:40:00+00:00,system,uptime_format,14:22,dbms,clickbench,postgresql-plain-indexed-load,1,ip-172-31-24-15,olap,benchANT
2026-05-17 09:40:10+00:00,system,uptime_format,14:23,dbms,clickbench,postgresql-plain-indexed-load,1,ip-172-31-24-15,olap,benchANT
2026-05-17 09:40:20+00:00,system,uptime_format,14:23,dbms,clickbench,postgresql-plain-indexed-load,1,ip-172-31-24-15,olap,benchANT
2026-05-17 09:40:30+00:00,system,uptime_format,14:23,dbms,clickbench,postgresql-plain-indexed-load,1,ip-172-31-24-15,olap,benchANT
2026-05-17 09:40:40+00:00,system,uptime_format,14:23,dbms,clickbench,postgresql-plain-indexed-load,1,ip-172-31-24-15,olap,benchANT
2026-05-17 09:40:50+00:00,system,uptime_format,14:23,dbms,clickbench,postgresql-plain-indexed-load,1,ip-172-31-24-15,olap,benchANT
2026-05-17 09:41:00+00:00,system,uptime_format,14:23,dbms,clickbench,postgresql-plain-indexed-load,1,ip-172-31-24-15,olap,benchANT
2026-05-17 09:41:10+00:00,system,uptime_format,14:24,dbms,clickbench,postgresql-plain-indexed-load,1,ip-172-31-24-15,olap,benchANT
2026-05-17 09:41:20+00:00,system,uptime_format,14:24,dbms,clickbench,postgresql-plain-indexed-load,1,ip-172-31-24-15,olap,benchANT
2026-05-17 09:41:30+00:00,system,uptime_format,14:24,dbms,clickbench,postgresql-plain-indexed-load,1,ip-172-31-24-15,olap,benchANT
2026-05-17 09:41:40+00:00,system,uptime_format,14:24,dbms,clickbench,postgresql-plain-indexed-load,1,ip-172-31-24-15,olap,benchANT
2026-05-17 09:41:50+00:00,system,uptime_format,14:24,dbms,clickbench,postgresql-plain-indexed-load,1,ip-172-31-24-15,olap,benchANT
2026-05-17 09:42:00+00:00,system,uptime_format,14:24,dbms,clickbench,postgresql-plain-indexed-load,1,ip-172-31-24-15,olap,benchANT
2026-05-17 09:42:10+00:00,system,uptime_format,14:25,dbms,clickbench,postgresql-plain-indexed-load,1,ip-172-31-24-15,olap,benchANT
2026-05-17 09:42:20+00:00,system,uptime_format,14:25,dbms,clickbench,postgresql-plain-indexed-load,1,ip-172-31-24-15,olap,benchANT
2026-05-17 09:42:30+00:00,system,uptime_format,14:25,dbms,clickbench,postgresql-plain-indexed-load,1,ip-172-31-24-15,olap,benchANT
2026-05-17 09:42:40+00:00,system,uptime_format,14:25,dbms,clickbench,postgresql-plain-indexed-load,1,ip-172-31-24-15,olap,benchANT
2026-05-17 09:42:50+00:00,system,uptime_format,14:25,dbms,clickbench,postgresql-plain-indexed-load,1,ip-172-31-24-15,olap,benchANT
2026-05-17 09:43:00+00:00,system,uptime_format,14:25,dbms,clickbench,postgresql-plain-indexed-load,1,ip-172-31-24-15,olap,benchANT
2026-05-17 09:43:10+00:00,system,uptime_format,14:26,dbms,clickbench,postgresql-plain-indexed-load,1,ip-172-31-24-15,olap,benchANT
2026-05-17 09:43:20+00:00,system,uptime_format,14:26,dbms,clickbench,postgresql-plain-indexed-load,1,ip-172-31-24-15,olap,benchANT
2026-05-17 09:43:30+00:00,system,uptime_format,14:26,dbms,clickbench,postgresql-plain-indexed-load,1,ip-172-31-24-15,olap,benchANT
2026-05-17 09:43:40+00:00,system,uptime_format,14:26,dbms,clickbench,postgresql-plain-indexed-load,1,ip-172-31-24-15,olap,benchANT
2026-05-17 09:43:50+00:00,system,uptime_format,14:26,dbms,clickbench,postgresql-plain-indexed-load,1,ip-172-31-24-15,olap,benchANT
2026-05-17 09:44:00+00:00,system,uptime_format,14:26,dbms,clickbench,postgresql-plain-indexed-load,1,ip-172-31-24-15,olap,benchANT
2026-05-17 09:44:10+00:00,system,uptime_format,14:27,dbms,clickbench,postgresql-plain-indexed-load,1,ip-172-31-24-15,olap,benchANT
2026-05-17 09:44:20+00:00,system,uptime_format,14:27,dbms,clickbench,postgresql-plain-indexed-load,1,ip-172-31-24-15,olap,benchANT
2026-05-17 09:44:30+00:00,system,uptime_format,14:27,dbms,clickbench,postgresql-plain-indexed-load,1,ip-172-31-24-15,olap,benchANT
2026-05-17 09:44:40+00:00,system,uptime_format,14:27,dbms,clickbench,postgresql-plain-indexed-load,1,ip-172-31-24-15,olap,benchANT
2026-05-17 09:44:50+00:00,system,uptime_format,14:27,dbms,clickbench,postgresql-plain-indexed-load,1,ip-172-31-24-15,olap,benchANT
2026-05-17 09:45:00+00:00,system,uptime_format,14:27,dbms,clickbench,postgresql-plain-indexed-load,1,ip-172-31-24-15,olap,benchANT
2026-05-17 09:45:10+00:00,system,uptime_format,14:28,dbms,clickbench,postgresql-plain-indexed-load,1,ip-172-31-24-15,olap,benchANT
2026-05-17 09:45:20+00:00,system,uptime_format,14:28,dbms,clickbench,postgresql-plain-indexed-load,1,ip-172-31-24-15,olap,benchANT
2026-05-17 09:45:30+00:00,system,uptime_format,14:28,dbms,clickbench,postgresql-plain-indexed-load,1,ip-172-31-24-15,olap,benchANT
2026-05-17 09:45:40+00:00,system,uptime_format,14:28,dbms,clickbench,postgresql-plain-indexed-load,1,ip-172-31-24-15,olap,benchANT
2026-05-17 09:45:50+00:00,system,uptime_format,14:28,dbms,clickbench,postgresql-plain-indexed-load,1,ip-172-31-24-15,olap,benchANT
2026-05-17 09:46:00+00:00,system,uptime_format,14:28,dbms,clickbench,postgresql-plain-indexed-load,1,ip-172-31-24-15,olap,benchANT
2026-05-17 09:46:10+00:00,system,uptime_format,14:29,dbms,clickbench,postgresql-plain-indexed-load,1,ip-172-31-24-15,olap,benchANT
2026-05-17 09:46:20+00:00,system,uptime_format,14:29,dbms,clickbench,postgresql-plain-indexed-load,1,ip-172-31-24-15,olap,benchANT
2026-05-17 09:46:30+00:00,system,uptime_format,14:29,dbms,clickbench,postgresql-plain-indexed-load,1,ip-172-31-24-15,olap,benchANT
2026-05-17 09:46:40+00:00,system,uptime_format,14:29,dbms,clickbench,postgresql-plain-indexed-load,1,ip-172-31-24-15,olap,benchANT
2026-05-17 09:46:50+00:00,system,uptime_format,14:29,dbms,clickbench,postgresql-plain-indexed-load,1,ip-172-31-24-15,olap,benchANT
2026-05-17 09:47:00+00:00,system,uptime_format,14:29,dbms,clickbench,postgresql-plain-indexed-load,1,ip-172-31-24-15,olap,benchANT
2026-05-17 09:47:10+00:00,system,uptime_format,14:30,dbms,clickbench,postgresql-plain-indexed-load,1,ip-172-31-24-15,olap,benchANT
2026-05-17 09:47:20+00:00,system,uptime_format,14:30,dbms,clickbench,postgresql-plain-indexed-load,1,ip-172-31-24-15,olap,benchANT
2026-05-17 09:47:30+00:00,system,uptime_format,14:30,dbms,clickbench,postgresql-plain-indexed-load,1,ip-172-31-24-15,olap,benchANT
2026-05-17 09:47:40+00:00,system,uptime_format,14:30,dbms,clickbench,postgresql-plain-indexed-load,1,ip-172-31-24-15,olap,benchANT
2026-05-17 09:47:50+00:00,system,uptime_format,14:30,dbms,clickbench,postgresql-plain-indexed-load,1,ip-172-31-24-15,olap,benchANT
2026-05-17 09:48:00+00:00,system,uptime_format,14:30,dbms,clickbench,postgresql-plain-indexed-load,1,ip-172-31-24-15,olap,benchANT
2026-05-17 09:48:10+00:00,system,uptime_format,14:31,dbms,clickbench,postgresql-plain-indexed-load,1,ip-172-31-24-15,olap,benchANT
2026-05-17 09:48:20+00:00,system,uptime_format,14:31,dbms,clickbench,postgresql-plain-indexed-load,1,ip-172-31-24-15,olap,benchANT
2026-05-17 09:48:30+00:00,system,uptime_format,14:31,dbms,clickbench,postgresql-plain-indexed-load,1,ip-172-31-24-15,olap,benchANT
2026-05-17 09:48:40+00:00,system,uptime_format,14:31,dbms,clickbench,postgresql-plain-indexed-load,1,ip-172-31-24-15,olap,benchANT
2026-05-17 09:48:50+00:00,system,uptime_format,14:31,dbms,clickbench,postgresql-plain-indexed-load,1,ip-172-31-24-15,olap,benchANT
2026-05-17 09:49:00+00:00,system,uptime_format,14:31,dbms,clickbench,postgresql-plain-indexed-load,1,ip-172-31-24-15,olap,benchANT
2026-05-17 09:49:10+00:00,system,uptime_format,14:32,dbms,clickbench,postgresql-plain-indexed-load,1,ip-172-31-24-15,olap,benchANT
2026-05-17 09:49:20+00:00,system,uptime_format,14:32,dbms,clickbench,postgresql-plain-indexed-load,1,ip-172-31-24-15,olap,benchANT
2026-05-17 09:49:30+00:00,system,uptime_format,14:32,dbms,clickbench,postgresql-plain-indexed-load,1,ip-172-31-24-15,olap,benchANT
2026-05-17 09:49:40+00:00,system,uptime_format,14:32,dbms,clickbench,postgresql-plain-indexed-load,1,ip-172-31-24-15,olap,benchANT
2026-05-17 09:49:50+00:00,system,uptime_format,14:32,dbms,clickbench,postgresql-plain-indexed-load,1,ip-172-31-24-15,olap,benchANT
2026-05-17 09:50:00+00:00,system,uptime_format,14:32,dbms,clickbench,postgresql-plain-indexed-load,1,ip-172-31-24-15,olap,benchANT
2026-05-17 09:50:10+00:00,system,uptime_format,14:33,dbms,clickbench,postgresql-plain-indexed-load,1,ip-172-31-24-15,olap,benchANT
2026-05-17 09:50:20+00:00,system,uptime_format,14:33,dbms,clickbench,postgresql-plain-indexed-load,1,ip-172-31-24-15,olap,benchANT
2026-05-17 09:50:30+00:00,system,uptime_format,14:33,dbms,clickbench,postgresql-plain-indexed-load,1,ip-172-31-24-15,olap,benchANT
2026-05-17 09:50:40+00:00,system,uptime_format,14:33,dbms,clickbench,postgresql-plain-indexed-load,1,ip-172-31-24-15,olap,benchANT
2026-05-17 09:50:50+00:00,system,uptime_format,14:33,dbms,clickbench,postgresql-plain-indexed-load,1,ip-172-31-24-15,olap,benchANT
2026-05-17 09:51:00+00:00,system,uptime_format,14:33,dbms,clickbench,postgresql-plain-indexed-load,1,ip-172-31-24-15,olap,benchANT
2026-05-17 09:51:10+00:00,system,uptime_format,14:34,dbms,clickbench,postgresql-plain-indexed-load,1,ip-172-31-24-15,olap,benchANT
2026-05-17 09:51:20+00:00,system,uptime_format,14:34,dbms,clickbench,postgresql-plain-indexed-load,1,ip-172-31-24-15,olap,benchANT
2026-05-17 09:51:30+00:00,system,uptime_format,14:34,dbms,clickbench,postgresql-plain-indexed-load,1,ip-172-31-24-15,olap,benchANT
2026-05-17 09:51:40+00:00,system,uptime_format,14:34,dbms,clickbench,postgresql-plain-indexed-load,1,ip-172-31-24-15,olap,benchANT
2026-05-17 09:51:50+00:00,system,uptime_format,14:34,dbms,clickbench,postgresql-plain-indexed-load,1,ip-172-31-24-15,olap,benchANT
2026-05-17 09:52:00+00:00,system,uptime_format,14:34,dbms,clickbench,postgresql-plain-indexed-load,1,ip-172-31-24-15,olap,benchANT
2026-05-17 09:52:10+00:00,system,uptime_format,14:35,dbms,clickbench,postgresql-plain-indexed-load,1,ip-172-31-24-15,olap,benchANT
2026-05-17 09:52:20+00:00,system,uptime_format,14:35,dbms,clickbench,postgresql-plain-indexed-load,1,ip-172-31-24-15,olap,benchANT
2026-05-17 09:52:30+00:00,system,uptime_format,14:35,dbms,clickbench,postgresql-plain-indexed-load,1,ip-172-31-24-15,olap,benchANT
2026-05-17 09:52:40+00:00,system,uptime_format,14:35,dbms,clickbench,postgresql-plain-indexed-load,1,ip-172-31-24-15,olap,benchANT
2026-05-17 09:52:50+00:00,system,uptime_format,14:35,dbms,clickbench,postgresql-plain-indexed-load,1,ip-172-31-24-15,olap,benchANT
2026-05-17 09:53:00+00:00,system,uptime_format,14:35,dbms,clickbench,postgresql-plain-indexed-load,1,ip-172-31-24-15,olap,benchANT
2026-05-17 09:53:10+00:00,system,uptime_format,14:36,dbms,clickbench,postgresql-plain-indexed-load,1,ip-172-31-24-15,olap,benchANT
2026-05-17 09:53:20+00:00,system,uptime_format,14:36,dbms,clickbench,postgresql-plain-indexed-load,1,ip-172-31-24-15,olap,benchANT
2026-05-17 09:53:30+00:00,system,uptime_format,14:36,dbms,clickbench,postgresql-plain-indexed-load,1,ip-172-31-24-15,olap,benchANT
2026-05-17 09:53:40+00:00,system,uptime_format,14:36,dbms,clickbench,postgresql-plain-indexed-load,1,ip-172-31-24-15,olap,benchANT
2026-05-17 09:53:50+00:00,system,uptime_format,14:36,dbms,clickbench,postgresql-plain-indexed-load,1,ip-172-31-24-15,olap,benchANT
2026-05-17 09:54:00+00:00,system,uptime_format,14:36,dbms,clickbench,postgresql-plain-indexed-load,1,ip-172-31-24-15,olap,benchANT
2026-05-17 09:54:10+00:00,system,uptime_format,14:37,dbms,clickbench,postgresql-plain-indexed-load,1,ip-172-31-24-15,olap,benchANT
2026-05-17 09:54:20+00:00,system,uptime_format,14:37,dbms,clickbench,postgresql-plain-indexed-load,1,ip-172-31-24-15,olap,benchANT
2026-05-17 09:54:30+00:00,system,uptime_format,14:37,dbms,clickbench,postgresql-plain-indexed-load,1,ip-172-31-24-15,olap,benchANT
2026-05-17 09:54:40+00:00,system,uptime_format,14:37,dbms,clickbench,postgresql-plain-indexed-load,1,ip-172-31-24-15,olap,benchANT
2026-05-17 09:54:50+00:00,system,uptime_format,14:37,dbms,clickbench,postgresql-plain-indexed-load,1,ip-172-31-24-15,olap,benchANT
2026-05-17 09:55:00+00:00,system,uptime_format,14:37,dbms,clickbench,postgresql-plain-indexed-load,1,ip-172-31-24-15,olap,benchANT
2026-05-17 09:55:10+00:00,system,uptime_format,14:38,dbms,clickbench,postgresql-plain-indexed-load,1,ip-172-31-24-15,olap,benchANT
2026-05-17 09:55:20+00:00,system,uptime_format,14:38,dbms,clickbench,postgresql-plain-indexed-load,1,ip-172-31-24-15,olap,benchANT
2026-05-17 09:55:30+00:00,system,uptime_format,14:38,dbms,clickbench,postgresql-plain-indexed-load,1,ip-172-31-24-15,olap,benchANT
2026-05-17 09:55:40+00:00,system,uptime_format,14:38,dbms,clickbench,postgresql-plain-indexed-load,1,ip-172-31-24-15,olap,benchANT
2026-05-17 09:55:50+00:00,system,uptime_format,14:38,dbms,clickbench,postgresql-plain-indexed-load,1,ip-172-31-24-15,olap,benchANT
2026-05-17 09:56:00+00:00,system,uptime_format,14:38,dbms,clickbench,postgresql-plain-indexed-load,1,ip-172-31-24-15,olap,benchANT
2026-05-17 09:56:10+00:00,system,uptime_format,14:39,dbms,clickbench,postgresql-plain-indexed-load,1,ip-172-31-24-15,olap,benchANT
2026-05-17 09:56:20+00:00,system,uptime_format,14:39,dbms,clickbench,postgresql-plain-indexed-load,1,ip-172-31-24-15,olap,benchANT
2026-05-17 09:56:30+00:00,system,uptime_format,14:39,dbms,clickbench,postgresql-plain-indexed-load,1,ip-172-31-24-15,olap,benchANT
2026-05-17 09:56:40+00:00,system,uptime_format,14:39,dbms,clickbench,postgresql-plain-indexed-load,1,ip-172-31-24-15,olap,benchANT
2026-05-17 09:56:50+00:00,system,uptime_format,14:39,dbms,clickbench,postgresql-plain-indexed-load,1,ip-172-31-24-15,olap,benchANT
2026-05-17 09:57:00+00:00,system,uptime_format,14:39,dbms,clickbench,postgresql-plain-indexed-load,1,ip-172-31-24-15,olap,benchANT
2026-05-17 09:57:10+00:00,system,uptime_format,14:40,dbms,clickbench,postgresql-plain-indexed-load,1,ip-172-31-24-15,olap,benchANT
2026-05-17 09:57:20+00:00,system,uptime_format,14:40,dbms,clickbench,postgresql-plain-indexed-load,1,ip-172-31-24-15,olap,benchANT
2026-05-17 09:57:30+00:00,system,uptime_format,14:40,dbms,clickbench,postgresql-plain-indexed-load,1,ip-172-31-24-15,olap,benchANT
2026-05-17 09:57:40+00:00,system,uptime_format,14:40,dbms,clickbench,postgresql-plain-indexed-load,1,ip-172-31-24-15,olap,benchANT
2026-05-17 09:57:50+00:00,system,uptime_format,14:40,dbms,clickbench,postgresql-plain-indexed-load,1,ip-172-31-24-15,olap,benchANT
